scenario,policy,scenario_seed,requests,delivered,on_time,rejected,priority_requests,priority_on_time,unfinished,travel_ticks,distance,energy_used,energy_charged,delay,reward,on_time_rate,completion_rate,priority_service,distance_per_delivery,mean_delay,latency_median_ms
standard,nearest,1000000,42,18,7,18,10,2,6,89,69,69,45,117,-262.94999999999993,0.16666666666666666,0.42857142857142855,0.2,3.8333333333333335,6.5,0.007205999992265788
standard,nearest,1000001,37,26,17,8,10,5,3,86,71,71,45,48,70.10000000000001,0.4594594594594595,0.7027027027027027,0.5,2.730769230769231,1.8461538461538463,0.006865999978344917
standard,nearest,1000002,34,22,8,8,6,3,4,86,73,73,48,115,8.629999999999988,0.23529411764705882,0.6470588235294118,0.5,3.3181818181818183,5.2272727272727275,0.006685500011371914
standard,nearest,1000003,38,20,9,14,11,5,4,83,72,72,48,140,-75.82,0.23684210526315788,0.5263157894736842,0.45454545454545453,3.6,7.0,0.006740000003446767
standard,nearest,1000004,28,18,14,4,7,4,6,84,74,74,51,29,18.510000000000005,0.5,0.6428571428571429,0.5714285714285714,4.111111111111111,1.6111111111111112,0.006629999973029044
standard,nearest,1000005,25,23,13,0,7,6,2,83,73,73,54,81,212.54000000000005,0.52,0.92,0.8571428571428571,3.1739130434782608,3.5217391304347827,0.006509999991521909
standard,nearest,1000006,28,21,8,7,8,4,0,86,76,76,48,151,76.52999999999997,0.2857142857142857,0.75,0.5,3.619047619047619,7.190476190476191,0.006429499990190379
standard,nearest,1000007,29,24,11,4,7,5,1,85,75,75,51,78,169.31000000000003,0.3793103448275862,0.8275862068965517,0.7142857142857143,3.125,3.25,0.0067900000146892125
standard,nearest,1000008,36,22,12,11,9,7,3,85,71,71,51,103,42.760000000000005,0.3333333333333333,0.6111111111111112,0.7777777777777778,3.227272727272727,4.681818181818182,0.006615000017973216
standard,nearest,1000009,32,21,10,7,9,6,4,84,73,73,51,89,44.96000000000002,0.3125,0.65625,0.6666666666666666,3.4761904761904763,4.238095238095238,0.0069860000166954705
standard,nearest,1000010,18,18,13,0,8,7,0,86,72,72,45,16,226.10000000000002,0.7222222222222222,1.0,0.875,4.0,0.8888888888888888,0.006350000006705159
standard,nearest,1000011,34,26,12,5,6,4,3,84,80,80,54,112,148.34000000000012,0.35294117647058826,0.7647058823529411,0.6666666666666666,3.076923076923077,4.3076923076923075,0.006860500008087911
standard,nearest,1000012,31,21,11,5,7,5,5,87,78,78,48,112,46.279999999999994,0.3548387096774194,0.6774193548387096,0.7142857142857143,3.7142857142857144,5.333333333333333,0.0067199999875811045
standard,nearest,1000013,23,19,11,1,3,2,3,83,76,76,51,77,90.15999999999997,0.4782608695652174,0.8260869565217391,0.6666666666666666,4.0,4.052631578947368,0.006605000010040385
standard,nearest,1000014,23,19,12,0,5,4,4,82,75,75,51,30,139.81000000000003,0.5217391304347826,0.8260869565217391,0.8,3.9473684210526314,1.5789473684210527,0.0066750000087267836
standard,nearest,1000015,25,25,16,0,6,5,0,87,71,71,45,45,264.25,0.64,1.0,0.8333333333333334,2.84,1.8,0.006560000002764355
standard,nearest,1000016,25,22,13,0,8,5,3,85,76,76,45,65,193.29999999999993,0.52,0.88,0.625,3.4545454545454546,2.9545454545454546,0.006820500004778296
standard,nearest,1000017,25,22,14,1,8,5,2,86,66,66,42,73,159.27000000000004,0.56,0.88,0.625,3.0,3.3181818181818183,0.006630000001450753
standard,nearest,1000018,36,22,10,11,9,4,3,85,71,71,48,101,-3.5700000000000145,0.2777777777777778,0.6111111111111112,0.4444444444444444,3.227272727272727,4.590909090909091,0.006985499965139752
standard,nearest,1000019,28,20,16,3,7,5,5,78,67,67,46,22,107.1600000000001,0.5714285714285714,0.7142857142857143,0.7142857142857143,3.35,1.1,0.00672499999154752
standard,nearest,1000020,22,17,9,2,9,5,3,82,70,70,45,95,88.95,0.4090909090909091,0.7727272727272727,0.5555555555555556,4.117647058823529,5.588235294117647,0.0065399999868986924
standard,nearest,1000021,38,22,8,13,11,4,3,88,71,71,45,172,-75.44999999999997,0.21052631578947367,0.5789473684210527,0.36363636363636365,3.227272727272727,7.818181818181818,0.006819999981644287
standard,nearest,1000022,43,23,11,17,7,4,3,85,74,74,51,85,-50.040000000000006,0.2558139534883721,0.5348837209302325,0.5714285714285714,3.217391304347826,3.6956521739130435,0.006810000002133165
standard,nearest,1000023,35,24,7,10,3,1,1,85,77,77,45,142,35.14999999999996,0.2,0.6857142857142857,0.3333333333333333,3.2083333333333335,5.916666666666667,0.00726099997905294
standard,nearest,1000024,27,21,16,2,7,6,4,83,72,72,51,31,157.6100000000001,0.5925925925925926,0.7777777777777778,0.8571428571428571,3.4285714285714284,1.4761904761904763,0.006584999994174723
standard,nearest,1000025,27,22,10,3,7,5,2,86,73,73,45,131,145.0,0.37037037037037035,0.8148148148148148,0.7142857142857143,3.3181818181818183,5.954545454545454,0.0069854999935614615
standard,nearest,1000026,37,20,12,11,14,7,6,85,70,70,48,79,-82.57,0.32432432432432434,0.5405405405405406,0.5,3.5,3.95,0.007120499986967843
standard,nearest,1000027,22,18,10,1,7,4,3,84,64,64,45,70,117.30000000000003,0.45454545454545453,0.8181818181818182,0.5714285714285714,3.5555555555555554,3.888888888888889,0.0068450000014763646
standard,nearest,1000028,25,24,14,0,9,8,1,85,75,75,51,96,252.3099999999999,0.56,0.96,0.8888888888888888,3.125,4.0,0.006855000009409196
standard,nearest,1000029,32,20,9,9,9,5,3,82,72,72,54,135,7.339999999999975,0.28125,0.625,0.5555555555555556,3.6,6.75,0.006905500015363941
standard,nearest,1000030,32,21,11,8,9,4,3,82,72,72,42,119,44.870000000000005,0.34375,0.65625,0.4444444444444444,3.4285714285714284,5.666666666666667,0.006909999967774638
standard,nearest,1000031,30,22,14,4,12,7,4,83,76,76,51,50,98.61000000000007,0.4666666666666667,0.7333333333333333,0.5833333333333334,3.4545454545454546,2.272727272727273,0.006685000016659615
standard,nearest,1000032,18,18,13,0,3,2,0,82,68,68,61,15,174.20999999999998,0.7222222222222222,1.0,0.6666666666666666,3.7777777777777777,0.8333333333333334,0.0062844999888511666
standard,nearest,1000033,24,23,16,0,10,7,1,87,69,69,42,46,245.81999999999996,0.6666666666666666,0.9583333333333334,0.7,3.0,2.0,0.006460000008701172
standard,nearest,1000034,23,23,10,0,3,1,0,84,72,72,54,70,204.63999999999993,0.43478260869565216,1.0,0.3333333333333333,3.130434782608696,3.0434782608695654,0.0068450000014763646
standard,nearest,1000035,35,23,12,11,10,7,1,86,75,75,45,133,61.89999999999999,0.34285714285714286,0.6571428571428571,0.7,3.260869565217391,5.782608695652174,0.006589999998141138
standard,nearest,1000036,35,23,11,8,5,3,4,85,75,75,45,119,31.74999999999998,0.3142857142857143,0.6571428571428571,0.6,3.260869565217391,5.173913043478261,0.006674999980305074
standard,nearest,1000037,30,18,8,8,7,4,4,85,67,67,45,176,-69.55000000000001,0.26666666666666666,0.6,0.5714285714285714,3.7222222222222223,9.777777777777779,0.007201000016721082
standard,nearest,1000038,28,23,12,3,5,4,2,84,73,73,48,88,133.42999999999998,0.42857142857142855,0.8214285714285714,0.8,3.1739130434782608,3.8260869565217392,0.007461499990313314
standard,nearest,1000039,33,22,10,9,3,2,2,85,72,72,42,120,21.57000000000001,0.30303030303030304,0.6666666666666666,0.6666666666666666,3.272727272727273,5.454545454545454,0.006845499967766955
standard,nearest,1000040,37,24,10,11,6,3,2,85,72,72,45,127,33.79999999999999,0.2702702702702703,0.6486486486486487,0.5,3.0,5.291666666666667,0.006950499994218262
standard,nearest,1000041,43,23,8,19,12,6,1,84,76,76,48,158,-87.32,0.18604651162790697,0.5348837209302325,0.5,3.3043478260869565,6.869565217391305,0.007006000004139423
standard,nearest,1000042,21,20,11,0,3,3,1,85,69,69,45,52,169.7000000000001,0.5238095238095238,0.9523809523809523,1.0,3.45,2.6,0.0067099999796482734
standard,nearest,1000043,23,23,19,0,4,4,0,82,72,72,51,17,237.4100000000001,0.8260869565217391,1.0,1.0,3.130434782608696,0.7391304347826086,0.006609999985585091
standard,nearest,1000044,25,22,13,1,5,2,2,86,68,68,42,32,140.12000000000003,0.52,0.88,0.4,3.090909090909091,1.4545454545454546,0.006735499994192651
standard,nearest,1000045,28,20,9,5,3,3,3,86,78,78,51,98,65.21000000000005,0.32142857142857145,0.7142857142857143,1.0,3.9,4.9,0.006655000021282831
standard,nearest,1000046,29,22,9,5,8,5,2,84,70,70,51,135,130.30999999999997,0.3103448275862069,0.7586206896551724,0.625,3.1818181818181817,6.136363636363637,0.006715000012036398
standard,nearest,1000047,25,21,12,3,10,7,1,87,72,72,39,108,166.49000000000007,0.48,0.84,0.7,3.4285714285714284,5.142857142857143,0.006729999995513936
standard,nearest,1000048,38,24,9,10,11,6,4,87,73,73,48,137,1.9299999999999855,0.23684210526315788,0.631578947368421,0.5454545454545454,3.0416666666666665,5.708333333333333,0.0069955000014942925
standard,nearest,1000049,35,22,9,9,11,6,4,82,70,70,48,137,39.08000000000005,0.2571428571428571,0.6285714285714286,0.5454545454545454,3.1818181818181817,6.2272727272727275,0.006869999992886733
standard,nearest,1000050,34,21,10,9,10,6,4,84,78,78,54,93,3.240000000000002,0.29411764705882354,0.6176470588235294,0.6,3.7142857142857144,4.428571428571429,0.007276000019373896
standard,nearest,1000051,32,22,11,6,9,3,4,80,73,73,51,69,72.01000000000002,0.34375,0.6875,0.3333333333333333,3.3181818181818183,3.1363636363636362,0.007160500018699167
standard,nearest,1000052,33,21,9,10,9,4,2,81,71,71,48,111,-12.469999999999972,0.2727272727272727,0.6363636363636364,0.4444444444444444,3.380952380952381,5.285714285714286,0.007501499993622929
standard,nearest,1000053,27,22,19,2,7,7,3,88,69,69,42,24,190.02000000000007,0.7037037037037037,0.8148148148148148,1.0,3.1363636363636362,1.0909090909090908,0.0067554999816366035
standard,nearest,1000054,25,21,12,1,8,5,3,86,74,74,45,51,159.85000000000008,0.48,0.84,0.625,3.5238095238095237,2.4285714285714284,0.006819999981644287
standard,nearest,1000055,32,24,8,7,1,0,1,85,77,77,48,118,82.12999999999998,0.25,0.75,0.0,3.2083333333333335,4.916666666666667,0.0066650000007939525
standard,nearest,1000056,26,18,9,2,6,2,6,86,71,71,51,71,16.859999999999943,0.34615384615384615,0.6923076923076923,0.3333333333333333,3.9444444444444446,3.9444444444444446,0.006574999986241892
standard,nearest,1000057,36,18,7,13,9,3,5,82,70,70,48,93,-161.21999999999997,0.19444444444444445,0.5,0.3333333333333333,3.888888888888889,5.166666666666667,0.006639999980961875
standard,nearest,1000058,37,22,11,11,10,7,4,86,71,71,45,138,-3.34999999999998,0.2972972972972973,0.5945945945945946,0.7,3.227272727272727,6.2727272727272725,0.006705000032525277
standard,nearest,1000059,38,22,9,12,9,4,4,86,77,77,42,155,-41.63000000000002,0.23684210526315788,0.5789473684210527,0.4444444444444444,3.5,7.045454545454546,0.007300500016071965
standard,nearest,1000060,28,24,14,2,2,1,2,82,77,77,45,36,170.19999999999993,0.5,0.8571428571428571,0.5,3.2083333333333335,1.5,0.006600000006073969
standard,nearest,1000061,30,23,13,3,8,6,4,83,73,73,51,61,138.91000000000005,0.43333333333333335,0.7666666666666667,0.75,3.1739130434782608,2.652173913043478,0.006660499991539837
standard,nearest,1000062,28,25,17,0,6,4,3,87,73,73,45,70,206.2,0.6071428571428571,0.8928571428571429,0.6666666666666666,2.92,2.8,0.006705000004103567
standard,nearest,1000063,28,22,14,3,5,3,3,83,74,74,57,43,141.07000000000014,0.5,0.7857142857142857,0.6,3.3636363636363638,1.9545454545454546,0.006409500002746427
standard,nearest,1000064,26,20,14,2,6,4,4,82,78,78,60,37,109.95000000000005,0.5384615384615384,0.7692307692307693,0.6666666666666666,3.9,1.85,0.006500000012010787
standard,nearest,1000065,26,20,10,3,4,2,3,87,74,74,39,84,73.54000000000002,0.38461538461538464,0.7692307692307693,0.5,3.7,4.2,0.00639499998555948
standard,nearest,1000066,28,20,15,4,6,3,4,86,71,71,48,40,55.880000000000095,0.5357142857142857,0.7142857142857143,0.5,3.55,2.0,0.0064444999736679165
standard,nearest,1000067,29,24,7,4,5,1,1,81,73,73,54,111,156.29000000000005,0.2413793103448276,0.8275862068965517,0.2,3.0416666666666665,4.625,0.006920499998841478
standard,nearest,1000068,24,22,10,0,4,4,2,86,75,75,45,60,181.79999999999998,0.4166666666666667,0.9166666666666666,1.0,3.409090909090909,2.727272727272727,0.00676999999882355
standard,nearest,1000069,29,24,13,3,7,6,2,87,74,74,48,94,178.2299999999999,0.4482758620689655,0.8275862068965517,0.8571428571428571,3.0833333333333335,3.9166666666666665,0.0064495000060560415
standard,nearest,1000070,34,20,10,11,9,4,3,82,71,71,51,107,-27.340000000000025,0.29411764705882354,0.5882352941176471,0.4444444444444444,3.55,5.35,0.006794999990233919
standard,nearest,1000071,36,22,10,12,6,4,2,83,79,79,51,107,18.26000000000001,0.2777777777777778,0.6111111111111112,0.6666666666666666,3.590909090909091,4.863636363636363,0.007236000044485991
standard,nearest,1000072,23,23,17,0,6,3,0,83,74,74,51,25,248.71000000000015,0.7391304347826086,1.0,0.5,3.217391304347826,1.0869565217391304,0.006490000004077956
standard,nearest,1000073,26,23,11,2,8,4,1,84,76,76,51,121,175.0600000000001,0.4230769230769231,0.8846153846153846,0.5,3.3043478260869565,5.260869565217392,0.0069760000087626395
standard,nearest,1000074,35,25,11,8,10,6,2,83,73,73,51,141,100.96000000000002,0.3142857142857143,0.7142857142857143,0.6,2.92,5.64,0.007040000014058023
standard,nearest,1000075,26,21,7,0,2,0,5,82,73,73,57,76,101.46999999999996,0.2692307692307692,0.8076923076923077,0.0,3.4761904761904763,3.619047619047619,0.006885000004785979
standard,nearest,1000076,29,22,9,5,10,6,2,85,69,69,51,140,108.81000000000002,0.3103448275862069,0.7586206896551724,0.6,3.1363636363636362,6.363636363636363,0.006925000008095594
standard,nearest,1000077,35,23,9,10,11,5,2,84,75,75,45,139,5.449999999999985,0.2571428571428571,0.6571428571428571,0.45454545454545453,3.260869565217391,6.043478260869565,0.00689550000743111
standard,nearest,1000078,29,22,12,5,9,7,2,79,67,67,51,97,154.06000000000006,0.41379310344827586,0.7586206896551724,0.7777777777777778,3.0454545454545454,4.409090909090909,0.00689550000743111
standard,nearest,1000079,33,18,7,10,8,4,5,85,72,72,48,128,-56.52000000000001,0.21212121212121213,0.5454545454545454,0.5,4.0,7.111111111111111,0.006749999982957888
standard,nearest,1000080,39,24,11,10,12,7,5,81,73,73,54,135,-19.809999999999988,0.28205128205128205,0.6153846153846154,0.5833333333333334,3.0416666666666665,5.625,0.006630000029872463
standard,nearest,1000081,28,21,11,3,6,3,4,81,68,68,51,59,77.85999999999999,0.39285714285714285,0.75,0.5,3.238095238095238,2.8095238095238093,0.006499500017298487
standard,nearest,1000082,31,26,12,5,4,2,0,86,71,71,42,98,134.22000000000006,0.3870967741935484,0.8387096774193549,0.5,2.730769230769231,3.769230769230769,0.010284999973464437
standard,nearest,1000083,25,22,12,1,7,6,2,82,75,75,48,105,180.9300000000001,0.48,0.88,0.8571428571428571,3.409090909090909,4.7727272727272725,0.00718100000085542
standard,nearest,1000084,21,21,16,0,4,3,0,86,76,76,48,29,210.03000000000006,0.7619047619047619,1.0,0.75,3.619047619047619,1.380952380952381,0.006385000006048358
standard,nearest,1000085,30,21,7,6,3,2,3,82,69,69,48,119,46.330000000000005,0.23333333333333334,0.7,0.6666666666666666,3.2857142857142856,5.666666666666667,0.006955999992896977
standard,nearest,1000086,26,22,12,2,6,4,2,84,74,74,48,98,160.07999999999998,0.46153846153846156,0.8461538461538461,0.6666666666666666,3.3636363636363638,4.454545454545454,0.006795499984946218
standard,nearest,1000087,25,21,10,1,7,4,3,86,75,75,45,72,167.65,0.4,0.84,0.5714285714285714,3.5714285714285716,3.4285714285714284,0.007060000001501976
standard,nearest,1000088,22,18,6,0,6,1,4,86,74,74,51,92,88.95999999999992,0.2727272727272727,0.8181818181818182,0.16666666666666666,4.111111111111111,5.111111111111111,0.006579999990208307
standard,nearest,1000089,23,19,12,0,5,3,4,87,75,75,48,62,120.93000000000004,0.5217391304347826,0.8260869565217391,0.6,3.9473684210526314,3.263157894736842,0.0065449999624433985
standard,nearest,1000090,31,20,9,9,13,7,2,87,74,74,42,151,13.619999999999994,0.2903225806451613,0.6451612903225806,0.5384615384615384,3.7,7.55,0.006880000000819564
standard,nearest,1000091,30,22,11,6,9,5,2,87,72,72,42,86,119.07000000000002,0.36666666666666664,0.7333333333333333,0.5555555555555556,3.272727272727273,3.909090909090909,0.006584499971040714
standard,nearest,1000092,26,20,12,2,6,4,4,87,74,74,45,55,102.39999999999992,0.46153846153846156,0.7692307692307693,0.6666666666666666,3.7,2.75,0.006635000005417169
standard,nearest,1000093,33,24,11,5,7,4,4,83,81,81,48,84,107.33000000000001,0.3333333333333333,0.7272727272727273,0.5714285714285714,3.375,3.5,0.006945999984964146
standard,nearest,1000094,31,22,11,7,14,9,2,85,69,69,45,113,130.30000000000004,0.3548387096774194,0.7096774193548387,0.6428571428571429,3.1363636363636362,5.136363636363637,0.006795000018655628
standard,nearest,1000095,20,20,19,0,5,5,0,81,65,65,54,2,222.8400000000001,0.95,1.0,1.0,3.25,0.1,0.009445000017649363
standard,nearest,1000096,35,19,7,13,9,3,3,87,71,71,45,178,-100.70000000000003,0.2,0.5428571428571428,0.3333333333333333,3.736842105263158,9.368421052631579,0.011892999992824116
standard,nearest,1000097,34,21,14,9,15,9,4,83,69,69,51,89,69.36000000000001,0.4117647058823529,0.6176470588235294,0.6,3.2857142857142856,4.238095238095238,0.0070410000034826226
standard,nearest,1000098,25,24,13,0,6,4,1,81,74,74,60,56,239.25000000000014,0.52,0.96,0.6666666666666666,3.0833333333333335,2.3333333333333335,0.007126000014068268
standard,nearest,1000099,29,22,13,4,7,5,3,85,75,75,45,70,120.64999999999998,0.4482758620689655,0.7586206896551724,0.7142857142857143,3.409090909090909,3.1818181818181817,0.006705000004103567
standard,nearest,1000100,28,21,13,3,7,2,4,84,70,70,45,57,70.45,0.4642857142857143,0.75,0.2857142857142857,3.3333333333333335,2.7142857142857144,0.006965500006117509
standard,nearest,1000101,29,21,9,5,10,4,3,87,71,71,45,102,74.25000000000009,0.3103448275862069,0.7241379310344828,0.4,3.380952380952381,4.857142857142857,0.006944999995539547
standard,nearest,1000102,30,22,13,6,8,3,2,84,72,72,51,121,92.46000000000002,0.43333333333333335,0.7333333333333333,0.375,3.272727272727273,5.5,0.00730599998632897
standard,nearest,1000103,38,23,11,11,11,7,4,85,71,71,54,117,51.53999999999998,0.2894736842105263,0.6052631578947368,0.6363636363636364,3.0869565217391304,5.086956521739131,0.0067605000140247284
standard,nearest,1000104,23,23,17,0,6,5,0,83,71,71,54,26,252.78999999999996,0.7391304347826086,1.0,0.8333333333333334,3.0869565217391304,1.1304347826086956,0.006630000001450753
standard,nearest,1000105,32,22,11,8,13,7,2,86,76,76,48,120,106.83,0.34375,0.6875,0.5384615384615384,3.4545454545454546,5.454545454545454,0.007140500002833505
standard,nearest,1000106,32,21,8,8,8,4,3,87,74,74,48,157,-9.169999999999995,0.25,0.65625,0.5,3.5238095238095237,7.476190476190476,0.006935500010740725
standard,nearest,1000107,34,19,8,11,6,2,4,85,73,73,48,93,-52.17000000000002,0.23529411764705882,0.5588235294117647,0.3333333333333333,3.8421052631578947,4.894736842105263,0.006885999994210579
standard,nearest,1000108,30,21,10,6,5,2,3,83,75,75,45,133,39.59999999999999,0.3333333333333333,0.7,0.4,3.5714285714285716,6.333333333333333,0.007060999962504866
standard,nearest,1000109,32,21,10,9,8,4,2,84,74,74,51,92,41.610000000000014,0.3125,0.65625,0.5,3.5238095238095237,4.380952380952381,0.007256000003508234
standard,nearest,1000110,19,19,17,0,5,4,0,81,69,69,56,26,202.2600000000001,0.8947368421052632,1.0,0.8,3.6315789473684212,1.368421052631579,0.011357000005318696
standard,nearest,1000111,41,20,9,18,11,5,3,84,75,75,48,136,-165.16999999999993,0.21951219512195122,0.4878048780487805,0.45454545454545453,3.75,6.8,0.007856999985733637
standard,nearest,1000112,35,20,9,13,8,3,2,83,77,77,51,135,-71.64000000000001,0.2571428571428571,0.5714285714285714,0.375,3.85,6.75,0.007005500009427124
standard,nearest,1000113,33,23,12,7,6,2,3,83,74,74,51,79,80.11000000000006,0.36363636363636365,0.696969696969697,0.3333333333333333,3.217391304347826,3.4347826086956523,0.006870500016020742
standard,nearest,1000114,36,21,12,10,13,7,5,86,69,69,48,111,-1.9700000000000202,0.3333333333333333,0.5833333333333334,0.5384615384615384,3.2857142857142856,5.285714285714286,0.00722600000813145
standard,nearest,1000115,38,24,13,10,12,7,4,88,75,75,42,104,91.52000000000007,0.34210526315789475,0.631578947368421,0.5833333333333334,3.125,4.333333333333333,0.006860499979666201
standard,nearest,1000116,32,21,10,9,10,4,2,87,73,73,48,147,0.7300000000000608,0.3125,0.65625,0.4,3.4761904761904763,7.0,0.0068804999955318635
standard,nearest,1000117,21,20,11,0,3,3,1,84,74,74,45,52,168.2499999999999,0.5238095238095238,0.9523809523809523,1.0,3.7,2.6,0.0065399999868986924
standard,nearest,1000118,32,20,8,10,11,4,2,87,68,68,45,173,-46.79999999999998,0.25,0.625,0.36363636363636365,3.4,8.65,0.00702099998761696
standard,nearest,1000119,34,25,11,7,4,1,2,79,71,71,54,98,88.64000000000001,0.3235294117647059,0.7352941176470589,0.25,2.84,3.92,0.007030000034546902
standard,nearest,1000120,23,23,11,0,4,3,0,84,76,76,45,93,209.4,0.4782608695652174,1.0,0.75,3.3043478260869565,4.043478260869565,0.006530000007387571
standard,nearest,1000121,32,22,6,7,5,2,3,83,78,78,57,88,37.16999999999998,0.1875,0.6875,0.4,3.5454545454545454,4.0,0.006585000022596432
standard,nearest,1000122,33,23,14,5,8,5,5,81,74,74,55,51,112.79999999999998,0.42424242424242425,0.696969696969697,0.625,3.217391304347826,2.217391304347826,0.006509999991521909
standard,nearest,1000123,27,24,19,0,11,9,3,83,77,77,48,31,242.77999999999992,0.7037037037037037,0.8888888888888888,0.8181818181818182,3.2083333333333335,1.2916666666666667,0.006905499958520522
standard,nearest,1000124,36,21,12,11,10,7,4,82,73,73,52,87,8.569999999999993,0.3333333333333333,0.5833333333333334,0.7,3.4761904761904763,4.142857142857143,0.006890000008752395
standard,nearest,1000125,32,21,11,7,12,6,4,87,67,67,51,127,17.46,0.34375,0.65625,0.5,3.1904761904761907,6.0476190476190474,0.0066200000219396316
standard,nearest,1000126,29,21,13,5,6,4,3,88,71,71,42,66,87.86999999999998,0.4482758620689655,0.7241379310344828,0.6666666666666666,3.380952380952381,3.142857142857143,0.0075769999909880426
standard,nearest,1000127,28,22,14,4,4,4,2,86,73,73,54,89,120.14000000000004,0.5,0.7857142857142857,1.0,3.3181818181818183,4.045454545454546,0.006845999990900964
standard,nearest,1000128,34,23,11,7,9,6,4,84,71,71,45,119,84.4,0.3235294117647059,0.6764705882352942,0.6666666666666666,3.0869565217391304,5.173913043478261,0.006860000013375611
standard,nearest,1000129,20,20,17,0,4,4,0,77,63,63,63,8,211.58000000000004,0.85,1.0,1.0,3.15,0.4,0.006379499978947933
standard,nearest,1000130,37,21,6,13,7,2,3,89,72,72,45,189,-84.55000000000003,0.16216216216216217,0.5675675675675675,0.2857142857142857,3.4285714285714284,9.0,0.0069305000067743094
standard,nearest,1000131,30,21,12,6,10,6,3,87,73,73,48,81,70.18,0.4,0.7,0.6,3.4761904761904763,3.857142857142857,0.006754999986924304
standard,nearest,1000132,33,25,12,7,6,6,1,85,73,73,48,119,143.18000000000004,0.36363636363636365,0.7575757575757576,1.0,2.92,4.76,0.006605000010040385
standard,nearest,1000133,37,23,10,11,7,4,3,84,73,73,45,123,25.249999999999986,0.2702702702702703,0.6216216216216216,0.5714285714285714,3.1739130434782608,5.3478260869565215,0.006810000002133165
standard,nearest,1000134,32,22,7,8,12,5,2,86,75,75,48,167,32.52999999999998,0.21875,0.6875,0.4166666666666667,3.409090909090909,7.590909090909091,0.006740000003446767
standard,nearest,1000135,21,20,11,0,5,4,1,85,79,79,45,56,182.00000000000003,0.5238095238095238,0.9523809523809523,0.8,3.95,2.8,0.006569999982275476
standard,nearest,1000136,33,22,11,9,5,3,2,87,73,73,42,111,61.56999999999999,0.3333333333333333,0.6666666666666666,0.6,3.3181818181818183,5.045454545454546,0.006951000017352271
standard,nearest,1000137,30,22,10,7,7,6,1,83,73,73,54,155,88.94000000000003,0.3333333333333333,0.7333333333333333,0.8571428571428571,3.3181818181818183,7.045454545454546,0.00702099998761696
standard,nearest,1000138,35,22,14,10,4,1,3,83,71,71,45,73,-30.349999999999987,0.4,0.6285714285714286,0.25,3.227272727272727,3.3181818181818183,0.006820000010065996
standard,nearest,1000139,21,19,16,0,5,5,2,85,75,75,54,21,172.9399999999999,0.7619047619047619,0.9047619047619048,1.0,3.9473684210526314,1.105263157894737,0.006400000017947605
standard,nearest,1000140,22,21,14,0,2,2,1,81,69,69,55,27,178.89999999999995,0.6363636363636364,0.9545454545454546,1.0,3.2857142857142856,1.2857142857142858,0.006674999980305074
standard,nearest,1000141,32,22,7,6,10,4,4,86,78,78,45,127,45.149999999999984,0.21875,0.6875,0.4,3.5454545454545454,5.7727272727272725,0.006805499992879049
standard,nearest,1000142,33,20,8,9,2,0,4,86,68,68,39,164,-44.21000000000003,0.24242424242424243,0.6060606060606061,0.0,3.4,8.2,0.0066650000007939525
standard,nearest,1000143,30,20,10,8,10,4,2,83,74,74,51,99,-25.14,0.3333333333333333,0.6666666666666666,0.4,3.7,4.95,0.00672499999154752
standard,nearest,1000144,34,22,6,10,9,4,2,84,74,74,57,172,23.819999999999997,0.17647058823529413,0.6470588235294118,0.4444444444444444,3.3636363636363638,7.818181818181818,0.006699999971715442
standard,nearest,1000145,28,21,12,3,2,2,4,85,71,71,54,27,98.3900000000001,0.42857142857142855,0.75,1.0,3.380952380952381,1.2857142857142858,0.007076000002825822
standard,nearest,1000146,30,20,8,5,11,7,5,85,76,76,48,123,80.03000000000003,0.26666666666666666,0.6666666666666666,0.6363636363636364,3.8,6.15,0.007586500004208574
standard,nearest,1000147,26,23,10,2,6,4,1,83,71,71,51,102,183.31000000000006,0.38461538461538464,0.8846153846153846,0.6666666666666666,3.0869565217391304,4.434782608695652,0.0067705000219575595
standard,nearest,1000148,37,19,12,13,5,3,5,83,73,73,51,77,-85.48999999999995,0.32432432432432434,0.5135135135135135,0.6,3.8421052631578947,4.052631578947368,0.006845499996188664
standard,nearest,1000149,31,20,9,7,7,4,4,83,71,71,54,135,12.990000000000009,0.2903225806451613,0.6451612903225806,0.5714285714285714,3.55,6.75,0.0067900000146892125
standard,deadline,1000000,42,23,11,16,10,4,3,84,74,74,57,151,-73.67999999999999,0.2619047619047619,0.5476190476190477,0.4,3.217391304347826,6.565217391304348,0.007165999960534464
standard,deadline,1000001,37,25,17,11,10,6,1,85,73,73,45,48,68.65000000000003,0.4594594594594595,0.6756756756756757,0.6,2.92,1.92,0.006665499995506252
standard,deadline,1000002,34,22,9,8,6,4,4,84,76,76,54,116,11.789999999999992,0.2647058823529412,0.6470588235294118,0.6666666666666666,3.4545454545454546,5.2727272727272725,0.006935500010740725
standard,deadline,1000003,38,22,9,16,11,5,0,84,72,72,45,169,-39.29999999999998,0.23684210526315788,0.5789473684210527,0.45454545454545453,3.272727272727273,7.681818181818182,0.006615000017973216
standard,deadline,1000004,28,19,14,5,7,4,4,86,76,76,45,42,50.30000000000003,0.5,0.6785714285714286,0.5714285714285714,4.0,2.210526315789474,0.0065050000159772026
standard,deadline,1000005,25,21,11,0,7,4,4,84,71,71,54,61,165.0900000000001,0.44,0.84,0.5714285714285714,3.380952380952381,2.9047619047619047,0.006880500023953573
standard,deadline,1000006,28,21,6,5,8,3,2,87,77,77,45,135,74.59999999999998,0.21428571428571427,0.75,0.375,3.6666666666666665,6.428571428571429,0.006729999995513936
standard,deadline,1000007,29,23,8,5,7,4,1,88,74,74,45,114,133.35000000000008,0.27586206896551724,0.7931034482758621,0.5714285714285714,3.217391304347826,4.956521739130435,0.006624999997484338
standard,deadline,1000008,36,23,12,11,9,7,2,85,69,69,48,125,78.48000000000003,0.3333333333333333,0.6388888888888888,0.7777777777777778,3.0,5.434782608695652,0.006730000023935645
standard,deadline,1000009,32,20,8,8,9,4,4,84,75,75,48,117,-4.8700000000000045,0.25,0.625,0.4444444444444444,3.75,5.85,0.00677000002724526
standard,deadline,1000010,18,17,13,0,8,7,1,86,73,73,45,12,203.75,0.7222222222222222,0.9444444444444444,0.875,4.294117647058823,0.7058823529411765,0.006455000004734757
standard,deadline,1000011,34,26,12,5,6,4,3,84,78,78,54,109,149.39000000000004,0.35294117647058826,0.7647058823529411,0.6666666666666666,3.0,4.1923076923076925,0.006634999976995459
standard,deadline,1000012,31,22,11,5,7,4,4,86,75,75,54,94,84.79000000000002,0.3548387096774194,0.7096774193548387,0.5714285714285714,3.409090909090909,4.2727272727272725,0.00680499996974504
standard,deadline,1000013,23,17,10,1,3,2,5,83,76,76,54,57,41.49000000000004,0.43478260869565216,0.7391304347826086,0.6666666666666666,4.470588235294118,3.3529411764705883,0.0067800000067563815
standard,deadline,1000014,23,18,13,0,5,4,5,81,75,75,54,11,119.74000000000011,0.5652173913043478,0.782608695652174,0.8,4.166666666666667,0.6111111111111112,0.0065399999868986924
standard,deadline,1000015,25,25,15,0,6,5,0,85,71,71,51,28,270.56,0.6,1.0,0.8333333333333334,2.84,1.12,0.0063690000331462215
standard,deadline,1000016,25,22,10,1,8,4,2,86,81,81,48,55,206.18,0.4,0.88,0.5,3.6818181818181817,2.5,0.006435000045712513
standard,deadline,1000017,25,23,16,1,8,6,1,84,70,70,48,58,227.38000000000005,0.64,0.92,0.75,3.0434782608695654,2.5217391304347827,0.006590000026562848
standard,deadline,1000018,36,19,7,13,9,2,4,85,71,71,51,100,-79.49000000000002,0.19444444444444445,0.5277777777777778,0.2222222222222222,3.736842105263158,5.2631578947368425,0.006530000007387571
standard,deadline,1000019,28,20,16,3,7,5,5,79,72,72,46,24,82.76000000000012,0.5714285714285714,0.7142857142857143,0.7142857142857143,3.6,1.2,0.006540000015320402
standard,deadline,1000020,22,16,9,1,9,4,5,83,73,73,48,85,39.27999999999999,0.4090909090909091,0.7272727272727273,0.4444444444444444,4.5625,5.3125,0.006680000012693199
standard,deadline,1000021,38,22,7,13,11,4,3,86,70,70,51,167,-91.13999999999999,0.18421052631578946,0.5789473684210527,0.36363636363636365,3.1818181818181817,7.590909090909091,0.006729999995513936
standard,deadline,1000022,43,21,9,17,7,1,5,89,74,74,39,103,-149.95999999999992,0.20930232558139536,0.4883720930232558,0.14285714285714285,3.5238095238095237,4.904761904761905,0.006490000004077956
standard,deadline,1000023,35,20,5,12,3,0,3,86,73,73,54,153,-69.25999999999998,0.14285714285714285,0.5714285714285714,0.0,3.65,7.65,0.0070410000034826226
standard,deadline,1000024,27,19,10,4,7,3,4,84,74,74,48,45,61.030000000000065,0.37037037037037035,0.7037037037037037,0.42857142857142855,3.8947368421052633,2.3684210526315788,0.00656500000673077
standard,deadline,1000025,27,22,8,4,7,2,1,84,73,73,51,112,127.55999999999997,0.2962962962962963,0.8148148148148148,0.2857142857142857,3.3181818181818183,5.090909090909091,0.0067654999895694345
standard,deadline,1000026,37,24,11,13,14,6,0,84,74,74,51,129,36.360000000000035,0.2972972972972973,0.6486486486486487,0.42857142857142855,3.0833333333333335,5.375,0.006619999993517922
standard,deadline,1000027,22,20,13,0,7,6,2,85,71,71,45,57,175.00000000000003,0.5909090909090909,0.9090909090909091,0.8571428571428571,3.55,2.85,0.006534999982932277
standard,deadline,1000028,25,23,12,0,9,6,2,84,75,75,54,90,206.74000000000004,0.48,0.92,0.6666666666666666,3.260869565217391,3.9130434782608696,0.006745000007413182
standard,deadline,1000029,32,18,7,10,9,3,4,86,71,71,48,166,-97.02000000000001,0.21875,0.5625,0.3333333333333333,3.9444444444444446,9.222222222222221,0.007051000011415454
standard,deadline,1000030,32,19,11,8,9,4,5,81,73,73,51,86,-6.889999999999972,0.34375,0.59375,0.4444444444444444,3.8421052631578947,4.526315789473684,0.006605000010040385
standard,deadline,1000031,30,20,12,5,12,6,5,85,72,72,48,47,42.92999999999999,0.4,0.6666666666666666,0.5,3.6,2.35,0.006465000012667588
standard,deadline,1000032,18,18,11,0,3,2,0,86,68,68,51,49,161.86,0.6111111111111112,1.0,0.6666666666666666,3.7777777777777777,2.7222222222222223,0.00664499998492829
standard,deadline,1000033,24,22,15,0,10,6,2,87,69,69,45,45,198.2,0.625,0.9166666666666666,0.6,3.1363636363636362,2.0454545454545454,0.006649999988894706
standard,deadline,1000034,23,22,10,0,3,1,1,84,74,74,57,65,184.9699999999999,0.43478260869565216,0.9565217391304348,0.3333333333333333,3.3636363636363638,2.9545454545454546,0.006525000003421155
standard,deadline,1000035,35,24,14,10,10,8,1,85,79,79,48,124,89.67999999999998,0.4,0.6857142857142857,0.8,3.2916666666666665,5.166666666666667,0.006876000014699457
standard,deadline,1000036,35,22,9,10,5,2,3,85,73,73,48,125,8.929999999999986,0.2571428571428571,0.6285714285714286,0.4,3.3181818181818183,5.681818181818182,0.006554999998797939
standard,deadline,1000037,30,21,6,8,7,2,1,83,77,77,51,162,32.109999999999985,0.2,0.7,0.2857142857142857,3.6666666666666665,7.714285714285714,0.006820000010065996
standard,deadline,1000038,28,23,9,3,5,4,2,83,75,75,48,97,130.93000000000004,0.32142857142857145,0.8214285714285714,0.8,3.260869565217391,4.217391304347826,0.00656500000673077
standard,deadline,1000039,33,22,10,9,3,2,2,86,72,72,39,130,17.89000000000001,0.30303030303030304,0.6666666666666666,0.6666666666666666,3.272727272727273,5.909090909090909,0.006649999988894706
standard,deadline,1000040,37,23,11,11,6,5,3,85,72,72,48,136,7.829999999999963,0.2972972972972973,0.6216216216216216,0.8333333333333334,3.130434782608696,5.913043478260869,0.0067099999796482734
standard,deadline,1000041,43,18,5,19,12,3,6,87,72,72,48,105,-218.81999999999994,0.11627906976744186,0.4186046511627907,0.25,4.0,5.833333333333333,0.006740000003446767
standard,deadline,1000042,21,18,10,0,3,3,3,84,72,72,48,39,122.38000000000011,0.47619047619047616,0.8571428571428571,1.0,4.0,2.1666666666666665,0.006354999982249865
standard,deadline,1000043,23,23,16,0,4,4,0,86,72,72,39,27,233.19,0.6956521739130435,1.0,1.0,3.130434782608696,1.173913043478261,0.0064595000139888725
standard,deadline,1000044,25,22,11,1,5,2,2,86,68,68,42,34,139.42,0.44,0.88,0.4,3.090909090909091,1.5454545454545454,0.006454499953179038
standard,deadline,1000045,28,20,8,6,3,2,2,87,75,75,51,91,68.41,0.2857142857142857,0.7142857142857143,0.6666666666666666,3.75,4.55,0.006434000027866205
standard,deadline,1000046,29,20,8,5,8,5,4,85,77,77,48,167,63.030000000000015,0.27586206896551724,0.6896551724137931,0.625,3.85,8.35,0.007131000018034683
standard,deadline,1000047,25,21,10,2,10,6,2,85,73,73,42,96,189.31999999999996,0.4,0.84,0.6,3.4761904761904763,4.571428571428571,0.006670000004760368
standard,deadline,1000048,38,24,11,10,11,7,4,84,76,76,54,110,54.29,0.2894736842105263,0.631578947368421,0.6363636363636364,3.1666666666666665,4.583333333333333,0.006810000002133165
standard,deadline,1000049,35,22,8,10,11,5,3,84,73,73,48,130,43.379999999999995,0.22857142857142856,0.6285714285714286,0.45454545454545453,3.3181818181818183,5.909090909090909,0.006784999982301088
standard,deadline,1000050,34,21,10,8,10,6,5,86,75,75,51,112,-6.989999999999981,0.29411764705882354,0.6176470588235294,0.6,3.5714285714285716,5.333333333333333,0.00672549998625982
standard,deadline,1000051,32,20,9,6,9,2,6,84,71,71,48,76,-2.7700000000000244,0.28125,0.625,0.2222222222222222,3.55,3.8,0.006559500008052055
standard,deadline,1000052,33,23,11,9,9,5,1,80,72,72,48,101,67.13000000000004,0.3333333333333333,0.696969696969697,0.5555555555555556,3.130434782608696,4.391304347826087,0.006645000041771709
standard,deadline,1000053,27,22,20,2,7,7,3,85,79,79,51,8,192.66000000000005,0.7407407407407407,0.8148148148148148,1.0,3.590909090909091,0.36363636363636365,0.006420000005391557
standard,deadline,1000054,25,22,13,1,8,5,2,85,73,73,48,67,180.2800000000001,0.52,0.88,0.625,3.3181818181818183,3.0454545454545454,0.006710000036491692
standard,deadline,1000055,32,22,6,7,1,0,3,87,78,78,45,142,25.05000000000001,0.1875,0.6875,0.0,3.5454545454545454,6.454545454545454,0.006799999994200334
standard,deadline,1000056,26,20,7,2,6,1,4,87,71,71,45,106,65.69999999999999,0.2692307692307692,0.7692307692307693,0.16666666666666666,3.55,5.3,0.006749999982957888
standard,deadline,1000057,36,17,7,14,9,3,5,80,71,71,54,123,-171.71000000000004,0.19444444444444445,0.4722222222222222,0.3333333333333333,4.176470588235294,7.235294117647059,0.0066750000087267836
standard,deadline,1000058,37,21,10,11,10,6,5,87,78,78,45,146,-46.24999999999997,0.2702702702702703,0.5675675675675675,0.6,3.7142857142857144,6.9523809523809526,0.006915499994875063
standard,deadline,1000059,38,21,8,12,9,3,5,85,77,77,51,118,-83.59000000000002,0.21052631578947367,0.5526315789473685,0.3333333333333333,3.6666666666666665,5.619047619047619,0.006859999984953902
standard,deadline,1000060,28,24,16,0,2,1,4,82,77,77,45,31,171.59999999999997,0.5714285714285714,0.8571428571428571,0.5,3.2083333333333335,1.2916666666666667,0.006469999988212294
standard,deadline,1000061,30,21,11,5,8,4,4,84,69,69,54,72,81.89000000000004,0.36666666666666664,0.7,0.5,3.2857142857142856,3.4285714285714284,0.00689600000214341
standard,deadline,1000062,28,22,16,2,6,3,4,89,72,72,45,49,94.90000000000006,0.5714285714285714,0.7857142857142857,0.5,3.272727272727273,2.227272727272727,0.006660499991539837
standard,deadline,1000063,28,21,14,3,5,3,4,85,71,71,54,51,86.44000000000011,0.5,0.75,0.6,3.380952380952381,2.4285714285714284,0.006705000004103567
standard,deadline,1000064,26,20,12,3,6,3,3,83,79,79,60,51,87.64999999999995,0.46153846153846156,0.7692307692307693,0.5,3.95,2.55,0.006870500016020742
standard,deadline,1000065,26,21,10,3,4,2,2,85,77,77,45,96,116.84999999999997,0.38461538461538464,0.8076923076923077,0.5,3.6666666666666665,4.571428571428571,0.006720000016002814
standard,deadline,1000066,28,18,14,4,6,4,6,87,74,74,48,35,11.93000000000005,0.5,0.6428571428571429,0.6666666666666666,4.111111111111111,1.9444444444444444,0.006464500017955288
standard,deadline,1000067,29,16,5,8,5,0,5,87,71,71,45,162,-116.95,0.1724137931034483,0.5517241379310345,0.0,4.4375,10.125,0.007030500029259201
standard,deadline,1000068,24,19,11,1,4,4,4,89,66,66,45,72,104.4,0.4583333333333333,0.7916666666666666,1.0,3.473684210526316,3.789473684210526,0.006859999984953902
standard,deadline,1000069,29,24,14,2,7,5,3,86,74,74,51,59,166.91000000000008,0.4827586206896552,0.8275862068965517,0.7142857142857143,3.0833333333333335,2.4583333333333335,0.0067800000067563815
standard,deadline,1000070,34,21,9,12,9,4,1,85,68,68,45,112,-36.700000000000024,0.2647058823529412,0.6176470588235294,0.4444444444444444,3.238095238095238,5.333333333333333,0.006960500002151093
standard,deadline,1000071,36,22,9,11,6,2,3,85,71,71,48,87,21.98000000000004,0.25,0.6111111111111112,0.3333333333333333,3.227272727272727,3.9545454545454546,0.007116000006135437
standard,deadline,1000072,23,23,15,0,6,2,0,84,74,74,51,48,236.16000000000008,0.6521739130434783,1.0,0.3333333333333333,3.217391304347826,2.0869565217391304,0.006499499988876778
standard,deadline,1000073,26,24,13,2,8,4,0,85,80,80,48,100,205.98000000000002,0.5,0.9230769230769231,0.5,3.3333333333333335,4.166666666666667,0.006714999983614689
standard,deadline,1000074,35,21,11,10,10,5,4,84,70,70,51,115,27.66000000000001,0.3142857142857143,0.6,0.5,3.3333333333333335,5.476190476190476,0.006659999996827537
standard,deadline,1000075,26,21,8,1,2,1,4,85,77,77,48,114,88.32999999999996,0.3076923076923077,0.8076923076923077,0.5,3.6666666666666665,5.428571428571429,0.007035000010091608
standard,deadline,1000076,29,21,10,5,10,6,3,84,70,70,54,141,76.13999999999996,0.3448275862068966,0.7241379310344828,0.6,3.3333333333333335,6.714285714285714,0.006619999993517922
standard,deadline,1000077,35,19,8,11,11,4,5,85,78,78,48,123,-119.32000000000001,0.22857142857142856,0.5428571428571428,0.36363636363636365,4.105263157894737,6.473684210526316,0.006874999996853148
standard,deadline,1000078,29,20,11,5,9,6,4,80,68,68,48,99,100.08000000000001,0.3793103448275862,0.6896551724137931,0.6666666666666666,3.4,4.95,0.006609999985585091
standard,deadline,1000079,33,18,7,9,8,4,6,84,80,80,54,138,-63.459999999999994,0.21212121212121213,0.5454545454545454,0.5,4.444444444444445,7.666666666666667,0.006695499990883036
standard,deadline,1000080,39,20,6,14,12,2,5,83,75,75,51,148,-169.08999999999997,0.15384615384615385,0.5128205128205128,0.16666666666666666,3.75,7.4,0.0071004999995238904
standard,deadline,1000081,28,20,11,3,6,3,5,85,69,69,36,91,47.91,0.39285714285714285,0.7142857142857143,0.5,3.45,4.55,0.006490000004077956
standard,deadline,1000082,31,24,15,4,4,2,3,87,74,74,42,75,107.37000000000018,0.4838709677419355,0.7741935483870968,0.5,3.0833333333333335,3.125,0.006745000007413182
standard,deadline,1000083,25,22,11,2,7,5,1,83,74,74,48,67,198.83,0.44,0.88,0.7142857142857143,3.3636363636363638,3.0454545454545454,0.00639449999084718
standard,deadline,1000084,21,21,19,0,4,3,0,83,73,73,52,9,218.82000000000002,0.9047619047619048,1.0,0.75,3.4761904761904763,0.42857142857142855,0.006244499957119842
standard,deadline,1000085,30,21,7,7,3,1,2,84,75,75,48,142,45.38000000000001,0.23333333333333334,0.7,0.3333333333333333,3.5714285714285716,6.761904761904762,0.006529999978965861
standard,deadline,1000086,26,19,11,3,6,3,4,86,77,77,48,69,47.37999999999997,0.4230769230769231,0.7307692307692307,0.5,4.052631578947368,3.6315789473684212,0.006670000004760368
standard,deadline,1000087,25,19,7,2,7,3,4,88,75,75,45,78,96.15000000000009,0.28,0.76,0.42857142857142855,3.9473684210526314,4.105263157894737,0.006860499979666201
standard,deadline,1000088,22,17,4,0,6,2,5,87,75,75,48,112,58.37999999999998,0.18181818181818182,0.7727272727272727,0.3333333333333333,4.411764705882353,6.588235294117647,0.006840500020643958
standard,deadline,1000089,23,18,12,0,5,2,5,86,75,75,51,41,105.41000000000001,0.5217391304347826,0.782608695652174,0.4,4.166666666666667,2.2777777777777777,0.006500000012010787
standard,deadline,1000090,31,18,7,10,13,6,3,85,74,74,54,170,-62.06000000000004,0.22580645161290322,0.5806451612903226,0.46153846153846156,4.111111111111111,9.444444444444445,0.006600000034495679
standard,deadline,1000091,30,22,11,6,9,5,2,87,72,72,42,83,125.71999999999997,0.36666666666666664,0.7333333333333333,0.5555555555555556,3.272727272727273,3.772727272727273,0.0063539999928252655
standard,deadline,1000092,26,23,13,2,6,3,1,87,74,74,45,77,192.14999999999998,0.5,0.8846153846153846,0.5,3.217391304347826,3.347826086956522,0.006780000035178091
standard,deadline,1000093,33,20,9,8,7,2,5,84,83,83,57,126,-45.980000000000004,0.2727272727272727,0.6060606060606061,0.2857142857142857,4.15,6.3,0.0067749999743682565
standard,deadline,1000094,31,21,12,6,14,10,4,83,76,76,54,69,115.54000000000008,0.3870967741935484,0.6774193548387096,0.7142857142857143,3.619047619047619,3.2857142857142856,0.00669000002062603
standard,deadline,1000095,20,19,17,0,5,5,1,81,71,71,45,7,198.75000000000006,0.85,0.95,1.0,3.736842105263158,0.3684210526315789,0.006188999975620391
standard,deadline,1000096,35,18,7,13,9,2,4,86,77,77,51,165,-121.99000000000001,0.2,0.5142857142857142,0.2222222222222222,4.277777777777778,9.166666666666666,0.006640000037805294
standard,deadline,1000097,34,20,10,11,15,5,3,85,71,71,48,128,-21.920000000000023,0.29411764705882354,0.5882352941176471,0.3333333333333333,3.55,6.4,0.006660000025249246
standard,deadline,1000098,25,24,13,0,6,4,1,85,71,71,48,88,221.0300000000001,0.52,0.96,0.6666666666666666,2.9583333333333335,3.6666666666666665,0.006609999985585091
standard,deadline,1000099,29,21,14,4,7,4,4,87,78,78,45,60,97.70000000000005,0.4827586206896552,0.7241379310344828,0.5714285714285714,3.7142857142857144,2.857142857142857,0.006573999996817292
standard,deadline,1000100,28,21,13,3,7,2,4,85,69,69,42,59,71.67000000000002,0.4642857142857143,0.75,0.2857142857142857,3.2857142857142856,2.8095238095238093,0.006780499973046972
standard,deadline,1000101,29,21,9,5,10,4,3,88,70,70,45,97,76.05000000000005,0.3103448275862069,0.7241379310344828,0.4,3.3333333333333335,4.619047619047619,0.006955499998184678
standard,deadline,1000102,30,22,12,4,8,4,4,85,77,77,51,83,106.1600000000001,0.4,0.7333333333333333,0.5,3.5,3.772727272727273,0.0066200000219396316
standard,deadline,1000103,38,24,11,11,11,7,3,86,72,72,51,139,64.60999999999999,0.2894736842105263,0.631578947368421,0.6363636363636364,3.0,5.791666666666667,0.00702050002132637
standard,deadline,1000104,23,23,17,0,6,5,0,82,72,72,57,16,257.1699999999999,0.7391304347826086,1.0,0.8333333333333334,3.130434782608696,0.6956521739130435,0.006584499999462423
standard,deadline,1000105,32,20,8,9,13,4,3,87,73,73,48,119,30.729999999999997,0.25,0.625,0.3076923076923077,3.65,5.95,0.006770499965114141
standard,deadline,1000106,32,21,8,9,8,4,2,88,71,71,45,169,23.10000000000001,0.25,0.65625,0.5,3.380952380952381,8.047619047619047,0.006725999980972119
standard,deadline,1000107,34,17,7,12,6,1,5,86,71,71,48,101,-127.57000000000002,0.20588235294117646,0.5,0.16666666666666666,4.176470588235294,5.9411764705882355,0.006659999996827537
standard,deadline,1000108,30,19,8,6,5,1,5,85,71,71,51,106,-26.540000000000035,0.26666666666666666,0.6333333333333333,0.2,3.736842105263158,5.578947368421052,0.006585000022596432
standard,deadline,1000109,32,21,12,9,8,5,2,82,76,76,54,105,56.74,0.375,0.65625,0.625,3.619047619047619,5.0,0.006740499998159066
standard,deadline,1000110,19,17,14,0,5,4,2,83,71,71,54,10,159.14000000000007,0.7368421052631579,0.8947368421052632,0.8,4.176470588235294,0.5882352941176471,0.006384500011336058
standard,deadline,1000111,41,20,9,18,11,5,3,85,75,75,45,137,-167.45,0.21951219512195122,0.4878048780487805,0.45454545454545453,3.75,6.85,0.00685050000015508
standard,deadline,1000112,35,20,7,13,8,1,2,82,79,79,54,139,-74.26,0.2,0.5714285714285714,0.125,3.95,6.95,0.006764999994857135
standard,deadline,1000113,33,24,12,6,6,4,3,84,80,80,48,80,124.62999999999997,0.36363636363636365,0.7272727272727273,0.6666666666666666,3.3333333333333335,3.3333333333333335,0.006830500012711127
standard,deadline,1000114,36,22,10,10,13,6,4,85,75,75,51,120,26.50999999999999,0.2777777777777778,0.6111111111111112,0.46153846153846156,3.409090909090909,5.454545454545454,0.006750500006091897
standard,deadline,1000115,38,24,13,10,12,7,4,88,75,75,42,104,91.52000000000007,0.34210526315789475,0.631578947368421,0.5833333333333334,3.125,4.333333333333333,0.006745000007413182
standard,deadline,1000116,32,21,11,7,10,7,4,88,75,75,51,111,29.310000000000024,0.34375,0.65625,0.7,3.5714285714285716,5.285714285714286,0.006805499992879049
standard,deadline,1000117,21,19,8,0,3,2,2,85,78,78,42,66,142.5699999999999,0.38095238095238093,0.9047619047619048,0.6666666666666666,4.105263157894737,3.473684210526316,0.00664499998492829
standard,deadline,1000118,32,19,9,10,11,6,3,86,68,68,51,117,-39.74000000000002,0.28125,0.59375,0.5454545454545454,3.5789473684210527,6.157894736842105,0.006836000011389842
standard,deadline,1000119,34,21,8,9,4,0,4,84,70,70,42,122,-60.830000000000005,0.23529411764705882,0.6176470588235294,0.0,3.3333333333333335,5.809523809523809,0.006839999997509949
standard,deadline,1000120,23,23,11,0,4,3,0,84,76,76,45,86,211.85000000000002,0.4782608695652174,1.0,0.75,3.3043478260869565,3.739130434782609,0.006554999998797939
standard,deadline,1000121,32,21,5,8,5,2,3,86,72,72,51,117,4.359999999999943,0.15625,0.65625,0.4,3.4285714285714284,5.571428571428571,0.00685050000015508
standard,deadline,1000122,33,21,11,8,8,3,4,86,68,68,43,70,50.980000000000025,0.3333333333333333,0.6363636363636364,0.375,3.238095238095238,3.3333333333333335,0.006469999988212294
standard,deadline,1000123,27,25,20,0,11,10,2,82,78,78,54,31,293.14,0.7407407407407407,0.9259259259259259,0.9090909090909091,3.12,1.24,0.006614999989551507
standard,deadline,1000124,36,21,11,11,10,6,4,82,76,76,52,109,8.920000000000051,0.3055555555555556,0.5833333333333334,0.6,3.619047619047619,5.190476190476191,0.00734099998567217
standard,deadline,1000125,32,19,10,8,12,5,5,87,71,71,54,112,-60.21000000000001,0.3125,0.59375,0.4166666666666667,3.736842105263158,5.894736842105263,0.006734999999480351
standard,deadline,1000126,29,22,13,5,6,4,2,87,74,74,42,93,108.42000000000002,0.4482758620689655,0.7586206896551724,0.6666666666666666,3.3636363636363638,4.2272727272727275,0.006799999994200334
standard,deadline,1000127,28,21,12,3,4,4,4,87,73,73,48,68,98.43000000000006,0.42857142857142855,0.75,1.0,3.4761904761904763,3.238095238095238,0.006810000002133165
standard,deadline,1000128,34,23,11,9,9,6,2,82,72,72,54,120,90.24000000000001,0.3235294117647059,0.6764705882352942,0.6666666666666666,3.130434782608696,5.217391304347826,0.006750000011379598
standard,deadline,1000129,20,20,17,0,4,4,0,77,63,63,63,8,211.58000000000004,0.85,1.0,1.0,3.15,0.4,0.0062194999941311835
standard,deadline,1000130,37,21,5,13,7,1,3,87,76,76,48,183,-80.22,0.13513513513513514,0.5675675675675675,0.14285714285714285,3.619047619047619,8.714285714285714,0.006544500024574518
standard,deadline,1000131,30,20,13,6,10,7,4,87,69,69,48,78,47.830000000000084,0.43333333333333335,0.6666666666666666,0.7,3.45,3.9,0.006874999996853148
standard,deadline,1000132,33,22,11,7,6,6,4,86,72,72,48,91,73.38000000000001,0.3333333333333333,0.6666666666666666,1.0,3.272727272727273,4.136363636363637,0.006750500006091897
standard,deadline,1000133,37,22,8,13,7,1,2,85,67,67,51,148,-2.889999999999981,0.21621621621621623,0.5945945945945946,0.14285714285714285,3.0454545454545454,6.7272727272727275,0.006589999998141138
standard,deadline,1000134,32,19,8,8,12,6,5,84,72,72,54,164,-40.81000000000003,0.25,0.59375,0.5,3.789473684210526,8.631578947368421,0.00656500000673077
standard,deadline,1000135,21,19,10,0,5,3,2,85,77,77,48,60,138.58000000000004,0.47619047619047616,0.9047619047619048,0.6,4.052631578947368,3.1578947368421053,0.0066200000219396316
standard,deadline,1000136,33,23,11,9,5,4,1,86,73,73,45,115,68.74999999999999,0.3333333333333333,0.696969696969697,0.8,3.1739130434782608,5.0,0.006574499991529592
standard,deadline,1000137,30,20,8,7,7,5,3,88,76,76,48,141,34.930000000000014,0.26666666666666666,0.6666666666666666,0.7142857142857143,3.8,7.05,0.006795499984946218
standard,deadline,1000138,35,21,12,10,4,0,4,85,68,68,48,83,-58.319999999999965,0.34285714285714286,0.6,0.0,3.238095238095238,3.9523809523809526,0.007080499983658228
standard,deadline,1000139,21,19,15,0,5,4,2,86,76,76,51,37,148.65999999999994,0.7142857142857143,0.9047619047619048,0.8,4.0,1.9473684210526316,0.00647400000275411
standard,deadline,1000140,22,21,11,0,2,2,1,83,69,69,54,38,174.49000000000007,0.5,0.9545454545454546,1.0,3.2857142857142856,1.8095238095238095,0.0069050000206516415
standard,deadline,1000141,32,19,8,8,10,4,5,85,76,76,54,118,-54.809999999999974,0.25,0.59375,0.4,4.0,6.2105263157894735,0.007280999966496893
standard,deadline,1000142,33,19,8,9,2,1,5,86,70,70,42,146,-63.18000000000002,0.24242424242424243,0.5757575757575758,0.5,3.6842105263157894,7.684210526315789,0.006734999999480351
standard,deadline,1000143,30,19,7,8,10,3,3,83,76,76,57,91,-10.730000000000025,0.23333333333333334,0.6333333333333333,0.3,4.0,4.7894736842105265,0.006881000018665873
standard,deadline,1000144,34,22,7,9,9,4,3,82,78,78,60,161,25.700000000000003,0.20588235294117646,0.6470588235294118,0.4444444444444444,3.5454545454545454,7.318181818181818,0.006710000008069983
standard,deadline,1000145,28,21,13,3,2,2,4,85,71,71,54,26,98.74000000000007,0.4642857142857143,0.75,1.0,3.380952380952381,1.2380952380952381,0.006790499980979803
standard,deadline,1000146,30,18,10,5,11,9,7,85,79,79,54,94,16.590000000000003,0.3333333333333333,0.6,0.8181818181818182,4.388888888888889,5.222222222222222,0.007235999987642572
standard,deadline,1000147,26,21,9,3,6,4,2,86,72,72,48,141,118.22999999999996,0.34615384615384615,0.8076923076923077,0.6666666666666666,3.4285714285714284,6.714285714285714,0.006794999990233919
standard,deadline,1000148,37,24,11,12,5,3,1,85,74,74,48,115,41.18000000000004,0.2972972972972973,0.6486486486486487,0.6,3.0833333333333335,4.791666666666667,0.006614999989551507
standard,deadline,1000149,31,20,10,7,7,5,4,86,74,74,48,141,40.63000000000003,0.3225806451612903,0.6451612903225806,0.7142857142857143,3.7,7.05,0.006715500006748698
standard,planner,1000000,42,19,6,20,10,1,3,86,74,74,48,163,-204.56999999999996,0.14285714285714285,0.4523809523809524,0.1,3.8947368421052633,8.578947368421053,0.00746599999956743
standard,planner,1000001,37,27,18,8,10,5,2,84,74,74,45,42,95.50000000000003,0.4864864864864865,0.7297297297297297,0.5,2.740740740740741,1.5555555555555556,0.0067099999796482734
standard,planner,1000002,34,19,8,9,6,2,6,84,71,71,45,104,-40.600000000000016,0.23529411764705882,0.5588235294117647,0.3333333333333333,3.736842105263158,5.473684210526316,0.0069499999995059625
standard,planner,1000003,38,20,7,16,11,2,2,80,69,69,48,135,-116.47,0.18421052631578946,0.5263157894736842,0.18181818181818182,3.45,6.75,0.006815000006099581
standard,planner,1000004,28,20,14,4,7,5,4,80,73,73,46,29,100.95999999999998,0.5,0.7142857142857143,0.7142857142857143,3.65,1.45,0.006639999980961875
standard,planner,1000005,25,21,13,1,7,7,3,81,78,78,54,103,158.64000000000007,0.52,0.84,1.0,3.7142857142857144,4.904761904761905,0.007126000014068268
standard,planner,1000006,28,22,9,3,8,5,3,84,76,76,51,107,126.25999999999999,0.32142857142857145,0.7857142857142857,0.625,3.4545454545454546,4.863636363636363,0.007030500000837492
standard,planner,1000007,29,22,7,5,7,5,2,83,72,72,42,116,110.52000000000002,0.2413793103448276,0.7586206896551724,0.7142857142857143,3.272727272727273,5.2727272727272725,0.007642000014129735
standard,planner,1000008,36,21,10,11,9,6,4,81,77,77,51,139,-11.58999999999999,0.2777777777777778,0.5833333333333334,0.6666666666666666,3.6666666666666665,6.619047619047619,0.007230999983676156
standard,planner,1000009,32,22,10,6,9,6,4,85,77,77,42,110,66.67000000000004,0.3125,0.6875,0.6666666666666666,3.5,5.0,0.006881000018665873
standard,planner,1000010,18,17,11,0,8,7,1,74,71,71,48,32,199.88000000000005,0.6111111111111112,0.9444444444444444,0.875,4.176470588235294,1.8823529411764706,0.0067350000279020605
standard,planner,1000011,34,24,11,5,6,5,5,84,72,72,51,110,97.81000000000012,0.3235294117647059,0.7058823529411765,0.8333333333333334,3.0,4.583333333333333,0.006955499998184678
standard,planner,1000012,31,23,12,4,7,5,4,86,76,76,45,129,97.69999999999999,0.3870967741935484,0.7419354838709677,0.7142857142857143,3.3043478260869565,5.608695652173913,0.007065499971758982
standard,planner,1000013,23,18,10,1,3,2,4,82,68,68,36,69,84.06,0.43478260869565216,0.782608695652174,0.6666666666666666,3.7777777777777777,3.8333333333333335,0.006890000008752395
standard,planner,1000014,23,18,12,1,5,3,4,84,67,67,43,37,93.08000000000001,0.5217391304347826,0.782608695652174,0.6,3.7222222222222223,2.0555555555555554,0.006779999978334672
standard,planner,1000015,25,20,10,1,6,4,4,88,74,74,39,103,114.64000000000001,0.4,0.8,0.6666666666666666,3.7,5.15,0.00659999997765226
standard,planner,1000016,25,21,10,1,8,5,3,86,72,72,45,79,171.00000000000003,0.4,0.84,0.625,3.4285714285714284,3.761904761904762,0.00676999999882355
standard,planner,1000017,25,21,9,3,8,3,1,84,72,72,40,76,141.45,0.36,0.84,0.375,3.4285714285714284,3.619047619047619,0.006769999970401841
standard,planner,1000018,36,23,12,10,9,4,3,80,73,73,48,46,84.92999999999999,0.3333333333333333,0.6388888888888888,0.4444444444444444,3.1739130434782608,2.0,0.007241000020030697
standard,planner,1000019,28,19,15,4,7,5,5,71,68,68,43,16,87.03000000000009,0.5357142857142857,0.6785714285714286,0.7142857142857143,3.5789473684210527,0.8421052631578947,0.007186000004821835
standard,planner,1000020,22,19,11,1,9,6,2,81,73,73,39,106,164.93999999999997,0.5,0.8636363636363636,0.6666666666666666,3.8421052631578947,5.578947368421052,0.006880500023953573
standard,planner,1000021,38,22,9,14,11,3,2,85,75,75,48,154,-90.71999999999997,0.23684210526315788,0.5789473684210527,0.2727272727272727,3.409090909090909,7.0,0.007070999998859406
standard,planner,1000022,43,21,7,19,7,1,3,84,68,68,51,102,-136.74,0.16279069767441862,0.4883720930232558,0.14285714285714285,3.238095238095238,4.857142857142857,0.0068255000087447115
standard,planner,1000023,35,19,9,11,3,2,5,85,65,65,45,128,-73.50000000000003,0.2571428571428571,0.5428571428571428,0.6666666666666666,3.4210526315789473,6.7368421052631575,0.0067705000219575595
standard,planner,1000024,27,19,9,4,7,3,4,84,67,67,39,78,51.240000000000016,0.3333333333333333,0.7037037037037037,0.42857142857142855,3.526315789473684,4.105263157894737,0.006654999992861121
standard,planner,1000025,27,22,10,5,7,4,0,87,73,73,42,145,126.66999999999999,0.37037037037037035,0.8148148148148148,0.5714285714285714,3.3181818181818183,6.590909090909091,0.006910999985620947
standard,planner,1000026,37,23,11,12,14,6,2,84,66,66,48,89,56.73000000000002,0.2972972972972973,0.6216216216216216,0.42857142857142855,2.869565217391304,3.869565217391304,0.006755500010058313
standard,planner,1000027,22,18,11,1,7,5,3,79,67,67,46,46,128.91,0.5,0.8181818181818182,0.7142857142857143,3.7222222222222223,2.5555555555555554,0.00669000002062603
standard,planner,1000028,25,23,13,0,9,8,2,81,67,67,51,81,233.26000000000005,0.52,0.92,0.8888888888888888,2.9130434782608696,3.5217391304347827,0.006705499970394158
standard,planner,1000029,32,25,15,2,9,7,5,80,76,76,54,82,139.98999999999995,0.46875,0.78125,0.7777777777777778,3.04,3.28,0.006755500010058313
standard,planner,1000030,32,22,10,6,9,2,4,81,74,74,39,115,59.94000000000001,0.3125,0.6875,0.2222222222222222,3.3636363636363638,5.2272727272727275,0.006589999998141138
standard,planner,1000031,30,20,15,4,12,8,6,82,71,71,46,42,62.41000000000011,0.5,0.6666666666666666,0.6666666666666666,3.55,2.1,0.006720000016002814
standard,planner,1000032,18,18,14,0,3,3,0,75,65,65,50,8,182.69999999999993,0.7777777777777778,1.0,1.0,3.611111111111111,0.4444444444444444,0.0066200000219396316
standard,planner,1000033,24,22,15,0,10,8,2,81,75,75,51,57,219.30999999999997,0.625,0.9166666666666666,0.8,3.409090909090909,2.590909090909091,0.006750000039801307
standard,planner,1000034,23,23,14,0,3,3,0,77,73,73,61,32,223.26000000000002,0.6086956521739131,1.0,1.0,3.1739130434782608,1.391304347826087,0.006589999998141138
standard,planner,1000035,35,22,13,11,10,7,2,81,72,72,57,110,45.469999999999985,0.37142857142857144,0.6285714285714286,0.7,3.272727272727273,5.0,0.007025499996871076
standard,planner,1000036,35,23,10,8,5,2,4,84,76,76,45,118,31.34999999999998,0.2857142857142857,0.6571428571428571,0.4,3.3043478260869565,5.130434782608695,0.006795500013367928
standard,planner,1000037,30,20,9,6,7,2,4,81,69,69,48,108,26.58,0.3,0.6666666666666666,0.2857142857142857,3.45,5.4,0.006714999983614689
standard,planner,1000038,28,26,14,2,5,4,0,83,72,72,48,87,228.02999999999997,0.5,0.9285714285714286,0.8,2.769230769230769,3.3461538461538463,0.006684499965103896
standard,planner,1000039,33,22,8,7,3,1,4,82,76,76,45,121,17.799999999999997,0.24242424242424243,0.6666666666666666,0.3333333333333333,3.4545454545454546,5.5,0.00754599997776495
standard,planner,1000040,37,24,11,11,6,4,2,84,70,70,51,141,52.35999999999997,0.2972972972972973,0.6486486486486487,0.6666666666666666,2.9166666666666665,5.875,0.006990499997527877
standard,planner,1000041,43,22,7,17,12,4,4,83,69,69,51,109,-122.04000000000003,0.16279069767441862,0.5116279069767442,0.3333333333333333,3.1363636363636362,4.954545454545454,0.006890500003464695
standard,planner,1000042,21,19,10,0,3,3,2,84,75,75,42,54,144.27000000000004,0.47619047619047616,0.9047619047619048,1.0,3.9473684210526314,2.8421052631578947,0.006615000017973216
standard,planner,1000043,23,23,18,0,4,4,0,79,69,69,54,15,238.89000000000004,0.782608695652174,1.0,1.0,3.0,0.6521739130434783,0.006800500017334343
standard,planner,1000044,25,21,8,1,5,4,3,82,71,71,51,56,157.00999999999996,0.32,0.84,0.8,3.380952380952381,2.6666666666666665,0.006800000022622044
standard,planner,1000045,28,21,11,5,3,3,2,81,73,73,45,84,95.6,0.39285714285714285,0.75,1.0,3.4761904761904763,4.0,0.006980499989595046
standard,planner,1000046,29,22,9,5,8,5,2,84,70,70,51,135,130.30999999999997,0.3103448275862069,0.7586206896551724,0.625,3.1818181818181817,6.136363636363637,0.006870500016020742
standard,planner,1000047,25,18,10,3,10,6,4,81,70,70,45,60,125.10000000000004,0.4,0.72,0.6,3.888888888888889,3.3333333333333335,0.006695000024592446
standard,planner,1000048,38,24,10,10,11,7,4,85,77,77,48,135,25.58,0.2631578947368421,0.631578947368421,0.6363636363636364,3.2083333333333335,5.625,0.007011000008105839
standard,planner,1000049,35,24,9,8,11,6,3,83,73,73,48,121,118.78,0.2571428571428571,0.6857142857142857,0.5454545454545454,3.0416666666666665,5.041666666666667,0.006640000009383584
standard,planner,1000050,34,22,11,9,10,5,3,81,78,78,51,122,48.960000000000015,0.3235294117647059,0.6470588235294118,0.5,3.5454545454545454,5.545454545454546,0.0068804999955318635
standard,planner,1000051,32,20,10,8,9,6,4,84,68,68,42,105,-5.679999999999978,0.3125,0.625,0.6666666666666666,3.4,5.25,0.006674999980305074
standard,planner,1000052,33,23,13,9,9,6,1,80,72,72,42,97,70.86999999999999,0.3939393939393939,0.696969696969697,0.6666666666666666,3.130434782608696,4.217391304347826,0.00718050000614312
standard,planner,1000053,27,21,12,3,7,3,3,80,72,72,45,42,140.25000000000009,0.4444444444444444,0.7777777777777778,0.42857142857142855,3.4285714285714284,2.0,0.006910999985620947
standard,planner,1000054,25,23,13,1,8,5,1,83,73,73,51,64,207.3100000000001,0.52,0.92,0.625,3.1739130434782608,2.782608695652174,0.006810000002133165
standard,planner,1000055,32,22,8,6,1,0,4,85,69,69,48,152,-6.620000000000019,0.25,0.6875,0.0,3.1363636363636362,6.909090909090909,0.00673550002261436
standard,planner,1000056,26,21,13,1,6,5,4,81,72,72,48,62,151.58000000000007,0.5,0.8076923076923077,0.8333333333333334,3.4285714285714284,2.9523809523809526,0.007275999990952187
standard,planner,1000057,36,23,11,11,9,3,2,79,78,78,51,105,30.96,0.3055555555555556,0.6388888888888888,0.3333333333333333,3.391304347826087,4.565217391304348,0.006689999992204321
standard,planner,1000058,37,23,12,12,10,7,2,84,76,76,54,154,21.690000000000023,0.32432432432432434,0.6216216216216216,0.7,3.3043478260869565,6.695652173913044,0.007116000006135437
standard,planner,1000059,38,22,11,12,9,6,4,84,81,81,48,121,-14.020000000000039,0.2894736842105263,0.5789473684210527,0.6666666666666666,3.6818181818181817,5.5,0.0068349999935435335
standard,planner,1000060,28,22,11,3,2,1,3,78,71,71,48,59,113.28000000000003,0.39285714285714285,0.7857142857142857,0.5,3.227272727272727,2.6818181818181817,0.006720000016002814
standard,planner,1000061,30,23,11,5,8,5,2,87,67,67,39,130,145.49000000000004,0.36666666666666664,0.7666666666666667,0.625,2.9130434782608696,5.6521739130434785,0.006880000029241273
standard,planner,1000062,28,20,15,3,6,4,5,85,70,70,54,38,76.5400000000001,0.5357142857142857,0.7142857142857143,0.6666666666666666,3.5,1.9,0.0066100000140068005
standard,planner,1000063,28,23,12,3,5,4,2,82,71,71,48,76,158.48000000000005,0.42857142857142855,0.8214285714285714,0.8,3.0869565217391304,3.3043478260869565,0.007025000002158777
standard,planner,1000064,26,22,14,2,6,5,2,82,80,80,57,46,159.32000000000002,0.5384615384615384,0.8461538461538461,0.8333333333333334,3.6363636363636362,2.090909090909091,0.006945500018673556
standard,planner,1000065,26,18,11,2,4,2,6,83,73,73,51,63,46.31000000000003,0.4230769230769231,0.6923076923076923,0.5,4.055555555555555,3.5,0.006740499998159066
standard,planner,1000066,28,21,14,3,6,3,4,83,73,73,46,47,125.66000000000003,0.5,0.75,0.5,3.4761904761904763,2.238095238095238,0.006634999976995459
standard,planner,1000067,29,23,8,4,5,2,2,82,68,68,48,110,89.53,0.27586206896551724,0.7931034482758621,0.4,2.9565217391304346,4.782608695652174,0.006705000004103567
standard,planner,1000068,24,20,10,0,4,3,4,85,72,72,48,71,129.93000000000006,0.4166666666666667,0.8333333333333334,0.75,3.6,3.55,0.007706499985715709
standard,planner,1000069,29,20,9,6,7,3,3,80,69,69,48,106,64.03000000000002,0.3103448275862069,0.6896551724137931,0.42857142857142855,3.45,5.3,0.006831000007423427
standard,planner,1000070,34,20,8,14,9,3,0,82,64,64,42,146,-87.37999999999994,0.23529411764705882,0.5882352941176471,0.3333333333333333,3.2,7.3,0.006875499991565448
standard,planner,1000071,36,22,11,11,6,3,3,85,76,76,45,110,16.50000000000003,0.3055555555555556,0.6111111111111112,0.5,3.4545454545454546,5.0,0.00673550002261436
standard,planner,1000072,23,22,18,0,6,5,1,79,67,67,55,12,234.05000000000004,0.782608695652174,0.9565217391304348,0.8333333333333334,3.0454545454545454,0.5454545454545454,0.006720000016002814
standard,planner,1000073,26,20,11,3,8,2,3,85,76,76,48,97,114.08000000000004,0.4230769230769231,0.7692307692307693,0.25,3.8,4.85,0.007105500003490306
standard,planner,1000074,35,22,12,10,10,7,3,81,75,75,54,129,14.489999999999988,0.34285714285714286,0.6285714285714286,0.7,3.409090909090909,5.863636363636363,0.006900500011397526
standard,planner,1000075,26,21,7,1,2,1,4,84,70,70,51,105,88.85999999999997,0.2692307692307692,0.8076923076923077,0.5,3.3333333333333335,5.0,0.006834999965121824
standard,planner,1000076,29,20,9,7,10,6,2,84,68,68,48,132,62.080000000000005,0.3103448275862069,0.6896551724137931,0.6,3.4,6.6,0.0066650000007939525
standard,planner,1000077,35,22,10,10,11,5,3,84,71,71,48,118,-15.970000000000013,0.2857142857142857,0.6285714285714286,0.45454545454545453,3.227272727272727,5.363636363636363,0.007046000007449038
standard,planner,1000078,29,19,12,6,9,8,4,81,69,69,42,97,77.32000000000002,0.41379310344827586,0.6551724137931034,0.8888888888888888,3.6315789473684212,5.105263157894737,0.00718099997243371
standard,planner,1000079,33,18,7,10,8,4,5,82,74,74,57,127,-53.53000000000003,0.21212121212121213,0.5454545454545454,0.5,4.111111111111111,7.055555555555555,0.006939999991573131
standard,planner,1000080,39,24,10,13,12,7,2,83,73,73,51,178,-5.640000000000018,0.2564102564102564,0.6153846153846154,0.5833333333333334,3.0416666666666665,7.416666666666667,0.007220500009452735
standard,planner,1000081,28,20,9,4,6,3,4,78,66,66,51,83,52.560000000000045,0.32142857142857145,0.7142857142857143,0.5,3.3,4.15,0.007216000000198619
standard,planner,1000082,31,24,14,4,4,2,3,84,73,73,45,68,112.00000000000003,0.45161290322580644,0.7741935483870968,0.5,3.0416666666666665,2.8333333333333335,0.006936000005453025
standard,planner,1000083,25,20,10,2,7,4,3,79,67,67,48,86,96.98000000000003,0.4,0.8,0.5714285714285714,3.35,4.3,0.006840499992222249
standard,planner,1000084,21,19,14,0,4,4,2,81,67,67,43,35,162.48000000000013,0.6666666666666666,0.9047619047619048,1.0,3.526315789473684,1.8421052631578947,0.006575000014663601
standard,planner,1000085,30,21,10,5,3,3,4,81,72,72,51,88,58.76000000000001,0.3333333333333333,0.7,1.0,3.4285714285714284,4.190476190476191,0.007160999984989758
standard,planner,1000086,26,18,12,3,6,5,5,86,70,70,45,63,51.7,0.46153846153846156,0.6923076923076923,0.8333333333333334,3.888888888888889,3.5,0.006900499982975816
standard,planner,1000087,25,18,8,3,7,2,4,83,73,73,51,68,74.36,0.32,0.72,0.2857142857142857,4.055555555555555,3.7777777777777777,0.00870800002417127
standard,planner,1000088,22,22,13,0,6,5,0,83,79,79,48,32,241.28000000000003,0.5909090909090909,1.0,0.8333333333333334,3.590909090909091,1.4545454545454546,0.007230999983676156
standard,planner,1000089,23,21,15,0,5,3,2,80,74,74,66,17,197.81000000000003,0.6521739130434783,0.9130434782608695,0.6,3.5238095238095237,0.8095238095238095,0.006680499978983789
standard,planner,1000090,31,22,10,8,13,7,1,82,75,75,51,139,115.71,0.3225806451612903,0.7096774193548387,0.5384615384615384,3.409090909090909,6.318181818181818,0.007586500004208574
standard,planner,1000091,30,21,11,7,9,5,2,80,80,80,48,79,86.72999999999999,0.36666666666666664,0.7,0.5555555555555556,3.8095238095238093,3.761904761904762,0.006945500018673556
standard,planner,1000092,26,19,12,3,6,4,4,80,69,69,51,60,80.86000000000003,0.46153846153846156,0.7307692307692307,0.6666666666666666,3.6315789473684212,3.1578947368421053,0.0074959999949442135
standard,planner,1000093,33,21,11,8,7,4,4,84,70,70,45,126,23.99999999999998,0.3333333333333333,0.6363636363636364,0.5714285714285714,3.3333333333333335,6.0,0.007155999981023342
standard,planner,1000094,31,21,12,6,14,9,4,81,75,75,48,72,97.88000000000007,0.3870967741935484,0.6774193548387096,0.6428571428571429,3.5714285714285716,3.4285714285714284,0.006695500019304745
standard,planner,1000095,20,20,16,0,5,5,0,70,61,61,31,15,222.51000000000002,0.8,1.0,1.0,3.05,0.75,0.006915000000162763
standard,planner,1000096,35,23,9,10,9,3,2,85,75,75,48,180,11.530000000000044,0.2571428571428571,0.6571428571428571,0.3333333333333333,3.260869565217391,7.826086956521739,0.006775000002789966
standard,planner,1000097,34,20,13,11,15,9,3,80,72,72,51,115,5.659999999999982,0.38235294117647056,0.5882352941176471,0.6,3.6,5.75,0.0068704999875990325
standard,planner,1000098,25,24,13,0,6,4,1,85,71,71,48,88,223.8300000000001,0.52,0.96,0.6666666666666666,2.9583333333333335,3.6666666666666665,0.006649999988894706
standard,planner,1000099,29,22,14,3,7,4,4,86,74,74,48,58,123.73000000000008,0.4827586206896552,0.7586206896551724,0.5714285714285714,3.3636363636363638,2.6363636363636362,0.006659999996827537
standard,planner,1000100,28,21,13,2,7,1,5,78,77,77,57,49,73.86999999999996,0.4642857142857143,0.75,0.14285714285714285,3.6666666666666665,2.3333333333333335,0.006966000000829808
standard,planner,1000101,29,22,11,5,10,6,2,86,68,68,45,119,90.24999999999997,0.3793103448275862,0.7586206896551724,0.6,3.090909090909091,5.409090909090909,0.006689999992204321
standard,planner,1000102,30,24,18,3,8,7,3,81,77,77,51,54,163.25999999999996,0.6,0.8,0.875,3.2083333333333335,2.25,0.0069310000299083185
standard,planner,1000103,38,23,11,10,11,7,5,86,73,73,48,119,34.38000000000001,0.2894736842105263,0.6052631578947368,0.6363636363636364,3.1739130434782608,5.173913043478261,0.006899999988263517
standard,planner,1000104,23,23,18,0,6,6,0,83,72,72,45,22,255.60000000000014,0.782608695652174,1.0,1.0,3.130434782608696,0.9565217391304348,0.0065094999683879
standard,planner,1000105,32,21,9,8,13,7,3,83,73,73,45,107,70.15000000000006,0.28125,0.65625,0.5384615384615384,3.4761904761904763,5.095238095238095,0.006775000031211675
standard,planner,1000106,32,20,8,10,8,3,2,85,73,73,48,148,-26.019999999999992,0.25,0.625,0.375,3.65,7.4,0.0069854999935614615
standard,planner,1000107,34,19,6,11,6,1,4,85,70,70,48,102,-52.870000000000026,0.17647058823529413,0.5588235294117647,0.16666666666666666,3.6842105263157894,5.368421052631579,0.006699999971715442
standard,planner,1000108,30,18,9,6,5,1,6,83,72,72,51,86,-48.989999999999995,0.3,0.6,0.2,4.0,4.777777777777778,0.006535000011353986
standard,planner,1000109,32,23,12,8,8,5,1,82,74,74,51,97,91.46000000000002,0.375,0.71875,0.625,3.217391304347826,4.217391304347826,0.006920499998841478
standard,planner,1000110,19,19,16,0,5,5,0,78,73,73,46,11,210.91000000000003,0.8421052631578947,1.0,1.0,3.8421052631578947,0.5789473684210527,0.006734999971058642
standard,planner,1000111,41,21,10,16,11,3,4,82,74,74,51,105,-122.78999999999994,0.24390243902439024,0.5121951219512195,0.2727272727272727,3.5238095238095237,5.0,0.006754999986924304
standard,planner,1000112,35,16,9,14,8,3,5,85,70,70,51,93,-168.64000000000004,0.2571428571428571,0.45714285714285713,0.375,4.375,5.8125,0.00713599996515768
standard,planner,1000113,33,22,12,6,6,4,5,85,73,73,42,67,59.270000000000024,0.36363636363636365,0.6666666666666666,0.6666666666666666,3.3181818181818183,3.0454545454545454,0.006694999996170736
standard,planner,1000114,36,22,9,11,13,5,3,86,75,75,48,144,-1.6199999999999974,0.25,0.6111111111111112,0.38461538461538464,3.409090909090909,6.545454545454546,0.007035999999516207
standard,planner,1000115,38,21,11,13,12,6,4,84,73,73,42,159,-18.72999999999998,0.2894736842105263,0.5526315789473685,0.5,3.4761904761904763,7.571428571428571,0.006795499984946218
standard,planner,1000116,32,20,10,8,10,5,4,83,70,70,48,89,-10.969999999999985,0.3125,0.625,0.5,3.5,4.45,0.006720500010715114
standard,planner,1000117,21,19,11,0,3,3,2,82,70,70,42,53,145.21999999999994,0.5238095238095238,0.9047619047619048,1.0,3.6842105263157894,2.789473684210526,0.00659999997765226
standard,planner,1000118,32,20,9,9,11,4,3,83,72,72,51,117,-21.040000000000017,0.28125,0.625,0.36363636363636365,3.6,5.85,0.00672499999154752
standard,planner,1000119,34,21,10,8,4,0,5,81,70,70,54,84,-51.310000000000024,0.29411764705882354,0.6176470588235294,0.0,3.3333333333333335,4.0,0.006940499957863722
standard,planner,1000120,23,21,8,2,4,1,0,80,72,72,48,86,162.27999999999994,0.34782608695652173,0.9130434782608695,0.25,3.4285714285714284,4.095238095238095,0.006720000016002814
standard,planner,1000121,32,21,8,9,5,3,2,80,74,74,57,128,3.819999999999986,0.25,0.65625,0.6,3.5238095238095237,6.095238095238095,0.0068400000259316585
standard,planner,1000122,33,24,13,6,8,4,3,89,69,69,34,57,137.0900000000001,0.3939393939393939,0.7272727272727273,0.5,2.875,2.375,0.006820500004778296
standard,planner,1000123,27,26,18,0,11,10,1,82,75,75,52,23,320.47000000000014,0.6666666666666666,0.9629629629629629,0.9090909090909091,2.8846153846153846,0.8846153846153846,0.0070555000206695695
standard,planner,1000124,36,22,12,11,10,8,3,80,69,69,42,121,50.76999999999996,0.3333333333333333,0.6111111111111112,0.8,3.1363636363636362,5.5,0.00735100002202671
standard,planner,1000125,32,22,11,7,12,6,3,87,75,75,48,99,76.28,0.34375,0.6875,0.5,3.409090909090909,4.5,0.00676999999882355
standard,planner,1000126,29,21,9,6,6,1,2,86,68,68,42,116,-8.630000000000013,0.3103448275862069,0.7241379310344828,0.16666666666666666,3.238095238095238,5.523809523809524,0.0067105000027822825
standard,planner,1000127,28,23,14,1,4,3,4,83,77,77,54,60,146.19,0.5,0.8214285714285714,0.75,3.347826086956522,2.608695652173913,0.006795000018655628
standard,planner,1000128,34,23,11,7,9,6,4,83,70,70,51,110,67.01000000000002,0.3235294117647059,0.6764705882352942,0.6666666666666666,3.0434782608695654,4.782608695652174,0.0066650000007939525
standard,planner,1000129,20,19,12,0,4,3,1,79,65,65,50,30,176.89999999999995,0.6,0.95,0.75,3.4210526315789473,1.5789473684210527,0.006650000017316415
standard,planner,1000130,37,22,7,12,7,3,3,87,76,76,48,154,-23.270000000000007,0.1891891891891892,0.5945945945945946,0.42857142857142855,3.4545454545454546,7.0,0.006925000008095594
standard,planner,1000131,30,19,10,7,10,5,4,83,71,71,48,75,22.83,0.3333333333333333,0.6333333333333333,0.5,3.736842105263158,3.9473684210526314,0.007836999998289684
standard,planner,1000132,33,24,11,7,6,6,2,85,75,75,48,109,122.58000000000004,0.3333333333333333,0.7272727272727273,1.0,3.125,4.541666666666667,0.006714999983614689
standard,planner,1000133,37,22,11,12,7,5,3,85,70,70,42,132,2.3700000000000188,0.2972972972972973,0.5945945945945946,0.7142857142857143,3.1818181818181817,6.0,0.006794999961812209
standard,planner,1000134,32,23,9,7,12,6,2,83,74,74,48,134,92.48,0.28125,0.71875,0.5,3.217391304347826,5.826086956521739,0.006920499998841478
standard,planner,1000135,21,19,11,0,5,4,2,85,71,71,48,27,172.12999999999997,0.5238095238095238,0.9047619047619048,0.8,3.736842105263158,1.4210526315789473,0.007140500031255215
standard,planner,1000136,33,22,12,8,5,4,3,85,70,70,48,106,42.38000000000006,0.36363636363636365,0.6666666666666666,0.8,3.1818181818181817,4.818181818181818,0.007295999978396139
standard,planner,1000137,30,21,12,5,7,5,4,84,72,72,48,131,40.68000000000002,0.4,0.7,0.7142857142857143,3.4285714285714284,6.238095238095238,0.006960500002151093
standard,planner,1000138,35,22,10,9,4,0,4,83,73,73,42,101,-39.32999999999998,0.2857142857142857,0.6285714285714286,0.0,3.3181818181818183,4.590909090909091,0.00700999999025953
standard,planner,1000139,21,19,12,0,5,3,2,83,75,75,54,32,168.63999999999996,0.5714285714285714,0.9047619047619048,0.6,3.9473684210526314,1.6842105263157894,0.006704999975681858
standard,planner,1000140,22,21,17,0,2,2,1,78,69,69,54,15,183.34000000000006,0.7727272727272727,0.9545454545454546,1.0,3.2857142857142856,0.7142857142857143,0.006509999991521909
standard,planner,1000141,32,20,9,6,10,3,6,80,74,74,54,82,3.639999999999972,0.28125,0.625,0.3,3.7,4.1,0.007241000020030697
standard,planner,1000142,33,22,9,8,2,0,3,80,74,74,51,108,30.859999999999992,0.2727272727272727,0.6666666666666666,0.0,3.3636363636363638,4.909090909090909,0.006855500004121495
standard,planner,1000143,30,17,4,9,10,3,4,85,70,70,45,106,-119.44999999999999,0.13333333333333333,0.5666666666666667,0.3,4.117647058823529,6.235294117647059,0.006824999985610702
standard,planner,1000144,34,23,6,11,9,3,0,82,72,72,60,159,57.50000000000002,0.17647058823529413,0.6764705882352942,0.3333333333333333,3.130434782608696,6.913043478260869,0.00677049999353585
standard,planner,1000145,28,21,15,3,2,1,4,85,73,73,48,30,95.83000000000001,0.5357142857142857,0.75,0.5,3.4761904761904763,1.4285714285714286,0.007200499993587073
standard,planner,1000146,30,19,8,5,11,7,6,83,67,67,51,96,44.209999999999965,0.26666666666666666,0.6333333333333333,0.6363636363636364,3.526315789473684,5.052631578947368,0.007125499990934259
standard,planner,1000147,26,24,9,2,6,5,0,84,72,72,48,136,199.87999999999994,0.34615384615384615,0.9230769230769231,0.8333333333333334,3.0,5.666666666666667,0.0071004999995238904
standard,planner,1000148,37,20,8,12,5,2,5,85,68,68,42,90,-53.92999999999999,0.21621621621621623,0.5405405405405406,0.4,3.4,4.5,0.007090999986303359
standard,planner,1000149,31,23,10,4,7,6,4,83,70,70,51,123,119.6600000000001,0.3225806451612903,0.7419354838709677,0.8571428571428571,3.0434782608695654,5.3478260869565215,0.007030000006125192
standard,ddqn_101,1000000,42,18,9,16,10,5,8,73,69,69,55,78,-213.20000000000005,0.21428571428571427,0.42857142857142855,0.5,3.8333333333333335,4.333333333333333,0.1379225000164297
standard,ddqn_101,1000001,37,23,16,10,10,5,4,75,65,65,42,43,21.12000000000001,0.43243243243243246,0.6216216216216216,0.5,2.8260869565217392,1.8695652173913044,0.1318440000090959
standard,ddqn_101,1000002,34,17,8,12,6,2,5,78,64,64,36,99,-133.08999999999997,0.23529411764705882,0.5,0.3333333333333333,3.764705882352941,5.823529411764706,0.12972549995993177
standard,ddqn_101,1000003,38,18,10,14,11,4,6,78,63,63,33,97,-163.47000000000003,0.2631578947368421,0.47368421052631576,0.36363636363636365,3.5,5.388888888888889,0.12971549998042065
standard,ddqn_101,1000004,28,18,9,6,7,0,4,84,71,71,39,73,-15.26000000000002,0.32142857142857145,0.6428571428571429,0.0,3.9444444444444446,4.055555555555555,0.12197450001849575
standard,ddqn_101,1000005,25,20,11,2,7,4,3,77,63,63,33,70,124.03000000000004,0.44,0.8,0.5714285714285714,3.15,3.5,0.12232000003109533
standard,ddqn_101,1000006,28,18,6,5,8,3,5,85,73,73,42,94,24.669999999999973,0.21428571428571427,0.6428571428571429,0.375,4.055555555555555,5.222222222222222,0.13570499999104868
standard,ddqn_101,1000007,29,18,5,7,7,3,4,79,68,68,39,127,6.6899999999999835,0.1724137931034483,0.6206896551724138,0.42857142857142855,3.7777777777777777,7.055555555555555,0.1307120000149098
standard,ddqn_101,1000008,36,21,11,11,9,7,4,74,60,60,33,116,10.780000000000008,0.3055555555555556,0.5833333333333334,0.7777777777777778,2.857142857142857,5.523809523809524,0.13186350000182756
standard,ddqn_101,1000009,32,21,12,6,9,8,5,85,72,72,42,55,75.77,0.375,0.65625,0.8888888888888888,3.4285714285714284,2.619047619047619,0.1306519999957345
standard,ddqn_101,1000010,18,16,13,0,8,8,2,78,71,71,39,25,178.44000000000003,0.7222222222222222,0.8888888888888888,1.0,4.4375,1.5625,0.11508400001503105
standard,ddqn_101,1000011,34,24,10,7,6,2,3,83,69,69,45,162,81.89999999999999,0.29411764705882354,0.7058823529411765,0.3333333333333333,2.875,6.75,0.13197349997540186
standard,ddqn_101,1000012,31,15,11,7,7,3,9,65,57,57,27,36,-135.98000000000005,0.3548387096774194,0.4838709677419355,0.42857142857142855,3.8,2.4,0.13510899998436798
standard,ddqn_101,1000013,23,17,10,2,3,2,4,86,70,70,39,66,55.14,0.43478260869565216,0.7391304347826086,0.6666666666666666,4.117647058823529,3.8823529411764706,0.12566999998853134
standard,ddqn_101,1000014,23,17,13,1,5,5,5,80,66,66,49,29,87.39000000000006,0.5652173913043478,0.7391304347826086,1.0,3.8823529411764706,1.7058823529411764,0.12978099999827464
standard,ddqn_101,1000015,25,17,9,1,6,4,7,73,58,58,27,69,44.86999999999995,0.36,0.68,0.6666666666666666,3.411764705882353,4.0588235294117645,0.1429559999905905
standard,ddqn_101,1000016,25,20,9,0,8,4,5,79,61,61,31,88,109.70999999999998,0.36,0.8,0.5,3.05,4.4,0.12785300000928146
standard,ddqn_101,1000017,25,21,15,0,8,5,4,79,69,69,37,42,178.32,0.6,0.84,0.625,3.2857142857142856,2.0,0.1215730000012627
standard,ddqn_101,1000018,36,16,9,13,9,3,7,78,70,70,42,51,-142.68,0.25,0.4444444444444444,0.3333333333333333,4.375,3.1875,0.12922999999886997
standard,ddqn_101,1000019,28,18,12,6,7,5,4,68,60,60,31,39,38.46000000000003,0.42857142857142855,0.6428571428571429,0.7142857142857143,3.3333333333333335,2.1666666666666665,0.12075699999058997
standard,ddqn_101,1000020,22,13,7,2,9,3,7,68,56,56,27,36,-33.980000000000004,0.3181818181818182,0.5909090909090909,0.3333333333333333,4.3076923076923075,2.769230769230769,0.1333910000198557
standard,ddqn_101,1000021,38,18,6,15,11,2,5,78,68,68,33,117,-199.12,0.15789473684210525,0.47368421052631576,0.18181818181818182,3.7777777777777777,6.5,0.13148299998988477
standard,ddqn_101,1000022,43,22,13,16,7,5,5,77,71,71,48,49,-70.22,0.3023255813953488,0.5116279069767442,0.7142857142857143,3.227272727272727,2.227272727272727,0.13038700001288817
standard,ddqn_101,1000023,35,22,11,8,3,1,5,84,73,73,45,65,13.100000000000023,0.3142857142857143,0.6285714285714286,0.3333333333333333,3.3181818181818183,2.9545454545454546,0.12651599999458085
standard,ddqn_101,1000024,27,15,10,6,7,3,6,71,66,66,33,37,-42.420000000000016,0.37037037037037035,0.5555555555555556,0.42857142857142855,4.4,2.466666666666667,0.1240024999731304
standard,ddqn_101,1000025,27,17,10,3,7,4,7,75,61,61,33,88,-34.619999999999976,0.37037037037037035,0.6296296296296297,0.5714285714285714,3.588235294117647,5.176470588235294,0.12891999998032588
standard,ddqn_101,1000026,37,20,10,14,14,6,3,76,67,67,39,105,-79.86,0.2702702702702703,0.5405405405405406,0.42857142857142855,3.35,5.25,0.12766800000463263
standard,ddqn_101,1000027,22,20,14,0,7,6,2,77,65,65,39,40,202.09,0.6363636363636364,0.9090909090909091,0.8571428571428571,3.25,2.0,0.119925999968018
standard,ddqn_101,1000028,25,22,15,0,9,8,3,75,63,63,39,40,208.29000000000002,0.6,0.88,0.8888888888888888,2.8636363636363638,1.8181818181818181,0.12360200000216537
standard,ddqn_101,1000029,32,19,8,9,9,4,4,81,74,74,45,117,-47.19999999999999,0.25,0.59375,0.4444444444444444,3.8947368421052633,6.157894736842105,0.12940499999558597
standard,ddqn_101,1000030,32,21,12,6,9,5,5,80,70,70,36,61,65.61,0.375,0.65625,0.5555555555555556,3.3333333333333335,2.9047619047619047,0.12659600000120008
standard,ddqn_101,1000031,30,19,11,6,12,5,5,81,68,68,41,53,19.960000000000043,0.36666666666666664,0.6333333333333333,0.4166666666666667,3.5789473684210527,2.789473684210526,0.12606499998923937
standard,ddqn_101,1000032,18,18,13,0,3,2,0,81,69,69,51,50,158.45999999999992,0.7222222222222222,1.0,0.6666666666666666,3.8333333333333335,2.7777777777777777,0.11426250000567961
standard,ddqn_101,1000033,24,18,12,0,10,5,6,80,68,68,36,55,37.15999999999994,0.5,0.75,0.5,3.7777777777777777,3.0555555555555554,0.12608999998064974
standard,ddqn_101,1000034,23,18,10,1,3,2,4,80,65,65,39,87,65.98999999999998,0.43478260869565216,0.782608695652174,0.6666666666666666,3.611111111111111,4.833333333333333,0.12968100000421146
standard,ddqn_101,1000035,35,21,11,11,10,6,3,83,78,78,48,95,11.329999999999991,0.3142857142857143,0.6,0.6,3.7142857142857144,4.523809523809524,0.12766749998149862
standard,ddqn_101,1000036,35,22,10,10,5,2,3,82,68,68,36,101,4.009999999999984,0.2857142857142857,0.6285714285714286,0.4,3.090909090909091,4.590909090909091,0.12919549999423907
standard,ddqn_101,1000037,30,16,7,8,7,2,6,80,70,70,42,119,-118.22999999999999,0.23333333333333334,0.5333333333333333,0.2857142857142857,4.375,7.4375,0.14182350000169208
standard,ddqn_101,1000038,28,19,11,2,5,2,7,74,65,65,36,61,-9.789999999999978,0.39285714285714285,0.6785714285714286,0.4,3.4210526315789473,3.210526315789474,0.12819799999874704
standard,ddqn_101,1000039,33,17,10,9,3,1,7,78,71,71,39,47,-137.26,0.30303030303030304,0.5151515151515151,0.3333333333333333,4.176470588235294,2.764705882352941,0.12781749998680425
standard,ddqn_101,1000040,37,23,11,11,6,4,3,83,72,72,40,132,5.249999999999993,0.2972972972972973,0.6216216216216216,0.6666666666666666,3.130434782608696,5.739130434782608,0.13088250003079338
standard,ddqn_101,1000041,43,22,9,16,12,6,5,82,65,65,39,53,-69.90999999999998,0.20930232558139536,0.5116279069767442,0.5,2.9545454545454546,2.409090909090909,0.1286039999968125
standard,ddqn_101,1000042,21,16,11,0,3,3,5,72,64,64,33,35,76.62999999999998,0.5238095238095238,0.7619047619047619,1.0,4.0,2.1875,0.11732699996969131
standard,ddqn_101,1000043,23,21,14,0,4,2,2,80,66,66,33,45,150.68000000000012,0.6086956521739131,0.9130434782608695,0.5,3.142857142857143,2.142857142857143,0.11862900001347043
standard,ddqn_101,1000044,25,18,9,3,5,2,4,82,74,74,47,105,34.51999999999998,0.36,0.72,0.4,4.111111111111111,5.833333333333333,0.12539450000303987
standard,ddqn_101,1000045,28,17,8,6,3,1,5,76,69,69,39,72,-11.31000000000001,0.2857142857142857,0.6071428571428571,0.3333333333333333,4.0588235294117645,4.235294117647059,0.12485350003998974
standard,ddqn_101,1000046,29,16,7,6,8,4,7,68,61,61,30,69,-41.49999999999998,0.2413793103448276,0.5517241379310345,0.5,3.8125,4.3125,0.1294805000213728
standard,ddqn_101,1000047,25,19,12,2,10,8,4,74,62,62,39,84,134.04000000000008,0.48,0.76,0.8,3.263157894736842,4.421052631578948,0.12845400001992857
standard,ddqn_101,1000048,38,23,7,12,11,5,3,84,75,75,42,180,-22.129999999999995,0.18421052631578946,0.6052631578947368,0.45454545454545453,3.260869565217391,7.826086956521739,0.13181399998529741
standard,ddqn_101,1000049,35,21,11,10,11,6,4,74,68,68,36,95,18.910000000000004,0.3142857142857143,0.6,0.5454545454545454,3.238095238095238,4.523809523809524,0.1278324999702818
standard,ddqn_101,1000050,34,16,8,12,10,3,6,77,67,67,36,92,-162.69,0.23529411764705882,0.47058823529411764,0.3,4.1875,5.75,0.13074200001028657
standard,ddqn_101,1000051,32,19,9,8,9,3,5,81,65,65,33,115,-21.57000000000002,0.28125,0.59375,0.3333333333333333,3.4210526315789473,6.052631578947368,0.12996100002737876
standard,ddqn_101,1000052,33,19,10,9,9,5,5,75,70,70,39,81,-33.71000000000001,0.30303030303030304,0.5757575757575758,0.5555555555555556,3.6842105263157894,4.2631578947368425,0.12965599998437938
standard,ddqn_101,1000053,27,20,13,3,7,6,4,82,73,73,37,34,108.86999999999998,0.48148148148148145,0.7407407407407407,0.8571428571428571,3.65,1.7,0.1231510000252456
standard,ddqn_101,1000054,25,19,7,2,8,4,4,80,67,67,39,113,83.59000000000003,0.28,0.76,0.5,3.526315789473684,5.947368421052632,0.12965099998041296
standard,ddqn_101,1000055,32,21,9,6,1,1,5,86,72,72,45,145,-9.949999999999989,0.28125,0.65625,1.0,3.4285714285714284,6.904761904761905,0.1306825000142453
standard,ddqn_101,1000056,26,19,11,2,6,4,5,76,71,71,42,74,46.07000000000001,0.4230769230769231,0.7307692307692307,0.6666666666666666,3.736842105263158,3.8947368421052633,0.13545400000225527
standard,ddqn_101,1000057,36,22,9,11,9,4,3,73,65,65,47,119,-5.18,0.25,0.6111111111111112,0.4444444444444444,2.9545454545454546,5.409090909090909,0.13326650000067275
standard,ddqn_101,1000058,37,19,10,12,10,6,6,82,71,71,54,102,-101.00999999999998,0.2702702702702703,0.5135135135135135,0.6,3.736842105263158,5.368421052631579,0.13487399999689842
standard,ddqn_101,1000059,38,20,8,13,9,3,5,82,70,70,39,131,-132.85999999999996,0.21052631578947367,0.5263157894736842,0.3333333333333333,3.5,6.55,0.1442525000072692
standard,ddqn_101,1000060,28,23,13,2,2,1,3,82,72,72,42,59,134.67000000000002,0.4642857142857143,0.8214285714285714,0.5,3.130434782608696,2.5652173913043477,0.12773250000464031
standard,ddqn_101,1000061,30,22,11,5,8,4,3,82,70,70,39,78,106.48999999999998,0.36666666666666664,0.7333333333333333,0.5,3.1818181818181817,3.5454545454545454,0.1295204999962607
standard,ddqn_101,1000062,28,20,9,4,6,2,4,79,69,69,41,77,62.410000000000025,0.32142857142857145,0.7142857142857143,0.3333333333333333,3.45,3.85,0.12880449997965115
standard,ddqn_101,1000063,28,20,9,4,5,3,4,81,65,65,36,90,51.31,0.32142857142857145,0.7142857142857143,0.6,3.25,4.5,0.13927499998089843
standard,ddqn_101,1000064,26,21,15,3,6,5,2,82,72,72,39,54,146.0400000000001,0.5769230769230769,0.8076923076923077,0.8333333333333334,3.4285714285714284,2.5714285714285716,0.13685099997928774
standard,ddqn_101,1000065,26,18,10,3,4,2,5,81,64,64,36,82,15.359999999999985,0.38461538461538464,0.6923076923076923,0.5,3.5555555555555554,4.555555555555555,0.14303599999720973
standard,ddqn_101,1000066,28,18,12,3,6,1,7,83,66,66,48,38,1.579999999999984,0.42857142857142855,0.6428571428571429,0.16666666666666666,3.6666666666666665,2.111111111111111,0.13101349998123624
standard,ddqn_101,1000067,29,24,9,3,5,3,2,80,75,75,43,82,164.73000000000002,0.3103448275862069,0.8275862068965517,0.6,3.125,3.4166666666666665,0.13846849998344624
standard,ddqn_101,1000068,24,17,10,1,4,3,6,79,72,72,39,49,24.489999999999938,0.4166666666666667,0.7083333333333334,0.75,4.235294117647059,2.8823529411764706,0.1268110000012257
standard,ddqn_101,1000069,29,18,9,6,7,5,5,76,64,64,40,104,30.60000000000001,0.3103448275862069,0.6206896551724138,0.7142857142857143,3.5555555555555554,5.777777777777778,0.13651150001692258
standard,ddqn_101,1000070,34,19,11,11,9,4,4,78,65,65,46,76,-48.28999999999998,0.3235294117647059,0.5588235294117647,0.4444444444444444,3.4210526315789473,4.0,0.1326949999622684
standard,ddqn_101,1000071,36,22,13,11,6,5,3,83,63,63,48,97,37.93000000000001,0.3611111111111111,0.6111111111111112,0.8333333333333334,2.8636363636363638,4.409090909090909,0.1328205000277194
standard,ddqn_101,1000072,23,20,15,0,6,4,3,77,65,65,40,29,151.40000000000003,0.6521739130434783,0.8695652173913043,0.6666666666666666,3.25,1.45,0.12047699999584438
standard,ddqn_101,1000073,26,18,13,2,8,6,6,79,69,69,36,55,52.11000000000003,0.5,0.6923076923076923,0.75,3.8333333333333335,3.0555555555555554,0.14634599997975783
standard,ddqn_101,1000074,35,21,7,11,10,5,3,84,68,68,39,173,-26.359999999999996,0.2,0.6,0.5,3.238095238095238,8.238095238095237,0.13590499997917505
standard,ddqn_101,1000075,26,18,8,2,2,1,6,80,66,66,36,65,-5.040000000000006,0.3076923076923077,0.6923076923076923,0.5,3.6666666666666665,3.611111111111111,0.1587440000037077
standard,ddqn_101,1000076,29,21,11,5,10,6,3,67,61,61,48,127,80.42999999999999,0.3793103448275862,0.7241379310344828,0.6,2.9047619047619047,6.0476190476190474,0.1389495000125862
standard,ddqn_101,1000077,35,24,15,8,11,8,3,80,70,70,42,107,69.61999999999999,0.42857142857142855,0.6857142857142857,0.7272727272727273,2.9166666666666665,4.458333333333333,0.13028149999172456
standard,ddqn_101,1000078,29,19,10,6,9,6,4,78,65,65,36,79,11.41000000000004,0.3448275862068966,0.6551724137931034,0.6666666666666666,3.4210526315789473,4.157894736842105,0.12553900000966678
standard,ddqn_101,1000079,33,15,9,11,8,4,7,82,72,72,43,65,-153.97000000000003,0.2727272727272727,0.45454545454545453,0.5,4.8,4.333333333333333,0.13555949999499717
standard,ddqn_101,1000080,39,22,9,13,12,3,4,74,67,67,44,114,-87.51000000000002,0.23076923076923078,0.5641025641025641,0.25,3.0454545454545454,5.181818181818182,0.13573499998642546
standard,ddqn_101,1000081,28,20,12,3,6,6,5,80,63,63,37,90,89.52000000000005,0.42857142857142855,0.7142857142857143,1.0,3.15,4.5,0.13435300002129225
standard,ddqn_101,1000082,31,21,12,6,4,3,4,80,69,69,39,107,45.98999999999997,0.3870967741935484,0.6774193548387096,0.75,3.2857142857142856,5.095238095238095,0.1381024999886904
standard,ddqn_101,1000083,25,17,10,3,7,4,5,78,68,68,45,60,21.950000000000045,0.4,0.68,0.5714285714285714,4.0,3.5294117647058822,0.13454249997835177
standard,ddqn_101,1000084,21,15,13,0,4,3,6,63,49,49,25,3,52.3000000000001,0.6190476190476191,0.7142857142857143,0.75,3.2666666666666666,0.2,0.11613499998475163
standard,ddqn_101,1000085,30,19,8,5,3,2,6,85,69,69,37,113,-24.33000000000002,0.26666666666666666,0.6333333333333333,0.6666666666666666,3.6315789473684212,5.947368421052632,0.1325799999847277
standard,ddqn_101,1000086,26,18,10,2,6,4,6,77,65,65,36,63,40.76000000000003,0.38461538461538464,0.6923076923076923,0.6666666666666666,3.611111111111111,3.5,0.1368409999997766
standard,ddqn_101,1000087,25,18,15,1,7,6,6,81,66,66,43,29,95.17999999999995,0.6,0.72,0.8571428571428571,3.6666666666666665,1.6111111111111112,0.12784299997292692
standard,ddqn_101,1000088,22,16,8,0,6,3,6,75,57,57,39,93,45.93999999999998,0.36363636363636365,0.7272727272727273,0.5,3.5625,5.8125,0.12834849999876496
standard,ddqn_101,1000089,23,19,10,0,5,3,4,78,66,66,36,54,130.41000000000003,0.43478260869565216,0.8260869565217391,0.6,3.473684210526316,2.8421052631578947,0.12404200001014942
standard,ddqn_101,1000090,31,17,7,10,13,5,4,75,61,61,36,132,-98.54,0.22580645161290322,0.5483870967741935,0.38461538461538464,3.588235294117647,7.764705882352941,0.1352239999619087
standard,ddqn_101,1000091,30,20,14,6,9,8,4,76,66,66,36,41,88.05999999999989,0.4666666666666667,0.6666666666666666,0.8888888888888888,3.3,2.05,0.1285390000020925
standard,ddqn_101,1000092,26,18,12,2,6,4,6,77,68,68,39,26,56.04000000000005,0.46153846153846156,0.6923076923076923,0.6666666666666666,3.7777777777777777,1.4444444444444444,0.12437249998242805
standard,ddqn_101,1000093,33,18,8,9,7,3,6,77,71,71,42,89,-108.93000000000004,0.24242424242424243,0.5454545454545454,0.42857142857142855,3.9444444444444446,4.944444444444445,0.13090699999906974
standard,ddqn_101,1000094,31,19,12,7,14,9,5,76,64,64,36,69,39.41000000000008,0.3870967741935484,0.6129032258064516,0.6428571428571429,3.3684210526315788,3.6315789473684212,0.12676600002237137
standard,ddqn_101,1000095,20,20,20,0,5,5,0,70,60,60,47,0,227.12000000000012,1.0,1.0,1.0,3.0,0.0,0.10486300001844029
standard,ddqn_101,1000096,35,15,6,13,9,2,7,82,67,67,36,81,-220.38999999999993,0.17142857142857143,0.42857142857142855,0.2222222222222222,4.466666666666667,5.4,0.1325800000131494
standard,ddqn_101,1000097,34,17,8,13,15,5,4,84,68,68,36,103,-129.44000000000005,0.23529411764705882,0.5,0.3333333333333333,4.0,6.0588235294117645,0.13020149998510533
standard,ddqn_101,1000098,25,21,11,0,6,4,4,79,74,74,42,85,151.47000000000008,0.44,0.84,0.6666666666666666,3.5238095238095237,4.0476190476190474,0.12743750002641718
standard,ddqn_101,1000099,29,20,15,4,7,5,5,80,69,69,40,39,55.64999999999995,0.5172413793103449,0.6896551724137931,0.7142857142857143,3.45,1.95,0.12027049999119299
standard,ddqn_101,1000100,28,18,13,4,7,3,6,82,68,68,36,63,-25.340000000000018,0.4642857142857143,0.6428571428571429,0.42857142857142855,3.7777777777777777,3.5,0.12328149998097615
standard,ddqn_101,1000101,29,20,10,4,10,6,5,81,67,67,33,83,68.82999999999991,0.3448275862068966,0.6896551724137931,0.6,3.35,4.15,0.12637100002166335
standard,ddqn_101,1000102,30,22,16,4,8,7,4,81,63,63,36,73,133.8100000000001,0.5333333333333333,0.7333333333333333,0.875,2.8636363636363638,3.3181818181818183,0.1299459999870578
standard,ddqn_101,1000103,38,23,11,11,11,4,4,81,70,70,42,114,35.420000000000016,0.2894736842105263,0.6052631578947368,0.36363636363636365,3.0434782608695654,4.956521739130435,0.13021149999303816
standard,ddqn_101,1000104,23,22,15,0,6,5,1,78,66,66,42,29,226.46999999999983,0.6521739130434783,0.9565217391304348,0.8333333333333334,3.0,1.3181818181818181,0.11614050001185205
standard,ddqn_101,1000105,32,20,10,8,13,8,4,81,67,67,39,93,17.889999999999986,0.3125,0.625,0.6153846153846154,3.35,4.65,0.12402199999428376
standard,ddqn_101,1000106,32,24,12,5,8,4,3,78,73,73,45,113,100.90000000000006,0.375,0.75,0.5,3.0416666666666665,4.708333333333333,0.12979099997778576
standard,ddqn_101,1000107,34,19,11,10,6,3,5,83,72,72,39,80,-73.56000000000002,0.3235294117647059,0.5588235294117647,0.5,3.789473684210526,4.2105263157894735,0.12816900002121656
standard,ddqn_101,1000108,30,18,11,5,5,2,7,84,69,69,42,90,-66.07999999999996,0.36666666666666664,0.6,0.4,3.8333333333333335,5.0,0.13045650001686226
standard,ddqn_101,1000109,32,18,8,10,8,3,4,83,69,69,39,102,-62.41000000000001,0.25,0.5625,0.375,3.8333333333333335,5.666666666666667,0.13217949998534095
standard,ddqn_101,1000110,19,18,15,0,5,4,1,82,68,68,40,18,180.60000000000005,0.7894736842105263,0.9473684210526315,0.8,3.7777777777777777,1.0,0.11390149998646848
standard,ddqn_101,1000111,41,18,10,17,11,3,6,77,69,69,46,88,-209.13999999999996,0.24390243902439024,0.43902439024390244,0.2727272727272727,3.8333333333333335,4.888888888888889,0.1313179999726799
standard,ddqn_101,1000112,35,16,10,13,8,3,6,77,69,69,39,97,-194.80999999999995,0.2857142857142857,0.45714285714285713,0.375,4.3125,6.0625,0.13267449998011216
standard,ddqn_101,1000113,33,20,8,10,6,3,3,80,68,68,39,127,-27.859999999999978,0.24242424242424243,0.6060606060606061,0.5,3.4,6.35,0.12879900003781586
standard,ddqn_101,1000114,36,21,10,11,13,7,4,82,71,71,42,104,-25.679999999999996,0.2777777777777778,0.5833333333333334,0.5384615384615384,3.380952380952381,4.9523809523809526,0.13052649998712695
standard,ddqn_101,1000115,38,20,11,10,12,6,8,81,70,70,43,63,-71.96999999999997,0.2894736842105263,0.5263157894736842,0.5,3.5,3.15,0.1297304999923199
standard,ddqn_101,1000116,32,22,9,8,10,6,2,84,72,72,42,115,74.52,0.28125,0.6875,0.6,3.272727272727273,5.2272727272727275,0.12934000000086598
standard,ddqn_101,1000117,21,17,12,0,3,3,4,72,65,65,34,41,99.99000000000007,0.5714285714285714,0.8095238095238095,1.0,3.823529411764706,2.411764705882353,0.11759249997567167
standard,ddqn_101,1000118,32,18,9,10,11,6,4,75,65,65,42,109,-66.48000000000002,0.28125,0.5625,0.5454545454545454,3.611111111111111,6.055555555555555,0.1297349999731523
standard,ddqn_101,1000119,34,22,14,7,4,3,5,76,66,66,36,73,14.109999999999985,0.4117647058823529,0.6470588235294118,0.75,3.0,3.3181818181818183,0.13147850000905237
standard,ddqn_101,1000120,23,20,9,0,4,2,3,86,70,70,42,139,109.31999999999996,0.391304347826087,0.8695652173913043,0.5,3.5,6.95,0.12423700002273108
standard,ddqn_101,1000121,32,15,6,11,5,2,6,78,64,64,33,117,-157.77,0.1875,0.46875,0.4,4.266666666666667,7.8,0.13030699997784723
standard,ddqn_101,1000122,33,22,12,7,8,4,4,80,68,68,39,44,94.89000000000004,0.36363636363636365,0.6666666666666666,0.5,3.090909090909091,2.0,0.12819849999345934
standard,ddqn_101,1000123,27,20,16,0,11,8,7,83,70,70,45,8,111.54999999999995,0.5925925925925926,0.7407407407407407,0.7272727272727273,3.5,0.4,0.126460999979372
standard,ddqn_101,1000124,36,19,11,11,10,6,6,77,67,67,39,51,-57.15999999999998,0.3055555555555556,0.5277777777777778,0.6,3.526315789473684,2.6842105263157894,0.1254139999673498
standard,ddqn_101,1000125,32,24,14,5,12,7,3,86,73,73,42,69,118.01999999999998,0.4375,0.75,0.5833333333333334,3.0416666666666665,2.875,0.12598500001104185
standard,ddqn_101,1000126,29,17,9,6,6,2,6,77,65,65,34,59,-91.56,0.3103448275862069,0.5862068965517241,0.3333333333333333,3.823529411764706,3.4705882352941178,0.12837849999414175
standard,ddqn_101,1000127,28,23,14,2,4,4,3,84,75,75,45,49,151.50000000000006,0.5,0.8214285714285714,1.0,3.260869565217391,2.130434782608696,0.12342049998892435
standard,ddqn_101,1000128,34,23,9,8,9,4,3,84,69,69,36,132,51.90999999999999,0.2647058823529412,0.6764705882352942,0.4444444444444444,3.0,5.739130434782608,0.13003099999764345
standard,ddqn_101,1000129,20,17,13,0,4,3,3,80,69,69,45,38,111.80000000000004,0.65,0.85,0.75,4.0588235294117645,2.235294117647059,0.12077249999720152
standard,ddqn_101,1000130,37,20,9,13,7,4,4,84,66,66,39,159,-83.51000000000002,0.24324324324324326,0.5405405405405406,0.5714285714285714,3.3,7.95,0.13095200000634577
standard,ddqn_101,1000131,30,21,17,4,10,7,5,80,72,72,45,38,98.24999999999997,0.5666666666666667,0.7,0.7,3.4285714285714284,1.8095238095238095,0.1248134999798367
standard,ddqn_101,1000132,33,18,9,8,6,5,7,77,64,64,42,84,-30.22999999999997,0.2727272727272727,0.5454545454545454,0.8333333333333334,3.5555555555555554,4.666666666666667,0.13161350000245875
standard,ddqn_101,1000133,37,18,8,14,7,4,5,85,66,66,43,107,-100.01999999999998,0.21621621621621623,0.4864864864864865,0.5714285714285714,3.6666666666666665,5.944444444444445,0.1295554999956039
standard,ddqn_101,1000134,32,17,7,8,12,4,7,76,64,64,39,114,-124.11000000000001,0.21875,0.53125,0.3333333333333333,3.764705882352941,6.705882352941177,0.13076700000169694
standard,ddqn_101,1000135,21,20,13,0,5,4,1,81,67,67,43,40,161.98,0.6190476190476191,0.9523809523809523,0.8,3.35,2.0,0.11713149999081907
standard,ddqn_101,1000136,33,22,11,7,5,3,4,88,66,66,33,88,43.830000000000055,0.3333333333333333,0.6666666666666666,0.6,3.0,4.0,0.1275525000323796
standard,ddqn_101,1000137,30,22,8,7,7,2,1,81,71,71,47,147,54.86999999999999,0.26666666666666666,0.7333333333333333,0.2857142857142857,3.227272727272727,6.681818181818182,0.12914499998828433
standard,ddqn_101,1000138,35,20,12,9,4,1,6,81,71,71,50,93,-91.44999999999997,0.34285714285714286,0.5714285714285714,0.25,3.55,4.65,0.13063650001754468
standard,ddqn_101,1000139,21,20,16,0,5,4,1,76,72,72,67,19,181.76999999999995,0.7619047619047619,0.9523809523809523,0.8,3.6,0.95,0.11399650000498696
standard,ddqn_101,1000140,22,20,10,0,2,2,2,81,65,65,36,47,142.96,0.45454545454545453,0.9090909090909091,1.0,3.25,2.35,0.12149299999464347
standard,ddqn_101,1000141,32,20,8,6,10,4,6,82,72,72,42,90,-44.68000000000002,0.25,0.625,0.4,3.6,4.5,0.13076250002086454
standard,ddqn_101,1000142,33,19,7,9,2,0,5,84,72,72,42,135,-82.82999999999998,0.21212121212121213,0.5757575757575758,0.0,3.789473684210526,7.105263157894737,0.12866400001598777
standard,ddqn_101,1000143,30,14,4,10,10,1,6,82,69,69,48,79,-207.42000000000002,0.13333333333333333,0.4666666666666667,0.1,4.928571428571429,5.642857142857143,0.13088749997791638
standard,ddqn_101,1000144,34,17,8,10,9,7,7,76,70,70,42,131,-77.62999999999997,0.23529411764705882,0.5,0.7777777777777778,4.117647058823529,7.705882352941177,0.13084700000831617
standard,ddqn_101,1000145,28,20,12,5,2,2,3,81,75,75,42,50,64.06999999999996,0.42857142857142855,0.7142857142857143,1.0,3.75,2.5,0.1277279999953862
standard,ddqn_101,1000146,30,18,8,7,11,8,5,77,65,65,33,100,10.379999999999967,0.26666666666666666,0.6,0.7272727272727273,3.611111111111111,5.555555555555555,0.14391700000260244
standard,ddqn_101,1000147,26,24,10,1,6,4,1,80,71,71,39,112,207.04000000000008,0.38461538461538464,0.9230769230769231,0.6666666666666666,2.9583333333333335,4.666666666666667,0.12978549997910704
standard,ddqn_101,1000148,37,19,9,13,5,1,5,80,68,68,40,68,-82.74999999999997,0.24324324324324326,0.5135135135135135,0.2,3.5789473684210527,3.5789473684210527,0.13193900002761438
standard,ddqn_101,1000149,31,22,9,6,7,6,3,74,72,72,43,110,76.58000000000001,0.2903225806451613,0.7096774193548387,0.8571428571428571,3.272727272727273,5.0,0.13056699998514887
standard,ddqn_202,1000000,42,18,6,18,10,2,6,84,66,66,39,137,-271.35999999999996,0.14285714285714285,0.42857142857142855,0.2,3.6666666666666665,7.611111111111111,0.13441799998759052
standard,ddqn_202,1000001,37,24,16,11,10,6,2,84,73,73,42,46,62.77000000000004,0.43243243243243246,0.6486486486486487,0.6,3.0416666666666665,1.9166666666666667,0.12124750000452877
standard,ddqn_202,1000002,34,18,8,10,6,2,6,88,79,79,45,109,-114.10000000000002,0.23529411764705882,0.5294117647058824,0.3333333333333333,4.388888888888889,6.055555555555555,0.13018149996923967
standard,ddqn_202,1000003,38,16,7,16,11,2,6,68,58,58,27,99,-243.02999999999986,0.18421052631578946,0.42105263157894735,0.18181818181818182,3.625,6.1875,0.13109799999710958
standard,ddqn_202,1000004,28,20,12,6,7,2,2,81,75,75,45,51,46.55000000000002,0.42857142857142855,0.7142857142857143,0.2857142857142857,3.75,2.55,0.1257600000030834
standard,ddqn_202,1000005,25,21,10,2,7,4,2,86,75,75,43,115,126.48,0.4,0.84,0.5714285714285714,3.5714285714285716,5.476190476190476,0.12998599999036742
standard,ddqn_202,1000006,28,19,9,4,8,5,5,82,70,70,53,90,74.03000000000002,0.32142857142857145,0.6785714285714286,0.625,3.6842105263157894,4.7368421052631575,0.13010649999500856
standard,ddqn_202,1000007,29,21,12,4,7,5,4,82,67,67,42,69,105.92000000000004,0.41379310344827586,0.7241379310344828,0.7142857142857143,3.1904761904761907,3.2857142857142856,0.12807300001327349
standard,ddqn_202,1000008,36,21,11,11,9,7,4,81,74,74,42,118,26.47000000000004,0.3055555555555556,0.5833333333333334,0.7777777777777778,3.5238095238095237,5.619047619047619,0.13206950001176665
standard,ddqn_202,1000009,32,18,10,7,9,5,7,83,69,69,43,47,-26.720000000000027,0.3125,0.5625,0.5555555555555556,3.8333333333333335,2.611111111111111,0.12893449999751283
standard,ddqn_202,1000010,18,17,15,0,8,7,1,69,63,63,45,4,183.00000000000003,0.8333333333333334,0.9444444444444444,0.875,3.7058823529411766,0.23529411764705882,0.10915399997202258
standard,ddqn_202,1000011,34,23,11,5,6,4,6,76,72,72,50,73,67.75000000000001,0.3235294117647059,0.6764705882352942,0.6666666666666666,3.130434782608696,3.1739130434782608,0.12900999999487794
standard,ddqn_202,1000012,31,21,11,5,7,4,5,85,73,73,45,111,48.049999999999955,0.3548387096774194,0.6774193548387096,0.5714285714285714,3.4761904761904763,5.285714285714286,0.12794849999409053
standard,ddqn_202,1000013,23,16,11,1,3,2,6,83,69,69,39,52,13.790000000000035,0.4782608695652174,0.6956521739130435,0.6666666666666666,4.3125,3.25,0.12570950002555037
standard,ddqn_202,1000014,23,18,14,0,5,5,5,85,69,69,45,19,116.45000000000003,0.6086956521739131,0.782608695652174,1.0,3.8333333333333335,1.0555555555555556,0.1230505000080484
standard,ddqn_202,1000015,25,18,9,2,6,3,5,76,63,63,27,89,31.019999999999996,0.36,0.72,0.5,3.5,4.944444444444445,0.12497350002149687
standard,ddqn_202,1000016,25,19,9,2,8,5,4,80,70,70,42,102,111.07000000000001,0.36,0.76,0.625,3.6842105263157894,5.368421052631579,0.13050149999571659
standard,ddqn_202,1000017,25,21,17,0,8,7,4,80,66,66,42,20,181.32000000000002,0.68,0.84,0.875,3.142857142857143,0.9523809523809523,0.12634549997869726
standard,ddqn_202,1000018,36,19,10,12,9,4,5,89,71,71,42,94,-106.53,0.2777777777777778,0.5277777777777778,0.4444444444444444,3.736842105263158,4.947368421052632,0.12921999999093714
standard,ddqn_202,1000019,28,19,12,5,7,5,4,76,65,65,38,26,64.7800000000001,0.42857142857142855,0.6785714285714286,0.7142857142857143,3.4210526315789473,1.368421052631579,0.1217889999622912
standard,ddqn_202,1000020,22,15,7,3,9,3,4,82,66,66,39,123,-47.06000000000002,0.3181818181818182,0.6818181818181818,0.3333333333333333,4.4,8.2,0.12819849999345934
standard,ddqn_202,1000021,38,16,5,13,11,3,9,65,57,57,44,81,-237.91000000000003,0.13157894736842105,0.42105263157894735,0.2727272727272727,3.5625,5.0625,0.13432250003120316
standard,ddqn_202,1000022,43,22,9,17,7,4,4,85,70,70,40,125,-89.45000000000002,0.20930232558139536,0.5116279069767442,0.5714285714285714,3.1818181818181817,5.681818181818182,0.13387199999215227
standard,ddqn_202,1000023,35,18,7,12,3,1,5,85,74,74,48,103,-117.62000000000002,0.2,0.5142857142857142,0.3333333333333333,4.111111111111111,5.722222222222222,0.12912500000084037
standard,ddqn_202,1000024,27,18,6,7,7,2,2,74,65,65,34,71,9.040000000000006,0.2222222222222222,0.6666666666666666,0.2857142857142857,3.611111111111111,3.9444444444444446,0.12977599999430822
standard,ddqn_202,1000025,27,19,8,2,7,3,6,77,65,65,33,86,51.430000000000035,0.2962962962962963,0.7037037037037037,0.42857142857142855,3.4210526315789473,4.526315789473684,0.12632600001438732
standard,ddqn_202,1000026,37,19,10,13,14,6,5,88,73,73,42,92,-113.63000000000001,0.2702702702702703,0.5135135135135135,0.42857142857142855,3.8421052631578947,4.842105263157895,0.1296654999975999
standard,ddqn_202,1000027,22,20,10,1,7,5,1,85,64,64,33,55,197.82999999999998,0.45454545454545453,0.9090909090909091,0.7142857142857143,3.2,2.75,0.11835349999955724
standard,ddqn_202,1000028,25,23,10,1,9,5,1,81,72,72,43,93,226.57999999999998,0.4,0.92,0.5555555555555556,3.130434782608696,4.043478260869565,0.12511400004200368
standard,ddqn_202,1000029,32,12,8,11,9,3,9,61,53,53,42,31,-265.68000000000006,0.25,0.375,0.3333333333333333,4.416666666666667,2.5833333333333335,0.1319795000256363
standard,ddqn_202,1000030,32,17,11,8,9,3,7,80,73,73,50,38,-56.50000000000002,0.34375,0.53125,0.3333333333333333,4.294117647058823,2.235294117647059,0.1317034999885891
standard,ddqn_202,1000031,30,19,12,6,12,6,5,82,68,68,48,54,16.579999999999977,0.4,0.6333333333333333,0.5,3.5789473684210527,2.8421052631578947,0.1291645000094377
standard,ddqn_202,1000032,18,18,16,0,3,2,0,77,67,67,60,9,178.89999999999998,0.8888888888888888,1.0,0.6666666666666666,3.7222222222222223,0.5,0.11592500001711414
standard,ddqn_202,1000033,24,21,15,0,10,7,3,83,69,69,45,38,193.09999999999997,0.625,0.875,0.7,3.2857142857142856,1.8095238095238095,0.11963549999904899
standard,ddqn_202,1000034,23,18,10,0,3,1,5,79,63,63,36,81,29.409999999999997,0.43478260869565216,0.782608695652174,0.3333333333333333,3.5,4.5,0.12483349999570237
standard,ddqn_202,1000035,35,16,12,11,10,7,8,62,57,57,38,40,-131.82,0.34285714285714286,0.45714285714285713,0.7,3.5625,2.5,0.12943000001541805
standard,ddqn_202,1000036,35,23,12,9,5,2,3,85,73,73,42,95,4.969999999999967,0.34285714285714286,0.6571428571428571,0.4,3.1739130434782608,4.130434782608695,0.1270919999853959
standard,ddqn_202,1000037,30,16,8,7,7,3,7,78,64,64,36,92,-128.89000000000004,0.26666666666666666,0.5333333333333333,0.42857142857142855,4.0,5.75,0.1361659999759013
standard,ddqn_202,1000038,28,20,13,3,5,3,5,79,69,69,37,69,29.869999999999976,0.4642857142857143,0.7142857142857143,0.6,3.45,3.45,0.12616999998726897
standard,ddqn_202,1000039,33,20,11,8,3,2,5,85,74,74,45,81,-28.850000000000023,0.3333333333333333,0.6060606060606061,0.6666666666666666,3.7,4.05,0.12693150000586684
standard,ddqn_202,1000040,37,21,11,12,6,5,4,77,65,65,36,108,-37.14,0.2972972972972973,0.5675675675675675,0.8333333333333334,3.0952380952380953,5.142857142857143,0.13327099998150516
standard,ddqn_202,1000041,43,22,11,16,12,5,5,83,73,73,48,62,-153.02,0.2558139534883721,0.5116279069767442,0.4166666666666667,3.3181818181818183,2.8181818181818183,0.13417750000144224
standard,ddqn_202,1000042,21,19,12,0,3,3,2,82,73,73,45,32,150.34999999999994,0.5714285714285714,0.9047619047619048,1.0,3.8421052631578947,1.6842105263157894,0.11650549998876158
standard,ddqn_202,1000043,23,23,20,0,4,4,0,82,72,72,42,16,238.12,0.8695652173913043,1.0,1.0,3.130434782608696,0.6956521739130435,0.10682149999752255
standard,ddqn_202,1000044,25,21,8,2,5,3,2,83,67,67,39,111,116.99000000000002,0.32,0.84,0.6,3.1904761904761907,5.285714285714286,0.1250884999990376
standard,ddqn_202,1000045,28,18,9,5,3,3,5,87,76,76,45,75,10.30000000000004,0.32142857142857145,0.6428571428571429,1.0,4.222222222222222,4.166666666666667,0.13225949999196018
standard,ddqn_202,1000046,29,19,9,5,8,5,5,82,68,68,47,149,19.27000000000001,0.3103448275862069,0.6551724137931034,0.625,3.5789473684210527,7.842105263157895,0.13010600000029626
standard,ddqn_202,1000047,25,18,11,4,10,5,3,79,66,66,33,67,92.28,0.44,0.72,0.5,3.6666666666666665,3.7222222222222223,0.12644550000118215
standard,ddqn_202,1000048,38,21,9,12,11,5,5,85,71,71,45,101,-55.35,0.23684210526315788,0.5526315789473685,0.45454545454545453,3.380952380952381,4.809523809523809,0.12995550000027833
standard,ddqn_202,1000049,35,22,10,9,11,5,4,84,71,71,39,97,4.940000000000012,0.2857142857142857,0.6285714285714286,0.45454545454545453,3.227272727272727,4.409090909090909,0.13174349999189872
standard,ddqn_202,1000050,34,18,8,11,10,4,5,84,74,74,42,121,-111.88000000000001,0.23529411764705882,0.5294117647058824,0.4,4.111111111111111,6.722222222222222,0.1311079999766207
standard,ddqn_202,1000051,32,23,15,4,9,8,5,84,68,68,39,93,112.83999999999995,0.46875,0.71875,0.8888888888888888,2.9565217391304346,4.043478260869565,0.1308530000301289
standard,ddqn_202,1000052,33,17,8,10,9,4,6,73,63,63,36,73,-78.38999999999999,0.24242424242424243,0.5151515151515151,0.4444444444444444,3.7058823529411766,4.294117647058823,0.1386645000138742
standard,ddqn_202,1000053,27,20,16,4,7,7,3,79,73,73,53,25,141.63,0.5925925925925926,0.7407407407407407,1.0,3.65,1.25,0.11327149999829089
standard,ddqn_202,1000054,25,19,11,2,8,5,4,87,77,77,45,89,58.199999999999946,0.44,0.76,0.625,4.052631578947368,4.684210526315789,0.1243879999890396
standard,ddqn_202,1000055,32,20,10,6,1,1,6,82,67,67,48,137,-31.570000000000036,0.3125,0.625,1.0,3.35,6.85,0.1313180000011016
standard,ddqn_202,1000056,26,21,11,2,6,3,3,78,66,66,51,69,106.91,0.4230769230769231,0.8076923076923077,0.5,3.142857142857143,3.2857142857142856,0.1264610000077937
standard,ddqn_202,1000057,36,20,7,14,9,3,2,77,65,65,40,126,-73.15000000000003,0.19444444444444445,0.5555555555555556,0.3333333333333333,3.25,6.3,0.12971050000487594
standard,ddqn_202,1000058,37,20,12,12,10,7,5,82,72,72,45,109,-52.09999999999997,0.32432432432432434,0.5405405405405406,0.7,3.6,5.45,0.1296654999975999
standard,ddqn_202,1000059,38,20,7,13,9,4,5,77,65,65,46,144,-98.14000000000001,0.18421052631578946,0.5263157894736842,0.4444444444444444,3.25,7.2,0.13045700001157456
standard,ddqn_202,1000060,28,21,12,4,2,2,3,79,72,72,45,57,85.49999999999997,0.42857142857142855,0.75,1.0,3.4285714285714284,2.7142857142857144,0.1209025000150632
standard,ddqn_202,1000061,30,20,11,6,8,4,4,74,64,64,36,58,40.910000000000004,0.36666666666666664,0.6666666666666666,0.5,3.2,2.9,0.12780750000729313
standard,ddqn_202,1000062,28,21,13,2,6,2,5,84,72,72,44,64,64.63999999999997,0.4642857142857143,0.75,0.3333333333333333,3.4285714285714284,3.0476190476190474,0.12599049998129885
standard,ddqn_202,1000063,28,21,12,4,5,4,3,85,74,74,42,62,89.36999999999998,0.42857142857142855,0.75,0.8,3.5238095238095237,2.9523809523809526,0.13073149997921973
standard,ddqn_202,1000064,26,19,15,0,6,3,7,78,69,69,51,25,57.360000000000014,0.5769230769230769,0.7307692307692307,0.5,3.6315789473684212,1.3157894736842106,0.12545399999908113
standard,ddqn_202,1000065,26,18,9,3,4,2,5,82,70,70,39,87,37.28999999999998,0.34615384615384615,0.6923076923076923,0.5,3.888888888888889,4.833333333333333,0.12714200002506004
standard,ddqn_202,1000066,28,17,10,5,6,0,6,80,68,68,46,32,1.5099999999999767,0.35714285714285715,0.6071428571428571,0.0,4.0,1.8823529411764706,0.12785250004299087
standard,ddqn_202,1000067,29,20,10,5,5,3,4,76,71,71,39,91,27.390000000000008,0.3448275862068966,0.6896551724137931,0.6,3.55,4.55,0.12916000000018357
standard,ddqn_202,1000068,24,20,9,1,4,3,3,83,72,72,45,58,129.6,0.375,0.8333333333333334,0.75,3.6,2.9,0.12399749996916398
standard,ddqn_202,1000069,29,21,10,3,7,5,5,88,69,69,42,59,65.36999999999995,0.3448275862068966,0.7241379310344828,0.7142857142857143,3.2857142857142856,2.8095238095238093,0.12746250001782755
standard,ddqn_202,1000070,34,19,10,12,9,4,3,85,68,68,36,70,-89.09,0.29411764705882354,0.5588235294117647,0.4444444444444444,3.5789473684210527,3.6842105263157894,0.14560950003783546
standard,ddqn_202,1000071,36,18,12,13,6,5,5,87,66,66,33,88,-80.36999999999996,0.3333333333333333,0.5,0.8333333333333334,3.6666666666666665,4.888888888888889,0.13116750000108368
standard,ddqn_202,1000072,23,21,17,0,6,6,2,79,71,71,45,29,205.09999999999997,0.7391304347826086,0.9130434782608695,1.0,3.380952380952381,1.380952380952381,0.12193449998676442
standard,ddqn_202,1000073,26,21,10,4,8,3,1,83,72,72,40,131,124.10000000000001,0.38461538461538464,0.8076923076923077,0.375,3.4285714285714284,6.238095238095238,0.13218949999327378
standard,ddqn_202,1000074,35,18,10,11,10,5,6,77,65,65,42,111,-129.53000000000003,0.2857142857142857,0.5142857142857142,0.5,3.611111111111111,6.166666666666667,0.13129800001365766
standard,ddqn_202,1000075,26,22,10,0,2,1,4,79,70,70,39,68,133.14,0.38461538461538464,0.8461538461538461,0.5,3.1818181818181817,3.090909090909091,0.12696150000124362
standard,ddqn_202,1000076,29,20,6,8,10,3,1,80,65,65,33,140,54.429999999999986,0.20689655172413793,0.6896551724137931,0.3,3.25,7.0,0.13157300000443684
standard,ddqn_202,1000077,35,19,10,13,11,5,3,77,67,67,42,136,-116.38,0.2857142857142857,0.5428571428571428,0.45454545454545453,3.526315789473684,7.157894736842105,0.12960050000287993
standard,ddqn_202,1000078,29,16,8,8,9,4,5,72,59,59,35,151,-83.9,0.27586206896551724,0.5517241379310345,0.4444444444444444,3.6875,9.4375,0.1319440000031591
standard,ddqn_202,1000079,33,15,5,10,8,2,8,65,55,55,37,90,-150.72999999999996,0.15151515151515152,0.45454545454545453,0.25,3.6666666666666665,6.0,0.13303049996693517
standard,ddqn_202,1000080,39,19,8,16,12,2,4,85,69,69,40,178,-205.25000000000003,0.20512820512820512,0.48717948717948717,0.16666666666666666,3.6315789473684212,9.368421052631579,0.13249500003098547
standard,ddqn_202,1000081,28,19,11,3,6,5,6,75,67,67,42,78,63.91999999999999,0.39285714285714285,0.6785714285714286,0.8333333333333334,3.526315789473684,4.105263157894737,0.13029149997123568
standard,ddqn_202,1000082,31,23,14,4,4,2,4,83,70,70,48,76,61.88000000000006,0.45161290322580644,0.7419354838709677,0.5,3.0434782608695654,3.3043478260869565,0.1313134999918475
standard,ddqn_202,1000083,25,18,12,0,7,6,7,84,72,72,42,31,53.420000000000016,0.48,0.72,0.8571428571428571,4.0,1.7222222222222223,0.13455800001338503
standard,ddqn_202,1000084,21,18,14,0,4,3,3,83,67,67,48,15,119.0800000000001,0.6666666666666666,0.8571428571428571,0.75,3.7222222222222223,0.8333333333333334,0.11763249997898129
standard,ddqn_202,1000085,30,20,10,6,3,2,4,84,69,69,37,119,1.119999999999962,0.3333333333333333,0.6666666666666666,0.6666666666666666,3.45,5.95,0.134272499991539
standard,ddqn_202,1000086,26,16,7,5,6,2,5,74,64,64,39,122,-37.06000000000002,0.2692307692307692,0.6153846153846154,0.3333333333333333,4.0,7.625,0.12842399999613008
standard,ddqn_202,1000087,25,16,7,4,7,3,5,87,74,74,45,104,-47.850000000000016,0.28,0.64,0.42857142857142855,4.625,6.5,0.1306524999904468
standard,ddqn_202,1000088,22,20,8,0,6,3,2,84,70,70,40,114,159.15000000000003,0.36363636363636365,0.9090909090909091,0.5,3.5,5.7,0.12156349995962046
standard,ddqn_202,1000089,23,21,12,0,5,3,2,82,76,76,42,54,182.41999999999996,0.5217391304347826,0.9130434782608695,0.6,3.619047619047619,2.5714285714285716,0.11807850000877806
standard,ddqn_202,1000090,31,20,6,9,13,4,2,86,72,72,42,178,-23.829999999999984,0.1935483870967742,0.6451612903225806,0.3076923076923077,3.6,8.9,0.12999599996987854
standard,ddqn_202,1000091,30,23,13,5,9,7,2,82,68,68,36,64,136.55999999999997,0.43333333333333335,0.7666666666666667,0.7777777777777778,2.9565217391304346,2.782608695652174,0.12385200000153418
standard,ddqn_202,1000092,26,21,13,1,6,4,4,83,73,73,39,48,145.73999999999992,0.5,0.8076923076923077,0.6666666666666666,3.4761904761904763,2.2857142857142856,0.12982499998770436
standard,ddqn_202,1000093,33,20,10,7,7,2,6,86,75,75,48,83,-97.91999999999996,0.30303030303030304,0.6060606060606061,0.2857142857142857,3.75,4.15,0.1280784999835305
standard,ddqn_202,1000094,31,20,12,7,14,9,4,83,75,75,53,51,88.67999999999998,0.3870967741935484,0.6451612903225806,0.6428571428571429,3.75,2.55,0.1256145000354536
standard,ddqn_202,1000095,20,17,15,0,5,5,3,76,67,67,36,18,145.41000000000005,0.75,0.85,1.0,3.9411764705882355,1.0588235294117647,0.11168399998950918
standard,ddqn_202,1000096,35,16,6,12,9,3,7,72,62,62,47,75,-171.73000000000002,0.17142857142857143,0.45714285714285713,0.3333333333333333,3.875,4.6875,0.13167400001634633
standard,ddqn_202,1000097,34,16,11,12,15,7,6,79,59,59,27,71,-113.63000000000002,0.3235294117647059,0.47058823529411764,0.4666666666666667,3.6875,4.4375,0.1309324999851924
standard,ddqn_202,1000098,25,24,13,0,6,3,1,88,74,74,42,70,221.77000000000015,0.52,0.96,0.5,3.0833333333333335,2.9166666666666665,0.12170350001383667
standard,ddqn_202,1000099,29,21,11,4,7,4,4,82,70,70,39,56,93.49000000000007,0.3793103448275862,0.7241379310344828,0.5714285714285714,3.3333333333333335,2.6666666666666665,0.120276499984584
standard,ddqn_202,1000100,28,24,20,1,7,4,3,80,75,75,42,40,162.56999999999996,0.7142857142857143,0.8571428571428571,0.5714285714285714,3.125,1.6666666666666667,0.1225200000192217
standard,ddqn_202,1000101,29,21,13,4,10,7,4,83,71,71,39,84,77.09000000000006,0.4482758620689655,0.7241379310344828,0.7,3.380952380952381,4.0,0.1327599999854101
standard,ddqn_202,1000102,30,22,14,4,8,5,4,84,72,72,48,101,92.22999999999999,0.4666666666666667,0.7333333333333333,0.625,3.272727272727273,4.590909090909091,0.1290595000114081
standard,ddqn_202,1000103,38,26,12,9,11,6,3,85,77,77,45,69,118.29999999999998,0.3157894736842105,0.6842105263157895,0.5454545454545454,2.9615384615384617,2.6538461538461537,0.1320490000296104
standard,ddqn_202,1000104,23,21,12,0,6,5,2,80,63,63,46,64,187.95999999999995,0.5217391304347826,0.9130434782608695,0.8333333333333334,3.0,3.0476190476190474,0.13327599998547157
standard,ddqn_202,1000105,32,24,11,8,13,9,0,82,70,70,40,135,133.14999999999998,0.34375,0.75,0.6923076923076923,2.9166666666666665,5.625,0.12925050000944793
standard,ddqn_202,1000106,32,22,7,7,8,4,3,82,74,74,42,136,68.72,0.21875,0.6875,0.5,3.3636363636363638,6.181818181818182,0.129630499969835
standard,ddqn_202,1000107,34,16,9,12,6,3,6,82,66,66,42,96,-154.43,0.2647058823529412,0.47058823529411764,0.5,4.125,6.0,0.1310675000070205
standard,ddqn_202,1000108,30,20,10,6,5,3,4,85,69,69,39,145,10.239999999999988,0.3333333333333333,0.6666666666666666,0.6,3.45,7.25,0.128152999991471
standard,ddqn_202,1000109,32,19,11,9,8,5,4,77,67,67,39,69,-7.85999999999995,0.34375,0.59375,0.625,3.526315789473684,3.6315789473684212,0.128679000027887
standard,ddqn_202,1000110,19,18,17,0,5,5,1,81,69,69,44,4,187.04,0.8947368421052632,0.9473684210526315,1.0,3.8333333333333335,0.2222222222222222,0.1092294999978094
standard,ddqn_202,1000111,41,16,7,18,11,2,7,75,65,65,45,121,-335.59999999999997,0.17073170731707318,0.3902439024390244,0.18181818181818182,4.0625,7.5625,0.13352100000929568
standard,ddqn_202,1000112,35,20,10,12,8,4,3,83,65,65,45,114,-49.40000000000003,0.2857142857142857,0.5714285714285714,0.5,3.25,5.7,0.12874000000806518
standard,ddqn_202,1000113,33,22,12,6,6,5,5,82,77,77,42,65,75.51999999999995,0.36363636363636365,0.6666666666666666,0.8333333333333334,3.5,2.9545454545454546,0.12915450002992657
standard,ddqn_202,1000114,36,21,10,12,13,6,3,86,71,71,42,130,-45.72999999999999,0.2777777777777778,0.5833333333333334,0.46153846153846156,3.380952380952381,6.190476190476191,0.1296200000240333
standard,ddqn_202,1000115,38,22,11,13,12,6,3,86,76,76,45,125,-32.69999999999997,0.2894736842105263,0.5789473684210527,0.5,3.4545454545454546,5.681818181818182,0.12887400001204696
standard,ddqn_202,1000116,32,19,9,9,10,5,4,79,71,71,46,92,-46.039999999999964,0.28125,0.59375,0.5,3.736842105263158,4.842105263157895,0.13125799998192633
standard,ddqn_202,1000117,21,17,11,0,3,3,4,80,66,66,36,53,91.21000000000001,0.5238095238095238,0.8095238095238095,1.0,3.8823529411764706,3.1176470588235294,0.11930549999306095
standard,ddqn_202,1000118,32,20,6,8,11,1,4,77,67,67,31,116,-28.939999999999984,0.1875,0.625,0.09090909090909091,3.35,5.8,0.12938550003127602
standard,ddqn_202,1000119,34,20,8,9,4,1,5,84,66,66,39,104,-66.31000000000002,0.23529411764705882,0.5882352941176471,0.25,3.3,5.2,0.13210449998268814
standard,ddqn_202,1000120,23,18,11,1,4,3,4,73,65,65,42,68,87.77000000000015,0.4782608695652174,0.782608695652174,0.75,3.611111111111111,3.7777777777777777,0.12170400003697068
standard,ddqn_202,1000121,32,21,9,8,5,2,3,82,72,72,45,116,22.899999999999974,0.28125,0.65625,0.4,3.4285714285714284,5.523809523809524,0.12541949999445023
standard,ddqn_202,1000122,33,23,13,7,8,5,3,82,70,70,43,74,104.93,0.3939393939393939,0.696969696969697,0.625,3.0434782608695654,3.217391304347826,0.12422749998108884
standard,ddqn_202,1000123,27,25,17,0,11,9,2,85,71,71,39,50,283.03999999999996,0.6296296296296297,0.9259259259259259,0.8181818181818182,2.84,2.0,0.11771750001798864
standard,ddqn_202,1000124,36,22,11,9,10,6,5,81,73,73,48,63,-4.22000000000002,0.3055555555555556,0.6111111111111112,0.6,3.3181818181818183,2.8636363636363638,0.13144249999186286
standard,ddqn_202,1000125,32,19,11,8,12,6,5,82,70,70,49,90,-27.76000000000002,0.34375,0.59375,0.5,3.6842105263157894,4.7368421052631575,0.12696600001049774
standard,ddqn_202,1000126,29,18,9,7,6,2,4,91,67,67,34,112,-50.36000000000001,0.3103448275862069,0.6206896551724138,0.3333333333333333,3.7222222222222223,6.222222222222222,0.12944499999889558
standard,ddqn_202,1000127,28,21,13,0,4,3,7,85,70,70,51,29,101.01000000000003,0.4642857142857143,0.75,0.75,3.3333333333333335,1.380952380952381,0.1257945000077143
standard,ddqn_202,1000128,34,22,11,7,9,5,5,80,71,71,36,126,31.109999999999964,0.3235294117647059,0.6470588235294118,0.5555555555555556,3.227272727272727,5.7272727272727275,0.13207949999127777
standard,ddqn_202,1000129,20,19,15,0,4,4,1,83,71,71,42,40,172.8699999999999,0.75,0.95,1.0,3.736842105263158,2.1052631578947367,0.11335600001416424
standard,ddqn_202,1000130,37,22,7,12,7,3,3,87,73,73,48,149,-31.67000000000005,0.1891891891891892,0.5945945945945946,0.42857142857142855,3.3181818181818183,6.7727272727272725,0.13130299998920236
standard,ddqn_202,1000131,30,18,12,5,10,5,7,81,69,69,45,67,-37.24999999999994,0.4,0.6,0.5,3.8333333333333335,3.7222222222222223,0.1266714999985652
standard,ddqn_202,1000132,33,20,10,8,6,4,5,84,72,72,43,78,-0.9199999999999733,0.30303030303030304,0.6060606060606061,0.6666666666666666,3.6,3.9,0.1291350000087732
standard,ddqn_202,1000133,37,24,13,9,7,7,4,86,72,72,42,91,81.02000000000004,0.35135135135135137,0.6486486486486487,1.0,3.0,3.7916666666666665,0.12893949997305754
standard,ddqn_202,1000134,32,19,5,11,12,3,2,76,67,67,33,189,-69.02,0.15625,0.59375,0.25,3.526315789473684,9.947368421052632,0.13076199999773053
standard,ddqn_202,1000135,21,20,16,0,5,4,1,82,70,70,51,31,191.75999999999993,0.7619047619047619,0.9523809523809523,0.8,3.5,1.55,0.11513349997471778
standard,ddqn_202,1000136,33,23,12,8,5,2,2,75,65,65,51,54,81.26000000000002,0.36363636363636365,0.696969696969697,0.4,2.8260869565217392,2.347826086956522,0.12967100002470033
standard,ddqn_202,1000137,30,22,12,6,7,6,2,83,76,76,45,147,106.39999999999999,0.4,0.7333333333333333,0.8571428571428571,3.4545454545454546,6.681818181818182,0.13829349998673024
standard,ddqn_202,1000138,35,20,10,9,4,0,6,86,74,74,42,86,-94.38000000000001,0.2857142857142857,0.5714285714285714,0.0,3.7,4.3,0.12928999998962354
standard,ddqn_202,1000139,21,16,13,0,5,3,5,80,62,62,33,18,47.08000000000003,0.6190476190476191,0.7619047619047619,0.6,3.875,1.125,0.11646049998148555
standard,ddqn_202,1000140,22,19,11,0,2,2,3,83,66,66,45,52,116.15000000000003,0.5,0.8636363636363636,1.0,3.473684210526316,2.736842105263158,0.12337600000478233
standard,ddqn_202,1000141,32,19,8,10,10,5,3,85,69,69,39,176,-47.959999999999994,0.25,0.59375,0.5,3.6315789473684212,9.263157894736842,0.12944599998832018
standard,ddqn_202,1000142,33,20,7,9,2,0,4,85,73,73,37,138,-61.28,0.21212121212121213,0.6060606060606061,0.0,3.65,6.9,0.12850899997829401
standard,ddqn_202,1000143,30,17,9,7,10,3,6,77,63,63,48,64,-92.76999999999998,0.3,0.5666666666666667,0.3,3.7058823529411766,3.764705882352941,0.1263599999958842
standard,ddqn_202,1000144,34,17,6,11,9,3,6,81,69,69,53,135,-84.47000000000001,0.17647058823529413,0.5,0.3333333333333333,4.0588235294117645,7.9411764705882355,0.13084249999906206
standard,ddqn_202,1000145,28,21,16,2,2,2,5,85,70,70,36,63,86.50999999999999,0.5714285714285714,0.75,1.0,3.3333333333333335,3.0,0.12415200001214544
standard,ddqn_202,1000146,30,17,7,7,11,6,6,85,73,73,45,110,-34.45000000000002,0.23333333333333334,0.5666666666666667,0.5454545454545454,4.294117647058823,6.470588235294118,0.13246500000718697
standard,ddqn_202,1000147,26,18,8,3,6,5,5,80,64,64,39,110,8.940000000000012,0.3076923076923077,0.6923076923076923,0.8333333333333334,3.5555555555555554,6.111111111111111,0.13067699998714488
standard,ddqn_202,1000148,37,21,11,13,5,4,3,84,76,76,42,120,-11.729999999999972,0.2972972972972973,0.5675675675675675,0.8,3.619047619047619,5.714285714285714,0.13123749999977008
standard,ddqn_202,1000149,31,18,8,6,7,4,7,84,74,74,48,94,-33.519999999999996,0.25806451612903225,0.5806451612903226,0.5714285714285714,4.111111111111111,5.222222222222222,0.13168850000511156
standard,ddqn_303,1000000,42,18,9,19,10,4,5,74,66,66,36,124,-231.59,0.21428571428571427,0.42857142857142855,0.4,3.6666666666666665,6.888888888888889,0.13482299999623137
standard,ddqn_303,1000001,37,26,18,9,10,6,2,85,71,71,39,39,106.59000000000003,0.4864864864864865,0.7027027027027027,0.6,2.730769230769231,1.5,0.12862399998425644
standard,ddqn_303,1000002,34,19,11,9,6,5,6,82,72,72,42,111,-43.03,0.3235294117647059,0.5588235294117647,0.8333333333333334,3.789473684210526,5.842105263157895,0.13316050001321855
standard,ddqn_303,1000003,38,18,8,16,11,4,4,80,69,69,39,132,-163.96000000000004,0.21052631578947367,0.47368421052631576,0.36363636363636365,3.8333333333333335,7.333333333333333,0.1356745000009596
standard,ddqn_303,1000004,28,18,14,5,7,5,5,85,73,73,48,33,43.48000000000002,0.5,0.6428571428571429,0.7142857142857143,4.055555555555555,1.8333333333333333,0.13234899998337823
standard,ddqn_303,1000005,25,22,11,0,7,4,3,81,72,72,42,76,182.52,0.44,0.88,0.5714285714285714,3.272727272727273,3.4545454545454546,0.13354200001458594
standard,ddqn_303,1000006,28,20,10,5,8,5,3,82,69,69,39,116,73.53999999999996,0.35714285714285715,0.7142857142857143,0.625,3.45,5.8,0.1308580000056736
standard,ddqn_303,1000007,29,24,12,2,7,5,3,82,72,72,42,67,187.32000000000002,0.41379310344827586,0.8275862068965517,0.7142857142857143,3.0,2.7916666666666665,0.12917950002133693
standard,ddqn_303,1000008,36,18,8,13,9,5,5,87,68,68,36,92,-122.83999999999993,0.2222222222222222,0.5,0.5555555555555556,3.7777777777777777,5.111111111111111,0.1280134999888105
standard,ddqn_303,1000009,32,20,8,9,9,3,3,75,71,71,39,124,-30.459999999999976,0.25,0.625,0.3333333333333333,3.55,6.2,0.1346884999975373
standard,ddqn_303,1000010,18,15,11,0,8,6,3,69,62,62,33,27,148.87999999999994,0.6111111111111112,0.8333333333333334,0.75,4.133333333333334,1.8,0.12201399997024964
standard,ddqn_303,1000011,34,25,13,5,6,4,4,82,75,75,45,76,124.50000000000001,0.38235294117647056,0.7352941176470589,0.6666666666666666,3.0,3.04,0.12944050001806318
standard,ddqn_303,1000012,31,18,10,6,7,3,7,79,64,64,36,88,-10.939999999999984,0.3225806451612903,0.5806451612903226,0.42857142857142855,3.5555555555555554,4.888888888888889,0.13287049998211842
standard,ddqn_303,1000013,23,19,11,0,3,2,4,74,67,67,42,68,104.02000000000001,0.4782608695652174,0.8260869565217391,0.6666666666666666,3.526315789473684,3.5789473684210527,0.1267365000217069
standard,ddqn_303,1000014,23,15,9,3,5,2,5,80,66,66,44,51,-36.06000000000006,0.391304347826087,0.6521739130434783,0.4,4.4,3.4,0.12103299997079375
standard,ddqn_303,1000015,25,20,10,1,6,2,4,75,67,67,36,103,103.61000000000001,0.4,0.8,0.3333333333333333,3.35,5.15,0.1260754999918845
standard,ddqn_303,1000016,25,18,7,2,8,3,5,79,67,67,41,115,75.06,0.28,0.72,0.375,3.7222222222222223,6.388888888888889,0.12903949999554243
standard,ddqn_303,1000017,25,20,13,1,8,5,4,86,70,70,39,74,99.98999999999995,0.52,0.8,0.625,3.5,3.7,0.12493349998976555
standard,ddqn_303,1000018,36,19,11,12,9,4,5,78,63,63,48,67,-48.62000000000001,0.3055555555555556,0.5277777777777778,0.4444444444444444,3.3157894736842106,3.526315789473684,0.12634049997473085
standard,ddqn_303,1000019,28,19,13,6,7,5,3,66,61,61,41,28,64.51,0.4642857142857143,0.6785714285714286,0.7142857142857143,3.210526315789474,1.4736842105263157,0.1141470000334266
standard,ddqn_303,1000020,22,15,7,2,9,5,5,84,62,62,33,93,9.880000000000052,0.3181818181818182,0.6818181818181818,0.5555555555555556,4.133333333333334,6.2,0.1284690000034061
standard,ddqn_303,1000021,38,18,8,13,11,4,7,75,63,63,30,90,-168.05,0.21052631578947367,0.47368421052631576,0.36363636363636365,3.5,5.0,0.13107699999181932
standard,ddqn_303,1000022,43,20,13,17,7,4,6,79,68,68,38,71,-131.22000000000006,0.3023255813953488,0.46511627906976744,0.5714285714285714,3.4,3.55,0.1289895000127217
standard,ddqn_303,1000023,35,16,6,12,3,2,7,82,66,66,42,122,-158.42999999999998,0.17142857142857143,0.45714285714285713,0.6666666666666666,4.125,7.625,0.12999600002672196
standard,ddqn_303,1000024,27,14,11,5,7,2,8,58,54,54,37,24,-77.83000000000001,0.4074074074074074,0.5185185185185185,0.2857142857142857,3.857142857142857,1.7142857142857142,0.1295604999995703
standard,ddqn_303,1000025,27,20,9,4,7,3,3,84,64,64,37,98,104.01999999999995,0.3333333333333333,0.7407407407407407,0.42857142857142855,3.2,4.9,0.1253690000169172
standard,ddqn_303,1000026,37,23,11,12,14,4,2,77,68,68,37,114,-30.479999999999972,0.2972972972972973,0.6216216216216216,0.2857142857142857,2.9565217391304346,4.956521739130435,0.12925500001870205
standard,ddqn_303,1000027,22,16,10,1,7,4,5,81,63,63,48,29,54.88000000000004,0.45454545454545453,0.7272727272727273,0.5714285714285714,3.9375,1.8125,0.12507899998581706
standard,ddqn_303,1000028,25,20,11,1,9,7,4,85,69,69,39,93,110.58999999999995,0.44,0.8,0.7777777777777778,3.45,4.65,0.12746199999469354
standard,ddqn_303,1000029,32,15,7,11,9,3,6,80,62,62,43,94,-159.62000000000003,0.21875,0.46875,0.3333333333333333,4.133333333333334,6.266666666666667,0.13193350000051396
standard,ddqn_303,1000030,32,22,15,5,9,5,5,79,77,77,54,74,94.54000000000002,0.46875,0.6875,0.5555555555555556,3.5,3.3636363636363638,0.1307174999851668
standard,ddqn_303,1000031,30,18,15,5,12,8,7,72,62,62,30,32,-6.9500000000000455,0.5,0.6,0.6666666666666666,3.4444444444444446,1.7777777777777777,0.12603499999386258
standard,ddqn_303,1000032,18,18,15,0,3,2,0,76,64,64,51,45,165.9099999999999,0.8333333333333334,1.0,0.6666666666666666,3.5555555555555554,2.5,0.11287000000947955
standard,ddqn_303,1000033,24,18,14,0,10,7,6,78,68,68,42,35,99.66999999999999,0.5833333333333334,0.75,0.7,3.7777777777777777,1.9444444444444444,0.12325599999485348
standard,ddqn_303,1000034,23,21,14,0,3,3,2,80,74,74,48,49,162.08,0.6086956521739131,0.9130434782608695,1.0,3.5238095238095237,2.3333333333333335,0.12015600000836457
standard,ddqn_303,1000035,35,19,12,11,10,6,5,85,66,66,50,96,-87.50000000000001,0.34285714285714286,0.5428571428571428,0.6,3.473684210526316,5.052631578947368,0.12782300001390468
standard,ddqn_303,1000036,35,20,10,9,5,3,6,85,70,70,36,94,-40.19000000000003,0.2857142857142857,0.5714285714285714,0.6,3.5,4.7,0.1320944999747553
standard,ddqn_303,1000037,30,18,9,7,7,3,5,76,63,63,41,100,-44.99000000000001,0.3,0.6,0.42857142857142855,3.5,5.555555555555555,0.13070149995542124
standard,ddqn_303,1000038,28,17,11,1,5,2,10,69,55,55,55,17,-52.00000000000003,0.39285714285714285,0.6071428571428571,0.4,3.235294117647059,1.0,0.13092249997725958
standard,ddqn_303,1000039,33,19,10,9,3,1,5,84,72,72,42,121,-71.78,0.30303030303030304,0.5757575757575758,0.3333333333333333,3.789473684210526,6.368421052631579,0.12869400001136455
standard,ddqn_303,1000040,37,23,9,12,6,3,2,72,68,68,39,108,-23.15999999999999,0.24324324324324326,0.6216216216216216,0.5,2.9565217391304346,4.695652173913044,0.13336549997688962
standard,ddqn_303,1000041,43,20,8,19,12,5,4,79,71,71,39,85,-125.95999999999998,0.18604651162790697,0.46511627906976744,0.4166666666666667,3.55,4.25,0.1293099999770675
standard,ddqn_303,1000042,21,18,10,0,3,3,3,82,70,70,42,41,122.52000000000001,0.47619047619047616,0.8571428571428571,1.0,3.888888888888889,2.2777777777777777,0.11584949999132732
standard,ddqn_303,1000043,23,20,14,0,4,2,3,76,62,62,30,38,152.3499999999999,0.6086956521739131,0.8695652173913043,0.5,3.1,1.9,0.11425200000303448
standard,ddqn_303,1000044,25,23,12,1,5,3,1,86,74,74,39,52,181.79000000000002,0.48,0.92,0.6,3.217391304347826,2.260869565217391,0.12057649999519526
standard,ddqn_303,1000045,28,16,4,8,3,1,4,77,65,65,39,119,-42.360000000000014,0.14285714285714285,0.5714285714285714,0.3333333333333333,4.0625,7.4375,0.12838400002124217
standard,ddqn_303,1000046,29,21,7,5,8,4,3,82,70,70,53,163,63.730000000000004,0.2413793103448276,0.7241379310344828,0.5,3.3333333333333335,7.761904761904762,0.13049149998778375
standard,ddqn_303,1000047,25,16,10,3,10,6,6,74,58,58,33,89,29.830000000000048,0.4,0.64,0.6,3.625,5.5625,0.12673599999857288
standard,ddqn_303,1000048,38,18,8,13,11,6,7,85,72,72,45,126,-142.7,0.21052631578947367,0.47368421052631576,0.5454545454545454,4.0,7.0,0.13300049997155838
standard,ddqn_303,1000049,35,21,9,11,11,5,3,77,73,73,51,127,11.459999999999987,0.2571428571428571,0.6,0.45454545454545453,3.4761904761904763,6.0476190476190474,0.13196899999456946
standard,ddqn_303,1000050,34,19,9,9,10,5,6,86,72,72,42,118,-54.179999999999986,0.2647058823529412,0.5588235294117647,0.5,3.789473684210526,6.2105263157894735,0.12977100001876352
standard,ddqn_303,1000051,32,20,9,7,9,2,5,80,65,65,41,116,-16.690000000000012,0.28125,0.625,0.2222222222222222,3.25,5.8,0.13055200000167133
standard,ddqn_303,1000052,33,18,11,10,9,6,5,80,65,65,36,107,-52.58999999999997,0.3333333333333333,0.5454545454545454,0.6666666666666666,3.611111111111111,5.944444444444445,0.1268464999952812
standard,ddqn_303,1000053,27,23,17,2,7,5,2,83,72,72,41,17,216.01000000000002,0.6296296296296297,0.8518518518518519,0.7142857142857143,3.130434782608696,0.7391304347826086,0.11501849999717706
standard,ddqn_303,1000054,25,20,13,0,8,6,5,83,69,69,36,62,132.46,0.52,0.8,0.75,3.45,3.1,0.12245950000533412
standard,ddqn_303,1000055,32,22,8,7,1,0,3,87,77,77,45,161,-1.5000000000000142,0.25,0.6875,0.0,3.5,7.318181818181818,0.12682150000387082
standard,ddqn_303,1000056,26,20,9,2,6,2,4,78,66,66,43,79,105.82999999999997,0.34615384615384615,0.7692307692307693,0.3333333333333333,3.3,3.95,0.1277974999993603
standard,ddqn_303,1000057,36,21,12,11,9,5,4,79,71,71,45,113,-26.45000000000001,0.3333333333333333,0.5833333333333334,0.5555555555555556,3.380952380952381,5.380952380952381,0.1291694999849824
standard,ddqn_303,1000058,37,18,9,12,10,6,7,82,74,74,40,79,-109.55,0.24324324324324326,0.4864864864864865,0.6,4.111111111111111,4.388888888888889,0.13304550000725612
standard,ddqn_303,1000059,38,20,10,14,9,4,4,86,78,78,48,111,-97.42000000000002,0.2631578947368421,0.5263157894736842,0.4444444444444444,3.9,5.55,0.1313180000011016
standard,ddqn_303,1000060,28,22,14,1,2,0,5,79,70,70,36,29,118.01000000000008,0.5,0.7857142857142857,0.0,3.1818181818181817,1.3181818181818181,0.12893950000147925
standard,ddqn_303,1000061,30,21,12,4,8,5,5,76,71,71,48,92,52.72999999999999,0.4,0.7,0.625,3.380952380952381,4.380952380952381,0.12891400001535658
standard,ddqn_303,1000062,28,19,13,3,6,3,6,74,67,67,36,49,-5.389999999999986,0.4642857142857143,0.6785714285714286,0.5,3.526315789473684,2.5789473684210527,0.12538900000436115
standard,ddqn_303,1000063,28,22,14,2,5,3,4,83,70,70,45,51,113.95000000000007,0.5,0.7857142857142857,0.6,3.1818181818181817,2.3181818181818183,0.12531950000038705
standard,ddqn_303,1000064,26,20,15,0,6,4,6,80,70,70,40,28,105.0499999999999,0.5769230769230769,0.7692307692307693,0.6666666666666666,3.5,1.4,0.12596000001963148
standard,ddqn_303,1000065,26,19,9,3,4,2,4,76,60,60,35,91,46.949999999999925,0.34615384615384615,0.7307692307692307,0.5,3.1578947368421053,4.7894736842105265,0.12471799999502764
standard,ddqn_303,1000066,28,21,17,2,6,4,5,83,73,73,45,38,79.60000000000002,0.6071428571428571,0.75,0.6666666666666666,3.4761904761904763,1.8095238095238095,0.1270914999906836
standard,ddqn_303,1000067,29,19,8,4,5,2,6,71,69,69,42,107,-6.829999999999984,0.27586206896551724,0.6551724137931034,0.4,3.6315789473684212,5.631578947368421,0.128749499992864
standard,ddqn_303,1000068,24,18,11,2,4,3,4,84,69,69,40,73,70.10000000000004,0.4583333333333333,0.75,0.75,3.8333333333333335,4.055555555555555,0.12008600000967817
standard,ddqn_303,1000069,29,21,14,5,7,4,3,79,69,69,45,65,89.25000000000009,0.4827586206896552,0.7241379310344828,0.5714285714285714,3.2857142857142856,3.0952380952380953,0.12566949996539734
standard,ddqn_303,1000070,34,24,11,9,9,5,1,84,73,73,45,98,53.700000000000024,0.3235294117647059,0.7058823529411765,0.5555555555555556,3.0416666666666665,4.083333333333333,0.12814300001195988
standard,ddqn_303,1000071,36,20,10,11,6,4,5,77,65,65,44,100,-40.11,0.2777777777777778,0.5555555555555556,0.6666666666666666,3.25,5.0,0.12961050001081276
standard,ddqn_303,1000072,23,20,15,0,6,5,3,76,67,67,42,11,158.97000000000003,0.6521739130434783,0.8695652173913043,0.8333333333333334,3.35,0.55,0.11945500000365428
standard,ddqn_303,1000073,26,17,9,4,8,2,5,70,70,70,54,119,-25.61000000000002,0.34615384615384615,0.6538461538461539,0.25,4.117647058823529,7.0,0.1311074999819084
standard,ddqn_303,1000074,35,16,9,12,10,4,7,82,68,68,45,111,-182.5,0.2571428571428571,0.45714285714285713,0.4,4.25,6.9375,0.128678500004753
standard,ddqn_303,1000075,26,19,6,3,2,0,4,82,66,66,36,111,-19.639999999999972,0.23076923076923078,0.7307692307692307,0.0,3.473684210526316,5.842105263157895,0.1248080000095797
standard,ddqn_303,1000076,29,17,9,6,10,5,6,75,69,69,50,87,-45.34999999999995,0.3103448275862069,0.5862068965517241,0.5,4.0588235294117645,5.117647058823529,0.1293149999810339
standard,ddqn_303,1000077,35,19,8,14,11,5,2,83,71,71,48,195,-127.47000000000008,0.22857142857142856,0.5428571428571428,0.45454545454545453,3.736842105263158,10.263157894736842,0.13382649999016394
standard,ddqn_303,1000078,29,15,9,7,9,4,7,79,63,63,36,80,-103.13999999999997,0.3103448275862069,0.5172413793103449,0.4444444444444444,4.2,5.333333333333333,0.1285389999736708
standard,ddqn_303,1000079,33,20,10,8,8,5,5,79,68,68,49,123,-9.359999999999992,0.30303030303030304,0.6060606060606061,0.625,3.4,6.15,0.13010649999500856
standard,ddqn_303,1000080,39,22,9,13,12,4,4,77,67,67,39,176,-92.80999999999999,0.23076923076923078,0.5641025641025641,0.3333333333333333,3.0454545454545454,8.0,0.138628999991397
standard,ddqn_303,1000081,28,18,8,5,6,2,5,76,63,63,30,84,-2.6000000000000014,0.2857142857142857,0.6428571428571429,0.3333333333333333,3.5,4.666666666666667,0.1299104999930023
standard,ddqn_303,1000082,31,21,10,6,4,2,4,82,73,73,54,111,18.589999999999996,0.3225806451612903,0.6774193548387096,0.5,3.4761904761904763,5.285714285714286,0.13285549999864088
standard,ddqn_303,1000083,25,20,11,3,7,6,2,83,67,67,33,82,139.32999999999998,0.44,0.8,0.8571428571428571,3.35,4.1,0.12851349998754813
standard,ddqn_303,1000084,21,20,15,0,4,3,1,80,70,70,40,33,185.94999999999993,0.7142857142857143,0.9523809523809523,0.75,3.5,1.65,0.11412200001359452
standard,ddqn_303,1000085,30,22,11,4,3,2,4,83,73,73,45,127,41.94999999999999,0.36666666666666664,0.7333333333333333,0.6666666666666666,3.3181818181818183,5.7727272727272725,0.13449799999420975
standard,ddqn_303,1000086,26,18,9,3,6,4,5,80,64,64,48,82,59.27999999999992,0.34615384615384615,0.6923076923076923,0.6666666666666666,3.5555555555555554,4.555555555555555,0.1311680000242177
standard,ddqn_303,1000087,25,17,6,5,7,2,3,87,71,71,42,136,-15.230000000000013,0.24,0.68,0.2857142857142857,4.176470588235294,8.0,0.1292050000358813
standard,ddqn_303,1000088,22,17,11,0,6,5,5,79,65,65,42,65,95.62000000000002,0.5,0.7727272727272727,0.8333333333333334,3.823529411764706,3.823529411764706,0.12342049998892435
standard,ddqn_303,1000089,23,22,20,0,5,5,1,77,67,67,56,7,228.4600000000001,0.8695652173913043,0.9565217391304348,1.0,3.0454545454545454,0.3181818181818182,0.11296549999428862
standard,ddqn_303,1000090,31,16,9,9,13,6,6,59,53,53,53,35,-70.26999999999995,0.2903225806451613,0.5161290322580645,0.46153846153846156,3.3125,2.1875,0.12869950001004327
standard,ddqn_303,1000091,30,18,10,8,9,2,4,83,73,73,43,78,-24.37000000000002,0.3333333333333333,0.6,0.2222222222222222,4.055555555555555,4.333333333333333,0.12443300002473734
standard,ddqn_303,1000092,26,14,12,4,6,3,8,61,47,47,21,12,-92.49,0.46153846153846156,0.5384615384615384,0.5,3.357142857142857,0.8571428571428571,0.12727650002375412
standard,ddqn_303,1000093,33,18,9,8,7,4,7,85,75,75,57,96,-93.08000000000001,0.2727272727272727,0.5454545454545454,0.5714285714285714,4.166666666666667,5.333333333333333,0.1283890000252086
standard,ddqn_303,1000094,31,20,9,8,14,7,3,83,70,70,36,102,59.310000000000045,0.2903225806451613,0.6451612903225806,0.5,3.5,5.1,0.12495350000563121
standard,ddqn_303,1000095,20,20,19,0,5,5,0,80,64,64,43,11,220.43000000000006,0.95,1.0,1.0,3.2,0.55,0.1050430000191227
standard,ddqn_303,1000096,35,13,5,12,9,3,10,62,54,54,54,24,-278.01,0.14285714285714285,0.37142857142857144,0.3333333333333333,4.153846153846154,1.8461538461538463,0.13239449998536656
standard,ddqn_303,1000097,34,21,9,11,15,5,2,81,71,71,36,138,-7.34,0.2647058823529412,0.6176470588235294,0.3333333333333333,3.380952380952381,6.571428571428571,0.12983049998638307
standard,ddqn_303,1000098,25,22,10,1,6,4,2,84,73,73,45,91,177.1,0.4,0.88,0.6666666666666666,3.3181818181818183,4.136363636363637,0.12160349999135178
standard,ddqn_303,1000099,29,19,8,5,7,2,5,77,68,68,42,98,-27.380000000000024,0.27586206896551724,0.6551724137931034,0.2857142857142857,3.5789473684210527,5.157894736842105,0.12862899998822286
standard,ddqn_303,1000100,28,19,10,3,7,1,6,82,68,68,39,73,-7.3100000000000165,0.35714285714285715,0.6785714285714286,0.14285714285714285,3.5789473684210527,3.8421052631578947,0.12499850001290724
standard,ddqn_303,1000101,29,20,9,4,10,6,5,76,60,60,33,120,60.53000000000003,0.3103448275862069,0.6896551724137931,0.6,3.0,6.0,0.12603000001831788
standard,ddqn_303,1000102,30,23,17,3,8,7,4,79,75,75,52,64,136.9200000000002,0.5666666666666667,0.7666666666666667,0.875,3.260869565217391,2.782608695652174,0.12858449997565913
standard,ddqn_303,1000103,38,25,11,8,11,7,5,84,72,72,42,116,77.47000000000001,0.2894736842105263,0.6578947368421053,0.6363636363636364,2.88,4.64,0.12986100003331558
standard,ddqn_303,1000104,23,22,15,0,6,6,1,79,66,66,52,53,219.81999999999994,0.6521739130434783,0.9565217391304348,1.0,3.0,2.409090909090909,0.12047150002558737
standard,ddqn_303,1000105,32,19,10,10,13,8,3,86,69,69,48,119,7.280000000000015,0.3125,0.59375,0.6153846153846154,3.6315789473684212,6.2631578947368425,0.12548449998917022
standard,ddqn_303,1000106,32,21,9,8,8,4,3,82,73,73,56,148,41.260000000000005,0.28125,0.65625,0.5,3.4761904761904763,7.0476190476190474,0.13336600002844534
standard,ddqn_303,1000107,34,19,9,11,6,2,4,78,72,72,42,87,-72.88,0.2647058823529412,0.5588235294117647,0.3333333333333333,3.789473684210526,4.578947368421052,0.12914949999753844
standard,ddqn_303,1000108,30,19,11,5,5,3,6,77,71,71,59,62,-3.160000000000011,0.36666666666666664,0.6333333333333333,0.6,3.736842105263158,3.263157894736842,0.12799799998219896
standard,ddqn_303,1000109,32,16,9,10,8,4,6,74,62,62,30,78,-118.74999999999996,0.28125,0.5,0.5,3.875,4.875,0.12710650000258283
standard,ddqn_303,1000110,19,16,11,0,5,4,3,83,78,78,50,12,132.75000000000003,0.5789473684210527,0.8421052631578947,0.8,4.875,0.75,0.11257500003125642
standard,ddqn_303,1000111,41,17,10,19,11,6,5,84,71,71,51,117,-228.54,0.24390243902439024,0.4146341463414634,0.5454545454545454,4.176470588235294,6.882352941176471,0.12968000001478686
standard,ddqn_303,1000112,35,17,8,12,8,2,6,88,68,68,36,88,-176.99000000000007,0.22857142857142856,0.4857142857142857,0.25,4.0,5.176470588235294,0.13085249997857318
standard,ddqn_303,1000113,33,24,11,6,6,3,3,84,75,75,42,80,123.82000000000002,0.3333333333333333,0.7272727272727273,0.5,3.125,3.3333333333333335,0.12171849999731421
standard,ddqn_303,1000114,36,17,6,13,13,3,6,87,71,71,43,123,-210.97,0.16666666666666666,0.4722222222222222,0.23076923076923078,4.176470588235294,7.235294117647059,0.13554000000226551
standard,ddqn_303,1000115,38,24,14,11,12,8,3,83,75,75,45,115,40.500000000000014,0.3684210526315789,0.631578947368421,0.6666666666666666,3.125,4.791666666666667,0.12787850002382584
standard,ddqn_303,1000116,32,21,10,7,10,4,4,80,75,75,49,87,10.140000000000043,0.3125,0.65625,0.4,3.5714285714285716,4.142857142857143,0.13158899997733897
standard,ddqn_303,1000117,21,17,8,0,3,1,4,79,69,69,43,66,84.93,0.38095238095238093,0.8095238095238095,0.3333333333333333,4.0588235294117645,3.8823529411764706,0.11951500002282955
standard,ddqn_303,1000118,32,15,6,9,11,2,8,68,60,60,39,84,-215.85999999999996,0.1875,0.46875,0.18181818181818182,4.0,5.6,0.1297354999962863
standard,ddqn_303,1000119,34,24,11,6,4,1,4,79,71,71,42,84,32.869999999999926,0.3235294117647059,0.7058823529411765,0.25,2.9583333333333335,3.5,0.13332600002513573
standard,ddqn_303,1000120,23,21,10,1,4,1,1,84,68,68,39,122,142.89000000000001,0.43478260869565216,0.9130434782608695,0.25,3.238095238095238,5.809523809523809,0.1233309999975063
standard,ddqn_303,1000121,32,21,8,10,5,2,1,82,75,75,51,133,1.710000000000008,0.25,0.65625,0.4,3.5714285714285716,6.333333333333333,0.12647549999655894
standard,ddqn_303,1000122,33,21,12,8,8,3,4,80,63,63,34,86,33.59000000000003,0.36363636363636365,0.6363636363636364,0.375,3.0,4.095238095238095,0.12777749998349464
standard,ddqn_303,1000123,27,23,14,1,11,8,3,80,68,68,39,51,215.73999999999995,0.5185185185185185,0.8518518518518519,0.7272727272727273,2.9565217391304346,2.217391304347826,0.1235814999631657
standard,ddqn_303,1000124,36,18,13,12,10,6,6,82,72,72,47,56,-100.17999999999995,0.3611111111111111,0.5,0.6,4.0,3.111111111111111,0.12989100000027065
standard,ddqn_303,1000125,32,19,11,7,12,6,6,80,67,67,39,125,-52.96000000000003,0.34375,0.59375,0.5,3.526315789473684,6.578947368421052,0.13028149999172456
standard,ddqn_303,1000126,29,16,6,8,6,1,5,79,64,64,36,87,-117.03999999999999,0.20689655172413793,0.5517241379310345,0.16666666666666666,4.0,5.4375,0.1296254999942903
standard,ddqn_303,1000127,28,19,8,5,4,3,4,86,71,71,42,119,36.76999999999994,0.2857142857142857,0.6785714285714286,0.75,3.736842105263158,6.2631578947368425,0.13589549999437622
standard,ddqn_303,1000128,34,20,10,9,9,2,5,67,61,61,46,87,-20.239999999999966,0.29411764705882354,0.5882352941176471,0.2222222222222222,3.05,4.35,0.13165350000576836
standard,ddqn_303,1000129,20,19,13,0,4,3,1,81,69,69,42,35,169.27000000000004,0.65,0.95,0.75,3.6315789473684212,1.8421052631578947,0.11547950001045137
standard,ddqn_303,1000130,37,18,8,13,7,4,6,86,69,69,42,106,-128.57999999999998,0.21621621621621623,0.4864864864864865,0.5714285714285714,3.8333333333333335,5.888888888888889,0.131633999984615
standard,ddqn_303,1000131,30,20,13,5,10,6,5,85,67,67,34,47,60.84000000000004,0.43333333333333335,0.6666666666666666,0.6,3.35,2.35,0.12824800000998948
standard,ddqn_303,1000132,33,21,10,7,6,4,5,81,70,70,42,134,-15.72999999999994,0.30303030303030304,0.6363636363636364,0.6666666666666666,3.3333333333333335,6.380952380952381,0.12979599998175217
standard,ddqn_303,1000133,37,25,11,10,7,3,2,81,76,76,44,105,58.339999999999996,0.2972972972972973,0.6756756756756757,0.42857142857142855,3.04,4.2,0.12895499997966908
standard,ddqn_303,1000134,32,15,8,7,12,6,10,66,56,56,53,74,-144.37,0.25,0.46875,0.5,3.7333333333333334,4.933333333333334,0.13041649998513094
standard,ddqn_303,1000135,21,19,11,0,5,3,2,79,71,71,49,59,155.69,0.5238095238095238,0.9047619047619048,0.6,3.736842105263158,3.1052631578947367,0.11557950000451456
standard,ddqn_303,1000136,33,21,11,7,5,2,5,79,69,69,45,96,-31.19999999999998,0.3333333333333333,0.6363636363636364,0.4,3.2857142857142856,4.571428571428571,0.1292350000028364
standard,ddqn_303,1000137,30,26,12,3,7,6,1,85,76,76,48,112,211.52999999999994,0.4,0.8666666666666667,0.8571428571428571,2.923076923076923,4.3076923076923075,0.12719199997945907
standard,ddqn_303,1000138,35,19,10,10,4,0,6,82,72,72,45,69,-134.5,0.2857142857142857,0.5428571428571428,0.0,3.789473684210526,3.6315789473684212,0.1279675000205316
standard,ddqn_303,1000139,21,18,13,0,5,2,3,80,76,76,48,28,90.47999999999998,0.6190476190476191,0.8571428571428571,0.4,4.222222222222222,1.5555555555555556,0.11542449999524251
standard,ddqn_303,1000140,22,19,7,1,2,1,2,82,69,69,54,74,113.63999999999997,0.3181818181818182,0.8636363636363636,0.5,3.6315789473684212,3.8947368421052633,0.12549400000239075
standard,ddqn_303,1000141,32,18,8,8,10,3,6,78,68,68,42,91,-40.38000000000006,0.25,0.5625,0.3,3.7777777777777777,5.055555555555555,0.12946999999030595
standard,ddqn_303,1000142,33,18,11,8,2,0,7,70,60,60,30,57,-93.14999999999998,0.3333333333333333,0.5454545454545454,0.0,3.3333333333333335,3.1666666666666665,0.12836849998620892
standard,ddqn_303,1000143,30,21,7,9,10,2,0,83,67,67,39,139,-27.809999999999977,0.23333333333333334,0.7,0.2,3.1904761904761907,6.619047619047619,0.13115300001231844
standard,ddqn_303,1000144,34,16,8,11,9,5,7,78,58,58,44,80,-138.36,0.23529411764705882,0.47058823529411764,0.5555555555555556,3.625,5.0,0.1301515000022846
standard,ddqn_303,1000145,28,21,11,3,2,2,4,81,69,69,46,71,85.90999999999998,0.39285714285714285,0.75,1.0,3.2857142857142856,3.380952380952381,0.12502900000299633
standard,ddqn_303,1000146,30,20,6,6,11,5,4,86,75,75,42,143,66.32000000000005,0.2,0.6666666666666666,0.45454545454545453,3.75,7.15,0.12826849999214573
standard,ddqn_303,1000147,26,19,7,3,6,2,4,79,65,65,36,133,36.960000000000015,0.2692307692307692,0.7307692307692307,0.3333333333333333,3.4210526315789473,7.0,0.12662599999657687
standard,ddqn_303,1000148,37,21,11,11,5,2,5,80,72,72,39,45,-18.759999999999977,0.2972972972972973,0.5675675675675675,0.4,3.4285714285714284,2.142857142857143,0.12872950000542005
standard,ddqn_303,1000149,31,11,8,10,7,3,10,47,41,41,15,30,-295.35,0.25806451612903225,0.3548387096774194,0.42857142857142855,3.727272727272727,2.727272727272727,0.14631600001280276
demand_surge,nearest,1001000,38,24,15,12,14,9,2,83,74,74,51,95,54.01000000000004,0.39473684210526316,0.631578947368421,0.6428571428571429,3.0833333333333335,3.9583333333333335,0.006765999984281734
demand_surge,nearest,1001001,49,23,10,23,11,3,3,85,73,73,48,161,-212.27,0.20408163265306123,0.46938775510204084,0.2727272727272727,3.1739130434782608,7.0,0.006864999960498608
demand_surge,nearest,1001002,41,23,10,16,6,1,2,82,76,76,48,121,-49.72000000000004,0.24390243902439024,0.5609756097560976,0.16666666666666666,3.3043478260869565,5.260869565217392,0.0066650000007939525
demand_surge,nearest,1001003,46,23,13,20,13,6,3,85,69,69,42,132,-159.48000000000002,0.2826086956521739,0.5,0.46153846153846156,3.0,5.739130434782608,0.00664500001335
demand_surge,nearest,1001004,42,23,13,15,10,5,4,85,76,76,42,113,-72.32999999999998,0.30952380952380953,0.5476190476190477,0.5,3.3043478260869565,4.913043478260869,0.00672499999154752
demand_surge,nearest,1001005,45,21,7,19,11,2,5,85,69,69,42,141,-206.9800000000001,0.15555555555555556,0.4666666666666667,0.18181818181818182,3.2857142857142856,6.714285714285714,0.0067800000067563815
demand_surge,nearest,1001006,45,25,13,19,15,7,1,84,76,76,51,137,-55.23999999999999,0.28888888888888886,0.5555555555555556,0.4666666666666667,3.04,5.48,0.006710000008069983
demand_surge,nearest,1001007,50,23,11,25,12,3,2,82,73,73,54,130,-212.50999999999988,0.22,0.46,0.25,3.1739130434782608,5.6521739130434785,0.0066049999816186755
demand_surge,nearest,1001008,43,25,12,15,11,8,3,86,74,74,51,121,10.910000000000004,0.27906976744186046,0.5813953488372093,0.7272727272727273,2.96,4.84,0.006570000010697186
demand_surge,nearest,1001009,38,23,10,11,7,3,4,83,77,77,51,157,-62.14000000000004,0.2631578947368421,0.6052631578947368,0.42857142857142855,3.347826086956522,6.826086956521739,0.006600000034495679
demand_surge,nearest,1001010,44,24,11,18,11,4,2,84,76,76,51,169,-62.34000000000001,0.25,0.5454545454545454,0.36363636363636365,3.1666666666666665,7.041666666666667,0.007360999973116122
demand_surge,nearest,1001011,35,22,11,10,9,6,3,85,75,75,45,149,32.94999999999998,0.3142857142857143,0.6285714285714286,0.6666666666666666,3.409090909090909,6.7727272727272725,0.006660000025249246
demand_surge,nearest,1001012,52,23,11,25,7,4,4,82,73,73,54,126,-197.80999999999995,0.21153846153846154,0.4423076923076923,0.5714285714285714,3.1739130434782608,5.478260869565218,0.006909999996196348
demand_surge,nearest,1001013,46,24,10,18,11,5,4,84,73,73,54,110,-99.65999999999995,0.21739130434782608,0.5217391304347826,0.45454545454545453,3.0416666666666665,4.583333333333333,0.006670000004760368
demand_surge,nearest,1001014,37,18,12,14,8,3,5,82,70,70,48,28,-98.66999999999999,0.32432432432432434,0.4864864864864865,0.375,3.888888888888889,1.5555555555555556,0.006654999992861121
demand_surge,nearest,1001015,29,21,12,5,7,7,3,85,71,71,48,114,99.53000000000003,0.41379310344827586,0.7241379310344828,1.0,3.380952380952381,5.428571428571429,0.009374499967407246
demand_surge,nearest,1001016,53,20,7,28,15,2,5,84,76,76,48,123,-364.52,0.1320754716981132,0.37735849056603776,0.13333333333333333,3.8,6.15,0.007035499976382198
demand_surge,nearest,1001017,46,20,8,21,11,3,5,85,76,76,54,151,-262.40999999999997,0.17391304347826086,0.43478260869565216,0.2727272727272727,3.8,7.55,0.006905500015363941
demand_surge,nearest,1001018,47,23,7,22,11,1,2,88,70,70,42,152,-128.47999999999996,0.14893617021276595,0.48936170212765956,0.09090909090909091,3.0434782608695654,6.608695652173913,0.006579999990208307
demand_surge,nearest,1001019,44,18,6,21,8,1,5,84,78,78,57,166,-259.1800000000001,0.13636363636363635,0.4090909090909091,0.125,4.333333333333333,9.222222222222221,0.006960500002151093
demand_surge,nearest,1001020,40,22,12,15,11,7,3,81,73,73,48,122,-60.06999999999999,0.3,0.55,0.6363636363636364,3.3181818181818183,5.545454545454546,0.006624999997484338
demand_surge,nearest,1001021,52,25,10,25,13,4,2,84,77,77,51,157,-197.68999999999994,0.19230769230769232,0.4807692307692308,0.3076923076923077,3.08,6.28,0.006569999982275476
demand_surge,nearest,1001022,49,24,10,23,10,5,2,87,77,77,45,205,-118.00000000000001,0.20408163265306123,0.4897959183673469,0.5,3.2083333333333335,8.541666666666666,0.006584999994174723
demand_surge,nearest,1001023,45,23,10,18,10,3,4,87,73,73,42,159,-143.17999999999995,0.2222222222222222,0.5111111111111111,0.3,3.1739130434782608,6.913043478260869,0.006685000016659615
demand_surge,nearest,1001024,42,21,9,17,9,5,4,85,72,72,51,137,-101.59,0.21428571428571427,0.5,0.5555555555555556,3.4285714285714284,6.523809523809524,0.006960500002151093
demand_surge,nearest,1001025,38,25,18,9,7,6,4,85,78,78,48,73,71.53,0.47368421052631576,0.6578947368421053,0.8571428571428571,3.12,2.92,0.006689999992204321
demand_surge,nearest,1001026,44,21,11,19,17,5,4,86,72,72,51,104,-153.08999999999992,0.25,0.4772727272727273,0.29411764705882354,3.4285714285714284,4.9523809523809526,0.006579999990208307
demand_surge,nearest,1001027,49,21,10,23,13,2,5,87,72,72,45,156,-311.45000000000005,0.20408163265306123,0.42857142857142855,0.15384615384615385,3.4285714285714284,7.428571428571429,0.006624999997484338
demand_surge,nearest,1001028,51,24,12,23,17,8,4,84,76,76,45,146,-201.99999999999991,0.23529411764705882,0.47058823529411764,0.47058823529411764,3.1666666666666665,6.083333333333333,0.006705000004103567
demand_surge,nearest,1001029,40,22,9,15,11,5,3,83,72,72,54,126,-64.41,0.225,0.55,0.45454545454545453,3.272727272727273,5.7272727272727275,0.0065499999948315235
demand_surge,nearest,1001030,36,21,8,11,7,4,4,84,75,75,54,135,-57.41000000000001,0.2222222222222222,0.5833333333333334,0.5714285714285714,3.5714285714285716,6.428571428571429,0.006630000001450753
demand_surge,nearest,1001031,34,22,11,9,11,6,3,87,72,72,42,141,32.36999999999998,0.3235294117647059,0.6470588235294118,0.5454545454545454,3.272727272727273,6.409090909090909,0.0068804999955318635
demand_surge,nearest,1001032,44,22,10,18,11,4,4,83,73,73,51,118,-89.23999999999997,0.22727272727272727,0.5,0.36363636363636365,3.3181818181818183,5.363636363636363,0.006615000017973216
demand_surge,nearest,1001033,40,20,9,16,11,6,4,84,75,75,54,148,-98.26000000000002,0.225,0.5,0.5454545454545454,3.75,7.4,0.006880000000819564
demand_surge,nearest,1001034,30,21,9,4,6,5,5,82,72,72,54,121,71.19000000000005,0.3,0.7,0.8333333333333334,3.4285714285714284,5.761904761904762,0.006824999957188993
demand_surge,nearest,1001035,50,22,9,24,13,5,4,85,73,73,51,168,-203.33999999999992,0.18,0.44,0.38461538461538464,3.3181818181818183,7.636363636363637,0.007020499992904661
demand_surge,nearest,1001036,34,22,9,8,9,4,4,83,75,75,45,121,-5.400000000000013,0.2647058823529412,0.6470588235294118,0.4444444444444444,3.409090909090909,5.5,0.006970500010083924
demand_surge,nearest,1001037,42,22,10,19,15,3,1,85,79,79,51,188,-200.83999999999992,0.23809523809523808,0.5238095238095238,0.2,3.590909090909091,8.545454545454545,0.006875499991565448
demand_surge,nearest,1001038,46,26,13,19,11,4,1,85,74,74,45,155,-65.74999999999999,0.2826086956521739,0.5652173913043478,0.36363636363636365,2.8461538461538463,5.961538461538462,0.0071105000074567215
demand_surge,nearest,1001039,44,26,10,17,15,3,1,83,77,77,51,140,-44.34,0.22727272727272727,0.5909090909090909,0.2,2.9615384615384617,5.384615384615385,0.006824999985610702
demand_surge,nearest,1001040,37,24,11,10,5,4,3,81,71,71,54,94,45.64000000000002,0.2972972972972973,0.6486486486486487,0.8,2.9583333333333335,3.9166666666666665,0.006740000003446767
demand_surge,nearest,1001041,38,20,9,13,6,2,5,87,73,73,42,92,-45.73000000000003,0.23684210526315788,0.5263157894736842,0.3333333333333333,3.65,4.6,0.006710000008069983
demand_surge,nearest,1001042,38,27,16,8,15,11,3,84,77,77,57,119,120.02,0.42105263157894735,0.7105263157894737,0.7333333333333333,2.8518518518518516,4.407407407407407,0.006761000008737028
demand_surge,nearest,1001043,33,21,7,9,5,1,3,84,76,76,54,140,-34.06000000000001,0.21212121212121213,0.6363636363636364,0.2,3.619047619047619,6.666666666666667,0.006820000010065996
demand_surge,nearest,1001044,50,20,9,25,10,2,5,89,72,72,45,120,-285.95,0.18,0.4,0.2,3.6,6.0,0.0069059999816545314
demand_surge,nearest,1001045,40,21,9,15,11,6,4,86,71,71,48,163,-119.57,0.225,0.525,0.5454545454545454,3.380952380952381,7.761904761904762,0.007155999981023342
demand_surge,nearest,1001046,32,21,12,6,6,3,5,87,72,72,48,73,38.62999999999995,0.375,0.65625,0.5,3.4285714285714284,3.4761904761904763,0.006920499998841478
demand_surge,nearest,1001047,44,24,9,19,7,1,1,81,77,77,54,166,-116.55999999999996,0.20454545454545456,0.5454545454545454,0.14285714285714285,3.2083333333333335,6.916666666666667,0.00676999999882355
demand_surge,nearest,1001048,53,23,13,28,13,7,2,80,75,75,51,144,-197.99000000000007,0.24528301886792453,0.4339622641509434,0.5384615384615384,3.260869565217391,6.260869565217392,0.007035999999516207
demand_surge,nearest,1001049,40,22,9,14,9,4,4,86,76,76,45,183,-72.1,0.225,0.55,0.4444444444444444,3.4545454545454546,8.318181818181818,0.006955000003472378
demand_surge,nearest,1001050,43,24,10,17,7,4,2,85,76,76,45,115,-56.79999999999998,0.23255813953488372,0.5581395348837209,0.5714285714285714,3.1666666666666665,4.791666666666667,0.006775499997502266
demand_surge,nearest,1001051,40,24,9,14,10,4,2,86,76,76,45,173,-11.750000000000002,0.225,0.6,0.4,3.1666666666666665,7.208333333333333,0.006900000016685226
demand_surge,nearest,1001052,50,21,10,24,13,5,5,87,76,76,48,176,-291.47,0.2,0.42,0.38461538461538464,3.619047619047619,8.380952380952381,0.007165500022665583
demand_surge,nearest,1001053,37,21,16,11,8,6,5,82,71,71,46,44,-8.83999999999999,0.43243243243243246,0.5675675675675675,0.75,3.380952380952381,2.0952380952380953,0.006750000011379598
demand_surge,nearest,1001054,41,22,11,16,11,3,3,86,72,72,51,122,-120.49,0.2682926829268293,0.5365853658536586,0.2727272727272727,3.272727272727273,5.545454545454546,0.006869999992886733
demand_surge,nearest,1001055,41,18,8,18,9,4,5,88,70,70,45,139,-203.04999999999995,0.1951219512195122,0.43902439024390244,0.4444444444444444,3.888888888888889,7.722222222222222,0.006900999977688116
demand_surge,nearest,1001056,58,21,7,32,15,3,5,87,72,72,45,182,-417.65000000000015,0.1206896551724138,0.3620689655172414,0.2,3.4285714285714284,8.666666666666666,0.006910499990908647
demand_surge,nearest,1001057,44,22,9,18,14,4,4,84,75,75,48,161,-139.76999999999998,0.20454545454545456,0.5,0.2857142857142857,3.409090909090909,7.318181818181818,0.006870500016020742
demand_surge,nearest,1001058,48,23,12,21,13,5,4,86,73,73,48,131,-204.96999999999997,0.25,0.4791666666666667,0.38461538461538464,3.1739130434782608,5.695652173913044,0.006670000004760368
demand_surge,nearest,1001059,60,21,7,35,14,5,4,83,71,71,54,175,-395.26,0.11666666666666667,0.35,0.35714285714285715,3.380952380952381,8.333333333333334,0.0068804999955318635
demand_surge,nearest,1001060,45,21,8,20,11,4,4,83,72,72,42,148,-143.53000000000003,0.17777777777777778,0.4666666666666667,0.36363636363636365,3.4285714285714284,7.0476190476190474,0.006839999997509949
demand_surge,nearest,1001061,51,21,7,26,15,6,4,82,77,77,54,170,-236.10999999999996,0.13725490196078433,0.4117647058823529,0.4,3.6666666666666665,8.095238095238095,0.007356500020705425
demand_surge,nearest,1001062,38,22,10,12,7,4,4,84,75,75,45,136,-53.80000000000002,0.2631578947368421,0.5789473684210527,0.5714285714285714,3.409090909090909,6.181818181818182,0.007205999992265788
demand_surge,nearest,1001063,44,19,7,21,8,0,4,86,74,74,48,136,-242.97000000000006,0.1590909090909091,0.4318181818181818,0.0,3.8947368421052633,7.157894736842105,0.006695000024592446
demand_surge,nearest,1001064,44,25,11,16,10,5,3,87,75,75,45,171,-64.94999999999997,0.25,0.5681818181818182,0.5,3.0,6.84,0.006839999997509949
demand_surge,nearest,1001065,44,22,11,18,9,4,4,85,74,74,51,160,-139.54000000000002,0.25,0.5,0.4444444444444444,3.3636363636363638,7.2727272727272725,0.006956000021318687
demand_surge,nearest,1001066,42,17,8,19,14,5,6,85,75,75,60,140,-260.45000000000005,0.19047619047619047,0.40476190476190477,0.35714285714285715,4.411764705882353,8.235294117647058,0.006870000021308442
demand_surge,nearest,1001067,43,22,9,19,8,3,2,86,76,76,45,178,-157.84999999999988,0.20930232558139536,0.5116279069767442,0.375,3.4545454545454546,8.090909090909092,0.0066650000007939525
demand_surge,nearest,1001068,39,24,12,12,9,4,3,86,75,75,45,133,-14.949999999999974,0.3076923076923077,0.6153846153846154,0.4444444444444444,3.125,5.541666666666667,0.006499499988876778
demand_surge,nearest,1001069,38,20,8,14,13,2,4,76,75,75,57,106,-160.58,0.21052631578947367,0.5263157894736842,0.15384615384615385,3.75,5.3,0.006720499982293404
demand_surge,nearest,1001070,36,20,10,11,9,5,5,87,71,71,51,110,-42.03999999999999,0.2777777777777778,0.5555555555555556,0.5555555555555556,3.55,5.5,0.0064349999888690945
demand_surge,nearest,1001071,38,21,8,12,8,3,5,83,76,76,60,158,-92.0,0.21052631578947367,0.5526315789473685,0.375,3.619047619047619,7.523809523809524,0.006595000002107554
demand_surge,nearest,1001072,41,24,13,13,8,5,4,85,73,73,48,109,-27.819999999999972,0.3170731707317073,0.5853658536585366,0.625,3.0416666666666665,4.541666666666667,0.006855499975699786
demand_surge,nearest,1001073,55,21,10,29,11,3,5,85,73,73,54,129,-316.61,0.18181818181818182,0.38181818181818183,0.2727272727272727,3.4761904761904763,6.142857142857143,0.0065399999868986924
demand_surge,nearest,1001074,45,24,10,18,15,10,3,83,78,78,54,165,-31.359999999999978,0.2222222222222222,0.5333333333333333,0.6666666666666666,3.25,6.875,0.006735499994192651
demand_surge,nearest,1001075,39,22,10,14,5,5,3,84,73,73,57,148,-24.830000000000027,0.2564102564102564,0.5641025641025641,1.0,3.3181818181818183,6.7272727272727275,0.0065499999948315235
demand_surge,nearest,1001076,48,20,11,23,14,6,5,87,74,74,51,139,-230.69000000000005,0.22916666666666666,0.4166666666666667,0.42857142857142855,3.7,6.95,0.006755500010058313
demand_surge,nearest,1001077,42,21,12,17,13,8,4,85,73,73,48,111,-93.22,0.2857142857142857,0.5,0.6153846153846154,3.4761904761904763,5.285714285714286,0.006694999996170736
demand_surge,nearest,1001078,45,23,12,19,8,3,3,80,74,74,57,131,-106.48,0.26666666666666666,0.5111111111111111,0.375,3.217391304347826,5.695652173913044,0.0066750000087267836
demand_surge,nearest,1001079,34,19,12,12,7,6,3,82,73,73,51,70,-5.389999999999969,0.35294117647058826,0.5588235294117647,0.8571428571428571,3.8421052631578947,3.6842105263157894,0.006761000008737028
demand_surge,nearest,1001080,38,23,11,11,4,4,4,85,74,74,45,119,11.59999999999998,0.2894736842105263,0.6052631578947368,1.0,3.217391304347826,5.173913043478261,0.006910999985620947
demand_surge,nearest,1001081,39,22,12,12,13,4,5,84,69,69,51,91,-111.13999999999999,0.3076923076923077,0.5641025641025641,0.3076923076923077,3.1363636363636362,4.136363636363637,0.006659999996827537
demand_surge,nearest,1001082,40,21,9,15,8,6,4,88,69,69,36,152,-48.04000000000004,0.225,0.525,0.75,3.2857142857142856,7.238095238095238,0.006530000007387571
demand_surge,nearest,1001083,42,21,10,17,15,5,4,87,67,67,45,161,-110.4,0.23809523809523808,0.5,0.3333333333333333,3.1904761904761907,7.666666666666667,0.006530000007387571
demand_surge,nearest,1001084,45,22,8,21,8,2,2,86,71,71,45,213,-130.2,0.17777777777777778,0.4888888888888889,0.25,3.227272727272727,9.681818181818182,0.00656500000673077
demand_surge,nearest,1001085,42,22,11,16,13,8,4,86,73,73,51,176,-40.94000000000001,0.2619047619047619,0.5238095238095238,0.6153846153846154,3.3181818181818183,8.0,0.006819999981644287
demand_surge,nearest,1001086,40,20,9,15,12,4,5,84,73,73,57,94,-98.83000000000001,0.225,0.5,0.3333333333333333,3.65,4.7,0.006784999982301088
demand_surge,nearest,1001087,52,22,10,26,14,4,4,83,71,71,57,125,-297.97999999999996,0.19230769230769232,0.4230769230769231,0.2857142857142857,3.227272727272727,5.681818181818182,0.0068450000014763646
demand_surge,nearest,1001088,50,25,15,22,9,6,3,82,77,77,51,101,-59.39000000000003,0.3,0.5,0.6666666666666666,3.08,4.04,0.006825499980323002
demand_surge,nearest,1001089,44,19,9,20,12,5,5,83,76,76,54,113,-219.41,0.20454545454545456,0.4318181818181818,0.4166666666666667,4.0,5.947368421052632,0.0068804999955318635
demand_surge,nearest,1001090,39,21,11,15,6,2,3,86,73,73,51,121,-127.64000000000004,0.28205128205128205,0.5384615384615384,0.3333333333333333,3.4761904761904763,5.761904761904762,0.006825000014032412
demand_surge,nearest,1001091,51,22,8,27,11,2,2,86,75,75,48,160,-272.5200000000001,0.1568627450980392,0.43137254901960786,0.18181818181818182,3.409090909090909,7.2727272727272725,0.0068155000008118805
demand_surge,nearest,1001092,32,24,11,7,9,4,1,84,76,76,48,115,97.12999999999998,0.34375,0.75,0.4444444444444444,3.1666666666666665,4.791666666666667,0.006684999988237905
demand_surge,nearest,1001093,36,18,11,13,13,8,5,83,72,72,48,71,-94.62,0.3055555555555556,0.5,0.6153846153846154,4.0,3.9444444444444446,0.006600000034495679
demand_surge,nearest,1001094,39,22,9,13,10,4,4,87,76,76,45,112,-101.64999999999998,0.23076923076923078,0.5641025641025641,0.4,3.4545454545454546,5.090909090909091,0.006649999988894706
demand_surge,nearest,1001095,42,21,7,18,10,4,3,86,68,68,45,166,-125.15000000000002,0.16666666666666666,0.5,0.4,3.238095238095238,7.904761904761905,0.00667999998427149
demand_surge,nearest,1001096,40,19,10,15,11,7,6,83,74,74,54,129,-118.91000000000003,0.25,0.475,0.6363636363636364,3.8947368421052633,6.7894736842105265,0.006880000000819564
demand_surge,nearest,1001097,46,21,9,22,12,4,3,80,75,75,57,142,-211.87999999999997,0.1956521739130435,0.45652173913043476,0.3333333333333333,3.5714285714285716,6.761904761904762,0.006780500001468681
demand_surge,nearest,1001098,44,24,12,17,8,2,3,83,74,74,51,76,-101.73999999999998,0.2727272727272727,0.5454545454545454,0.25,3.0833333333333335,3.1666666666666665,0.006494999979622662
demand_surge,nearest,1001099,43,20,9,19,6,1,4,83,72,72,54,109,-196.51000000000005,0.20930232558139536,0.46511627906976744,0.16666666666666666,3.6,5.45,0.006829999989577118
demand_surge,nearest,1001100,38,23,12,13,6,3,2,86,75,75,48,105,-11.769999999999957,0.3157894736842105,0.6052631578947368,0.5,3.260869565217391,4.565217391304348,0.006654999992861121
demand_surge,nearest,1001101,52,21,7,28,7,1,3,84,76,76,51,179,-324.3899999999998,0.1346153846153846,0.40384615384615385,0.14285714285714285,3.619047619047619,8.523809523809524,0.006740000003446767
demand_surge,nearest,1001102,43,20,9,18,14,5,5,85,72,72,51,121,-164.54000000000002,0.20930232558139536,0.46511627906976744,0.35714285714285715,3.6,6.05,0.00702050002132637
demand_surge,nearest,1001103,38,19,5,15,12,2,4,86,74,74,51,174,-145.09000000000003,0.13157894736842105,0.5,0.16666666666666666,3.8947368421052633,9.157894736842104,0.006705000004103567
demand_surge,nearest,1001104,46,21,6,20,6,1,5,85,70,70,48,132,-214.37,0.13043478260869565,0.45652173913043476,0.16666666666666666,3.3333333333333335,6.285714285714286,0.007045500012736738
demand_surge,nearest,1001105,45,23,12,19,3,0,3,86,74,74,48,137,-143.97,0.26666666666666666,0.5111111111111111,0.0,3.217391304347826,5.956521739130435,0.00685050000015508
demand_surge,nearest,1001106,48,24,8,21,14,5,3,84,76,76,48,151,-153.51999999999992,0.16666666666666666,0.5,0.35714285714285715,3.1666666666666665,6.291666666666667,0.006835000021965243
demand_surge,nearest,1001107,48,22,11,23,15,6,3,83,71,71,48,161,-230.17000000000002,0.22916666666666666,0.4583333333333333,0.4,3.227272727272727,7.318181818181818,0.007236000016064281
demand_surge,nearest,1001108,49,24,8,21,13,4,4,83,77,77,48,161,-165.1200000000001,0.16326530612244897,0.4897959183673469,0.3076923076923077,3.2083333333333335,6.708333333333333,0.006915500023296772
demand_surge,nearest,1001109,48,23,13,21,12,7,4,80,75,75,57,124,-139.82999999999998,0.2708333333333333,0.4791666666666667,0.5833333333333334,3.260869565217391,5.391304347826087,0.007005500009427124
demand_surge,nearest,1001110,45,21,7,22,15,4,2,85,73,73,45,194,-189.79999999999987,0.15555555555555556,0.4666666666666667,0.26666666666666666,3.4761904761904763,9.238095238095237,0.006799999994200334
demand_surge,nearest,1001111,48,20,7,23,16,3,5,86,67,67,48,149,-306.32,0.14583333333333334,0.4166666666666667,0.1875,3.35,7.45,0.006970500010083924
demand_surge,nearest,1001112,57,21,7,32,17,3,4,87,73,73,42,162,-372.92999999999995,0.12280701754385964,0.3684210526315789,0.17647058823529413,3.4761904761904763,7.714285714285714,0.0067705000219575595
demand_surge,nearest,1001113,61,23,10,34,16,5,4,85,79,79,48,158,-408.21999999999997,0.16393442622950818,0.3770491803278688,0.3125,3.4347826086956523,6.869565217391305,0.006649999988894706
demand_surge,nearest,1001114,58,19,7,33,11,2,6,87,63,63,48,113,-403.27000000000015,0.1206896551724138,0.3275862068965517,0.18181818181818182,3.3157894736842106,5.947368421052632,0.007080999978370528
demand_surge,nearest,1001115,42,21,8,17,8,5,4,86,76,76,45,147,-87.55,0.19047619047619047,0.5,0.625,3.619047619047619,7.0,0.006965499977695799
demand_surge,nearest,1001116,48,19,5,27,8,2,2,86,72,72,45,197,-258.04999999999995,0.10416666666666667,0.3958333333333333,0.25,3.789473684210526,10.368421052631579,0.00664500001335
demand_surge,nearest,1001117,44,21,8,19,10,3,4,82,75,75,54,136,-179.05999999999997,0.18181818181818182,0.4772727272727273,0.3,3.5714285714285716,6.476190476190476,0.007356000025993126
demand_surge,nearest,1001118,43,21,8,19,11,4,3,81,75,75,45,155,-167.54999999999995,0.18604651162790697,0.4883720930232558,0.36363636363636365,3.5714285714285716,7.380952380952381,0.006780000035178091
demand_surge,nearest,1001119,42,22,11,16,9,5,4,85,71,71,45,142,-104.80000000000001,0.2619047619047619,0.5238095238095238,0.5555555555555556,3.227272727272727,6.454545454545454,0.006739999975025057
demand_surge,nearest,1001120,50,20,8,26,15,2,4,83,75,75,54,196,-312.46,0.16,0.4,0.13333333333333333,3.75,9.8,0.0072109999962322036
demand_surge,nearest,1001121,50,24,9,24,12,6,2,85,77,77,54,172,-135.90999999999994,0.18,0.48,0.5,3.2083333333333335,7.166666666666667,0.006840499992222249
demand_surge,nearest,1001122,43,22,9,20,14,5,1,85,74,74,48,159,-138.87000000000006,0.20930232558139536,0.5116279069767442,0.35714285714285715,3.3636363636363638,7.2272727272727275,0.0065949999736858445
demand_surge,nearest,1001123,44,20,10,18,13,6,6,85,69,69,51,115,-178.84000000000003,0.22727272727272727,0.45454545454545453,0.46153846153846156,3.45,5.75,0.006970000015371625
demand_surge,nearest,1001124,44,24,12,17,8,4,3,82,76,76,54,141,-64.60999999999999,0.2727272727272727,0.5454545454545454,0.5,3.1666666666666665,5.875,0.006810000002133165
demand_surge,nearest,1001125,36,21,10,10,8,4,5,84,70,70,45,155,-40.10000000000002,0.2777777777777778,0.5833333333333334,0.5,3.3333333333333335,7.380952380952381,0.007231000012097866
demand_surge,nearest,1001126,28,21,14,3,8,5,4,81,75,75,51,73,128.21000000000006,0.5,0.75,0.625,3.5714285714285716,3.4761904761904763,0.006855499975699786
demand_surge,nearest,1001127,45,22,9,20,16,6,3,84,74,74,54,151,-207.75999999999993,0.2,0.4888888888888889,0.375,3.3636363636363638,6.863636363636363,0.006890999998176994
demand_surge,nearest,1001128,48,20,7,24,8,2,4,85,74,74,51,177,-257.64,0.14583333333333334,0.4166666666666667,0.25,3.7,8.85,0.006750000011379598
demand_surge,nearest,1001129,46,22,11,22,14,7,2,82,78,78,51,140,-147.88999999999993,0.2391304347826087,0.4782608695652174,0.5,3.5454545454545454,6.363636363636363,0.006790500009401512
demand_surge,nearest,1001130,51,22,10,24,11,5,5,86,71,71,51,119,-222.33999999999997,0.19607843137254902,0.43137254901960786,0.45454545454545453,3.227272727272727,5.409090909090909,0.006795500013367928
demand_surge,nearest,1001131,44,21,10,17,13,5,6,84,73,73,57,100,-182.23000000000002,0.22727272727272727,0.4772727272727273,0.38461538461538464,3.4761904761904763,4.761904761904762,0.006990500025949586
demand_surge,nearest,1001132,57,23,9,32,12,4,2,84,68,68,45,167,-289.1000000000001,0.15789473684210525,0.40350877192982454,0.3333333333333333,2.9565217391304346,7.260869565217392,0.007105999998202606
demand_surge,nearest,1001133,48,26,12,21,8,4,1,83,76,76,51,98,-35.19,0.25,0.5416666666666666,0.5,2.923076923076923,3.769230769230769,0.006639999980961875
demand_surge,nearest,1001134,47,20,9,21,15,4,6,84,74,74,51,111,-286.69,0.19148936170212766,0.425531914893617,0.26666666666666666,3.7,5.55,0.006654999992861121
demand_surge,nearest,1001135,51,19,8,28,16,5,4,84,73,73,48,151,-345.92,0.1568627450980392,0.37254901960784315,0.3125,3.8421052631578947,7.947368421052632,0.0066910000100506295
demand_surge,nearest,1001136,41,20,7,19,12,4,2,83,75,75,51,178,-163.04000000000005,0.17073170731707318,0.4878048780487805,0.3333333333333333,3.75,8.9,0.006530000007387571
demand_surge,nearest,1001137,48,23,10,20,14,4,5,83,71,71,42,126,-177.78,0.20833333333333334,0.4791666666666667,0.2857142857142857,3.0869565217391304,5.478260869565218,0.006695500019304745
demand_surge,nearest,1001138,44,22,9,20,9,4,2,85,77,77,57,139,-130.6799999999999,0.20454545454545456,0.5,0.4444444444444444,3.5,6.318181818181818,0.006579999990208307
demand_surge,nearest,1001139,38,25,16,11,13,9,2,79,75,75,54,85,71.64000000000007,0.42105263157894735,0.6578947368421053,0.6923076923076923,3.0,3.4,0.006635000005417169
demand_surge,nearest,1001140,42,22,6,18,9,3,2,86,74,74,51,185,-145.53999999999996,0.14285714285714285,0.5238095238095238,0.3333333333333333,3.3636363636363638,8.409090909090908,0.0067654999895694345
demand_surge,nearest,1001141,39,22,9,16,13,5,1,84,73,73,48,162,-22.020000000000003,0.23076923076923078,0.5641025641025641,0.38461538461538464,3.3181818181818183,7.363636363636363,0.006775000002789966
demand_surge,nearest,1001142,33,19,9,10,9,4,4,81,69,69,51,105,-41.59000000000002,0.2727272727272727,0.5757575757575758,0.4444444444444444,3.6315789473684212,5.526315789473684,0.006874999996853148
demand_surge,nearest,1001143,49,22,10,24,10,4,3,87,67,67,45,145,-208.05,0.20408163265306123,0.4489795918367347,0.4,3.0454545454545454,6.590909090909091,0.006970499981662215
demand_surge,nearest,1001144,46,22,9,20,13,7,4,84,76,76,51,163,-113.13999999999997,0.1956521739130435,0.4782608695652174,0.5384615384615384,3.4545454545454546,7.409090909090909,0.006810000002133165
demand_surge,nearest,1001145,40,24,13,11,13,9,5,84,70,70,48,147,0.22999999999995424,0.325,0.6,0.6923076923076923,2.9166666666666665,6.125,0.00680499999816675
demand_surge,nearest,1001146,50,20,10,25,12,5,5,85,69,69,48,89,-243.57000000000002,0.2,0.4,0.4166666666666667,3.45,4.45,0.0067649999664354254
demand_surge,nearest,1001147,48,23,12,21,10,4,4,87,76,76,48,161,-182.21999999999997,0.25,0.4791666666666667,0.4,3.3043478260869565,7.0,0.007045000018024439
demand_surge,nearest,1001148,39,20,12,15,16,7,4,86,69,69,51,91,-66.38999999999999,0.3076923076923077,0.5128205128205128,0.4375,3.45,4.55,0.006950499994218262
demand_surge,nearest,1001149,38,23,12,13,9,3,2,82,74,74,51,99,-22.93999999999997,0.3157894736842105,0.6052631578947368,0.3333333333333333,3.217391304347826,4.304347826086956,0.0065499999948315235
demand_surge,deadline,1001000,38,21,11,13,14,4,4,88,74,74,45,134,-55.55,0.2894736842105263,0.5526315789473685,0.2857142857142857,3.5238095238095237,6.380952380952381,0.006835499988255833
demand_surge,deadline,1001001,49,21,9,25,11,2,3,88,72,72,42,172,-281.38,0.1836734693877551,0.42857142857142855,0.18181818181818182,3.4285714285714284,8.19047619047619,0.007039999957214604
demand_surge,deadline,1001002,41,19,8,18,6,0,4,86,77,77,42,134,-146.43000000000006,0.1951219512195122,0.4634146341463415,0.0,4.052631578947368,7.052631578947368,0.006744999978991473
demand_surge,deadline,1001003,46,24,12,19,13,5,3,82,82,82,51,122,-130.28999999999996,0.2608695652173913,0.5217391304347826,0.38461538461538464,3.4166666666666665,5.083333333333333,0.0069159999895873625
demand_surge,deadline,1001004,42,22,12,16,10,4,4,84,77,77,45,123,-116.49999999999997,0.2857142857142857,0.5238095238095238,0.4,3.5,5.590909090909091,0.0067199999875811045
demand_surge,deadline,1001005,45,21,6,20,11,2,4,86,72,72,42,174,-189.48000000000013,0.13333333333333333,0.4666666666666667,0.18181818181818182,3.4285714285714284,8.285714285714286,0.0066750000087267836
demand_surge,deadline,1001006,45,22,11,19,15,5,4,90,73,73,42,118,-189.7800000000001,0.24444444444444444,0.4888888888888889,0.3333333333333333,3.3181818181818183,5.363636363636363,0.0066650000007939525
demand_surge,deadline,1001007,50,23,10,25,12,2,2,82,77,77,57,163,-231.18000000000006,0.2,0.46,0.16666666666666666,3.347826086956522,7.086956521739131,0.006700499966427742
demand_surge,deadline,1001008,43,24,10,16,11,6,3,86,76,76,48,155,-2.6200000000000205,0.23255813953488372,0.5581395348837209,0.5454545454545454,3.1666666666666665,6.458333333333333,0.006900500039819235
demand_surge,deadline,1001009,38,21,9,15,7,3,2,83,79,79,54,205,-98.60999999999999,0.23684210526315788,0.5526315789473685,0.42857142857142855,3.761904761904762,9.761904761904763,0.007266000011441065
demand_surge,deadline,1001010,44,22,9,20,11,3,2,85,71,71,51,177,-115.04,0.20454545454545456,0.5,0.2727272727272727,3.227272727272727,8.045454545454545,0.0067649999664354254
demand_surge,deadline,1001011,35,18,7,11,9,2,6,86,76,76,51,135,-134.54000000000002,0.2,0.5142857142857142,0.2222222222222222,4.222222222222222,7.5,0.006826000003457011
demand_surge,deadline,1001012,52,25,10,26,7,3,1,85,77,77,48,104,-117.07000000000001,0.19230769230769232,0.4807692307692308,0.42857142857142855,3.08,4.16,0.0068255000087447115
demand_surge,deadline,1001013,46,22,12,20,11,7,4,86,70,70,48,132,-114.72,0.2608695652173913,0.4782608695652174,0.6363636363636364,3.1818181818181817,6.0,0.006700000028558861
demand_surge,deadline,1001014,37,18,12,14,8,3,5,82,69,69,48,41,-99.72,0.32432432432432434,0.4864864864864865,0.375,3.8333333333333335,2.2777777777777777,0.006560000002764355
demand_surge,deadline,1001015,29,20,10,5,7,5,4,85,71,71,54,120,37.140000000000015,0.3448275862068966,0.6896551724137931,0.7142857142857143,3.55,6.0,0.006970500010083924
demand_surge,deadline,1001016,53,19,8,28,15,2,6,84,74,74,54,108,-325.30999999999995,0.1509433962264151,0.3584905660377358,0.13333333333333333,3.8947368421052633,5.684210526315789,0.0068500000338644895
demand_surge,deadline,1001017,46,20,7,22,11,2,4,84,72,72,57,156,-279.67999999999995,0.15217391304347827,0.43478260869565216,0.18181818181818182,3.6,7.8,0.006595000002107554
demand_surge,deadline,1001018,47,23,8,22,11,2,2,88,75,75,48,137,-164.66999999999987,0.1702127659574468,0.48936170212765956,0.18181818181818182,3.260869565217391,5.956521739130435,0.006660000025249246
demand_surge,deadline,1001019,44,20,5,21,8,1,3,86,74,74,51,202,-225.63999999999993,0.11363636363636363,0.45454545454545453,0.125,3.7,10.1,0.0069305000067743094
demand_surge,deadline,1001020,40,21,9,15,11,3,4,85,74,74,45,138,-129.25,0.225,0.525,0.2727272727272727,3.5238095238095237,6.571428571428571,0.00664500001335
demand_surge,deadline,1001021,52,25,11,25,13,5,2,84,81,81,54,133,-191.50999999999996,0.21153846153846154,0.4807692307692308,0.38461538461538464,3.24,5.32,0.006710000008069983
demand_surge,deadline,1001022,49,21,9,22,10,4,6,86,77,77,51,162,-203.49,0.1836734693877551,0.42857142857142855,0.4,3.6666666666666665,7.714285714285714,0.006745000007413182
demand_surge,deadline,1001023,45,22,9,19,10,2,4,83,75,75,57,145,-167.03000000000003,0.2,0.4888888888888889,0.2,3.409090909090909,6.590909090909091,0.006579999990208307
demand_surge,deadline,1001024,42,21,8,18,9,4,3,83,69,69,60,183,-128.25000000000003,0.19047619047619047,0.5,0.4444444444444444,3.2857142857142856,8.714285714285714,0.006470000016634003
demand_surge,deadline,1001025,38,24,14,10,7,2,4,86,75,75,48,81,1.3799999999999955,0.3684210526315789,0.631578947368421,0.2857142857142857,3.125,3.375,0.007390999996914616
demand_surge,deadline,1001026,44,20,9,19,17,3,5,88,74,74,48,136,-268.47,0.20454545454545456,0.45454545454545453,0.17647058823529413,3.7,6.8,0.006784999982301088
demand_surge,deadline,1001027,49,19,6,25,13,0,5,87,69,69,48,165,-382.16999999999996,0.12244897959183673,0.3877551020408163,0.0,3.6315789473684212,8.68421052631579,0.006600000006073969
demand_surge,deadline,1001028,51,23,8,23,17,6,5,85,81,81,48,143,-193.36999999999995,0.1568627450980392,0.45098039215686275,0.35294117647058826,3.5217391304347827,6.217391304347826,0.006640000009383584
demand_surge,deadline,1001029,40,22,9,16,11,7,2,88,70,70,42,152,-39.579999999999984,0.225,0.55,0.6363636363636364,3.1818181818181817,6.909090909090909,0.006740499998159066
demand_surge,deadline,1001030,36,22,8,11,7,4,3,83,75,75,54,137,-29.860000000000014,0.2222222222222222,0.6111111111111112,0.5714285714285714,3.409090909090909,6.2272727272727275,0.006700000028558861
demand_surge,deadline,1001031,34,22,7,10,11,3,2,86,76,76,45,133,14.75,0.20588235294117646,0.6470588235294118,0.2727272727272727,3.4545454545454546,6.045454545454546,0.006670000004760368
demand_surge,deadline,1001032,44,23,13,18,11,6,3,83,73,73,54,120,-54.759999999999984,0.29545454545454547,0.5227272727272727,0.5454545454545454,3.1739130434782608,5.217391304347826,0.006619999993517922
demand_surge,deadline,1001033,40,19,9,16,11,6,5,85,73,73,51,165,-175.99,0.225,0.475,0.5454545454545454,3.8421052631578947,8.68421052631579,0.006739999975025057
demand_surge,deadline,1001034,30,19,9,6,6,4,5,83,71,71,54,107,20.59000000000004,0.3,0.6333333333333333,0.6666666666666666,3.736842105263158,5.631578947368421,0.0067900000146892125
demand_surge,deadline,1001035,50,22,8,25,13,4,3,88,73,73,45,189,-208.55,0.16,0.44,0.3076923076923077,3.3181818181818183,8.590909090909092,0.006825499980323002
demand_surge,deadline,1001036,34,21,8,10,9,3,3,85,73,73,48,133,-17.320000000000014,0.23529411764705882,0.6176470588235294,0.3333333333333333,3.4761904761904763,6.333333333333333,0.00664499998492829
demand_surge,deadline,1001037,42,21,10,18,15,3,3,85,79,79,54,159,-217.3599999999999,0.23809523809523808,0.5,0.2,3.761904761904762,7.571428571428571,0.006590000026562848
demand_surge,deadline,1001038,46,21,10,21,11,2,4,89,69,69,42,139,-193.63000000000002,0.21739130434782608,0.45652173913043476,0.18181818181818182,3.2857142857142856,6.619047619047619,0.006634999976995459
demand_surge,deadline,1001039,44,24,11,17,15,4,3,84,80,80,51,122,-93.54000000000002,0.25,0.5454545454545454,0.26666666666666666,3.3333333333333335,5.083333333333333,0.006669999976338659
demand_surge,deadline,1001040,37,23,11,10,5,5,4,81,71,71,51,97,38.75999999999997,0.2972972972972973,0.6216216216216216,1.0,3.0869565217391304,4.217391304347826,0.0066700000331820775
demand_surge,deadline,1001041,38,20,8,13,6,2,5,87,73,73,42,94,-48.53000000000003,0.21052631578947367,0.5263157894736842,0.3333333333333333,3.65,4.7,0.006549500000119224
demand_surge,deadline,1001042,38,27,16,9,15,10,2,84,77,77,57,126,141.67000000000004,0.42105263157894735,0.7105263157894737,0.6666666666666666,2.8518518518518516,4.666666666666667,0.006649999988894706
demand_surge,deadline,1001043,33,22,6,9,5,0,2,84,81,81,54,126,-5.760000000000025,0.18181818181818182,0.6666666666666666,0.0,3.6818181818181817,5.7272727272727275,0.006625000025906047
demand_surge,deadline,1001044,50,21,9,25,10,3,4,89,77,77,48,150,-223.21999999999989,0.18,0.42,0.3,3.6666666666666665,7.142857142857143,0.006639999980961875
demand_surge,deadline,1001045,40,22,8,15,11,5,3,88,70,70,42,184,-120.98000000000002,0.2,0.55,0.45454545454545453,3.1818181818181817,8.363636363636363,0.006635000005417169
demand_surge,deadline,1001046,32,21,12,6,6,2,5,85,77,77,51,52,47.86000000000005,0.375,0.65625,0.3333333333333333,3.6666666666666665,2.4761904761904763,0.0064495000060560415
demand_surge,deadline,1001047,44,20,10,19,7,2,5,84,79,79,51,150,-217.59000000000003,0.22727272727272727,0.45454545454545453,0.2857142857142857,3.95,7.5,0.006780499973046972
demand_surge,deadline,1001048,53,20,9,29,13,4,4,83,71,71,48,172,-317.8700000000002,0.16981132075471697,0.37735849056603776,0.3076923076923077,3.55,8.6,0.006605000010040385
demand_surge,deadline,1001049,40,20,9,15,9,4,5,87,75,75,48,153,-102.91999999999999,0.225,0.5,0.4444444444444444,3.75,7.65,0.006659999996827537
demand_surge,deadline,1001050,43,24,11,17,7,4,2,84,75,75,54,96,-32.76,0.2558139534883721,0.5581395348837209,0.5714285714285714,3.125,4.0,0.006529999978965861
demand_surge,deadline,1001051,40,23,8,14,10,3,3,88,73,73,45,184,-60.900000000000006,0.2,0.575,0.3,3.1739130434782608,8.0,0.006630000001450753
demand_surge,deadline,1001052,50,21,6,23,13,2,6,86,76,76,51,153,-271.03999999999996,0.12,0.42,0.15384615384615385,3.619047619047619,7.285714285714286,0.006710000008069983
demand_surge,deadline,1001053,37,18,11,13,8,2,6,83,72,72,49,42,-131.51,0.2972972972972973,0.4864864864864865,0.25,4.0,2.3333333333333335,0.006510000019943618
demand_surge,deadline,1001054,41,23,11,16,11,4,2,87,77,77,48,113,-83.96999999999996,0.2682926829268293,0.5609756097560976,0.36363636363636365,3.347826086956522,4.913043478260869,0.006494500013332072
demand_surge,deadline,1001055,41,19,6,18,9,2,4,89,71,71,42,195,-211.63,0.14634146341463414,0.4634146341463415,0.2222222222222222,3.736842105263158,10.263157894736842,0.006605000010040385
demand_surge,deadline,1001056,58,23,11,32,15,5,3,85,77,77,51,151,-292.24,0.1896551724137931,0.39655172413793105,0.3333333333333333,3.347826086956522,6.565217391304348,0.00667999998427149
demand_surge,deadline,1001057,44,20,7,19,14,2,5,86,77,77,48,163,-241.67000000000002,0.1590909090909091,0.45454545454545453,0.14285714285714285,3.85,8.15,0.0067800000067563815
demand_surge,deadline,1001058,48,24,12,18,13,6,6,86,76,76,48,100,-119.07000000000004,0.25,0.5,0.46153846153846156,3.1666666666666665,4.166666666666667,0.006755000015346013
demand_surge,deadline,1001059,60,20,9,36,14,6,4,83,80,80,57,160,-418.08,0.15,0.3333333333333333,0.42857142857142855,4.0,8.0,0.0068255000087447115
demand_surge,deadline,1001060,45,22,8,22,11,4,1,85,71,71,45,183,-154.00000000000009,0.17777777777777778,0.4888888888888889,0.36363636363636365,3.227272727272727,8.318181818181818,0.0065499999948315235
demand_surge,deadline,1001061,51,21,9,27,15,7,3,84,75,75,54,145,-224.80999999999995,0.17647058823529413,0.4117647058823529,0.4666666666666667,3.5714285714285716,6.904761904761905,0.006734999999480351
demand_surge,deadline,1001062,38,22,10,13,7,4,3,82,75,75,54,124,-45.51000000000002,0.2631578947368421,0.5789473684210527,0.5714285714285714,3.409090909090909,5.636363636363637,0.006619999993517922
demand_surge,deadline,1001063,44,22,9,20,8,3,2,82,74,74,57,133,-153.38,0.20454545454545456,0.5,0.375,3.3636363636363638,6.045454545454546,0.006790500009401512
demand_surge,deadline,1001064,44,22,11,17,10,4,5,87,72,72,45,148,-138.29999999999995,0.25,0.5,0.4,3.272727272727273,6.7272727272727275,0.00676999999882355
demand_surge,deadline,1001065,44,19,10,20,9,3,5,87,74,74,51,146,-234.44000000000005,0.22727272727272727,0.4318181818181818,0.3333333333333333,3.8947368421052633,7.684210526315789,0.006674999980305074
demand_surge,deadline,1001066,42,18,8,19,14,5,5,85,75,75,57,159,-234.48000000000008,0.19047619047619047,0.42857142857142855,0.35714285714285715,4.166666666666667,8.833333333333334,0.006564999978309061
demand_surge,deadline,1001067,43,22,9,18,8,2,3,86,71,71,51,142,-151.79,0.20930232558139536,0.5116279069767442,0.25,3.227272727272727,6.454545454545454,0.006684999959816196
demand_surge,deadline,1001068,39,22,12,13,9,5,4,86,72,72,51,130,-66.53999999999995,0.3076923076923077,0.5641025641025641,0.5555555555555556,3.272727272727273,5.909090909090909,0.006594500007395254
demand_surge,deadline,1001069,38,19,8,15,13,2,4,77,75,75,54,120,-158.30999999999997,0.21052631578947367,0.5,0.15384615384615385,3.9473684210526314,6.315789473684211,0.0068255000087447115
demand_surge,deadline,1001070,36,22,9,10,9,3,4,87,76,76,54,100,-9.309999999999917,0.25,0.6111111111111112,0.3333333333333333,3.4545454545454546,4.545454545454546,0.00656500000673077
demand_surge,deadline,1001071,38,23,6,13,8,2,2,85,77,77,51,205,-50.690000000000005,0.15789473684210525,0.6052631578947368,0.25,3.347826086956522,8.91304347826087,0.00664499998492829
demand_surge,deadline,1001072,41,22,14,13,8,5,6,86,69,69,48,89,-81.92,0.34146341463414637,0.5365853658536586,0.625,3.1363636363636362,4.045454545454546,0.00659949998293996
demand_surge,deadline,1001073,55,21,10,29,11,3,5,85,73,73,54,133,-320.8100000000001,0.18181818181818182,0.38181818181818183,0.2727272727272727,3.4761904761904763,6.333333333333333,0.006705500027237576
demand_surge,deadline,1001074,45,22,9,21,15,9,2,86,78,78,51,181,-79.99,0.2,0.4888888888888889,0.6,3.5454545454545454,8.227272727272727,0.0066105000087191
demand_surge,deadline,1001075,39,21,10,13,5,5,5,85,80,80,54,137,-54.01000000000001,0.2564102564102564,0.5384615384615384,1.0,3.8095238095238093,6.523809523809524,0.006665000029215662
demand_surge,deadline,1001076,48,18,8,25,14,4,5,86,73,73,51,132,-320.5400000000001,0.16666666666666666,0.375,0.2857142857142857,4.055555555555555,7.333333333333333,0.006700000000137152
demand_surge,deadline,1001077,42,20,12,17,13,8,5,86,72,72,51,105,-126.14000000000001,0.2857142857142857,0.47619047619047616,0.6153846153846154,3.6,5.25,0.006704999975681858
demand_surge,deadline,1001078,45,22,11,20,8,3,3,87,77,77,45,142,-117.54999999999998,0.24444444444444444,0.4888888888888889,0.375,3.5,6.454545454545454,0.006740000031868476
demand_surge,deadline,1001079,34,18,10,13,7,4,3,83,77,77,54,94,-40.40999999999997,0.29411764705882354,0.5294117647058824,0.5714285714285714,4.277777777777778,5.222222222222222,0.00655449997566393
demand_surge,deadline,1001080,38,23,10,11,4,4,4,85,75,75,45,111,14.40000000000002,0.2631578947368421,0.6052631578947368,1.0,3.260869565217391,4.826086956521739,0.006700000000137152
demand_surge,deadline,1001081,39,23,12,13,13,3,3,87,67,67,48,115,-89.57000000000001,0.3076923076923077,0.5897435897435898,0.23076923076923078,2.9130434782608696,5.0,0.006600000006073969
demand_surge,deadline,1001082,40,20,9,16,8,6,4,86,72,72,42,156,-93.43000000000005,0.225,0.5,0.75,3.6,7.8,0.006630000001450753
demand_surge,deadline,1001083,42,22,11,15,15,6,5,86,77,77,48,123,-57.12,0.2619047619047619,0.5238095238095238,0.4,3.5,5.590909090909091,0.0066650000007939525
demand_surge,deadline,1001084,45,21,6,22,8,1,2,85,76,76,51,209,-160.88999999999996,0.13333333333333333,0.4666666666666667,0.125,3.619047619047619,9.952380952380953,0.006544999990865108
demand_surge,deadline,1001085,42,24,12,15,13,9,3,85,75,75,51,183,11.409999999999997,0.2857142857142857,0.5714285714285714,0.6923076923076923,3.125,7.625,0.006639999980961875
demand_surge,deadline,1001086,40,20,9,16,12,2,4,87,76,76,51,130,-155.74,0.225,0.5,0.16666666666666666,3.8,6.5,0.00655449997566393
demand_surge,deadline,1001087,52,22,8,29,14,3,1,86,74,74,45,182,-283.40000000000015,0.15384615384615385,0.4230769230769231,0.21428571428571427,3.3636363636363638,8.272727272727273,0.0065499999948315235
demand_surge,deadline,1001088,50,23,14,23,9,5,4,84,74,74,51,105,-130.18999999999997,0.28,0.46,0.5555555555555556,3.217391304347826,4.565217391304348,0.00667999998427149
demand_surge,deadline,1001089,44,18,8,21,12,4,5,85,76,76,51,143,-249.58999999999997,0.18181818181818182,0.4090909090909091,0.3333333333333333,4.222222222222222,7.944444444444445,0.007075500008113522
demand_surge,deadline,1001090,39,22,10,14,6,3,3,85,71,71,51,128,-56.08999999999999,0.2564102564102564,0.5641025641025641,0.5,3.227272727272727,5.818181818181818,0.00664500001335
demand_surge,deadline,1001091,51,16,8,29,11,2,6,88,74,74,51,132,-467.1400000000001,0.1568627450980392,0.3137254901960784,0.18181818181818182,4.625,8.25,0.0068255000087447115
demand_surge,deadline,1001092,32,24,10,7,9,4,1,86,75,75,48,117,94.43,0.3125,0.75,0.4444444444444444,3.125,4.875,0.0066200000219396316
demand_surge,deadline,1001093,36,21,11,13,13,8,2,82,77,77,45,117,-28.550000000000008,0.3055555555555556,0.5833333333333334,0.6153846153846154,3.6666666666666665,5.571428571428571,0.006654999992861121
demand_surge,deadline,1001094,39,21,9,13,10,4,5,88,76,76,45,105,-127.1,0.23076923076923078,0.5384615384615384,0.4,3.619047619047619,5.0,0.006815000006099581
demand_surge,deadline,1001095,42,19,6,19,10,2,4,88,70,70,42,149,-217.12999999999997,0.14285714285714285,0.4523809523809524,0.2,3.6842105263157894,7.842105263157895,0.006529500012675271
demand_surge,deadline,1001096,40,18,6,18,11,2,4,87,69,69,48,195,-222.21999999999997,0.15,0.45,0.18181818181818182,3.8333333333333335,10.833333333333334,0.006524500008708856
demand_surge,deadline,1001097,46,20,8,22,12,1,4,81,73,73,51,160,-270.98999999999995,0.17391304347826086,0.43478260869565216,0.08333333333333333,3.65,8.0,0.006574999986241892
demand_surge,deadline,1001098,44,23,11,17,8,2,4,85,73,73,45,86,-108.40000000000002,0.25,0.5227272727272727,0.25,3.1739130434782608,3.739130434782609,0.006590000026562848
demand_surge,deadline,1001099,43,19,9,19,6,1,5,85,71,71,48,109,-227.97000000000003,0.20930232558139536,0.4418604651162791,0.16666666666666666,3.736842105263158,5.7368421052631575,0.0064799999677234155
demand_surge,deadline,1001100,38,23,13,13,6,3,2,86,75,75,48,108,-8.269999999999945,0.34210526315789475,0.6052631578947368,0.5,3.260869565217391,4.695652173913044,0.0065139999776420154
demand_surge,deadline,1001101,52,21,7,28,7,1,3,84,76,76,51,180,-320.1900000000001,0.1346153846153846,0.40384615384615385,0.14285714285714285,3.619047619047619,8.571428571428571,0.0066100000140068005
demand_surge,deadline,1001102,43,21,6,18,14,3,4,86,72,72,45,169,-173.65000000000006,0.13953488372093023,0.4883720930232558,0.21428571428571427,3.4285714285714284,8.047619047619047,0.007336000010127464
demand_surge,deadline,1001103,38,19,6,15,12,4,4,87,74,74,45,173,-155.95000000000002,0.15789473684210525,0.5,0.3333333333333333,3.8947368421052633,9.105263157894736,0.006695000024592446
demand_surge,deadline,1001104,46,23,5,21,6,1,2,85,67,67,48,158,-163.01999999999995,0.10869565217391304,0.5,0.16666666666666666,2.9130434782608696,6.869565217391305,0.006694999996170736
demand_surge,deadline,1001105,45,23,9,19,3,0,3,86,72,72,48,155,-148.5200000000001,0.2,0.5111111111111111,0.0,3.130434782608696,6.739130434782608,0.006615000017973216
demand_surge,deadline,1001106,48,23,9,22,14,7,3,83,76,76,51,188,-184.7899999999999,0.1875,0.4791666666666667,0.5,3.3043478260869565,8.173913043478262,0.006660000025249246
demand_surge,deadline,1001107,48,21,10,23,15,5,4,85,73,73,48,143,-211.22,0.20833333333333334,0.4375,0.3333333333333333,3.4761904761904763,6.809523809523809,0.006639999980961875
demand_surge,deadline,1001108,49,23,7,22,13,3,4,85,76,76,48,166,-188.42,0.14285714285714285,0.46938775510204084,0.23076923076923078,3.3043478260869565,7.217391304347826,0.006624999997484338
demand_surge,deadline,1001109,48,23,9,24,12,3,1,84,74,74,42,171,-200.87999999999997,0.1875,0.4791666666666667,0.25,3.217391304347826,7.434782608695652,0.006584999994174723
demand_surge,deadline,1001110,45,19,6,21,15,3,5,86,75,75,45,135,-210.00000000000003,0.13333333333333333,0.4222222222222222,0.2,3.9473684210526314,7.105263157894737,0.006684999988237905
demand_surge,deadline,1001111,48,20,7,24,16,3,4,86,67,67,51,195,-339.6400000000001,0.14583333333333334,0.4166666666666667,0.1875,3.35,9.75,0.006614999989551507
demand_surge,deadline,1001112,57,20,5,34,17,1,3,86,70,70,48,174,-403.26999999999987,0.08771929824561403,0.3508771929824561,0.058823529411764705,3.5,8.7,0.006615000017973216
demand_surge,deadline,1001113,61,24,9,33,16,4,4,86,79,79,51,157,-399.1900000000003,0.14754098360655737,0.39344262295081966,0.25,3.2916666666666665,6.541666666666667,0.006740499998159066
demand_surge,deadline,1001114,58,20,6,33,11,3,5,89,66,66,39,137,-379.06000000000023,0.10344827586206896,0.3448275862068966,0.2727272727272727,3.3,6.85,0.006509999991521909
demand_surge,deadline,1001115,42,21,10,17,8,6,4,84,76,76,54,139,-84.16000000000003,0.23809523809523808,0.5,0.75,3.619047619047619,6.619047619047619,0.006589999998141138
demand_surge,deadline,1001116,48,19,5,24,8,1,5,84,74,74,54,158,-287.46,0.10416666666666667,0.3958333333333333,0.125,3.8947368421052633,8.31578947368421,0.006580000018630017
demand_surge,deadline,1001117,44,17,7,22,10,3,5,84,75,75,57,146,-280.7300000000001,0.1590909090909091,0.38636363636363635,0.3,4.411764705882353,8.588235294117647,0.006670000004760368
demand_surge,deadline,1001118,43,22,9,19,11,4,2,82,78,78,48,146,-122.57,0.20930232558139536,0.5116279069767442,0.36363636363636365,3.5454545454545454,6.636363636363637,0.006860000041797321
demand_surge,deadline,1001119,42,20,6,17,9,1,5,87,73,73,42,152,-189.83000000000004,0.14285714285714285,0.47619047619047616,0.1111111111111111,3.65,7.6,0.006654999992861121
demand_surge,deadline,1001120,50,18,7,28,15,1,4,87,70,70,48,175,-407.0199999999999,0.14,0.36,0.06666666666666667,3.888888888888889,9.722222222222221,0.00667999998427149
demand_surge,deadline,1001121,50,24,9,23,12,6,3,84,82,82,57,157,-140.27999999999997,0.18,0.48,0.5,3.4166666666666665,6.541666666666667,0.006739999975025057
demand_surge,deadline,1001122,43,21,8,21,14,3,1,83,71,71,51,171,-185.1900000000001,0.18604651162790697,0.4883720930232558,0.21428571428571427,3.380952380952381,8.142857142857142,0.0066100000140068005
demand_surge,deadline,1001123,44,21,8,18,13,4,5,86,72,72,45,145,-202.64999999999998,0.18181818181818182,0.4772727272727273,0.3076923076923077,3.4285714285714284,6.904761904761905,0.006750500006091897
demand_surge,deadline,1001124,44,22,8,18,8,3,4,87,74,74,48,171,-118.26999999999998,0.18181818181818182,0.5,0.375,3.3636363636363638,7.7727272727272725,0.006660000025249246
demand_surge,deadline,1001125,36,22,7,12,8,2,2,83,77,77,54,171,-36.660000000000025,0.19444444444444445,0.6111111111111112,0.25,3.5,7.7727272727272725,0.006750000011379598
demand_surge,deadline,1001126,28,20,12,3,8,3,5,82,77,77,51,82,56.66000000000001,0.42857142857142855,0.7142857142857143,0.375,3.85,4.1,0.006660000025249246
demand_surge,deadline,1001127,45,20,10,20,16,7,5,83,81,81,60,145,-240.9000000000001,0.2222222222222222,0.4444444444444444,0.4375,4.05,7.25,0.006605000010040385
demand_surge,deadline,1001128,48,23,7,25,8,2,0,84,78,78,54,197,-198.41,0.14583333333333334,0.4791666666666667,0.25,3.391304347826087,8.565217391304348,0.006759999990890719
demand_surge,deadline,1001129,46,20,9,22,14,4,4,84,80,80,51,159,-273.89000000000004,0.1956521739130435,0.43478260869565216,0.2857142857142857,4.0,7.95,0.006619999993517922
demand_surge,deadline,1001130,51,22,10,24,11,5,5,86,71,71,51,119,-222.33999999999997,0.19607843137254902,0.43137254901960786,0.45454545454545453,3.227272727272727,5.409090909090909,0.006659999996827537
demand_surge,deadline,1001131,44,24,11,16,13,6,4,85,74,74,54,128,-86.00999999999999,0.25,0.5454545454545454,0.46153846153846156,3.0833333333333335,5.333333333333333,0.006735499994192651
demand_surge,deadline,1001132,57,21,8,33,12,4,3,85,74,74,48,169,-361.47,0.14035087719298245,0.3684210526315789,0.3333333333333333,3.5238095238095237,8.047619047619047,0.006800499960490924
demand_surge,deadline,1001133,48,21,9,21,8,2,6,88,77,77,45,98,-190.14999999999998,0.1875,0.4375,0.25,3.6666666666666665,4.666666666666667,0.006820500004778296
demand_surge,deadline,1001134,47,21,11,22,15,6,4,85,77,77,54,139,-220.7599999999999,0.23404255319148937,0.44680851063829785,0.4,3.6666666666666665,6.619047619047619,0.006619999993517922
demand_surge,deadline,1001135,51,18,7,28,16,4,5,85,75,75,51,143,-350.1900000000001,0.13725490196078433,0.35294117647058826,0.25,4.166666666666667,7.944444444444445,0.006750499977670188
demand_surge,deadline,1001136,41,18,7,18,12,4,5,86,72,72,39,130,-198.06000000000006,0.17073170731707318,0.43902439024390244,0.3333333333333333,4.0,7.222222222222222,0.006635000005417169
demand_surge,deadline,1001137,48,21,8,22,14,5,5,82,73,73,54,154,-209.05999999999995,0.16666666666666666,0.4375,0.35714285714285715,3.4761904761904763,7.333333333333333,0.0067250000199692295
demand_surge,deadline,1001138,44,20,6,21,9,3,3,87,75,75,57,158,-201.48000000000005,0.13636363636363635,0.45454545454545453,0.3333333333333333,3.75,7.9,0.006544999990865108
demand_surge,deadline,1001139,38,24,16,11,13,9,3,82,76,76,48,82,51.080000000000055,0.42105263157894735,0.631578947368421,0.6923076923076923,3.1666666666666665,3.4166666666666665,0.006569999982275476
demand_surge,deadline,1001140,42,22,5,18,9,2,2,85,78,78,51,206,-124.64000000000001,0.11904761904761904,0.5238095238095238,0.2222222222222222,3.5454545454545454,9.363636363636363,0.00677049999353585
demand_surge,deadline,1001141,39,21,10,16,13,5,2,82,74,74,51,154,-63.789999999999964,0.2564102564102564,0.5384615384615384,0.38461538461538464,3.5238095238095237,7.333333333333333,0.00667999998427149
demand_surge,deadline,1001142,33,18,8,11,9,4,4,82,72,72,48,105,-44.22000000000001,0.24242424242424243,0.5454545454545454,0.4444444444444444,4.0,5.833333333333333,0.00651950000474244
demand_surge,deadline,1001143,49,22,9,24,10,3,3,87,72,72,45,137,-226.19999999999996,0.1836734693877551,0.4489795918367347,0.3,3.272727272727273,6.2272727272727275,0.006514999995488324
demand_surge,deadline,1001144,46,20,7,21,13,4,5,82,74,74,60,149,-180.29999999999993,0.15217391304347827,0.43478260869565216,0.3076923076923077,3.7,7.45,0.006659999996827537
demand_surge,deadline,1001145,40,24,11,12,13,7,4,86,71,71,45,150,40.24999999999998,0.275,0.6,0.5384615384615384,2.9583333333333335,6.25,0.006589999969719429
demand_surge,deadline,1001146,50,19,9,26,12,4,5,86,70,70,48,124,-296.2700000000001,0.18,0.38,0.3333333333333333,3.6842105263157894,6.526315789473684,0.006779999978334672
demand_surge,deadline,1001147,48,23,12,21,10,4,4,87,76,76,48,161,-182.21999999999997,0.25,0.4791666666666667,0.4,3.3043478260869565,7.0,0.006805499992879049
demand_surge,deadline,1001148,39,19,11,16,16,6,4,87,70,70,51,104,-117.68999999999998,0.28205128205128205,0.48717948717948717,0.375,3.6842105263157894,5.473684210526316,0.006935000016028425
demand_surge,deadline,1001149,38,23,12,13,9,3,2,83,71,71,51,110,-25.689999999999976,0.3157894736842105,0.6052631578947368,0.3333333333333333,3.0869565217391304,4.782608695652174,0.006775000002789966
demand_surge,planner,1001000,38,22,12,14,14,6,2,86,65,65,39,125,-44.21,0.3157894736842105,0.5789473684210527,0.42857142857142855,2.9545454545454546,5.681818181818182,0.006710000008069983
demand_surge,planner,1001001,49,24,12,21,11,5,4,85,75,75,45,120,-145.74999999999997,0.24489795918367346,0.4897959183673469,0.45454545454545453,3.125,5.0,0.006935500039162434
demand_surge,planner,1001002,41,21,11,16,6,3,4,84,74,74,48,106,-113.16999999999999,0.2682926829268293,0.5121951219512195,0.5,3.5238095238095237,5.0476190476190474,0.0067099999796482734
demand_surge,planner,1001003,46,22,13,19,13,6,5,85,71,71,45,105,-181.60000000000002,0.2826086956521739,0.4782608695652174,0.46153846153846156,3.227272727272727,4.7727272727272725,0.006614999989551507
demand_surge,planner,1001004,42,21,12,16,10,5,5,82,71,71,45,109,-116.24999999999991,0.2857142857142857,0.5,0.5,3.380952380952381,5.190476190476191,0.00805700003070342
demand_surge,planner,1001005,45,20,8,21,11,3,4,83,67,67,51,147,-222.79000000000008,0.17777777777777778,0.4444444444444444,0.2727272727272727,3.35,7.35,0.007406000008813862
demand_surge,planner,1001006,45,23,12,19,15,8,3,90,68,68,42,146,-127.93,0.26666666666666666,0.5111111111111111,0.5333333333333333,2.9565217391304346,6.3478260869565215,0.0072559999750865245
demand_surge,planner,1001007,50,23,12,23,12,3,4,81,71,71,51,105,-172.28999999999996,0.24,0.46,0.25,3.0869565217391304,4.565217391304348,0.007867000022088178
demand_surge,planner,1001008,43,24,12,16,11,7,3,85,70,70,48,144,-15.220000000000017,0.27906976744186046,0.5581395348837209,0.6363636363636364,2.9166666666666665,6.0,0.007151000005478636
demand_surge,planner,1001009,38,18,6,15,7,1,5,87,70,70,45,196,-202.85000000000014,0.15789473684210525,0.47368421052631576,0.14285714285714285,3.888888888888889,10.88888888888889,0.0074310000002242305
demand_surge,planner,1001010,44,24,11,17,11,5,3,85,73,73,48,136,-46.77000000000004,0.25,0.5454545454545454,0.45454545454545453,3.0416666666666665,5.666666666666667,0.007336000010127464
demand_surge,planner,1001011,35,22,9,11,9,5,2,84,80,80,51,155,-2.240000000000002,0.2571428571428571,0.6285714285714286,0.5555555555555556,3.6363636363636362,7.045454545454546,0.006669999976338659
demand_surge,planner,1001012,52,22,10,25,7,4,5,87,70,70,45,108,-189.5,0.19230769230769232,0.4230769230769231,0.5714285714285714,3.1818181818181817,4.909090909090909,0.006760000019312429
demand_surge,planner,1001013,46,22,9,20,11,5,4,84,75,75,42,126,-117.03,0.1956521739130435,0.4782608695652174,0.45454545454545453,3.409090909090909,5.7272727272727275,0.0067654999895694345
demand_surge,planner,1001014,37,20,14,13,8,5,4,80,66,66,39,55,-45.659999999999975,0.3783783783783784,0.5405405405405406,0.625,3.3,2.75,0.006890499975042985
demand_surge,planner,1001015,29,21,11,5,7,6,3,86,70,70,39,123,81.44000000000003,0.3793103448275862,0.7241379310344828,0.8571428571428571,3.3333333333333335,5.857142857142857,0.0071510000339003454
demand_surge,planner,1001016,53,21,13,27,15,7,5,84,77,77,48,154,-299.21999999999997,0.24528301886792453,0.39622641509433965,0.4666666666666667,3.6666666666666665,7.333333333333333,0.007126000014068268
demand_surge,planner,1001017,46,21,7,20,11,3,5,83,74,74,45,137,-187.39999999999995,0.15217391304347827,0.45652173913043476,0.2727272727272727,3.5238095238095237,6.523809523809524,0.006995000006781993
demand_surge,planner,1001018,47,23,11,20,11,4,4,84,76,76,54,114,-117.95999999999998,0.23404255319148937,0.48936170212765956,0.36363636363636365,3.3043478260869565,4.956521739130435,0.006931000001486609
demand_surge,planner,1001019,44,24,10,17,8,4,3,81,79,79,54,181,-80.00999999999995,0.22727272727272727,0.5454545454545454,0.5,3.2916666666666665,7.541666666666667,0.006905499986942232
demand_surge,planner,1001020,40,23,12,14,11,7,3,81,75,75,48,122,-31.769999999999996,0.3,0.575,0.6363636363636364,3.260869565217391,5.304347826086956,0.007170999992922589
demand_surge,planner,1001021,52,22,12,27,13,6,3,83,73,73,54,152,-224.41000000000003,0.23076923076923078,0.4230769230769231,0.46153846153846156,3.3181818181818183,6.909090909090909,0.006810000002133165
demand_surge,planner,1001022,49,23,10,21,10,5,5,84,77,77,57,163,-149.68000000000004,0.20408163265306123,0.46938775510204084,0.5,3.347826086956522,7.086956521739131,0.0071004999995238904
demand_surge,planner,1001023,45,20,9,21,10,4,4,85,73,73,45,140,-205.20000000000002,0.2,0.4444444444444444,0.4,3.65,7.0,0.0068950000127188105
demand_surge,planner,1001024,42,22,11,16,9,6,4,85,80,80,48,144,-73.86999999999999,0.2619047619047619,0.5238095238095238,0.6666666666666666,3.6363636363636362,6.545454545454546,0.006890499975042985
demand_surge,planner,1001025,38,21,9,12,7,2,5,83,78,78,48,109,-55.72,0.23684210526315788,0.5526315789473685,0.2857142857142857,3.7142857142857144,5.190476190476191,0.006995999996206592
demand_surge,planner,1001026,44,23,13,17,17,7,4,80,74,74,60,105,-70.95000000000002,0.29545454545454547,0.5227272727272727,0.4117647058823529,3.217391304347826,4.565217391304348,0.007051000011415454
demand_surge,planner,1001027,49,22,9,24,13,0,3,85,73,73,45,183,-317.1500000000001,0.1836734693877551,0.4489795918367347,0.0,3.3181818181818183,8.318181818181818,0.007045499984315029
demand_surge,planner,1001028,51,21,10,26,17,6,4,81,69,69,54,140,-291.2100000000001,0.19607843137254902,0.4117647058823529,0.35294117647058826,3.2857142857142856,6.666666666666667,0.0069600000074387935
demand_surge,planner,1001029,40,22,7,18,11,4,0,85,73,73,45,182,-68.49999999999996,0.175,0.55,0.36363636363636365,3.3181818181818183,8.272727272727273,0.006720000016002814
demand_surge,planner,1001030,36,21,8,11,7,4,4,84,71,71,54,132,-55.31000000000001,0.2222222222222222,0.5833333333333334,0.5714285714285714,3.380952380952381,6.285714285714286,0.006754999986924304
demand_surge,planner,1001031,34,21,10,11,11,5,2,85,67,67,54,137,-12.560000000000008,0.29411764705882354,0.6176470588235294,0.45454545454545453,3.1904761904761907,6.523809523809524,0.006955999992896977
demand_surge,planner,1001032,44,23,15,17,11,7,4,80,72,72,57,100,-31.62999999999999,0.3409090909090909,0.5227272727272727,0.6363636363636364,3.130434782608696,4.3478260869565215,0.0070660000233147
demand_surge,planner,1001033,40,21,8,16,11,5,3,84,81,81,48,157,-98.37000000000003,0.2,0.525,0.45454545454545453,3.857142857142857,7.476190476190476,0.006855000009409196
demand_surge,planner,1001034,30,22,11,5,6,6,3,85,71,71,42,144,98.37000000000003,0.36666666666666664,0.7333333333333333,1.0,3.227272727272727,6.545454545454546,0.007085499987624644
demand_surge,planner,1001035,50,21,10,23,13,6,6,85,74,74,54,132,-198.20999999999992,0.2,0.42,0.46153846153846156,3.5238095238095237,6.285714285714286,0.00677000002724526
demand_surge,planner,1001036,34,21,7,9,9,3,4,84,67,67,42,141,-17.129999999999995,0.20588235294117646,0.6176470588235294,0.3333333333333333,3.1904761904761907,6.714285714285714,0.006630000001450753
demand_surge,planner,1001037,42,20,10,16,15,3,6,84,75,75,48,108,-202.16999999999993,0.23809523809523808,0.47619047619047616,0.2,3.75,5.4,0.006670000004760368
demand_surge,planner,1001038,46,26,14,18,11,6,2,83,73,73,45,158,-65.85000000000001,0.30434782608695654,0.5652173913043478,0.5454545454545454,2.8076923076923075,6.076923076923077,0.0066100000140068005
demand_surge,planner,1001039,44,29,19,12,15,8,3,83,75,75,54,68,120.74000000000008,0.4318181818181818,0.6590909090909091,0.5333333333333333,2.586206896551724,2.3448275862068964,0.006775000002789966
demand_surge,planner,1001040,37,24,11,10,5,4,3,81,71,71,54,91,46.690000000000005,0.2972972972972973,0.6486486486486487,0.8,2.9583333333333335,3.7916666666666665,0.0067900000146892125
demand_surge,planner,1001041,38,21,11,13,6,4,4,81,71,71,45,104,-35.650000000000006,0.2894736842105263,0.5526315789473685,0.6666666666666666,3.380952380952381,4.9523809523809526,0.006951000045773981
demand_surge,planner,1001042,38,26,14,9,15,9,3,82,76,76,60,127,135.49999999999997,0.3684210526315789,0.6842105263157895,0.6,2.923076923076923,4.884615384615385,0.007080499955236519
demand_surge,planner,1001043,33,21,6,8,5,1,4,83,76,76,51,152,-22.14000000000001,0.18181818181818182,0.6363636363636364,0.2,3.619047619047619,7.238095238095238,0.007026000020005085
demand_surge,planner,1001044,50,18,9,26,10,2,6,87,70,70,51,139,-340.4399999999999,0.18,0.36,0.2,3.888888888888889,7.722222222222222,0.006639999980961875
demand_surge,planner,1001045,40,22,9,14,11,5,4,83,74,74,51,143,-56.989999999999995,0.225,0.55,0.45454545454545453,3.3636363636363638,6.5,0.00722600000813145
demand_surge,planner,1001046,32,19,8,9,6,4,4,87,71,71,42,134,-19.830000000000002,0.25,0.59375,0.6666666666666666,3.736842105263158,7.052631578947368,0.007045499984315029
demand_surge,planner,1001047,44,21,11,18,7,3,5,83,75,75,54,131,-159.06000000000003,0.25,0.4772727272727273,0.42857142857142855,3.5714285714285716,6.238095238095238,0.0068704999875990325
demand_surge,planner,1001048,53,23,13,28,13,7,2,80,76,76,51,149,-217.53999999999988,0.24528301886792453,0.4339622641509434,0.5384615384615384,3.3043478260869565,6.478260869565218,0.006785500005435097
demand_surge,planner,1001049,40,22,10,13,9,6,5,85,74,74,45,130,-50.449999999999996,0.25,0.55,0.6666666666666666,3.3636363636363638,5.909090909090909,0.006695499990883036
demand_surge,planner,1001050,43,21,10,18,7,4,4,82,72,72,54,107,-107.96,0.23255813953488372,0.4883720930232558,0.5714285714285714,3.4285714285714284,5.095238095238095,0.006635000005417169
demand_surge,planner,1001051,40,23,12,14,10,3,3,82,79,79,51,158,-39.08999999999996,0.3,0.575,0.3,3.4347826086956523,6.869565217391305,0.006794999990233919
demand_surge,planner,1001052,50,22,9,24,13,5,4,86,75,75,48,159,-219.57000000000002,0.18,0.44,0.38461538461538464,3.409090909090909,7.2272727272727275,0.006734999971058642
demand_surge,planner,1001053,37,19,11,13,8,4,5,82,65,65,34,56,-59.009999999999984,0.2972972972972973,0.5135135135135135,0.5,3.4210526315789473,2.9473684210526314,0.006794999990233919
demand_surge,planner,1001054,41,24,13,15,11,6,2,83,67,67,51,120,-23.190000000000012,0.3170731707317073,0.5853658536585366,0.5454545454545454,2.7916666666666665,5.0,0.0068204999763565866
demand_surge,planner,1001055,41,20,8,18,9,3,3,86,74,74,48,197,-175.3199999999999,0.1951219512195122,0.4878048780487805,0.3333333333333333,3.7,9.85,0.006559999974342645
demand_surge,planner,1001056,58,21,9,32,15,3,5,87,67,67,42,157,-376.33,0.15517241379310345,0.3620689655172414,0.2,3.1904761904761907,7.476190476190476,0.006815000006099581
demand_surge,planner,1001057,44,21,10,18,14,5,5,85,75,75,48,137,-161.72000000000008,0.22727272727272727,0.4772727272727273,0.35714285714285715,3.5714285714285716,6.523809523809524,0.006836000011389842
demand_surge,planner,1001058,48,24,11,20,13,5,4,82,74,74,57,111,-153.47999999999996,0.22916666666666666,0.5,0.38461538461538464,3.0833333333333335,4.625,0.006931000001486609
demand_surge,planner,1001059,60,23,10,34,14,6,3,84,76,76,48,180,-330.3700000000001,0.16666666666666666,0.38333333333333336,0.42857142857142855,3.3043478260869565,7.826086956521739,0.006775499997502266
demand_surge,planner,1001060,45,21,7,21,11,3,3,83,71,71,39,157,-154.56,0.15555555555555556,0.4666666666666667,0.2727272727272727,3.380952380952381,7.476190476190476,0.006825000014032412
demand_surge,planner,1001061,51,21,9,25,15,7,5,85,71,71,45,126,-170.64999999999998,0.17647058823529413,0.4117647058823529,0.4666666666666667,3.380952380952381,6.0,0.006789999986267503
demand_surge,planner,1001062,38,25,11,11,7,5,2,82,72,72,48,112,49.379999999999995,0.2894736842105263,0.6578947368421053,0.7142857142857143,2.88,4.48,0.006780000035178091
demand_surge,planner,1001063,44,19,7,20,8,1,5,86,71,71,51,108,-229.78999999999996,0.1590909090909091,0.4318181818181818,0.125,3.736842105263158,5.684210526315789,0.006605000010040385
demand_surge,planner,1001064,44,24,10,18,10,6,2,84,73,73,48,141,-79.16999999999999,0.22727272727272727,0.5454545454545454,0.6,3.0416666666666665,5.875,0.007020499964482951
demand_surge,planner,1001065,44,22,11,18,9,4,4,85,74,74,51,160,-139.54000000000002,0.25,0.5,0.4444444444444444,3.3636363636363638,7.2727272727272725,0.0066650000007939525
demand_surge,planner,1001066,42,19,11,19,14,8,4,85,69,69,57,154,-185.23000000000005,0.2619047619047619,0.4523809523809524,0.5714285714285714,3.6315789473684212,8.105263157894736,0.006614999989551507
demand_surge,planner,1001067,43,24,13,17,8,3,2,83,76,76,51,133,-96.03999999999999,0.3023255813953488,0.5581395348837209,0.375,3.1666666666666665,5.541666666666667,0.0066499999604729965
demand_surge,planner,1001068,39,23,11,13,9,5,3,86,75,75,43,137,-37.56999999999998,0.28205128205128205,0.5897435897435898,0.5555555555555556,3.260869565217391,5.956521739130435,0.006916000018009072
demand_surge,planner,1001069,38,19,10,15,13,5,4,78,70,70,51,121,-131.58999999999997,0.2631578947368421,0.5,0.38461538461538464,3.6842105263157894,6.368421052631579,0.006825499980323002
demand_surge,planner,1001070,36,23,12,9,9,5,4,87,75,75,45,85,42.40000000000002,0.3333333333333333,0.6388888888888888,0.5555555555555556,3.260869565217391,3.6956521739130435,0.00643949999812321
demand_surge,planner,1001071,38,22,10,12,8,6,4,85,75,75,51,160,-42.99000000000001,0.2631578947368421,0.5789473684210527,0.75,3.409090909090909,7.2727272727272725,0.006584999994174723
demand_surge,planner,1001072,41,23,14,13,8,5,5,87,69,69,45,105,-52.4,0.34146341463414637,0.5609756097560976,0.625,3.0,4.565217391304348,0.006990499997527877
demand_surge,planner,1001073,55,25,10,28,11,4,2,80,72,72,57,144,-176.57999999999996,0.18181818181818182,0.45454545454545453,0.36363636363636365,2.88,5.76,0.006850500028576789
demand_surge,planner,1001074,45,22,11,19,15,11,4,84,76,76,51,161,-89.84,0.24444444444444444,0.4888888888888889,0.7333333333333333,3.4545454545454546,7.318181818181818,0.0071409999691240955
demand_surge,planner,1001075,39,21,7,16,5,1,2,85,73,73,45,165,-113.34999999999997,0.1794871794871795,0.5384615384615384,0.2,3.4761904761904763,7.857142857142857,0.006980000023304456
demand_surge,planner,1001076,48,21,11,22,14,6,5,84,70,70,54,155,-209.65999999999997,0.22916666666666666,0.4375,0.42857142857142855,3.3333333333333335,7.380952380952381,0.006779999978334672
demand_surge,planner,1001077,42,22,11,16,13,7,4,83,71,71,45,150,-93.19999999999996,0.2619047619047619,0.5238095238095238,0.5384615384615384,3.227272727272727,6.818181818181818,0.007065500000180691
demand_surge,planner,1001078,45,21,12,19,8,5,5,86,70,70,45,104,-152.5,0.26666666666666666,0.4666666666666667,0.625,3.3333333333333335,4.9523809523809526,0.006649999988894706
demand_surge,planner,1001079,34,20,12,11,7,4,3,80,81,81,51,43,27.360000000000035,0.35294117647058826,0.5882352941176471,0.5714285714285714,4.05,2.15,0.009028999983229369
demand_surge,planner,1001080,38,23,10,11,4,4,4,85,74,74,45,116,13.700000000000017,0.2631578947368421,0.6052631578947368,1.0,3.217391304347826,5.043478260869565,0.00694100000941944
demand_surge,planner,1001081,39,23,11,12,13,5,4,81,68,68,48,93,-59.82000000000001,0.28205128205128205,0.5897435897435898,0.38461538461538464,2.9565217391304346,4.043478260869565,0.007095500023979184
demand_surge,planner,1001082,40,18,8,16,8,6,6,80,68,68,54,118,-138.56,0.2,0.45,0.75,3.7777777777777777,6.555555555555555,0.007040500008770323
demand_surge,planner,1001083,42,24,9,15,15,4,3,86,73,73,45,160,-14.399999999999999,0.21428571428571427,0.5714285714285714,0.26666666666666666,3.0416666666666665,6.666666666666667,0.006985500021983171
demand_surge,planner,1001084,45,22,8,21,8,3,2,86,71,71,45,183,-139.25,0.17777777777777778,0.4888888888888889,0.375,3.227272727272727,8.318181818181818,0.00676999999882355
demand_surge,planner,1001085,42,23,13,15,13,8,4,85,70,70,45,189,-56.45000000000003,0.30952380952380953,0.5476190476190477,0.6153846153846154,3.0434782608695654,8.217391304347826,0.007531999983712012
demand_surge,planner,1001086,40,21,12,15,12,5,4,88,70,70,42,131,-137.82999999999993,0.3,0.525,0.4166666666666667,3.3333333333333335,6.238095238095238,0.007315999965840092
demand_surge,planner,1001087,52,17,9,30,14,4,5,85,68,68,54,106,-376.71000000000015,0.17307692307692307,0.3269230769230769,0.2857142857142857,4.0,6.235294117647059,0.006784999982301088
demand_surge,planner,1001088,50,26,16,20,9,7,4,81,78,78,54,75,-42.41000000000002,0.32,0.52,0.7777777777777778,3.0,2.8846153846153846,0.006799999994200334
demand_surge,planner,1001089,44,22,11,17,12,5,5,82,73,73,48,130,-101.86999999999998,0.25,0.5,0.4166666666666667,3.3181818181818183,5.909090909090909,0.006936000005453025
demand_surge,planner,1001090,39,23,12,13,6,3,3,86,75,75,45,134,-56.50000000000003,0.3076923076923077,0.5897435897435898,0.5,3.260869565217391,5.826086956521739,0.0066049999816186755
demand_surge,planner,1001091,51,24,10,24,11,4,3,81,75,75,54,158,-197.55999999999995,0.19607843137254902,0.47058823529411764,0.36363636363636365,3.125,6.583333333333333,0.006839999997509949
demand_surge,planner,1001092,32,24,12,7,9,5,1,83,75,75,51,116,97.66,0.375,0.75,0.5555555555555556,3.125,4.833333333333333,0.006750000011379598
demand_surge,planner,1001093,36,19,11,13,13,8,4,82,68,68,45,89,-51.25,0.3055555555555556,0.5277777777777778,0.6153846153846154,3.5789473684210527,4.684210526315789,0.007090499991591059
demand_surge,planner,1001094,39,21,6,16,10,1,2,83,72,72,48,133,-147.01999999999998,0.15384615384615385,0.5384615384615384,0.1,3.4285714285714284,6.333333333333333,0.007371000009470663
demand_surge,planner,1001095,42,22,12,17,10,5,3,84,75,75,51,119,-103.43999999999998,0.2857142857142857,0.5238095238095238,0.5,3.409090909090909,5.409090909090909,0.00685000000544278
demand_surge,planner,1001096,40,23,11,14,11,6,3,83,75,75,51,118,-51.690000000000026,0.275,0.575,0.5454545454545454,3.260869565217391,5.130434782608695,0.006890000008752395
demand_surge,planner,1001097,46,20,9,22,12,5,4,86,66,66,33,136,-217.62,0.1956521739130435,0.43478260869565216,0.4166666666666667,3.3,6.8,0.0068804999955318635
demand_surge,planner,1001098,44,23,15,17,8,4,4,81,75,75,60,59,-73.89999999999998,0.3409090909090909,0.5227272727272727,0.5,3.260869565217391,2.5652173913043477,0.006655000021282831
demand_surge,planner,1001099,43,22,9,17,6,1,4,83,73,73,45,171,-152.49999999999994,0.20930232558139536,0.5116279069767442,0.16666666666666666,3.3181818181818183,7.7727272727272725,0.007065500000180691
demand_surge,planner,1001100,38,21,10,15,6,2,2,81,78,78,48,104,-38.91999999999998,0.2631578947368421,0.5526315789473685,0.3333333333333333,3.7142857142857144,4.9523809523809526,0.007696500034626297
demand_surge,planner,1001101,52,19,8,28,7,3,5,83,70,70,51,136,-302.09,0.15384615384615385,0.36538461538461536,0.42857142857142855,3.6842105263157894,7.157894736842105,0.006940499986285431
demand_surge,planner,1001102,43,25,11,17,14,6,1,82,72,72,48,172,-27.97000000000004,0.2558139534883721,0.5813953488372093,0.42857142857142855,2.88,6.88,0.006990500025949586
demand_surge,planner,1001103,38,21,8,13,12,5,4,85,71,71,42,149,-103.53,0.21052631578947367,0.5526315789473685,0.4166666666666667,3.380952380952381,7.095238095238095,0.0068610000028002105
demand_surge,planner,1001104,46,27,9,15,6,3,4,80,77,77,54,87,-32.16000000000001,0.1956521739130435,0.5869565217391305,0.5,2.8518518518518516,3.2222222222222223,0.007076000002825822
demand_surge,planner,1001105,45,24,13,19,3,1,2,84,76,76,48,142,-114.37,0.28888888888888886,0.5333333333333333,0.3333333333333333,3.1666666666666665,5.916666666666667,0.006925999969098484
demand_surge,planner,1001106,48,22,11,23,14,8,3,84,73,73,45,143,-161.10000000000002,0.22916666666666666,0.4583333333333333,0.5714285714285714,3.3181818181818183,6.5,0.007476000007500261
demand_surge,planner,1001107,48,19,8,25,15,5,4,86,68,68,48,99,-276.82000000000005,0.16666666666666666,0.3958333333333333,0.3333333333333333,3.5789473684210527,5.2105263157894735,0.006680000012693199
demand_surge,planner,1001108,49,22,7,22,13,3,5,86,71,71,45,151,-208.84999999999985,0.14285714285714285,0.4489795918367347,0.23076923076923078,3.227272727272727,6.863636363636363,0.007240999991608987
demand_surge,planner,1001109,48,20,8,23,12,3,5,81,71,71,48,102,-258.16999999999996,0.16666666666666666,0.4166666666666667,0.25,3.55,5.1,0.006920999993553778
demand_surge,planner,1001110,45,18,7,22,15,4,5,85,75,75,51,140,-252.53999999999994,0.15555555555555556,0.4,0.26666666666666666,4.166666666666667,7.777777777777778,0.006740499998159066
demand_surge,planner,1001111,48,21,8,22,16,4,5,87,68,68,48,141,-276.57,0.16666666666666666,0.4375,0.25,3.238095238095238,6.714285714285714,0.006805999987591349
demand_surge,planner,1001112,57,22,9,34,17,4,1,87,73,73,42,148,-300.28,0.15789473684210525,0.38596491228070173,0.23529411764705882,3.3181818181818183,6.7272727272727275,0.006835499988255833
demand_surge,planner,1001113,61,23,10,35,16,4,3,84,74,74,51,176,-370.3400000000004,0.16393442622950818,0.3770491803278688,0.25,3.217391304347826,7.6521739130434785,0.007081000006792237
demand_surge,planner,1001114,58,22,8,32,11,4,4,86,70,70,48,139,-282.11999999999995,0.13793103448275862,0.3793103448275862,0.36363636363636365,3.1818181818181817,6.318181818181818,0.00701049998497183
demand_surge,planner,1001115,42,20,11,17,8,5,5,84,78,78,51,119,-134.34,0.2619047619047619,0.47619047619047616,0.625,3.9,5.95,0.006765500017991144
demand_surge,planner,1001116,48,20,6,23,8,2,5,86,68,68,48,138,-218.66999999999985,0.125,0.4166666666666667,0.25,3.4,6.9,0.006685499982950205
demand_surge,planner,1001117,44,21,9,19,10,3,4,85,71,71,45,145,-191.45,0.20454545454545456,0.4772727272727273,0.3,3.380952380952381,6.904761904761905,0.006980499989595046
demand_surge,planner,1001118,43,19,9,20,11,4,4,83,69,69,45,131,-191.2,0.20930232558139536,0.4418604651162791,0.36363636363636365,3.6315789473684212,6.894736842105263,0.006845500024610374
demand_surge,planner,1001119,42,23,11,15,9,4,4,82,76,76,51,122,-56.28999999999999,0.2619047619047619,0.5476190476190477,0.4444444444444444,3.3043478260869565,5.304347826086956,0.006750499977670188
demand_surge,planner,1001120,50,23,10,26,15,2,1,83,76,76,48,170,-220.67000000000002,0.2,0.46,0.13333333333333333,3.3043478260869565,7.391304347826087,0.006960999996863393
demand_surge,planner,1001121,50,23,9,25,12,6,2,84,70,70,51,163,-175.98999999999992,0.18,0.46,0.5,3.0434782608695654,7.086956521739131,0.006950000027927672
demand_surge,planner,1001122,43,22,10,18,14,3,3,85,69,69,42,114,-115.57999999999998,0.23255813953488372,0.5116279069767442,0.21428571428571427,3.1363636363636362,5.181818181818182,0.006880000000819564
demand_surge,planner,1001123,44,23,7,17,13,4,4,84,76,76,42,157,-144.98000000000005,0.1590909090909091,0.5227272727272727,0.3076923076923077,3.3043478260869565,6.826086956521739,0.006890500003464695
demand_surge,planner,1001124,44,22,8,17,8,3,5,85,73,73,51,142,-92.98999999999998,0.18181818181818182,0.5,0.375,3.3181818181818183,6.454545454545454,0.00710099999423619
demand_surge,planner,1001125,36,21,9,10,8,3,5,83,73,73,51,135,-58.540000000000006,0.25,0.5833333333333334,0.375,3.4761904761904763,6.428571428571429,0.007121000010101852
demand_surge,planner,1001126,28,22,14,3,8,5,3,82,73,73,48,98,136.42999999999998,0.5,0.7857142857142857,0.625,3.3181818181818183,4.454545454545454,0.00730599998632897
demand_surge,planner,1001127,45,19,9,21,16,6,5,85,76,76,54,143,-229.41000000000003,0.2,0.4222222222222222,0.375,4.0,7.526315789473684,0.007286000027306727
demand_surge,planner,1001128,48,21,7,24,8,2,3,85,74,74,48,174,-232.02000000000004,0.14583333333333334,0.4375,0.25,3.5238095238095237,8.285714285714286,0.007096000018691484
demand_surge,planner,1001129,46,23,11,20,14,7,3,82,80,80,51,142,-109.13999999999999,0.2391304347826087,0.5,0.5,3.4782608695652173,6.173913043478261,0.006919999975707469
demand_surge,planner,1001130,51,24,14,23,11,6,4,83,71,71,51,125,-149.49,0.27450980392156865,0.47058823529411764,0.5454545454545454,2.9583333333333335,5.208333333333333,0.006755000015346013
demand_surge,planner,1001131,44,23,8,19,13,4,2,86,77,77,45,192,-106.25000000000001,0.18181818181818182,0.5227272727272727,0.3076923076923077,3.347826086956522,8.347826086956522,0.0071004999995238904
demand_surge,planner,1001132,57,23,10,31,12,5,3,83,71,71,48,157,-300.0700000000001,0.17543859649122806,0.40350877192982454,0.4166666666666667,3.0869565217391304,6.826086956521739,0.007040500008770323
demand_surge,planner,1001133,48,24,14,19,8,3,5,85,73,73,48,101,-116.37,0.2916666666666667,0.5,0.375,3.0416666666666665,4.208333333333333,0.007015499960516536
demand_surge,planner,1001134,47,23,11,21,15,5,3,84,80,80,45,140,-171.19999999999993,0.23404255319148937,0.48936170212765956,0.3333333333333333,3.4782608695652173,6.086956521739131,0.0075170000286561844
demand_surge,planner,1001135,51,19,8,28,16,5,4,85,68,68,48,133,-337.8199999999999,0.1568627450980392,0.37254901960784315,0.3125,3.5789473684210527,7.0,0.0070759999744041124
demand_surge,planner,1001136,41,21,10,19,12,6,1,85,71,71,45,142,-87.25,0.24390243902439024,0.5121951219512195,0.5,3.380952380952381,6.761904761904762,0.007130999989612974
demand_surge,planner,1001137,48,22,6,22,14,3,4,84,65,65,42,151,-184.02999999999992,0.125,0.4583333333333333,0.21428571428571427,2.9545454545454546,6.863636363636363,0.0069904999691061676
demand_surge,planner,1001138,44,20,10,18,9,3,6,84,77,77,51,103,-183.58999999999997,0.22727272727272727,0.45454545454545453,0.3333333333333333,3.85,5.15,0.007175999968467295
demand_surge,planner,1001139,38,23,16,11,13,9,4,82,71,71,54,67,25.69000000000002,0.42105263157894735,0.6052631578947368,0.6923076923076923,3.0869565217391304,2.9130434782608696,0.006749999982957888
demand_surge,planner,1001140,42,22,11,15,9,6,5,83,78,78,48,118,-69.06999999999998,0.2619047619047619,0.5238095238095238,0.6666666666666666,3.5454545454545454,5.363636363636363,0.0071560000094450515
demand_surge,planner,1001141,39,21,9,16,13,5,2,79,73,73,51,155,-15.389999999999969,0.23076923076923078,0.5384615384615384,0.38461538461538464,3.4761904761904763,7.380952380952381,0.007415999988324984
demand_surge,planner,1001142,33,18,7,11,9,3,4,83,72,72,42,106,-90.03,0.21212121212121213,0.5454545454545454,0.3333333333333333,4.0,5.888888888888889,0.007767000028024995
demand_surge,planner,1001143,49,21,9,25,10,5,3,83,73,73,51,176,-235.38999999999987,0.1836734693877551,0.42857142857142855,0.5,3.4761904761904763,8.380952380952381,0.0070149999942259456
demand_surge,planner,1001144,46,23,13,19,13,11,4,83,75,75,48,154,-52.62000000000004,0.2826086956521739,0.5,0.8461538461538461,3.260869565217391,6.695652173913044,0.006710000008069983
demand_surge,planner,1001145,40,26,14,10,13,10,4,86,71,71,45,143,72.39999999999996,0.35,0.65,0.7692307692307693,2.730769230769231,5.5,0.00669000002062603
demand_surge,planner,1001146,50,21,8,27,12,4,2,84,70,70,48,136,-256.8699999999999,0.16,0.42,0.3333333333333333,3.3333333333333335,6.476190476190476,0.0067800000067563815
demand_surge,planner,1001147,48,23,12,21,10,4,4,83,75,75,57,162,-156.22999999999996,0.25,0.4791666666666667,0.4,3.260869565217391,7.043478260869565,0.0067250000199692295
demand_surge,planner,1001148,39,22,12,15,16,7,2,80,70,70,51,118,-35.23999999999998,0.3076923076923077,0.5641025641025641,0.4375,3.1818181818181817,5.363636363636363,0.007061000019348285
demand_surge,planner,1001149,38,24,14,10,9,6,4,82,76,76,48,77,50.180000000000035,0.3684210526315789,0.631578947368421,0.6666666666666666,3.1666666666666665,3.2083333333333335,0.006915499994875063
demand_surge,ddqn_101,1001000,38,24,14,12,14,7,2,80,74,74,45,92,-0.7500000000000142,0.3684210526315789,0.631578947368421,0.5,3.0833333333333335,3.8333333333333335,0.13006149998773253
demand_surge,ddqn_101,1001001,49,18,8,23,11,1,8,84,65,65,39,97,-370.15999999999997,0.16326530612244897,0.3673469387755102,0.09090909090909091,3.611111111111111,5.388888888888889,0.13113349999116508
demand_surge,ddqn_101,1001002,41,20,7,17,6,1,4,78,70,70,45,101,-145.85,0.17073170731707318,0.4878048780487805,0.16666666666666666,3.5,5.05,0.13178349996678662
demand_surge,ddqn_101,1001003,46,20,10,21,13,6,5,77,67,67,39,102,-212.86000000000007,0.21739130434782608,0.43478260869565216,0.46153846153846156,3.35,5.1,0.13024199998312724
demand_surge,ddqn_101,1001004,42,22,9,16,10,3,4,84,70,70,42,105,-126.12999999999998,0.21428571428571427,0.5238095238095238,0.3,3.1818181818181817,4.7727272727272725,0.13040700000033212
demand_surge,ddqn_101,1001005,45,19,8,20,11,3,6,75,65,65,36,148,-282.68999999999994,0.17777777777777778,0.4222222222222222,0.2727272727272727,3.4210526315789473,7.7894736842105265,0.13316549998876326
demand_surge,ddqn_101,1001006,45,17,8,21,15,5,7,81,65,65,36,85,-342.64,0.17777777777777778,0.37777777777777777,0.3333333333333333,3.823529411764706,5.0,0.14247450002358164
demand_surge,ddqn_101,1001007,50,23,12,23,12,4,4,82,72,72,48,95,-198.31999999999994,0.24,0.46,0.3333333333333333,3.130434782608696,4.130434782608695,0.13195450000580422
demand_surge,ddqn_101,1001008,43,22,9,17,11,3,4,86,73,73,42,150,-116.93,0.20930232558139536,0.5116279069767442,0.2727272727272727,3.3181818181818183,6.818181818181818,0.13174899999057743
demand_surge,ddqn_101,1001009,38,16,7,14,7,2,8,69,57,57,43,105,-232.97000000000008,0.18421052631578946,0.42105263157894735,0.2857142857142857,3.5625,6.5625,0.12928499998565712
demand_surge,ddqn_101,1001010,44,23,13,17,11,7,4,83,71,71,42,105,-60.58000000000001,0.29545454545454547,0.5227272727272727,0.6363636363636364,3.0869565217391304,4.565217391304348,0.13301100003104693
demand_surge,ddqn_101,1001011,35,19,6,11,9,4,5,75,70,70,39,121,-99.66000000000003,0.17142857142857143,0.5428571428571428,0.4444444444444444,3.6842105263157894,6.368421052631579,0.13157850000311555
demand_surge,ddqn_101,1001012,52,22,7,26,7,4,4,82,66,66,33,93,-210.21999999999997,0.1346153846153846,0.4230769230769231,0.5714285714285714,3.0,4.2272727272727275,0.1329709999708939
demand_surge,ddqn_101,1001013,46,23,10,19,11,5,4,83,69,69,39,107,-110.30999999999997,0.21739130434782608,0.5,0.45454545454545453,3.0,4.6521739130434785,0.13143849997732104
demand_surge,ddqn_101,1001014,37,18,11,14,8,4,5,76,66,66,39,62,-115.41000000000001,0.2972972972972973,0.4864864864864865,0.5,3.6666666666666665,3.4444444444444446,0.12982599997712896
demand_surge,ddqn_101,1001015,29,18,10,6,7,5,5,79,60,60,42,92,5.170000000000044,0.3448275862068966,0.6206896551724138,0.7142857142857143,3.3333333333333335,5.111111111111111,0.12490349999438877
demand_surge,ddqn_101,1001016,53,20,9,26,15,3,7,77,70,70,39,112,-339.35999999999996,0.16981132075471697,0.37735849056603776,0.2,3.5,5.6,0.1299715000300239
demand_surge,ddqn_101,1001017,46,17,8,22,11,5,7,74,65,65,50,117,-321.8499999999999,0.17391304347826086,0.3695652173913043,0.45454545454545453,3.823529411764706,6.882352941176471,0.13251500001842942
demand_surge,ddqn_101,1001018,47,22,12,21,11,7,4,81,71,71,53,95,-126.46999999999994,0.2553191489361702,0.46808510638297873,0.6363636363636364,3.227272727272727,4.318181818181818,0.13000100000226666
demand_surge,ddqn_101,1001019,44,18,4,22,8,0,4,86,80,80,51,197,-295.19000000000005,0.09090909090909091,0.4090909090909091,0.0,4.444444444444445,10.944444444444445,0.13203450004084516
demand_surge,ddqn_101,1001020,40,20,11,14,11,6,6,86,69,69,42,120,-131.18,0.275,0.5,0.5454545454545454,3.45,6.0,0.13312100000462124
demand_surge,ddqn_101,1001021,52,20,7,28,13,3,4,75,63,63,33,174,-373.5199999999998,0.1346153846153846,0.38461538461538464,0.23076923076923078,3.15,8.7,0.13351199999078744
demand_surge,ddqn_101,1001022,49,23,12,20,10,8,6,76,72,72,45,135,-127.24999999999997,0.24489795918367346,0.46938775510204084,0.8,3.130434782608696,5.869565217391305,0.13149350002095161
demand_surge,ddqn_101,1001023,45,20,10,19,10,3,6,82,72,72,42,116,-233.18000000000006,0.2222222222222222,0.4444444444444444,0.3,3.6,5.8,0.13232500000981418
demand_surge,ddqn_101,1001024,42,19,10,16,9,3,7,79,63,63,36,131,-220.03999999999996,0.23809523809523808,0.4523809523809524,0.3333333333333333,3.3157894736842106,6.894736842105263,0.13229449999130338
demand_surge,ddqn_101,1001025,38,23,9,14,7,2,1,79,73,73,42,145,-55.68000000000003,0.23684210526315788,0.6052631578947368,0.2857142857142857,3.1739130434782608,6.304347826086956,0.12979550001546158
demand_surge,ddqn_101,1001026,44,18,13,19,17,7,7,72,65,65,33,73,-263.06999999999994,0.29545454545454547,0.4090909090909091,0.4117647058823529,3.611111111111111,4.055555555555555,0.1308224999831964
demand_surge,ddqn_101,1001027,49,20,6,25,13,0,4,84,72,72,39,172,-362.71,0.12244897959183673,0.40816326530612246,0.0,3.6,8.6,0.13376699999412267
demand_surge,ddqn_101,1001028,51,18,12,23,17,6,10,62,52,52,38,53,-382.72,0.23529411764705882,0.35294117647058826,0.35294117647058826,2.888888888888889,2.9444444444444446,0.1295904999949471
demand_surge,ddqn_101,1001029,40,20,9,16,11,5,4,75,65,65,53,142,-177.97,0.225,0.5,0.45454545454545453,3.25,7.1,0.12852399999019326
demand_surge,ddqn_101,1001030,36,21,11,10,7,4,5,80,73,73,45,144,-59.00000000000001,0.3055555555555556,0.5833333333333334,0.5714285714285714,3.4761904761904763,6.857142857142857,0.13625549999574105
demand_surge,ddqn_101,1001031,34,21,11,9,11,5,4,86,73,73,45,95,-22.300000000000026,0.3235294117647059,0.6176470588235294,0.45454545454545453,3.4761904761904763,4.523809523809524,0.1361305000102675
demand_surge,ddqn_101,1001032,44,19,10,19,11,4,6,81,69,69,36,85,-208.18999999999997,0.22727272727272727,0.4318181818181818,0.36363636363636365,3.6315789473684212,4.473684210526316,0.13067200001160018
demand_surge,ddqn_101,1001033,40,19,8,16,11,5,5,85,73,73,42,152,-160.63,0.2,0.475,0.45454545454545453,3.8421052631578947,8.0,0.1387039999940498
demand_surge,ddqn_101,1001034,30,18,9,4,6,3,8,81,66,66,42,79,-76.47999999999999,0.3,0.6,0.5,3.6666666666666665,4.388888888888889,0.13347150002118724
demand_surge,ddqn_101,1001035,50,20,6,25,13,3,5,85,71,71,45,170,-256.2,0.12,0.4,0.23076923076923078,3.55,8.5,0.13462799998364972
demand_surge,ddqn_101,1001036,34,21,8,9,9,3,4,82,71,71,54,119,-36.56,0.23529411764705882,0.6176470588235294,0.3333333333333333,3.380952380952381,5.666666666666667,0.13046699999108569
demand_surge,ddqn_101,1001037,42,24,11,17,15,4,1,81,71,71,57,181,-125.47999999999998,0.2619047619047619,0.5714285714285714,0.26666666666666666,2.9583333333333335,7.541666666666667,0.12879899998097244
demand_surge,ddqn_101,1001038,46,20,13,18,11,6,8,77,66,66,36,54,-206.19,0.2826086956521739,0.43478260869565216,0.5454545454545454,3.3,2.7,0.12921500001539243
demand_surge,ddqn_101,1001039,44,23,14,16,15,7,5,80,70,70,42,108,-101.08000000000001,0.3181818181818182,0.5227272727272727,0.4666666666666667,3.0434782608695654,4.695652173913044,0.12843850001331703
demand_surge,ddqn_101,1001040,37,21,11,11,5,4,5,80,72,72,48,133,-41.519999999999996,0.2972972972972973,0.5675675675675675,0.8,3.4285714285714284,6.333333333333333,0.12876950000872966
demand_surge,ddqn_101,1001041,38,19,10,14,6,4,5,79,67,67,36,96,-95.14000000000003,0.2631578947368421,0.5,0.6666666666666666,3.526315789473684,5.052631578947368,0.12940049998633185
demand_surge,ddqn_101,1001042,38,21,12,11,15,5,6,88,68,68,39,99,-123.96,0.3157894736842105,0.5526315789473685,0.3333333333333333,3.238095238095238,4.714285714285714,0.1383790000204499
demand_surge,ddqn_101,1001043,33,16,8,9,5,2,8,76,66,66,36,74,-145.54,0.24242424242424243,0.48484848484848486,0.4,4.125,4.625,0.13049699998646247
demand_surge,ddqn_101,1001044,50,14,8,27,10,1,9,64,56,56,27,61,-491.17999999999995,0.16,0.28,0.1,4.0,4.357142857142857,0.1343730000087362
demand_surge,ddqn_101,1001045,40,18,9,15,11,5,7,82,66,66,36,107,-185.69,0.225,0.45,0.45454545454545453,3.6666666666666665,5.944444444444445,0.13003150002077746
demand_surge,ddqn_101,1001046,32,18,9,7,6,2,7,79,70,70,56,71,-36.83999999999998,0.28125,0.5625,0.3333333333333333,3.888888888888889,3.9444444444444446,0.13264049999861527
demand_surge,ddqn_101,1001047,44,23,12,18,7,3,3,83,80,80,51,145,-119.49000000000004,0.2727272727272727,0.5227272727272727,0.42857142857142855,3.4782608695652173,6.304347826086956,0.1311430000043856
demand_surge,ddqn_101,1001048,53,19,8,28,13,3,6,70,62,62,40,131,-379.0,0.1509433962264151,0.3584905660377358,0.23076923076923078,3.263157894736842,6.894736842105263,0.13052700001026096
demand_surge,ddqn_101,1001049,40,18,10,15,9,5,7,79,67,67,33,132,-186.17000000000002,0.25,0.45,0.5555555555555556,3.7222222222222223,7.333333333333333,0.1300469999989673
demand_surge,ddqn_101,1001050,43,21,10,19,7,4,3,76,64,64,34,114,-109.55999999999997,0.23255813953488372,0.4883720930232558,0.5714285714285714,3.0476190476190474,5.428571428571429,0.1291350000087732
demand_surge,ddqn_101,1001051,40,22,12,13,10,6,5,83,71,71,48,80,-46.92000000000002,0.3,0.55,0.6,3.227272727272727,3.6363636363636362,0.1311425000096733
demand_surge,ddqn_101,1001052,50,22,8,23,13,2,5,87,77,77,45,159,-315.1,0.16,0.44,0.15384615384615385,3.5,7.2272727272727275,0.13224950001244906
demand_surge,ddqn_101,1001053,37,17,13,13,8,3,7,83,66,66,43,33,-156.42,0.35135135135135137,0.4594594594594595,0.375,3.8823529411764706,1.9411764705882353,0.1285040000027493
demand_surge,ddqn_101,1001054,41,17,10,17,11,3,7,70,54,54,32,86,-234.73000000000002,0.24390243902439024,0.4146341463414634,0.2727272727272727,3.176470588235294,5.0588235294117645,0.1292099999830043
demand_surge,ddqn_101,1001055,41,18,9,17,9,2,6,78,70,70,42,81,-198.88000000000005,0.21951219512195122,0.43902439024390244,0.2222222222222222,3.888888888888889,4.5,0.13529899999298323
demand_surge,ddqn_101,1001056,58,20,9,33,15,3,5,84,70,70,42,105,-409.63000000000005,0.15517241379310345,0.3448275862068966,0.2,3.5,5.25,0.13396250000141663
demand_surge,ddqn_101,1001057,44,17,6,21,14,2,6,79,68,68,36,115,-360.6400000000001,0.13636363636363635,0.38636363636363635,0.14285714285714285,4.0,6.764705882352941,0.13136300000837764
demand_surge,ddqn_101,1001058,48,24,13,18,13,6,6,82,79,79,48,108,-148.97000000000003,0.2708333333333333,0.5,0.46153846153846156,3.2916666666666665,4.5,0.13371150001262322
demand_surge,ddqn_101,1001059,60,18,7,34,14,4,8,79,71,71,57,150,-461.28000000000003,0.11666666666666667,0.3,0.2857142857142857,3.9444444444444446,8.333333333333334,0.13854899998477777
demand_surge,ddqn_101,1001060,45,14,8,23,11,5,8,68,56,56,42,46,-352.0799999999999,0.17777777777777778,0.3111111111111111,0.45454545454545453,4.0,3.2857142857142856,0.13661599999181817
demand_surge,ddqn_101,1001061,51,15,6,29,15,5,7,69,59,59,30,123,-411.1500000000002,0.11764705882352941,0.29411764705882354,0.3333333333333333,3.933333333333333,8.2,0.13188400001240552
demand_surge,ddqn_101,1001062,38,17,8,15,7,2,6,72,62,62,39,133,-190.05999999999995,0.21052631578947367,0.4473684210526316,0.2857142857142857,3.6470588235294117,7.823529411764706,0.1324049999880117
demand_surge,ddqn_101,1001063,44,22,10,18,8,2,4,84,73,73,45,106,-169.95,0.22727272727272727,0.5,0.25,3.3181818181818183,4.818181818181818,0.13147350000508595
demand_surge,ddqn_101,1001064,44,24,15,17,10,4,3,80,72,72,57,81,-73.43,0.3409090909090909,0.5454545454545454,0.4,3.0,3.375,0.13180399997736458
demand_surge,ddqn_101,1001065,44,17,7,20,9,3,7,87,66,66,42,154,-280.93000000000006,0.1590909090909091,0.38636363636363635,0.3333333333333333,3.8823529411764706,9.058823529411764,0.13492349998500686
demand_surge,ddqn_101,1001066,42,21,10,16,14,6,5,84,72,72,42,150,-134.38,0.23809523809523808,0.5,0.42857142857142855,3.4285714285714284,7.142857142857143,0.13020100001881474
demand_surge,ddqn_101,1001067,43,21,4,17,8,2,5,82,71,71,42,133,-201.23000000000005,0.09302325581395349,0.4883720930232558,0.25,3.380952380952381,6.333333333333333,0.13062199997193602
demand_surge,ddqn_101,1001068,39,22,11,12,9,4,5,85,71,71,45,105,-67.74999999999999,0.28205128205128205,0.5641025641025641,0.4444444444444444,3.227272727272727,4.7727272727272725,0.13038649996133245
demand_surge,ddqn_101,1001069,38,20,7,15,13,3,3,81,69,69,42,90,-179.98000000000002,0.18421052631578946,0.5263157894736842,0.23076923076923078,3.45,4.5,0.1291300000048068
demand_surge,ddqn_101,1001070,36,20,13,9,9,6,7,74,65,65,34,53,-27.660000000000053,0.3611111111111111,0.5555555555555556,0.6666666666666666,3.25,2.65,0.13039200001685458
demand_surge,ddqn_101,1001071,38,16,8,15,8,4,7,81,68,68,36,125,-221.44000000000003,0.21052631578947367,0.42105263157894735,0.5,4.25,7.8125,0.13537949999431476
demand_surge,ddqn_101,1001072,41,25,15,12,8,6,4,84,72,72,45,92,40.349999999999966,0.36585365853658536,0.6097560975609756,0.75,2.88,3.68,0.14096750001613145
demand_surge,ddqn_101,1001073,55,23,11,29,11,4,3,80,68,68,39,173,-261.11,0.2,0.41818181818181815,0.36363636363636365,2.9565217391304346,7.521739130434782,0.1317340000070999
demand_surge,ddqn_101,1001074,45,19,4,22,15,4,4,85,65,65,34,168,-238.31,0.08888888888888889,0.4222222222222222,0.26666666666666666,3.4210526315789473,8.842105263157896,0.1318790000084391
demand_surge,ddqn_101,1001075,39,19,9,15,5,3,5,76,69,69,42,98,-131.47999999999996,0.23076923076923078,0.48717948717948717,0.6,3.6315789473684212,5.157894736842105,0.13084249999906206
demand_surge,ddqn_101,1001076,48,18,8,24,14,4,6,76,64,64,39,113,-339.76000000000016,0.16666666666666666,0.375,0.2857142857142857,3.5555555555555554,6.277777777777778,0.13339600002382213
demand_surge,ddqn_101,1001077,42,19,9,18,13,6,5,79,69,69,42,118,-176.42999999999998,0.21428571428571427,0.4523809523809524,0.46153846153846156,3.6315789473684212,6.2105263157894735,0.12830849999545535
demand_surge,ddqn_101,1001078,45,20,10,20,8,2,5,85,69,69,39,110,-217.25999999999993,0.2222222222222222,0.4444444444444444,0.25,3.45,5.5,0.1333560000205125
demand_surge,ddqn_101,1001079,34,17,10,13,7,4,4,82,63,63,45,33,-75.69999999999993,0.29411764705882354,0.5,0.5714285714285714,3.7058823529411766,1.9411764705882353,0.1207620000229781
demand_surge,ddqn_101,1001080,38,22,11,11,4,3,5,80,78,78,54,115,-16.610000000000007,0.2894736842105263,0.5789473684210527,0.75,3.5454545454545454,5.2272727272727275,0.1321595000263187
demand_surge,ddqn_101,1001081,39,21,11,13,13,5,5,81,65,65,48,106,-139.12,0.28205128205128205,0.5384615384615384,0.38461538461538464,3.0952380952380953,5.0476190476190474,0.12979600001017388
demand_surge,ddqn_101,1001082,40,19,6,17,8,3,4,80,66,66,36,140,-112.34,0.15,0.475,0.375,3.473684210526316,7.368421052631579,0.1299760000108563
demand_surge,ddqn_101,1001083,42,21,10,16,15,6,5,78,68,68,39,131,-152.86000000000004,0.23809523809523808,0.5,0.4,3.238095238095238,6.238095238095238,0.1325805000078617
demand_surge,ddqn_101,1001084,45,24,12,17,8,4,4,77,71,71,39,125,-41.31,0.26666666666666666,0.5333333333333333,0.5,2.9583333333333335,5.208333333333333,0.1313180000011016
demand_surge,ddqn_101,1001085,42,21,11,18,13,6,3,85,67,67,36,166,-123.88999999999999,0.2619047619047619,0.5,0.46153846153846156,3.1904761904761907,7.904761904761905,0.1317390000110663
demand_surge,ddqn_101,1001086,40,17,10,16,12,6,7,72,63,63,35,102,-217.3,0.25,0.425,0.5,3.7058823529411766,6.0,0.13105749999908767
demand_surge,ddqn_101,1001087,52,19,10,26,14,4,7,88,66,66,33,91,-369.77,0.19230769230769232,0.36538461538461536,0.2857142857142857,3.473684210526316,4.7894736842105265,0.1339920000020811
demand_surge,ddqn_101,1001088,50,22,13,23,9,5,5,79,72,72,36,88,-176.64000000000001,0.26,0.44,0.5555555555555556,3.272727272727273,4.0,0.1307169999904545
demand_surge,ddqn_101,1001089,44,20,9,20,12,6,4,82,68,68,36,125,-170.19000000000003,0.20454545454545456,0.45454545454545453,0.5,3.4,6.25,0.13102249999974447
demand_surge,ddqn_101,1001090,39,19,10,15,6,2,5,72,64,64,36,111,-176.29000000000002,0.2564102564102564,0.48717948717948717,0.3333333333333333,3.3684210526315788,5.842105263157895,0.1308225000116181
demand_surge,ddqn_101,1001091,51,18,8,27,11,4,6,83,63,63,33,97,-365.6700000000001,0.1568627450980392,0.35294117647058826,0.36363636363636365,3.5,5.388888888888889,0.13193349997209225
demand_surge,ddqn_101,1001092,32,21,9,7,9,5,4,78,62,62,27,94,18.37000000000002,0.28125,0.65625,0.5555555555555556,2.9523809523809526,4.476190476190476,0.12951499996916027
demand_surge,ddqn_101,1001093,36,20,11,13,13,7,3,80,60,60,30,110,-51.45,0.3055555555555556,0.5555555555555556,0.5384615384615384,3.0,5.5,0.13000600000623308
demand_surge,ddqn_101,1001094,39,18,11,16,10,3,5,80,65,65,33,59,-196.17000000000002,0.28205128205128205,0.46153846153846156,0.3,3.611111111111111,3.2777777777777777,0.12816299999940384
demand_surge,ddqn_101,1001095,42,18,8,18,10,4,6,84,68,68,39,93,-199.41000000000003,0.19047619047619047,0.42857142857142855,0.4,3.7777777777777777,5.166666666666667,0.13230949997478092
demand_surge,ddqn_101,1001096,40,18,5,19,11,3,3,84,68,68,39,183,-225.51000000000002,0.125,0.45,0.2727272727272727,3.7777777777777777,10.166666666666666,0.13065699999970093
demand_surge,ddqn_101,1001097,46,22,10,22,12,4,2,85,67,67,36,133,-194.73999999999992,0.21739130434782608,0.4782608695652174,0.3333333333333333,3.0454545454545454,6.045454545454546,0.1290694999909192
demand_surge,ddqn_101,1001098,44,16,8,21,8,2,7,78,62,62,36,33,-331.94,0.18181818181818182,0.36363636363636365,0.25,3.875,2.0625,0.12844900001596216
demand_surge,ddqn_101,1001099,43,19,7,22,6,0,2,79,66,66,40,183,-255.19999999999996,0.16279069767441862,0.4418604651162791,0.0,3.473684210526316,9.631578947368421,0.12953050000419353
demand_surge,ddqn_101,1001100,38,23,14,12,6,4,3,84,70,70,42,87,11.769999999999996,0.3684210526315789,0.6052631578947368,0.6666666666666666,3.0434782608695654,3.782608695652174,0.13054699999770492
demand_surge,ddqn_101,1001101,52,20,8,28,7,2,4,84,69,69,42,156,-328.93,0.15384615384615385,0.38461538461538464,0.2857142857142857,3.45,7.8,0.13129300000969124
demand_surge,ddqn_101,1001102,43,22,9,18,14,5,3,82,68,68,39,157,-173.61000000000004,0.20930232558139536,0.5116279069767442,0.35714285714285715,3.090909090909091,7.136363636363637,0.14739200000235542
demand_surge,ddqn_101,1001103,38,22,12,12,12,7,4,79,71,71,42,109,-32.92999999999999,0.3157894736842105,0.5789473684210527,0.5833333333333334,3.227272727272727,4.954545454545454,0.13660649997859764
demand_surge,ddqn_101,1001104,46,22,9,18,6,3,6,84,68,68,36,126,-141.98999999999995,0.1956521739130435,0.4782608695652174,0.5,3.090909090909091,5.7272727272727275,0.13206899998863264
demand_surge,ddqn_101,1001105,45,20,11,18,3,0,7,78,63,63,30,88,-232.34999999999997,0.24444444444444444,0.4444444444444444,0.0,3.15,4.4,0.1307219999944209
demand_surge,ddqn_101,1001106,48,19,8,23,14,4,6,79,77,77,45,118,-320.99999999999994,0.16666666666666666,0.3958333333333333,0.2857142857142857,4.052631578947368,6.2105263157894735,0.13270549999333525
demand_surge,ddqn_101,1001107,48,22,14,21,15,8,5,70,64,64,36,140,-151.14,0.2916666666666667,0.4583333333333333,0.5333333333333333,2.909090909090909,6.363636363636363,0.1361354999858122
demand_surge,ddqn_101,1001108,49,21,6,22,13,4,6,82,76,76,45,104,-232.09999999999997,0.12244897959183673,0.42857142857142855,0.3076923076923077,3.619047619047619,4.9523809523809526,0.1340919999961443
demand_surge,ddqn_101,1001109,48,18,8,24,12,3,6,79,62,62,33,120,-339.42,0.16666666666666666,0.375,0.25,3.4444444444444446,6.666666666666667,0.13140300004010896
demand_surge,ddqn_101,1001110,45,17,9,22,15,5,6,79,70,70,45,101,-305.7,0.2,0.37777777777777777,0.3333333333333333,4.117647058823529,5.9411764705882355,0.13375699998618984
demand_surge,ddqn_101,1001111,48,23,7,22,16,4,3,85,69,69,40,150,-213.50000000000003,0.14583333333333334,0.4791666666666667,0.25,3.0,6.521739130434782,0.13020649998907174
demand_surge,ddqn_101,1001112,57,17,6,35,17,4,5,78,63,63,42,144,-501.58000000000004,0.10526315789473684,0.2982456140350877,0.23529411764705882,3.7058823529411766,8.470588235294118,0.13144849998525387
demand_surge,ddqn_101,1001113,61,24,10,34,16,4,3,85,76,76,48,167,-367.0200000000002,0.16393442622950818,0.39344262295081966,0.25,3.1666666666666665,6.958333333333333,0.13679649998721288
demand_surge,ddqn_101,1001114,58,25,10,29,11,5,4,82,68,68,42,135,-237.3799999999999,0.1724137931034483,0.43103448275862066,0.45454545454545453,2.72,5.4,0.13437800001270261
demand_surge,ddqn_101,1001115,42,19,9,18,8,4,5,83,71,71,45,138,-186.90000000000003,0.21428571428571427,0.4523809523809524,0.5,3.736842105263158,7.2631578947368425,0.1600065000104678
demand_surge,ddqn_101,1001116,48,18,6,25,8,2,5,83,65,65,39,170,-279.2600000000002,0.125,0.375,0.25,3.611111111111111,9.444444444444445,0.15872949998652075
demand_surge,ddqn_101,1001117,44,16,8,21,10,4,7,83,67,67,33,139,-302.87000000000006,0.18181818181818182,0.36363636363636365,0.4,4.1875,8.6875,0.14205450000304154
demand_surge,ddqn_101,1001118,43,19,9,18,11,3,6,83,69,69,45,142,-221.60000000000005,0.20930232558139536,0.4418604651162791,0.2727272727272727,3.6315789473684212,7.473684210526316,0.13654049999445306
demand_surge,ddqn_101,1001119,42,17,10,18,9,5,7,80,67,67,39,86,-227.06000000000006,0.23809523809523808,0.40476190476190477,0.5555555555555556,3.9411764705882355,5.0588235294117645,0.1446035000185475
demand_surge,ddqn_101,1001120,50,19,8,28,15,2,3,84,67,67,36,173,-323.8900000000001,0.16,0.38,0.13333333333333333,3.526315789473684,9.105263157894736,0.1322640000012143
demand_surge,ddqn_101,1001121,50,18,8,27,12,5,5,84,71,71,48,141,-269.1700000000001,0.16,0.36,0.4166666666666667,3.9444444444444446,7.833333333333333,0.13537949996589305
demand_surge,ddqn_101,1001122,43,19,9,20,14,3,4,85,66,66,37,117,-252.2800000000001,0.20930232558139536,0.4418604651162791,0.21428571428571427,3.473684210526316,6.157894736842105,0.1290299999823219
demand_surge,ddqn_101,1001123,44,24,9,17,13,4,3,84,72,72,42,146,-94.68,0.20454545454545456,0.5454545454545454,0.3076923076923077,3.0,6.083333333333333,0.12949500001013803
demand_surge,ddqn_101,1001124,44,23,9,17,8,3,4,85,75,75,45,126,-81.54999999999997,0.20454545454545456,0.5227272727272727,0.375,3.260869565217391,5.478260869565218,0.13047700002744023
demand_surge,ddqn_101,1001125,36,18,9,12,8,5,6,83,69,69,42,93,-132.22999999999993,0.25,0.5,0.625,3.8333333333333335,5.166666666666667,0.13132850000374674
demand_surge,ddqn_101,1001126,28,20,12,4,8,3,4,75,70,70,39,84,82.6400000000001,0.42857142857142855,0.7142857142857143,0.375,3.5,4.2,0.12826299999346702
demand_surge,ddqn_101,1001127,45,21,6,18,16,4,6,85,75,75,45,139,-224.85,0.13333333333333333,0.4666666666666667,0.25,3.5714285714285716,6.619047619047619,0.1311429999759639
demand_surge,ddqn_101,1001128,48,17,6,27,8,1,4,79,66,66,50,197,-375.59999999999997,0.125,0.3541666666666667,0.125,3.8823529411764706,11.588235294117647,0.13186900002892799
demand_surge,ddqn_101,1001129,46,20,10,20,14,5,6,82,66,66,45,107,-235.00000000000003,0.21739130434782608,0.43478260869565216,0.35714285714285715,3.3,5.35,0.13215399999921829
demand_surge,ddqn_101,1001130,51,20,11,25,11,3,6,82,73,73,46,101,-322.94,0.21568627450980393,0.39215686274509803,0.2727272727272727,3.65,5.05,0.13116299999182957
demand_surge,ddqn_101,1001131,44,26,12,15,13,8,3,82,74,74,48,163,-9.119999999999976,0.2727272727272727,0.5909090909090909,0.6153846153846154,2.8461538461538463,6.269230769230769,0.1373274999991736
demand_surge,ddqn_101,1001132,57,17,5,34,12,3,6,80,70,70,42,106,-482.33,0.08771929824561403,0.2982456140350877,0.25,4.117647058823529,6.235294117647059,0.13822900001514427
demand_surge,ddqn_101,1001133,48,25,10,20,8,4,3,78,66,66,33,111,-101.41999999999999,0.20833333333333334,0.5208333333333334,0.5,2.64,4.44,0.13578999997321262
demand_surge,ddqn_101,1001134,47,20,9,23,15,3,4,84,70,70,52,129,-275.9300000000001,0.19148936170212766,0.425531914893617,0.2,3.5,6.45,0.13214450001441946
demand_surge,ddqn_101,1001135,51,17,8,29,16,4,5,79,71,71,45,139,-443.5000000000001,0.1568627450980392,0.3333333333333333,0.25,4.176470588235294,8.176470588235293,0.13790850002237676
demand_surge,ddqn_101,1001136,41,17,8,18,12,6,6,80,62,62,39,123,-226.65999999999997,0.1951219512195122,0.4146341463414634,0.5,3.6470588235294117,7.235294117647059,0.13710650000575697
demand_surge,ddqn_101,1001137,48,19,6,22,14,4,7,77,62,62,30,97,-313.1,0.125,0.3958333333333333,0.2857142857142857,3.263157894736842,5.105263157894737,0.13811800002372365
demand_surge,ddqn_101,1001138,44,19,8,19,9,3,6,81,73,73,48,73,-209.76999999999992,0.18181818181818182,0.4318181818181818,0.3333333333333333,3.8421052631578947,3.8421052631578947,0.14246950001961523
demand_surge,ddqn_101,1001139,38,19,11,13,13,7,6,82,70,70,42,87,-103.47999999999996,0.2894736842105263,0.5,0.5384615384615384,3.6842105263157894,4.578947368421052,0.13569999998708226
demand_surge,ddqn_101,1001140,42,19,5,18,9,3,5,85,70,70,39,151,-215.66000000000003,0.11904761904761904,0.4523809523809524,0.3333333333333333,3.6842105263157894,7.947368421052632,0.14522400002192626
demand_surge,ddqn_101,1001141,39,19,7,17,13,4,3,78,66,66,37,155,-169.28000000000011,0.1794871794871795,0.48717948717948717,0.3076923076923077,3.473684210526316,8.157894736842104,0.13692150002952985
demand_surge,ddqn_101,1001142,33,13,7,11,9,3,9,55,45,45,29,29,-204.76000000000005,0.21212121212121213,0.3939393939393939,0.3333333333333333,3.4615384615384617,2.230769230769231,0.13209400003688643
demand_surge,ddqn_101,1001143,49,19,9,25,10,4,5,82,69,69,39,135,-305.51000000000005,0.1836734693877551,0.3877551020408163,0.4,3.6315789473684212,7.105263157894737,0.1393704999941292
demand_surge,ddqn_101,1001144,46,19,10,21,13,8,6,85,75,75,48,106,-184.57000000000002,0.21739130434782608,0.41304347826086957,0.6153846153846154,3.9473684210526314,5.578947368421052,0.13513850001345418
demand_surge,ddqn_101,1001145,40,22,13,14,13,9,4,79,67,67,34,157,-34.41,0.325,0.55,0.6923076923076923,3.0454545454545454,7.136363636363637,0.15386699999453413
demand_surge,ddqn_101,1001146,50,21,9,24,12,4,5,81,65,65,45,96,-219.90000000000003,0.18,0.42,0.3333333333333333,3.0952380952380953,4.571428571428571,0.13322050000397212
demand_surge,ddqn_101,1001147,48,13,8,26,10,1,9,63,61,61,40,43,-504.1000000000001,0.16666666666666666,0.2708333333333333,0.1,4.6923076923076925,3.3076923076923075,0.13607549999505864
demand_surge,ddqn_101,1001148,39,19,10,15,16,7,5,74,63,63,46,86,-110.09000000000003,0.2564102564102564,0.48717948717948717,0.4375,3.3157894736842106,4.526315789473684,0.1318435000143836
demand_surge,ddqn_101,1001149,38,20,13,12,9,4,6,82,72,72,39,63,-74.85999999999999,0.34210526315789475,0.5263157894736842,0.4444444444444444,3.6,3.15,0.13468349999357088
demand_surge,ddqn_202,1001000,38,17,11,15,14,5,6,73,64,64,44,88,-243.51000000000005,0.2894736842105263,0.4473684210526316,0.35714285714285715,3.764705882352941,5.176470588235294,0.14211949999776152
demand_surge,ddqn_202,1001001,49,18,10,24,11,3,7,77,61,61,47,100,-326.47999999999996,0.20408163265306123,0.3673469387755102,0.2727272727272727,3.388888888888889,5.555555555555555,0.13313600001652048
demand_surge,ddqn_202,1001002,41,16,10,19,6,2,6,77,63,63,30,62,-226.34999999999997,0.24390243902439024,0.3902439024390244,0.3333333333333333,3.9375,3.875,0.1386339999953634
demand_surge,ddqn_202,1001003,46,21,14,19,13,7,6,83,72,72,42,76,-151.93,0.30434782608695654,0.45652173913043476,0.5384615384615384,3.4285714285714284,3.619047619047619,0.13037150003469833
demand_surge,ddqn_202,1001004,42,20,12,19,10,5,3,85,70,70,42,131,-147.08000000000004,0.2857142857142857,0.47619047619047616,0.5,3.5,6.55,0.13052700001026096
demand_surge,ddqn_202,1001005,45,23,9,19,11,4,3,84,74,74,45,161,-125.39999999999996,0.2,0.5111111111111111,0.36363636363636365,3.217391304347826,7.0,0.13083199999641693
demand_surge,ddqn_202,1001006,45,19,9,20,15,4,6,84,70,70,53,90,-284.82,0.2,0.4222222222222222,0.26666666666666666,3.6842105263157894,4.7368421052631575,0.1379280000151084
demand_surge,ddqn_202,1001007,50,22,14,24,12,6,4,84,76,76,45,121,-205.10000000000002,0.28,0.44,0.5,3.4545454545454546,5.5,0.13136300000837764
demand_surge,ddqn_202,1001008,43,20,8,17,11,4,6,79,63,63,57,128,-166.42999999999995,0.18604651162790697,0.46511627906976744,0.36363636363636365,3.15,6.4,0.13109299999314317
demand_surge,ddqn_202,1001009,38,20,7,13,7,2,5,86,73,73,43,119,-133.61999999999998,0.18421052631578946,0.5263157894736842,0.2857142857142857,3.65,5.95,0.13719700001502133
demand_surge,ddqn_202,1001010,44,24,14,16,11,8,4,87,73,73,42,98,-24.08000000000001,0.3181818181818182,0.5454545454545454,0.7272727272727273,3.0416666666666665,4.083333333333333,0.13150849997600744
demand_surge,ddqn_202,1001011,35,20,8,12,9,4,3,87,71,71,42,141,-64.98000000000002,0.22857142857142856,0.5714285714285714,0.4444444444444444,3.55,7.05,0.1309624999805692
demand_surge,ddqn_202,1001012,52,20,7,27,7,2,5,85,74,74,42,123,-278.5799999999999,0.1346153846153846,0.38461538461538464,0.2857142857142857,3.7,6.15,0.13192849999654754
demand_surge,ddqn_202,1001013,46,22,9,20,11,4,4,83,69,69,39,98,-151.51,0.1956521739130435,0.4782608695652174,0.36363636363636365,3.1363636363636362,4.454545454545454,0.13144349998128746
demand_surge,ddqn_202,1001014,37,17,10,15,8,1,5,83,69,69,36,48,-166.64000000000001,0.2702702702702703,0.4594594594594595,0.125,4.0588235294117645,2.823529411764706,0.13117800003215052
demand_surge,ddqn_202,1001015,29,21,12,6,7,7,2,78,62,62,33,88,110.98000000000003,0.41379310344827586,0.7241379310344828,1.0,2.9523809523809526,4.190476190476191,0.1277225000251292
demand_surge,ddqn_202,1001016,53,18,9,28,15,5,7,81,69,69,39,78,-391.56,0.16981132075471697,0.33962264150943394,0.3333333333333333,3.8333333333333335,4.333333333333333,0.13346599999408681
demand_surge,ddqn_202,1001017,46,17,8,24,11,3,5,72,62,62,33,138,-347.47000000000014,0.17391304347826086,0.3695652173913043,0.2727272727272727,3.6470588235294117,8.117647058823529,0.1383785000257376
demand_surge,ddqn_202,1001018,47,21,9,24,11,2,2,81,72,72,48,113,-201.72,0.19148936170212766,0.44680851063829785,0.18181818181818182,3.4285714285714284,5.380952380952381,0.13387699996769697
demand_surge,ddqn_202,1001019,44,16,6,22,8,1,6,80,66,66,52,114,-357.67999999999995,0.13636363636363635,0.36363636363636365,0.125,4.125,7.125,0.14122749999501139
demand_surge,ddqn_202,1001020,40,22,12,13,11,6,5,79,71,71,42,116,-97.67999999999998,0.3,0.55,0.5454545454545454,3.227272727272727,5.2727272727272725,0.13362199999278346
demand_surge,ddqn_202,1001021,52,20,8,27,13,4,5,81,71,71,48,127,-318.57,0.15384615384615385,0.38461538461538464,0.3076923076923077,3.55,6.35,0.1437319999695319
demand_surge,ddqn_202,1001022,49,21,7,22,10,3,6,79,69,69,40,140,-248.10000000000002,0.14285714285714285,0.42857142857142855,0.3,3.2857142857142856,6.666666666666667,0.13501899996981592
demand_surge,ddqn_202,1001023,45,25,11,16,10,4,4,85,77,77,48,116,-86.57000000000002,0.24444444444444444,0.5555555555555556,0.4,3.08,4.64,0.13285049999467446
demand_surge,ddqn_202,1001024,42,22,9,15,9,4,5,87,73,73,42,118,-114.73,0.21428571428571427,0.5238095238095238,0.4444444444444444,3.3181818181818183,5.363636363636363,0.13352149997558627
demand_surge,ddqn_202,1001025,38,23,15,10,7,3,5,85,76,76,48,68,14.930000000000007,0.39473684210526316,0.6052631578947368,0.42857142857142855,3.3043478260869565,2.9565217391304346,0.1520644999857268
demand_surge,ddqn_202,1001026,44,19,11,20,17,4,5,73,69,69,36,105,-269.78999999999996,0.25,0.4318181818181818,0.23529411764705882,3.6315789473684212,5.526315789473684,0.14227000002620116
demand_surge,ddqn_202,1001027,49,18,6,26,13,1,5,89,73,73,45,140,-404.6500000000001,0.12244897959183673,0.3673469387755102,0.07692307692307693,4.055555555555555,7.777777777777778,0.13582500002939923
demand_surge,ddqn_202,1001028,51,19,11,25,17,5,7,82,68,68,53,96,-340.4199999999999,0.21568627450980393,0.37254901960784315,0.29411764705882354,3.5789473684210527,5.052631578947368,0.14414699998610558
demand_surge,ddqn_202,1001029,40,18,7,18,11,5,4,84,76,76,46,171,-183.54000000000005,0.175,0.45,0.45454545454545453,4.222222222222222,9.5,0.14754800000105206
demand_surge,ddqn_202,1001030,36,18,6,12,7,3,6,80,69,69,36,95,-133.04,0.16666666666666666,0.5,0.42857142857142855,3.8333333333333335,5.277777777777778,0.14821900001038557
demand_surge,ddqn_202,1001031,34,19,10,10,11,5,5,87,69,69,33,82,-59.47000000000001,0.29411764705882354,0.5588235294117647,0.45454545454545453,3.6315789473684212,4.315789473684211,0.1533660000063719
demand_surge,ddqn_202,1001032,44,20,11,19,11,5,5,84,72,72,45,83,-142.74999999999994,0.25,0.45454545454545453,0.45454545454545453,3.6,4.15,0.13777749998666877
demand_surge,ddqn_202,1001033,40,16,6,16,11,2,8,75,63,63,54,90,-244.36000000000007,0.15,0.4,0.18181818181818182,3.9375,5.625,0.14549950000741774
demand_surge,ddqn_202,1001034,30,18,8,6,6,3,6,80,69,69,45,133,-86.79999999999997,0.26666666666666666,0.6,0.5,3.8333333333333335,7.388888888888889,0.1381434999814246
demand_surge,ddqn_202,1001035,50,21,9,23,13,5,6,86,68,68,42,142,-206.07999999999993,0.18,0.42,0.38461538461538464,3.238095238095238,6.761904761904762,0.15029649998155037
demand_surge,ddqn_202,1001036,34,19,10,9,9,5,6,85,67,67,39,110,-92.06,0.29411764705882354,0.5588235294117647,0.5555555555555556,3.526315789473684,5.7894736842105265,0.13529900002140494
demand_surge,ddqn_202,1001037,42,19,10,17,15,3,6,84,74,74,48,96,-273.07000000000005,0.23809523809523808,0.4523809523809524,0.2,3.8947368421052633,5.052631578947368,0.14136299995470836
demand_surge,ddqn_202,1001038,46,22,11,19,11,3,5,84,72,72,42,129,-198.78000000000003,0.2391304347826087,0.4782608695652174,0.2727272727272727,3.272727272727273,5.863636363636363,0.1335960000119485
demand_surge,ddqn_202,1001039,44,23,17,14,15,8,7,81,72,72,42,81,-124.43,0.38636363636363635,0.5227272727272727,0.5333333333333333,3.130434782608696,3.5217391304347827,0.1333910000198557
demand_surge,ddqn_202,1001040,37,23,13,10,5,4,4,80,76,76,45,60,24.65000000000005,0.35135135135135137,0.6216216216216216,0.8,3.3043478260869565,2.608695652173913,0.14868900004216812
demand_surge,ddqn_202,1001041,38,19,10,12,6,4,7,82,74,74,42,53,-119.33000000000001,0.2631578947368421,0.5,0.6666666666666666,3.8947368421052633,2.789473684210526,0.13675099998522455
demand_surge,ddqn_202,1001042,38,19,10,13,15,4,6,83,68,68,42,102,-181.58000000000004,0.2631578947368421,0.5,0.26666666666666666,3.5789473684210527,5.368421052631579,0.14204900000436282
demand_surge,ddqn_202,1001043,33,18,7,9,5,1,6,87,74,74,42,128,-115.88000000000001,0.21212121212121213,0.5454545454545454,0.2,4.111111111111111,7.111111111111111,0.13815849999332386
demand_surge,ddqn_202,1001044,50,17,7,25,10,1,8,86,68,68,54,116,-393.36,0.14,0.34,0.1,4.0,6.823529411764706,0.13591499995868617
demand_surge,ddqn_202,1001045,40,19,9,15,11,5,6,81,64,64,33,143,-199.92000000000002,0.225,0.475,0.45454545454545453,3.3684210526315788,7.526315789473684,0.13438749999750144
demand_surge,ddqn_202,1001046,32,20,10,6,6,2,6,78,75,75,56,89,25.25999999999999,0.3125,0.625,0.3333333333333333,3.75,4.45,0.1328300000125182
demand_surge,ddqn_202,1001047,44,20,9,21,7,2,3,84,69,69,41,125,-204.23999999999995,0.20454545454545456,0.45454545454545453,0.2857142857142857,3.45,6.25,0.13326100000199403
demand_surge,ddqn_202,1001048,53,20,7,30,13,3,3,80,71,71,42,133,-334.88,0.1320754716981132,0.37735849056603776,0.23076923076923078,3.55,6.65,0.1382734999992863
demand_surge,ddqn_202,1001049,40,20,8,15,9,2,5,83,73,73,42,149,-136.73000000000005,0.2,0.5,0.2222222222222222,3.65,7.45,0.1330055000039465
demand_surge,ddqn_202,1001050,43,23,12,17,7,5,3,86,71,71,48,77,-57.219999999999956,0.27906976744186046,0.5348837209302325,0.7142857142857143,3.0869565217391304,3.347826086956522,0.13868950000528457
demand_surge,ddqn_202,1001051,40,18,12,14,10,5,8,83,72,72,48,73,-180.72,0.3,0.45,0.5,4.0,4.055555555555555,0.14015099998232472
demand_surge,ddqn_202,1001052,50,19,11,23,13,6,8,66,62,62,48,64,-317.32000000000005,0.22,0.38,0.46153846153846156,3.263157894736842,3.3684210526315788,0.13607500002876805
demand_surge,ddqn_202,1001053,37,22,13,13,8,7,2,82,70,70,37,78,36.92,0.35135135135135137,0.5945945945945946,0.875,3.1818181818181817,3.5454545454545454,0.1320140000302672
demand_surge,ddqn_202,1001054,41,19,11,17,11,4,5,82,70,70,42,94,-185.28,0.2682926829268293,0.4634146341463415,0.36363636363636365,3.6842105263157894,4.947368421052632,0.139685499988218
demand_surge,ddqn_202,1001055,41,21,6,18,9,2,2,89,71,71,42,203,-179.4799999999999,0.14634146341463414,0.5121951219512195,0.2222222222222222,3.380952380952381,9.666666666666666,0.14790349999316277
demand_surge,ddqn_202,1001056,58,17,6,35,15,2,6,82,72,72,39,122,-503.61000000000024,0.10344827586206896,0.29310344827586204,0.13333333333333333,4.235294117647059,7.176470588235294,0.136625999999751
demand_surge,ddqn_202,1001057,44,18,8,19,14,3,7,86,68,68,42,133,-292.08000000000004,0.18181818181818182,0.4090909090909091,0.21428571428571427,3.7777777777777777,7.388888888888889,0.13865899998677378
demand_surge,ddqn_202,1001058,48,21,10,21,13,2,6,78,70,70,45,131,-288.7500000000001,0.20833333333333334,0.4375,0.15384615384615385,3.3333333333333335,6.238095238095238,0.1308579999772519
demand_surge,ddqn_202,1001059,60,19,11,37,14,7,4,86,73,73,48,135,-403.97,0.18333333333333332,0.31666666666666665,0.5,3.8421052631578947,7.105263157894737,0.13670100000240382
demand_surge,ddqn_202,1001060,45,12,6,25,11,3,8,66,56,56,39,71,-433.4600000000002,0.13333333333333333,0.26666666666666666,0.2727272727272727,4.666666666666667,5.916666666666667,0.13385200000470832
demand_surge,ddqn_202,1001061,51,18,5,28,15,4,5,76,68,68,39,125,-331.1600000000001,0.09803921568627451,0.35294117647058826,0.26666666666666666,3.7777777777777777,6.944444444444445,0.13966049999680763
demand_surge,ddqn_202,1001062,38,23,10,13,7,5,2,82,73,73,46,126,-12.739999999999995,0.2631578947368421,0.6052631578947368,0.7142857142857143,3.1739130434782608,5.478260869565218,0.13910450002185826
demand_surge,ddqn_202,1001063,44,21,8,20,8,2,3,82,72,72,45,121,-189.95000000000005,0.18181818181818182,0.4772727272727273,0.25,3.4285714285714284,5.761904761904762,0.13296049996824877
demand_surge,ddqn_202,1001064,44,22,9,16,10,3,6,81,70,70,45,101,-172.1,0.20454545454545456,0.5,0.3,3.1818181818181817,4.590909090909091,0.13987100001600083
demand_surge,ddqn_202,1001065,44,18,7,20,9,1,6,86,70,70,42,131,-275.73,0.1590909090909091,0.4090909090909091,0.1111111111111111,3.888888888888889,7.277777777777778,0.13963600000010956
demand_surge,ddqn_202,1001066,42,20,9,18,14,6,4,80,68,68,45,131,-143.79999999999995,0.21428571428571427,0.47619047619047616,0.42857142857142855,3.4,6.55,0.14220399998521316
demand_surge,ddqn_202,1001067,43,20,8,18,8,2,5,85,74,74,45,126,-186.19999999999996,0.18604651162790697,0.46511627906976744,0.25,3.7,6.3,0.14076700000487108
demand_surge,ddqn_202,1001068,39,21,11,13,9,4,5,82,76,76,49,107,-90.75999999999999,0.28205128205128205,0.5384615384615384,0.4444444444444444,3.619047619047619,5.095238095238095,0.13503849999096929
demand_surge,ddqn_202,1001069,38,18,7,14,13,2,6,82,72,72,39,115,-201.51,0.18421052631578946,0.47368421052631576,0.15384615384615385,4.0,6.388888888888889,0.13421200003449485
demand_surge,ddqn_202,1001070,36,20,15,10,9,5,6,79,76,76,57,50,-31.479999999999983,0.4166666666666667,0.5555555555555556,0.5555555555555556,3.8,2.5,0.14120750000756743
demand_surge,ddqn_202,1001071,38,20,7,14,8,4,4,80,68,68,42,187,-115.88000000000001,0.18421052631578946,0.5263157894736842,0.5,3.4,9.35,0.1386689999947066
demand_surge,ddqn_202,1001072,41,24,14,12,8,5,5,85,68,68,36,66,14.210000000000036,0.34146341463414637,0.5853658536585366,0.625,2.8333333333333335,2.75,0.13260499997613806
demand_surge,ddqn_202,1001073,55,25,12,28,11,4,2,86,73,73,42,157,-195.92999999999986,0.21818181818181817,0.45454545454545453,0.36363636363636365,2.92,6.28,0.1317690000348648
demand_surge,ddqn_202,1001074,45,21,8,19,15,6,5,87,65,65,39,122,-144.05999999999995,0.17777777777777778,0.4666666666666667,0.4,3.0952380952380953,5.809523809523809,0.144326999986788
demand_surge,ddqn_202,1001075,39,23,10,15,5,3,1,85,77,77,57,131,-13.929999999999984,0.2564102564102564,0.5897435897435898,0.6,3.347826086956522,5.695652173913044,0.13608000000431275
demand_surge,ddqn_202,1001076,48,19,12,23,14,7,6,75,65,65,48,107,-257.02,0.25,0.3958333333333333,0.5,3.4210526315789473,5.631578947368421,0.1345874999572061
demand_surge,ddqn_202,1001077,42,17,10,19,13,7,6,77,67,67,49,101,-198.11,0.23809523809523808,0.40476190476190477,0.5384615384615384,3.9411764705882355,5.9411764705882355,0.1409475000002658
demand_surge,ddqn_202,1001078,45,18,10,20,8,3,7,79,65,65,52,82,-270.83000000000004,0.2222222222222222,0.4,0.375,3.611111111111111,4.555555555555555,0.1370770000050925
demand_surge,ddqn_202,1001079,34,20,15,10,7,5,4,78,75,75,45,31,24.700000000000017,0.4411764705882353,0.5882352941176471,0.7142857142857143,3.75,1.55,0.12237449999474848
demand_surge,ddqn_202,1001080,38,23,8,13,4,2,2,78,74,74,43,119,-16.969999999999978,0.21052631578947367,0.6052631578947368,0.5,3.217391304347826,5.173913043478261,0.13483850000284292
demand_surge,ddqn_202,1001081,39,21,9,15,13,2,3,79,69,69,43,149,-169.06999999999994,0.23076923076923078,0.5384615384615384,0.15384615384615385,3.2857142857142856,7.095238095238095,0.1344730000312211
demand_surge,ddqn_202,1001082,40,17,7,17,8,3,6,82,64,64,39,114,-184.01000000000002,0.175,0.425,0.375,3.764705882352941,6.705882352941177,0.13323600001058367
demand_surge,ddqn_202,1001083,42,24,14,14,15,9,4,85,70,70,44,102,-16.510000000000048,0.3333333333333333,0.5714285714285714,0.6,2.9166666666666665,4.25,0.13480799998433213
demand_surge,ddqn_202,1001084,45,18,7,21,8,2,6,76,68,68,42,95,-241.98000000000005,0.15555555555555556,0.4,0.25,3.7777777777777777,5.277777777777778,0.13083249996270752
demand_surge,ddqn_202,1001085,42,20,7,17,13,5,5,82,73,73,45,150,-149.55,0.16666666666666666,0.47619047619047616,0.38461538461538464,3.65,7.5,0.15493349999928796
demand_surge,ddqn_202,1001086,40,20,8,15,12,2,5,88,72,72,45,119,-160.35000000000002,0.2,0.5,0.16666666666666666,3.6,5.95,0.130507000022817
demand_surge,ddqn_202,1001087,52,19,9,26,14,4,7,85,78,78,51,96,-369.59000000000003,0.17307692307692307,0.36538461538461536,0.2857142857142857,4.105263157894737,5.052631578947368,0.13537399999563604
demand_surge,ddqn_202,1001088,50,23,15,21,9,5,6,84,73,73,48,64,-156.26999999999992,0.3,0.46,0.5555555555555556,3.1739130434782608,2.782608695652174,0.1329300000065814
demand_surge,ddqn_202,1001089,44,21,11,21,12,5,2,80,72,72,57,148,-167.27999999999994,0.25,0.4772727272727273,0.4166666666666667,3.4285714285714284,7.0476190476190474,0.13346599999408681
demand_surge,ddqn_202,1001090,39,19,9,14,6,2,6,84,68,68,39,100,-175.11,0.23076923076923078,0.48717948717948717,0.3333333333333333,3.5789473684210527,5.2631578947368425,0.13886450000200057
demand_surge,ddqn_202,1001091,51,18,7,28,11,2,5,77,65,65,36,137,-374.49000000000007,0.13725490196078433,0.35294117647058826,0.18181818181818182,3.611111111111111,7.611111111111111,0.13696200002755177
demand_surge,ddqn_202,1001092,32,24,11,6,9,5,2,82,72,72,45,85,94.69999999999999,0.34375,0.75,0.5555555555555556,3.0,3.5416666666666665,0.13135849999912352
demand_surge,ddqn_202,1001093,36,16,8,15,13,6,5,79,60,60,45,60,-140.1,0.2222222222222222,0.4444444444444444,0.46153846153846156,3.75,3.75,0.1302615000042806
demand_surge,ddqn_202,1001094,39,20,11,13,10,4,6,81,65,65,30,94,-140.50000000000003,0.28205128205128205,0.5128205128205128,0.4,3.25,4.7,0.13756699999589728
demand_surge,ddqn_202,1001095,42,19,7,19,10,2,4,83,67,67,51,107,-191.53999999999996,0.16666666666666666,0.4523809523809524,0.2,3.526315789473684,5.631578947368421,0.1320140000018455
demand_surge,ddqn_202,1001096,40,22,7,15,11,3,3,79,71,71,48,101,-124.42000000000004,0.175,0.55,0.2727272727272727,3.227272727272727,4.590909090909091,0.13319550001256175
demand_surge,ddqn_202,1001097,46,20,8,22,12,5,4,80,65,65,33,131,-175.67000000000002,0.17391304347826086,0.43478260869565216,0.4166666666666667,3.25,6.55,0.1317729999641415
demand_surge,ddqn_202,1001098,44,26,18,16,8,3,2,88,73,73,42,84,-30.929999999999957,0.4090909090909091,0.5909090909090909,0.375,2.8076923076923075,3.230769230769231,0.13406700000473393
demand_surge,ddqn_202,1001099,43,20,9,20,6,1,3,82,73,73,48,137,-178.87000000000003,0.20930232558139536,0.46511627906976744,0.16666666666666666,3.65,6.85,0.13670650000108253
demand_surge,ddqn_202,1001100,38,20,10,15,6,3,3,83,69,69,42,143,-79.83000000000006,0.2631578947368421,0.5263157894736842,0.5,3.45,7.15,0.1362000000142416
demand_surge,ddqn_202,1001101,52,15,9,29,7,4,8,67,53,53,38,49,-380.2699999999998,0.17307692307692307,0.28846153846153844,0.5714285714285714,3.533333333333333,3.2666666666666666,0.13748749998399035
demand_surge,ddqn_202,1001102,43,23,9,16,14,5,4,84,74,74,43,157,-120.22000000000003,0.20930232558139536,0.5348837209302325,0.35714285714285715,3.217391304347826,6.826086956521739,0.1381779999860555
demand_surge,ddqn_202,1001103,38,15,9,14,12,5,9,66,54,54,32,86,-283.97999999999996,0.23684210526315788,0.39473684210526316,0.4166666666666667,3.6,5.733333333333333,0.13575950001154524
demand_surge,ddqn_202,1001104,46,24,8,20,6,2,2,81,72,72,47,137,-138.73000000000002,0.17391304347826086,0.5217391304347826,0.3333333333333333,3.0,5.708333333333333,0.14051200000153585
demand_surge,ddqn_202,1001105,45,20,9,20,3,0,5,85,71,71,42,132,-224.83000000000004,0.2,0.4444444444444444,0.0,3.55,6.6,0.13450800000214258
demand_surge,ddqn_202,1001106,48,16,8,23,14,4,9,65,62,62,39,83,-402.80999999999995,0.16666666666666666,0.3333333333333333,0.2857142857142857,3.875,5.1875,0.13484299998367533
demand_surge,ddqn_202,1001107,48,20,11,24,15,7,4,80,70,70,34,149,-243.76000000000005,0.22916666666666666,0.4166666666666667,0.4666666666666667,3.5,7.45,0.12940000002004126
demand_surge,ddqn_202,1001108,49,17,7,23,13,3,9,74,63,63,36,85,-333.78999999999996,0.14285714285714285,0.3469387755102041,0.23076923076923078,3.7058823529411766,5.0,0.13218949999327378
demand_surge,ddqn_202,1001109,48,22,9,23,12,3,3,80,62,62,37,154,-238.23,0.1875,0.4583333333333333,0.25,2.8181818181818183,7.0,0.13053649999505978
demand_surge,ddqn_202,1001110,45,16,9,23,15,7,6,79,63,63,36,104,-327.03999999999996,0.2,0.35555555555555557,0.4666666666666667,3.9375,6.5,0.13382200000933153
demand_surge,ddqn_202,1001111,48,20,8,24,16,4,4,84,69,69,48,174,-308.87000000000006,0.16666666666666666,0.4166666666666667,0.25,3.45,8.7,0.14181849999772567
demand_surge,ddqn_202,1001112,57,18,5,34,17,1,5,75,65,65,31,129,-475.4399999999999,0.08771929824561403,0.3157894736842105,0.058823529411764705,3.611111111111111,7.166666666666667,0.13644050000038987
demand_surge,ddqn_202,1001113,61,24,11,33,16,5,4,85,71,71,42,167,-357.03000000000003,0.18032786885245902,0.39344262295081966,0.3125,2.9583333333333335,6.958333333333333,0.1339920000020811
demand_surge,ddqn_202,1001114,58,19,5,33,11,2,6,85,69,69,48,118,-472.1700000000001,0.08620689655172414,0.3275862068965517,0.18181818181818182,3.6315789473684212,6.2105263157894735,0.14518350002390434
demand_surge,ddqn_202,1001115,42,15,8,20,8,2,7,83,71,71,45,125,-347.25,0.19047619047619047,0.35714285714285715,0.25,4.733333333333333,8.333333333333334,0.13878949999934775
demand_surge,ddqn_202,1001116,48,18,6,27,8,2,3,85,63,63,33,201,-285.22000000000014,0.125,0.375,0.25,3.5,11.166666666666666,0.13298050001253614
demand_surge,ddqn_202,1001117,44,21,8,17,10,3,6,85,74,74,42,117,-172.13000000000002,0.18181818181818182,0.4772727272727273,0.3,3.5238095238095237,5.571428571428571,0.13600500000165994
demand_surge,ddqn_202,1001118,43,22,11,17,11,5,4,79,67,67,37,85,-111.43,0.2558139534883721,0.5116279069767442,0.45454545454545453,3.0454545454545454,3.8636363636363638,0.13404200001332356
demand_surge,ddqn_202,1001119,42,19,8,18,9,3,5,85,73,73,46,134,-179.24,0.19047619047619047,0.4523809523809524,0.3333333333333333,3.8421052631578947,7.052631578947368,0.1341674999935094
demand_surge,ddqn_202,1001120,50,21,5,25,15,1,4,86,76,76,42,177,-306.2299999999999,0.1,0.42,0.06666666666666667,3.619047619047619,8.428571428571429,0.1458400000160509
demand_surge,ddqn_202,1001121,50,24,8,24,12,5,2,84,76,76,40,139,-112.35,0.16,0.48,0.4166666666666667,3.1666666666666665,5.791666666666667,0.13678599998456775
demand_surge,ddqn_202,1001122,43,22,9,18,14,4,3,86,70,70,36,117,-165.94000000000003,0.20930232558139536,0.5116279069767442,0.2857142857142857,3.1818181818181817,5.318181818181818,0.14290999999388987
demand_surge,ddqn_202,1001123,44,22,11,18,13,6,4,81,70,70,42,125,-130.48,0.25,0.5,0.46153846153846156,3.1818181818181817,5.681818181818182,0.13566499998773907
demand_surge,ddqn_202,1001124,44,23,10,16,8,5,5,86,74,74,42,167,-55.230000000000004,0.22727272727272727,0.5227272727272727,0.625,3.217391304347826,7.260869565217392,0.14100249998705294
demand_surge,ddqn_202,1001125,36,19,7,12,8,3,5,86,74,74,42,175,-125.13,0.19444444444444445,0.5277777777777778,0.375,3.8947368421052633,9.210526315789474,0.1415534999864576
demand_surge,ddqn_202,1001126,28,20,12,3,8,6,5,86,76,76,42,64,80.97,0.42857142857142855,0.7142857142857143,0.75,3.8,3.2,0.12897950000478886
demand_surge,ddqn_202,1001127,45,19,9,19,16,6,7,77,77,77,54,76,-236.76000000000002,0.2,0.4222222222222222,0.375,4.052631578947368,4.0,0.13357150001525042
demand_surge,ddqn_202,1001128,48,18,7,26,8,2,4,81,67,67,45,190,-345.65000000000003,0.14583333333333334,0.375,0.25,3.7222222222222223,10.555555555555555,0.13710650000575697
demand_surge,ddqn_202,1001129,46,20,9,22,14,3,4,80,72,72,42,131,-253.13000000000005,0.1956521739130435,0.43478260869565216,0.21428571428571427,3.6,6.55,0.13203900002167757
demand_surge,ddqn_202,1001130,51,19,9,26,11,4,6,88,76,76,46,112,-338.39,0.17647058823529413,0.37254901960784315,0.36363636363636365,4.0,5.894736842105263,0.13713199999187964
demand_surge,ddqn_202,1001131,44,19,9,19,13,4,6,85,73,73,45,144,-244.64999999999992,0.20454545454545456,0.4318181818181818,0.3076923076923077,3.8421052631578947,7.578947368421052,0.15337150000505062
demand_surge,ddqn_202,1001132,57,21,7,35,12,3,1,79,67,67,50,190,-379.2999999999999,0.12280701754385964,0.3684210526315789,0.25,3.1904761904761907,9.047619047619047,0.1372919999766964
demand_surge,ddqn_202,1001133,48,19,14,21,8,3,8,74,67,67,47,51,-272.33000000000004,0.2916666666666667,0.3958333333333333,0.375,3.526315789473684,2.6842105263157894,0.13539950001018042
demand_surge,ddqn_202,1001134,47,20,10,24,15,4,3,82,68,68,39,113,-296.8100000000002,0.2127659574468085,0.425531914893617,0.26666666666666666,3.4,5.65,0.1456244999928913
demand_surge,ddqn_202,1001135,51,17,9,28,16,6,6,74,66,66,37,81,-396.93000000000006,0.17647058823529413,0.3333333333333333,0.375,3.8823529411764706,4.764705882352941,0.13638100003277032
demand_surge,ddqn_202,1001136,41,16,8,19,12,5,6,79,69,69,39,115,-265.4599999999999,0.1951219512195122,0.3902439024390244,0.4166666666666667,4.3125,7.1875,0.13646599998651254
demand_surge,ddqn_202,1001137,48,21,9,23,14,5,4,82,70,70,39,178,-236.75999999999988,0.1875,0.4375,0.35714285714285715,3.3333333333333335,8.476190476190476,0.1336370000046827
demand_surge,ddqn_202,1001138,44,20,6,20,9,2,4,86,82,82,51,115,-194.28999999999994,0.13636363636363635,0.45454545454545453,0.2222222222222222,4.1,5.75,0.1546629999893412
demand_surge,ddqn_202,1001139,38,21,11,12,13,6,5,82,68,68,42,96,-63.97999999999996,0.2894736842105263,0.5526315789473685,0.46153846153846156,3.238095238095238,4.571428571428571,0.13442249999684464
demand_surge,ddqn_202,1001140,42,17,9,18,9,2,7,76,68,68,39,115,-281.1099999999999,0.21428571428571427,0.40476190476190477,0.2222222222222222,4.0,6.764705882352941,0.13454300000148578
demand_surge,ddqn_202,1001141,39,17,9,16,13,7,6,76,62,62,34,98,-179.06,0.23076923076923078,0.4358974358974359,0.5384615384615384,3.6470588235294117,5.764705882352941,0.13140300001168725
demand_surge,ddqn_202,1001142,33,21,9,9,9,5,3,81,70,70,48,106,-6.870000000000019,0.2727272727272727,0.6363636363636364,0.5555555555555556,3.3333333333333335,5.0476190476190474,0.1331760000198301
demand_surge,ddqn_202,1001143,49,21,8,23,10,3,5,87,69,69,45,170,-267.1,0.16326530612244897,0.42857142857142855,0.3,3.2857142857142856,8.095238095238095,0.13420749996839731
demand_surge,ddqn_202,1001144,46,16,6,24,13,4,6,74,66,66,39,139,-322.0599999999999,0.13043478260869565,0.34782608695652173,0.3076923076923077,4.125,8.6875,0.1465455000015936
demand_surge,ddqn_202,1001145,40,22,9,14,13,6,4,84,74,74,42,115,-86.47999999999999,0.225,0.55,0.46153846153846156,3.3636363636363638,5.2272727272727275,0.15643599999748403
demand_surge,ddqn_202,1001146,50,23,8,26,12,4,1,81,69,69,36,144,-177.99000000000007,0.16,0.46,0.3333333333333333,3.0,6.260869565217392,0.13338150000663518
demand_surge,ddqn_202,1001147,48,22,9,21,10,2,5,85,75,75,54,176,-236.36000000000007,0.1875,0.4583333333333333,0.2,3.409090909090909,8.0,0.13207950001969948
demand_surge,ddqn_202,1001148,39,19,12,15,16,7,5,83,71,71,48,86,-96.46999999999994,0.3076923076923077,0.48717948717948717,0.4375,3.736842105263158,4.526315789473684,0.12840849998951853
demand_surge,ddqn_202,1001149,38,21,12,11,9,4,6,87,69,69,37,70,-32.979999999999976,0.3157894736842105,0.5526315789473685,0.4444444444444444,3.2857142857142856,3.3333333333333335,0.13016150001021742
demand_surge,ddqn_303,1001000,38,16,10,16,14,4,6,62,54,54,30,65,-219.74999999999997,0.2631578947368421,0.42105263157894735,0.2857142857142857,3.375,4.0625,0.13056649999043657
demand_surge,ddqn_303,1001001,49,19,9,23,11,2,7,75,63,63,42,90,-355.03000000000003,0.1836734693877551,0.3877551020408163,0.18181818181818182,3.3157894736842106,4.7368421052631575,0.14440749998811953
demand_surge,ddqn_303,1001002,41,20,11,16,6,3,5,80,77,77,51,83,-145.64000000000004,0.2682926829268293,0.4878048780487805,0.5,3.85,4.15,0.1350784999942789
demand_surge,ddqn_303,1001003,46,19,11,21,13,6,6,80,72,72,45,88,-244.04999999999993,0.2391304347826087,0.41304347826086957,0.46153846153846156,3.789473684210526,4.631578947368421,0.13139350002688843
demand_surge,ddqn_303,1001004,42,20,9,17,10,5,5,80,68,68,36,122,-165.94,0.21428571428571427,0.47619047619047616,0.5,3.4,6.1,0.16550399999459842
demand_surge,ddqn_303,1001005,45,14,6,22,11,2,9,64,48,48,32,78,-371.7800000000001,0.13333333333333333,0.3111111111111111,0.18181818181818182,3.4285714285714284,5.571428571428571,0.14129799998841008
demand_surge,ddqn_303,1001006,45,19,9,21,15,4,5,75,61,61,51,122,-283.78999999999985,0.2,0.4222222222222222,0.26666666666666666,3.210526315789474,6.421052631578948,0.15263550000099713
demand_surge,ddqn_303,1001007,50,23,11,25,12,4,2,81,75,75,48,164,-224.21999999999997,0.22,0.46,0.3333333333333333,3.260869565217391,7.130434782608695,0.13263549999464885
demand_surge,ddqn_303,1001008,43,20,11,17,11,7,6,69,61,61,47,101,-129.48000000000005,0.2558139534883721,0.46511627906976744,0.6363636363636364,3.05,5.05,0.14392700001053527
demand_surge,ddqn_303,1001009,38,20,10,12,7,2,6,82,76,76,45,126,-144.40000000000003,0.2631578947368421,0.5263157894736842,0.2857142857142857,3.8,6.3,0.13602049997984977
demand_surge,ddqn_303,1001010,44,22,11,18,11,5,4,80,70,70,48,135,-145.51999999999998,0.25,0.5,0.45454545454545453,3.1818181818181817,6.136363636363637,0.15289599997458936
demand_surge,ddqn_303,1001011,35,18,10,10,9,5,7,77,67,67,54,86,-126.70999999999998,0.2857142857142857,0.5142857142857142,0.5555555555555556,3.7222222222222223,4.777777777777778,0.13432749997832616
demand_surge,ddqn_303,1001012,52,19,7,29,7,3,4,75,68,68,36,124,-297.6900000000001,0.1346153846153846,0.36538461538461536,0.42857142857142855,3.5789473684210527,6.526315789473684,0.13592550001817472
demand_surge,ddqn_303,1001013,46,25,12,19,11,5,2,86,70,70,39,127,-84.30999999999999,0.2608695652173913,0.5434782608695652,0.45454545454545453,2.8,5.08,0.12999099999433383
demand_surge,ddqn_303,1001014,37,22,14,12,8,4,3,79,75,75,43,64,16.279999999999966,0.3783783783783784,0.5945945945945946,0.5,3.409090909090909,2.909090909090909,0.12227449997226358
demand_surge,ddqn_303,1001015,29,18,11,4,7,6,7,73,66,66,45,65,6.84999999999998,0.3793103448275862,0.6206896551724138,0.8571428571428571,3.6666666666666665,3.611111111111111,0.13035649996595566
demand_surge,ddqn_303,1001016,53,19,4,31,15,0,3,84,69,69,38,177,-444.47000000000014,0.07547169811320754,0.3584905660377358,0.0,3.6315789473684212,9.31578947368421,0.13438249999353502
demand_surge,ddqn_303,1001017,46,19,11,21,11,5,6,86,78,78,51,121,-266.09000000000003,0.2391304347826087,0.41304347826086957,0.45454545454545453,4.105263157894737,6.368421052631579,0.1357449999943583
demand_surge,ddqn_303,1001018,47,23,12,19,11,4,5,82,72,72,55,81,-122.99999999999997,0.2553191489361702,0.48936170212765956,0.36363636363636365,3.130434782608696,3.5217391304347827,0.13117750003743822
demand_surge,ddqn_303,1001019,44,15,6,23,8,2,6,76,67,67,45,153,-370.2000000000001,0.13636363636363635,0.3409090909090909,0.25,4.466666666666667,10.2,0.13303049999535688
demand_surge,ddqn_303,1001020,40,21,10,15,11,6,4,83,68,68,47,143,-112.33000000000001,0.25,0.525,0.5454545454545454,3.238095238095238,6.809523809523809,0.13259499999662694
demand_surge,ddqn_303,1001021,52,23,8,26,13,3,3,87,75,75,48,162,-287.52000000000004,0.15384615384615385,0.4423076923076923,0.23076923076923078,3.260869565217391,7.043478260869565,0.13059650001423506
demand_surge,ddqn_303,1001022,49,20,7,25,10,2,4,79,69,69,36,169,-265.03999999999996,0.14285714285714285,0.40816326530612246,0.2,3.45,8.45,0.13262000001645902
demand_surge,ddqn_303,1001023,45,21,8,19,10,4,5,85,70,70,42,147,-167.37999999999994,0.17777777777777778,0.4666666666666667,0.4,3.3333333333333335,7.0,0.13119800001959447
demand_surge,ddqn_303,1001024,42,20,9,18,9,3,4,83,75,75,48,116,-143.46999999999997,0.21428571428571427,0.47619047619047616,0.3333333333333333,3.75,5.8,0.13195899998663663
demand_surge,ddqn_303,1001025,38,19,8,14,7,1,5,90,72,72,39,100,-138.86,0.21052631578947367,0.5,0.14285714285714285,3.789473684210526,5.2631578947368425,0.13188899998795023
demand_surge,ddqn_303,1001026,44,23,11,18,17,5,3,78,72,72,45,151,-111.70000000000002,0.25,0.5227272727272727,0.29411764705882354,3.130434782608696,6.565217391304348,0.129870999984405
demand_surge,ddqn_303,1001027,49,12,8,27,13,1,10,57,43,43,28,33,-588.92,0.16326530612244897,0.24489795918367346,0.07692307692307693,3.5833333333333335,2.75,0.13141299999119838
demand_surge,ddqn_303,1001028,51,23,13,25,17,7,3,83,72,72,47,151,-213.3299999999999,0.2549019607843137,0.45098039215686275,0.4117647058823529,3.130434782608696,6.565217391304348,0.1318489999846406
demand_surge,ddqn_303,1001029,40,20,6,18,11,3,2,82,76,76,48,161,-157.82000000000002,0.15,0.5,0.2727272727272727,3.8,8.05,0.13464299999554896
demand_surge,ddqn_303,1001030,36,21,11,10,7,6,5,84,72,72,51,133,-20.29000000000005,0.3055555555555556,0.5833333333333334,0.8571428571428571,3.4285714285714284,6.333333333333333,0.13052700003868267
demand_surge,ddqn_303,1001031,34,16,7,12,11,2,6,89,67,67,45,98,-177.24999999999994,0.20588235294117646,0.47058823529411764,0.18181818181818182,4.1875,6.125,0.1311780000037288
demand_surge,ddqn_303,1001032,44,19,10,19,11,3,6,75,64,64,36,119,-206.73999999999998,0.22727272727272727,0.4318181818181818,0.2727272727272727,3.3684210526315788,6.2631578947368425,0.1300110000101995
demand_surge,ddqn_303,1001033,40,17,8,18,11,4,5,86,68,68,39,166,-234.8600000000001,0.2,0.425,0.36363636363636365,4.0,9.764705882352942,0.13155350001170518
demand_surge,ddqn_303,1001034,30,19,9,5,6,3,6,84,78,78,48,95,-18.919999999999973,0.3,0.6333333333333333,0.5,4.105263157894737,5.0,0.13195450003422593
demand_surge,ddqn_303,1001035,50,22,7,25,13,3,3,86,71,71,45,194,-194.7,0.14,0.44,0.23076923076923078,3.227272727272727,8.818181818181818,0.13270499997020124
demand_surge,ddqn_303,1001036,34,17,9,10,9,4,7,85,72,72,39,71,-166.11000000000004,0.2647058823529412,0.5,0.4444444444444444,4.235294117647059,4.176470588235294,0.12918499999159394
demand_surge,ddqn_303,1001037,42,16,10,19,15,4,7,64,58,58,44,63,-338.1599999999999,0.23809523809523808,0.38095238095238093,0.26666666666666666,3.625,3.9375,0.13386199998421944
demand_surge,ddqn_303,1001038,46,22,13,18,11,5,6,82,71,71,48,102,-188.27,0.2826086956521739,0.4782608695652174,0.45454545454545453,3.227272727272727,4.636363636363637,0.13109750000239728
demand_surge,ddqn_303,1001039,44,24,16,15,15,7,5,84,73,73,45,83,-91.89999999999998,0.36363636363636365,0.5454545454545454,0.4666666666666667,3.0416666666666665,3.4583333333333335,0.13042699998777607
demand_surge,ddqn_303,1001040,37,23,13,11,5,4,3,85,71,71,42,89,21.16999999999998,0.35135135135135137,0.6216216216216216,0.8,3.0869565217391304,3.869565217391304,0.13517849998834208
demand_surge,ddqn_303,1001041,38,19,8,14,6,3,5,82,73,73,51,102,-111.99000000000002,0.21052631578947367,0.5,0.5,3.8421052631578947,5.368421052631579,0.1295954999989135
demand_surge,ddqn_303,1001042,38,24,11,11,15,5,3,80,72,72,45,137,25.949999999999978,0.2894736842105263,0.631578947368421,0.3333333333333333,3.0,5.708333333333333,0.13062700000432415
demand_surge,ddqn_303,1001043,33,18,8,8,5,2,7,78,72,72,51,101,-109.69,0.24242424242424243,0.5454545454545454,0.4,4.0,5.611111111111111,0.1294205000021975
demand_surge,ddqn_303,1001044,50,13,8,27,10,3,10,61,51,51,38,40,-499.82,0.16,0.26,0.3,3.923076923076923,3.076923076923077,0.13344149999738875
demand_surge,ddqn_303,1001045,40,22,9,12,11,5,6,85,73,73,42,106,-83.78,0.225,0.55,0.45454545454545453,3.3181818181818183,4.818181818181818,0.13249500003098547
demand_surge,ddqn_303,1001046,32,21,12,6,6,4,5,82,72,72,50,84,33.39999999999996,0.375,0.65625,0.6666666666666666,3.4285714285714284,4.0,0.13023649998444853
demand_surge,ddqn_303,1001047,44,21,10,20,7,2,3,83,70,70,54,133,-192.25999999999993,0.22727272727272727,0.4772727272727273,0.2857142857142857,3.3333333333333335,6.333333333333333,0.1305419999937385
demand_surge,ddqn_303,1001048,53,20,10,29,13,5,4,81,69,69,39,186,-317.65999999999997,0.18867924528301888,0.37735849056603776,0.38461538461538464,3.45,9.3,0.1350390000141033
demand_surge,ddqn_303,1001049,40,20,8,15,9,4,5,88,71,71,39,153,-153.46000000000004,0.2,0.5,0.4444444444444444,3.55,7.65,0.1333214999874599
demand_surge,ddqn_303,1001050,43,21,8,18,7,3,4,80,66,66,36,81,-125.84,0.18604651162790697,0.4883720930232558,0.42857142857142855,3.142857142857143,3.857142857142857,0.1315235000163284
demand_surge,ddqn_303,1001051,40,19,12,16,10,5,5,86,70,70,39,130,-185.46,0.3,0.475,0.5,3.6842105263157894,6.842105263157895,0.1312830000017584
demand_surge,ddqn_303,1001052,50,23,10,23,13,6,4,80,68,68,45,165,-195.99999999999997,0.2,0.46,0.46153846153846156,2.9565217391304346,7.173913043478261,0.13146349999715312
demand_surge,ddqn_303,1001053,37,20,12,12,8,3,5,78,69,69,37,48,-35.93000000000002,0.32432432432432434,0.5405405405405406,0.375,3.45,2.4,0.12840900001265254
demand_surge,ddqn_303,1001054,41,19,9,17,11,2,5,82,66,66,42,122,-198.57999999999998,0.21951219512195122,0.4634146341463415,0.18181818181818182,3.473684210526316,6.421052631578948,0.1345125000113967
demand_surge,ddqn_303,1001055,41,16,6,19,9,2,6,79,67,67,39,160,-290.61,0.14634146341463414,0.3902439024390244,0.2222222222222222,4.1875,10.0,0.13471799999820178
demand_surge,ddqn_303,1001056,58,10,7,38,15,3,10,51,37,37,12,15,-744.0299999999999,0.1206896551724138,0.1724137931034483,0.2,3.7,1.5,0.14146799998115966
demand_surge,ddqn_303,1001057,44,16,8,21,14,4,7,80,65,65,36,88,-354.28999999999996,0.18181818181818182,0.36363636363636365,0.2857142857142857,4.0625,5.5,0.13550949998375472
demand_surge,ddqn_303,1001058,48,20,10,21,13,4,7,83,73,73,48,92,-293.52,0.20833333333333334,0.4166666666666667,0.3076923076923077,3.65,4.6,0.13636600002087107
demand_surge,ddqn_303,1001059,60,13,6,38,14,3,9,56,46,46,32,53,-623.1300000000001,0.1,0.21666666666666667,0.21428571428571427,3.5384615384615383,4.076923076923077,0.13292500000261498
demand_surge,ddqn_303,1001060,45,19,8,20,11,4,6,78,62,62,30,130,-244.89999999999984,0.17777777777777778,0.4222222222222222,0.36363636363636365,3.263157894736842,6.842105263157895,0.13537949999431476
demand_surge,ddqn_303,1001061,51,21,9,26,15,8,4,87,71,71,39,127,-210.80999999999992,0.17647058823529413,0.4117647058823529,0.5333333333333333,3.380952380952381,6.0476190476190474,0.13077750000434207
demand_surge,ddqn_303,1001062,38,23,10,13,7,3,2,85,70,70,45,166,-45.05,0.2631578947368421,0.6052631578947368,0.42857142857142855,3.0434782608695654,7.217391304347826,0.13114750001363973
demand_surge,ddqn_303,1001063,44,22,7,21,8,1,1,80,70,70,41,178,-168.93999999999997,0.1590909090909091,0.5,0.125,3.1818181818181817,8.090909090909092,0.12989100000027065
demand_surge,ddqn_303,1001064,44,21,7,18,10,5,5,82,72,72,45,131,-131.2,0.1590909090909091,0.4772727272727273,0.5,3.4285714285714284,6.238095238095238,0.1365864999911537
demand_surge,ddqn_303,1001065,44,23,10,17,9,4,4,80,74,74,57,124,-106.88000000000001,0.22727272727272727,0.5227272727272727,0.4444444444444444,3.217391304347826,5.391304347826087,0.13178349999520833
demand_surge,ddqn_303,1001066,42,17,11,18,14,6,7,79,67,67,45,101,-270.65,0.2619047619047619,0.40476190476190477,0.42857142857142855,3.9411764705882355,5.9411764705882355,0.13220399998203902
demand_surge,ddqn_303,1001067,43,19,8,19,8,2,5,85,69,69,42,138,-218.2300000000001,0.18604651162790697,0.4418604651162791,0.25,3.6315789473684212,7.2631578947368425,0.13320049998810646
demand_surge,ddqn_303,1001068,39,21,11,15,9,5,3,81,76,76,46,133,-99.79000000000002,0.28205128205128205,0.5384615384615384,0.5555555555555556,3.619047619047619,6.333333333333333,0.13121750001232613
demand_surge,ddqn_303,1001069,38,13,8,17,13,3,8,67,55,55,55,54,-345.05000000000007,0.21052631578947367,0.34210526315789475,0.23076923076923078,4.230769230769231,4.153846153846154,0.132925500025749
demand_surge,ddqn_303,1001070,36,18,9,11,9,4,7,82,70,70,39,102,-126.36,0.25,0.5,0.4444444444444444,3.888888888888889,5.666666666666667,0.13345649998086628
demand_surge,ddqn_303,1001071,38,24,8,11,8,4,3,87,77,77,45,183,-39.85000000000001,0.21052631578947367,0.631578947368421,0.5,3.2083333333333335,7.625,0.13357200000996272
demand_surge,ddqn_303,1001072,41,17,11,14,8,5,10,58,46,46,46,23,-198.14000000000001,0.2682926829268293,0.4146341463414634,0.625,2.7058823529411766,1.3529411764705883,0.13374700000667872
demand_surge,ddqn_303,1001073,55,20,10,28,11,4,7,79,67,67,41,102,-346.43999999999994,0.18181818181818182,0.36363636363636365,0.36363636363636365,3.35,5.1,0.13106250000305408
demand_surge,ddqn_303,1001074,45,23,8,20,15,7,2,78,66,66,44,175,-100.36000000000003,0.17777777777777778,0.5111111111111111,0.4666666666666667,2.869565217391304,7.608695652173913,0.13221950001707228
demand_surge,ddqn_303,1001075,39,24,10,14,5,4,1,82,77,77,45,149,18.849999999999977,0.2564102564102564,0.6153846153846154,0.8,3.2083333333333335,6.208333333333333,0.13099250000436768
demand_surge,ddqn_303,1001076,48,20,9,23,14,3,5,84,75,75,45,142,-285.1000000000001,0.1875,0.4166666666666667,0.21428571428571427,3.75,7.1,0.1300859999844306
demand_surge,ddqn_303,1001077,42,20,10,19,13,7,3,88,64,64,33,162,-150.47000000000003,0.23809523809523808,0.47619047619047616,0.5384615384615384,3.2,8.1,0.13179899997339817
demand_surge,ddqn_303,1001078,45,20,9,20,8,3,5,84,69,69,41,100,-195.74,0.2,0.4444444444444444,0.375,3.45,5.0,0.1309624999805692
demand_surge,ddqn_303,1001079,34,17,11,12,7,5,5,76,72,72,48,73,-63.57000000000002,0.3235294117647059,0.5,0.7142857142857143,4.235294117647059,4.294117647058823,0.13094799999180395
demand_surge,ddqn_303,1001080,38,19,6,16,4,2,3,77,65,65,45,150,-118.4,0.15789473684210525,0.5,0.5,3.4210526315789473,7.894736842105263,0.13253500003429508
demand_surge,ddqn_303,1001081,39,23,11,14,13,4,2,82,64,64,40,145,-58.80000000000005,0.28205128205128205,0.5897435897435898,0.3076923076923077,2.782608695652174,6.304347826086956,0.12955049999163748
demand_surge,ddqn_303,1001082,40,21,8,18,8,5,1,78,68,68,46,171,-58.74000000000002,0.2,0.525,0.625,3.238095238095238,8.142857142857142,0.1297004999685214
demand_surge,ddqn_303,1001083,42,16,9,18,15,6,8,74,63,63,39,89,-287.90999999999997,0.21428571428571427,0.38095238095238093,0.4,3.9375,5.5625,0.13039149999372057
demand_surge,ddqn_303,1001084,45,23,7,21,8,1,1,85,78,78,48,197,-168.0700000000001,0.15555555555555556,0.5111111111111111,0.125,3.391304347826087,8.565217391304348,0.13207450001573307
demand_surge,ddqn_303,1001085,42,22,11,16,13,6,4,80,66,66,45,170,-109.79999999999998,0.2619047619047619,0.5238095238095238,0.46153846153846156,3.0,7.7272727272727275,0.13175899999851026
demand_surge,ddqn_303,1001086,40,18,9,17,12,4,5,77,70,70,50,77,-170.85000000000005,0.225,0.45,0.3333333333333333,3.888888888888889,4.277777777777778,0.13155799996411588
demand_surge,ddqn_303,1001087,52,20,9,28,14,2,4,81,72,72,39,162,-304.76000000000005,0.17307692307692307,0.38461538461538464,0.14285714285714285,3.6,8.1,0.13260049999530565
demand_surge,ddqn_303,1001088,50,26,15,21,9,5,3,87,70,70,36,103,-59.58999999999999,0.3,0.52,0.5555555555555556,2.6923076923076925,3.9615384615384617,0.127271499991366
demand_surge,ddqn_303,1001089,44,21,12,18,12,7,5,78,73,73,42,119,-132.93,0.2727272727272727,0.4772727272727273,0.5833333333333334,3.4761904761904763,5.666666666666667,0.1280380000139303
demand_surge,ddqn_303,1001090,39,19,10,14,6,0,6,80,66,66,54,115,-213.66,0.2564102564102564,0.48717948717948717,0.0,3.473684210526316,6.052631578947368,0.12917550000679512
demand_surge,ddqn_303,1001091,51,13,8,29,11,3,9,70,57,57,51,85,-545.24,0.1568627450980392,0.2549019607843137,0.2727272727272727,4.384615384615385,6.538461538461538,0.1331109999966884
demand_surge,ddqn_303,1001092,32,23,10,7,9,5,2,80,69,69,36,133,66.30999999999996,0.3125,0.71875,0.5555555555555556,3.0,5.782608695652174,0.131918999983327
demand_surge,ddqn_303,1001093,36,16,7,16,13,5,4,69,58,58,27,79,-146.88000000000005,0.19444444444444445,0.4444444444444444,0.38461538461538464,3.625,4.9375,0.12921500001539243
demand_surge,ddqn_303,1001094,39,18,9,16,10,2,5,81,69,69,39,130,-234.46000000000006,0.23076923076923078,0.46153846153846156,0.2,3.8333333333333335,7.222222222222222,0.12922499999490356
demand_surge,ddqn_303,1001095,42,15,8,20,10,4,7,77,64,64,36,86,-293.93999999999994,0.19047619047619047,0.35714285714285715,0.4,4.266666666666667,5.733333333333333,0.13018100000294908
demand_surge,ddqn_303,1001096,40,19,8,17,11,5,4,87,72,72,45,159,-173.89999999999998,0.2,0.475,0.45454545454545453,3.789473684210526,8.368421052631579,0.1299104999930023
demand_surge,ddqn_303,1001097,46,18,9,22,12,5,6,80,64,64,40,122,-273.04999999999995,0.1956521739130435,0.391304347826087,0.4166666666666667,3.5555555555555554,6.777777777777778,0.12925500001870205
demand_surge,ddqn_303,1001098,44,28,16,15,8,2,1,82,70,70,45,65,25.95000000000006,0.36363636363636365,0.6363636363636364,0.25,2.5,2.3214285714285716,0.12580900002490125
demand_surge,ddqn_303,1001099,43,19,8,21,6,0,3,86,68,68,36,153,-250.84000000000003,0.18604651162790697,0.4418604651162791,0.0,3.5789473684210527,8.052631578947368,0.12937500000020918
demand_surge,ddqn_303,1001100,38,21,13,12,6,5,5,73,67,67,48,92,-47.37000000000001,0.34210526315789475,0.5526315789473685,0.8333333333333334,3.1904761904761907,4.380952380952381,0.12884400001667018
demand_surge,ddqn_303,1001101,52,19,8,30,7,3,3,83,64,64,36,139,-321.7400000000001,0.15384615384615385,0.36538461538461536,0.42857142857142855,3.3684210526315788,7.315789473684211,0.13188899998795023
demand_surge,ddqn_303,1001102,43,21,12,17,14,7,5,81,71,71,45,136,-157.5,0.27906976744186046,0.4883720930232558,0.5,3.380952380952381,6.476190476190476,0.12978550000752875
demand_surge,ddqn_303,1001103,38,21,9,14,12,5,3,77,68,68,42,186,-34.82999999999999,0.23684210526315788,0.5526315789473685,0.4166666666666667,3.238095238095238,8.857142857142858,0.1319790000025023
demand_surge,ddqn_303,1001104,46,19,6,22,6,1,5,80,65,65,36,174,-274.94,0.13043478260869565,0.41304347826086957,0.16666666666666666,3.4210526315789473,9.157894736842104,0.130226499948094
demand_surge,ddqn_303,1001105,45,20,10,21,3,0,4,80,71,71,51,111,-220.18999999999994,0.2222222222222222,0.4444444444444444,0.0,3.55,5.55,0.12970550000090952
demand_surge,ddqn_303,1001106,48,18,5,24,14,2,6,83,65,65,33,149,-340.22,0.10416666666666667,0.375,0.14285714285714285,3.611111111111111,8.277777777777779,0.13182850000248436
demand_surge,ddqn_303,1001107,48,21,15,21,15,8,6,81,73,73,48,75,-204.41999999999996,0.3125,0.4375,0.5333333333333333,3.4761904761904763,3.5714285714285716,0.12947500002269408
demand_surge,ddqn_303,1001108,49,20,7,24,13,3,5,81,70,70,42,143,-292.83,0.14285714285714285,0.40816326530612246,0.23076923076923078,3.5,7.15,0.13087749996998355
demand_surge,ddqn_303,1001109,48,20,9,22,12,3,6,80,70,70,39,122,-245.66000000000003,0.1875,0.4166666666666667,0.25,3.5,6.1,0.12856349999879058
demand_surge,ddqn_303,1001110,45,17,8,22,15,5,6,75,63,63,42,97,-310.33000000000004,0.17777777777777778,0.37777777777777777,0.3333333333333333,3.7058823529411766,5.705882352941177,0.12995100001944593
demand_surge,ddqn_303,1001111,48,21,9,24,16,5,3,80,67,67,46,170,-247.19000000000003,0.1875,0.4375,0.3125,3.1904761904761907,8.095238095238095,0.13090699997064803
demand_surge,ddqn_303,1001112,57,17,7,35,17,4,5,84,70,70,57,177,-509.57999999999987,0.12280701754385964,0.2982456140350877,0.23529411764705882,4.117647058823529,10.411764705882353,0.13278049999598807
demand_surge,ddqn_303,1001113,61,23,8,33,16,2,5,87,74,74,48,134,-434.67000000000013,0.13114754098360656,0.3770491803278688,0.125,3.217391304347826,5.826086956521739,0.1322290000018711
demand_surge,ddqn_303,1001114,58,22,7,32,11,2,4,86,72,72,42,162,-350.33000000000004,0.1206896551724138,0.3793103448275862,0.18181818181818182,3.272727272727273,7.363636363636363,0.1314179999951648
demand_surge,ddqn_303,1001115,42,20,8,16,8,5,6,82,65,65,39,150,-157.01000000000002,0.19047619047619047,0.47619047619047616,0.625,3.25,7.5,0.12968550001346557
demand_surge,ddqn_303,1001116,48,15,7,26,8,2,7,83,65,65,51,101,-407.59000000000015,0.14583333333333334,0.3125,0.25,4.333333333333333,6.733333333333333,0.1338114999782647
demand_surge,ddqn_303,1001117,44,15,7,21,10,2,8,65,55,55,49,81,-365.55999999999995,0.1590909090909091,0.3409090909090909,0.2,3.6666666666666665,5.4,0.1363104999825282
demand_surge,ddqn_303,1001118,43,20,10,20,11,5,3,84,70,70,39,131,-169.30999999999997,0.23255813953488372,0.46511627906976744,0.45454545454545453,3.5,6.55,0.1338519999762866
demand_surge,ddqn_303,1001119,42,17,9,20,9,3,5,73,63,63,36,118,-247.94000000000005,0.21428571428571427,0.40476190476190477,0.3333333333333333,3.7058823529411766,6.9411764705882355,0.13111749998984124
demand_surge,ddqn_303,1001120,50,15,7,27,15,3,8,72,60,60,51,75,-460.2399999999997,0.14,0.3,0.2,4.0,5.0,0.1323694999939562
demand_surge,ddqn_303,1001121,50,21,6,25,12,3,4,88,71,71,39,142,-236.10999999999996,0.12,0.42,0.25,3.380952380952381,6.761904761904762,0.1312480000024152
demand_surge,ddqn_303,1001122,43,14,9,20,14,3,9,60,52,52,52,40,-429.4800000000002,0.20930232558139536,0.32558139534883723,0.21428571428571427,3.7142857142857144,2.857142857142857,0.13474800002200027
demand_surge,ddqn_303,1001123,44,20,7,20,13,2,4,82,62,62,35,139,-216.40000000000003,0.1590909090909091,0.45454545454545453,0.15384615384615385,3.1,6.95,0.13125300000638163
demand_surge,ddqn_303,1001124,44,25,11,14,8,4,5,83,77,77,48,121,-68.52000000000001,0.25,0.5681818181818182,0.5,3.08,4.84,0.1334264999854895
demand_surge,ddqn_303,1001125,36,19,6,13,8,2,4,86,65,65,45,164,-136.05,0.16666666666666666,0.5277777777777778,0.25,3.4210526315789473,8.631578947368421,0.1306119999924249
demand_surge,ddqn_303,1001126,28,22,13,2,8,7,4,81,74,74,42,91,152.67000000000007,0.4642857142857143,0.7857142857142857,0.875,3.3636363636363638,4.136363636363637,0.12678600000981533
demand_surge,ddqn_303,1001127,45,21,6,18,16,3,6,85,69,69,44,146,-238.0599999999999,0.13333333333333333,0.4666666666666667,0.1875,3.2857142857142856,6.9523809523809526,0.13109749997397557
demand_surge,ddqn_303,1001128,48,20,7,22,8,1,6,76,70,70,54,96,-264.46,0.14583333333333334,0.4166666666666667,0.125,3.5,4.8,0.13132300000506802
demand_surge,ddqn_303,1001129,46,19,6,23,14,2,4,78,71,71,42,126,-276.2799999999999,0.13043478260869565,0.41304347826086957,0.14285714285714285,3.736842105263158,6.631578947368421,0.13163849999386912
demand_surge,ddqn_303,1001130,51,21,13,24,11,5,6,85,76,76,45,81,-251.85000000000008,0.2549019607843137,0.4117647058823529,0.45454545454545453,3.619047619047619,3.857142857142857,0.13615500000696557
demand_surge,ddqn_303,1001131,44,22,9,18,13,5,4,84,68,68,42,192,-117.43,0.20454545454545456,0.5,0.38461538461538464,3.090909090909091,8.727272727272727,0.13357650001921684
demand_surge,ddqn_303,1001132,57,18,5,33,12,3,6,83,71,71,42,109,-455.63,0.08771929824561403,0.3157894736842105,0.25,3.9444444444444446,6.055555555555555,0.14164350000100967
demand_surge,ddqn_303,1001133,48,23,12,22,8,4,3,79,70,70,37,130,-136.83000000000004,0.25,0.4791666666666667,0.5,3.0434782608695654,5.6521739130434785,0.13217899999062865
demand_surge,ddqn_303,1001134,47,20,9,24,15,3,3,83,71,71,42,136,-273.8300000000001,0.19148936170212766,0.425531914893617,0.2,3.55,6.8,0.12947050001343996
demand_surge,ddqn_303,1001135,51,16,5,30,16,3,5,81,66,66,42,141,-442.9300000000002,0.09803921568627451,0.3137254901960784,0.1875,4.125,8.8125,0.13009650001549744
demand_surge,ddqn_303,1001136,41,17,8,18,12,5,6,80,68,68,45,121,-227.6,0.1951219512195122,0.4146341463414634,0.4166666666666667,4.0,7.117647058823529,0.13090249998981562
demand_surge,ddqn_303,1001137,48,17,6,25,14,3,6,84,66,66,42,145,-364.9799999999997,0.125,0.3541666666666667,0.21428571428571427,3.8823529411764706,8.529411764705882,0.13151350000839557
demand_surge,ddqn_303,1001138,44,15,4,21,9,2,8,70,63,63,27,82,-330.7300000000001,0.09090909090909091,0.3409090909090909,0.2222222222222222,4.2,5.466666666666667,0.13063200003671227
demand_surge,ddqn_303,1001139,38,18,10,14,13,5,6,72,63,63,39,117,-188.70999999999998,0.2631578947368421,0.47368421052631576,0.38461538461538464,3.5,6.5,0.12943499999096275
demand_surge,ddqn_303,1001140,42,22,10,17,9,4,3,82,69,69,39,163,-107.56000000000006,0.23809523809523808,0.5238095238095238,0.4444444444444444,3.1363636363636362,7.409090909090909,0.130818000002364
demand_surge,ddqn_303,1001141,39,19,11,15,13,8,5,73,63,63,45,102,-70.64999999999998,0.28205128205128205,0.48717948717948717,0.6153846153846154,3.3157894736842106,5.368421052631579,0.1307569999937641
demand_surge,ddqn_303,1001142,33,19,9,9,9,5,5,80,66,66,36,112,-42.44,0.2727272727272727,0.5757575757575758,0.5555555555555556,3.473684210526316,5.894736842105263,0.130862499986506
demand_surge,ddqn_303,1001143,49,23,8,23,10,3,3,88,72,72,45,125,-178.64999999999992,0.16326530612244897,0.46938775510204084,0.3,3.130434782608696,5.434782608695652,0.13103750001164371
demand_surge,ddqn_303,1001144,46,18,11,22,13,9,6,80,66,66,65,125,-230.94999999999993,0.2391304347826087,0.391304347826087,0.6923076923076923,3.6666666666666665,6.944444444444445,0.13480850003588785
demand_surge,ddqn_303,1001145,40,25,11,13,13,7,2,87,74,74,45,139,57.74999999999997,0.275,0.625,0.5384615384615384,2.96,5.56,0.13281549996690956
demand_surge,ddqn_303,1001146,50,24,11,24,12,3,2,81,71,71,40,134,-153.70000000000005,0.22,0.48,0.25,2.9583333333333335,5.583333333333333,0.13309049998611044
demand_surge,ddqn_303,1001147,48,21,9,23,10,2,4,79,72,72,52,186,-236.92999999999986,0.1875,0.4375,0.2,3.4285714285714284,8.857142857142858,0.1310724999825652
demand_surge,ddqn_303,1001148,39,21,10,15,16,5,3,79,67,67,36,102,-69.28999999999994,0.2564102564102564,0.5384615384615384,0.3125,3.1904761904761907,4.857142857142857,0.12954000001741406
demand_surge,ddqn_303,1001149,38,21,13,11,9,3,6,81,75,75,40,80,-101.49999999999999,0.34210526315789475,0.5526315789473685,0.3333333333333333,3.5714285714285716,3.8095238095238093,0.1290245000120649
traffic_disruption,nearest,1002000,25,21,12,2,6,2,2,95,54,54,33,44,125.78000000000002,0.48,0.84,0.3333333333333333,2.5714285714285716,2.0952380952380953,0.006489500009365656
traffic_disruption,nearest,1002001,39,16,5,18,15,3,5,96,55,55,30,148,-236.8,0.1282051282051282,0.41025641025641024,0.2,3.4375,9.25,0.006474999992178709
traffic_disruption,nearest,1002002,31,14,3,12,7,1,5,93,54,54,36,154,-182.43999999999997,0.0967741935483871,0.45161290322580644,0.14285714285714285,3.857142857142857,11.0,0.006509999991521909
traffic_disruption,nearest,1002003,32,17,8,9,9,4,6,92,61,61,42,113,-81.83000000000001,0.25,0.53125,0.4444444444444444,3.588235294117647,6.647058823529412,0.006460000008701172
traffic_disruption,nearest,1002004,21,15,5,2,3,1,4,95,57,57,30,134,-17.20000000000001,0.23809523809523808,0.7142857142857143,0.3333333333333333,3.8,8.933333333333334,0.00648500000011154
traffic_disruption,nearest,1002005,24,17,7,3,5,4,4,97,55,55,24,159,27.539999999999978,0.2916666666666667,0.7083333333333334,0.8,3.235294117647059,9.352941176470589,0.006409499974324717
traffic_disruption,nearest,1002006,32,15,6,11,7,1,6,95,53,53,30,93,-140.6,0.1875,0.46875,0.14285714285714285,3.533333333333333,6.2,0.006423999991511664
traffic_disruption,nearest,1002007,32,20,7,9,10,4,3,93,60,60,36,176,-39.390000000000015,0.21875,0.625,0.4,3.0,8.8,0.006374000008690928
traffic_disruption,nearest,1002008,31,19,8,9,4,2,3,92,58,58,33,147,-32.82000000000001,0.25806451612903225,0.6129032258064516,0.5,3.0526315789473686,7.7368421052631575,0.0064349999888690945
traffic_disruption,nearest,1002009,23,17,6,3,8,4,3,96,56,56,30,163,39.90000000000004,0.2608695652173913,0.7391304347826086,0.5,3.2941176470588234,9.588235294117647,0.006619999993517922
traffic_disruption,nearest,1002010,35,14,4,15,8,2,6,98,51,51,27,167,-261.0800000000001,0.11428571428571428,0.4,0.25,3.642857142857143,11.928571428571429,0.006530000007387571
traffic_disruption,nearest,1002011,34,19,8,10,7,4,5,93,61,61,33,137,-59.77000000000001,0.23529411764705882,0.5588235294117647,0.5714285714285714,3.210526315789474,7.2105263157894735,0.00648500000011154
traffic_disruption,nearest,1002012,41,16,9,19,13,2,6,92,59,59,30,101,-297.40000000000003,0.21951219512195122,0.3902439024390244,0.15384615384615385,3.6875,6.3125,0.006384999977626649
traffic_disruption,nearest,1002013,25,15,10,5,5,2,5,96,52,52,33,52,-56.37000000000002,0.4,0.6,0.4,3.466666666666667,3.466666666666667,0.006264500001407214
traffic_disruption,nearest,1002014,32,13,7,11,6,4,8,95,56,56,36,72,-160.64000000000001,0.21875,0.40625,0.6666666666666666,4.3076923076923075,5.538461538461538,0.006395000013981189
traffic_disruption,nearest,1002015,27,15,5,5,3,1,7,97,52,52,27,95,-58.58000000000002,0.18518518518518517,0.5555555555555556,0.3333333333333333,3.466666666666667,6.333333333333333,0.006849999977021071
traffic_disruption,nearest,1002016,37,15,6,17,9,3,5,98,48,48,21,126,-221.34000000000003,0.16216216216216217,0.40540540540540543,0.3333333333333333,3.2,8.4,0.0066650000007939525
traffic_disruption,nearest,1002017,30,16,3,11,6,0,3,97,49,49,30,155,-126.54999999999995,0.1,0.5333333333333333,0.0,3.0625,9.6875,0.006454500010022457
traffic_disruption,nearest,1002018,26,14,5,5,7,2,7,97,48,48,21,110,-74.14,0.19230769230769232,0.5384615384615384,0.2857142857142857,3.4285714285714284,7.857142857142857,0.006529999978965861
traffic_disruption,nearest,1002019,31,16,6,11,7,3,4,95,56,56,30,119,-73.8,0.1935483870967742,0.5161290322580645,0.42857142857142855,3.5,7.4375,0.006600000006073969
traffic_disruption,nearest,1002020,26,14,3,8,5,1,4,97,50,50,30,159,-98.69999999999999,0.11538461538461539,0.5384615384615384,0.2,3.5714285714285716,11.357142857142858,0.006629999973029044
traffic_disruption,nearest,1002021,32,14,2,13,8,0,5,98,52,52,27,229,-243.2800000000001,0.0625,0.4375,0.0,3.7142857142857144,16.357142857142858,0.0065399999868986924
traffic_disruption,nearest,1002022,31,16,4,11,8,0,4,98,56,56,24,197,-194.05999999999997,0.12903225806451613,0.5161290322580645,0.0,3.5,12.3125,0.006720499982293404
traffic_disruption,nearest,1002023,20,13,7,2,6,1,5,89,54,54,36,41,-7.140000000000043,0.35,0.65,0.16666666666666666,4.153846153846154,3.1538461538461537,0.006388999992168465
traffic_disruption,nearest,1002024,46,15,5,27,14,3,4,97,52,52,27,201,-381.33,0.10869565217391304,0.32608695652173914,0.21428571428571427,3.466666666666667,13.4,0.006810499996845465
traffic_disruption,nearest,1002025,24,16,4,4,6,2,4,90,57,57,33,142,-1.2200000000000202,0.16666666666666666,0.6666666666666666,0.3333333333333333,3.5625,8.875,0.0063445000080264435
traffic_disruption,nearest,1002026,16,16,13,0,3,2,0,87,49,49,39,17,152.89000000000001,0.8125,1.0,0.6666666666666666,3.0625,1.0625,0.00607450002121368
traffic_disruption,nearest,1002027,31,17,7,9,6,3,5,95,50,50,33,145,-73.47,0.22580645161290322,0.5483870967741935,0.5,2.9411764705882355,8.529411764705882,0.006489499980943947
traffic_disruption,nearest,1002028,24,17,7,2,7,4,5,93,59,59,33,122,42.129999999999995,0.2916666666666667,0.7083333333333334,0.5714285714285714,3.4705882352941178,7.176470588235294,0.006404499998780011
traffic_disruption,nearest,1002029,30,20,6,7,12,4,3,94,58,58,39,193,-17.809999999999945,0.2,0.6666666666666666,0.3333333333333333,2.9,9.65,0.006689999992204321
traffic_disruption,nearest,1002030,20,15,8,0,9,5,5,95,59,59,30,49,72.99999999999999,0.4,0.75,0.5555555555555556,3.933333333333333,3.2666666666666666,0.006409999997458726
traffic_disruption,nearest,1002031,22,15,7,3,5,2,4,92,58,58,30,86,25.249999999999943,0.3181818181818182,0.6818181818181818,0.4,3.8666666666666667,5.733333333333333,0.006459000019276573
traffic_disruption,nearest,1002032,26,16,7,6,4,3,4,94,57,57,27,86,-18.53000000000003,0.2692307692307692,0.6153846153846154,0.75,3.5625,5.375,0.006410000025880436
traffic_disruption,nearest,1002033,37,17,7,16,5,2,4,93,55,55,30,151,-173.25000000000003,0.1891891891891892,0.4594594594594595,0.4,3.235294117647059,8.882352941176471,0.006350000006705159
traffic_disruption,nearest,1002034,34,15,5,12,7,2,7,96,49,49,27,135,-195.93,0.14705882352941177,0.4411764705882353,0.2857142857142857,3.2666666666666666,9.0,0.006544999990865108
traffic_disruption,nearest,1002035,31,18,9,7,6,2,6,92,59,59,37,106,-64.67999999999995,0.2903225806451613,0.5806451612903226,0.3333333333333333,3.2777777777777777,5.888888888888889,0.006499999983589078
traffic_disruption,nearest,1002036,29,14,6,8,8,1,7,97,52,52,27,77,-149.57999999999998,0.20689655172413793,0.4827586206896552,0.125,3.7142857142857144,5.5,0.0064349999888690945
traffic_disruption,nearest,1002037,25,14,4,5,5,2,6,94,59,59,36,123,-84.63999999999999,0.16,0.56,0.4,4.214285714285714,8.785714285714286,0.006584999994174723
traffic_disruption,nearest,1002038,28,15,4,8,9,1,5,90,62,62,42,132,-106.23000000000002,0.14285714285714285,0.5357142857142857,0.1111111111111111,4.133333333333334,8.8,0.006805999987591349
traffic_disruption,nearest,1002039,26,16,7,6,7,3,4,94,58,58,42,173,-95.37999999999998,0.2692307692307692,0.6153846153846154,0.42857142857142855,3.625,10.8125,0.006535000011353986
traffic_disruption,nearest,1002040,42,17,9,19,10,2,6,97,60,60,30,120,-324.15000000000003,0.21428571428571427,0.40476190476190477,0.2,3.5294117647058822,7.0588235294117645,0.0066650000007939525
traffic_disruption,nearest,1002041,25,14,7,6,6,2,5,97,54,54,27,76,-50.330000000000034,0.28,0.56,0.3333333333333333,3.857142857142857,5.428571428571429,0.006600000006073969
traffic_disruption,nearest,1002042,21,17,12,0,5,4,4,95,59,59,33,30,97.43000000000006,0.5714285714285714,0.8095238095238095,0.8,3.4705882352941178,1.7647058823529411,0.006484999971689831
traffic_disruption,nearest,1002043,32,17,6,11,9,2,4,93,58,58,27,141,-119.57999999999998,0.1875,0.53125,0.2222222222222222,3.411764705882353,8.294117647058824,0.006675500003439083
traffic_disruption,nearest,1002044,34,16,5,13,7,2,5,97,53,53,27,184,-229.43,0.14705882352941177,0.47058823529411764,0.2857142857142857,3.3125,11.5,0.006615000017973216
traffic_disruption,nearest,1002045,26,15,5,6,7,3,5,96,49,49,27,165,-57.32999999999999,0.19230769230769232,0.5769230769230769,0.42857142857142855,3.2666666666666666,11.0,0.006524499980287146
traffic_disruption,nearest,1002046,29,16,7,9,7,4,4,93,45,45,30,115,-40.45000000000001,0.2413793103448276,0.5517241379310345,0.5714285714285714,2.8125,7.1875,0.006624999997484338
traffic_disruption,nearest,1002047,39,14,4,18,9,0,7,96,61,61,33,130,-345.12000000000006,0.10256410256410256,0.358974358974359,0.0,4.357142857142857,9.285714285714286,0.006550000023253233
traffic_disruption,nearest,1002048,32,15,3,12,8,1,5,97,53,53,24,148,-141.51,0.09375,0.46875,0.125,3.533333333333333,9.866666666666667,0.006640000009383584
traffic_disruption,nearest,1002049,39,16,7,17,10,3,6,96,49,49,33,126,-249.22000000000008,0.1794871794871795,0.41025641025641024,0.3,3.0625,7.875,0.006684999988237905
traffic_disruption,nearest,1002050,27,18,12,4,8,3,5,96,54,54,27,30,58.82000000000005,0.4444444444444444,0.6666666666666666,0.375,3.0,1.6666666666666667,0.0063699999941491114
traffic_disruption,nearest,1002051,27,14,5,7,4,1,6,89,60,60,39,116,-95.96000000000002,0.18518518518518517,0.5185185185185185,0.25,4.285714285714286,8.285714285714286,0.006574999986241892
traffic_disruption,nearest,1002052,35,15,5,15,12,3,5,96,56,56,27,189,-238.98000000000002,0.14285714285714285,0.42857142857142855,0.25,3.7333333333333334,12.6,0.006569999982275476
traffic_disruption,nearest,1002053,20,15,8,0,4,1,5,93,57,57,39,37,57.190000000000055,0.4,0.75,0.25,3.8,2.466666666666667,0.006269500005373629
traffic_disruption,nearest,1002054,29,15,4,9,11,2,5,91,56,56,36,125,-98.93999999999998,0.13793103448275862,0.5172413793103449,0.18181818181818182,3.7333333333333334,8.333333333333334,0.007025499996871076
traffic_disruption,nearest,1002055,32,16,6,11,7,1,5,98,56,56,24,130,-139.26,0.1875,0.5,0.14285714285714285,3.5,8.125,0.0067250000199692295
traffic_disruption,nearest,1002056,27,14,6,9,7,3,4,97,54,54,27,164,-110.48,0.2222222222222222,0.5185185185185185,0.42857142857142855,3.857142857142857,11.714285714285714,0.0065139999776420154
traffic_disruption,nearest,1002057,27,15,5,8,7,2,4,99,56,56,27,151,-62.529999999999966,0.18518518518518517,0.5555555555555556,0.2857142857142857,3.7333333333333334,10.066666666666666,0.00634899998885885
traffic_disruption,nearest,1002058,27,12,4,8,9,2,7,97,56,56,27,117,-181.68,0.14814814814814814,0.4444444444444444,0.2222222222222222,4.666666666666667,9.75,0.00705549999224786
traffic_disruption,nearest,1002059,28,14,6,9,9,2,5,95,52,52,33,94,-153.07,0.21428571428571427,0.5,0.2222222222222222,3.7142857142857144,6.714285714285714,0.006735499994192651
traffic_disruption,nearest,1002060,28,15,6,6,6,2,7,96,52,52,33,90,-126.42000000000003,0.21428571428571427,0.5357142857142857,0.3333333333333333,3.466666666666667,6.0,0.006469999988212294
traffic_disruption,nearest,1002061,24,16,7,4,5,1,4,98,52,52,27,70,10.07,0.2916666666666667,0.6666666666666666,0.2,3.25,4.375,0.006420000005391557
traffic_disruption,nearest,1002062,38,19,8,16,12,6,3,92,61,61,39,156,-132.75999999999988,0.21052631578947367,0.5,0.5,3.210526315789474,8.210526315789474,0.006805500021300759
traffic_disruption,nearest,1002063,37,16,6,15,8,3,6,96,57,57,33,159,-216.61999999999995,0.16216216216216217,0.43243243243243246,0.375,3.5625,9.9375,0.0067800000067563815
traffic_disruption,nearest,1002064,28,13,6,7,8,2,8,97,46,46,30,66,-194.29999999999998,0.21428571428571427,0.4642857142857143,0.25,3.5384615384615383,5.076923076923077,0.006614999989551507
traffic_disruption,nearest,1002065,28,17,7,7,6,1,4,97,52,52,30,136,-50.500000000000014,0.25,0.6071428571428571,0.16666666666666666,3.0588235294117645,8.0,0.006409500031168136
traffic_disruption,nearest,1002066,26,14,4,7,4,1,5,96,51,51,27,132,-114.88000000000002,0.15384615384615385,0.5384615384615384,0.25,3.642857142857143,9.428571428571429,0.0064744999690447
traffic_disruption,nearest,1002067,23,14,7,2,8,3,7,94,49,49,36,58,-6.140000000000001,0.30434782608695654,0.6086956521739131,0.375,3.5,4.142857142857143,0.0063445000080264435
traffic_disruption,nearest,1002068,33,16,3,14,3,1,3,95,59,59,36,167,-137.69000000000005,0.09090909090909091,0.48484848484848486,0.3333333333333333,3.6875,10.4375,0.006464999984245878
traffic_disruption,nearest,1002069,30,15,4,9,8,2,6,92,59,59,33,134,-111.82000000000002,0.13333333333333333,0.5,0.25,3.933333333333333,8.933333333333334,0.006510000019943618
traffic_disruption,nearest,1002070,33,17,6,9,8,3,7,96,55,55,30,157,-134.59999999999997,0.18181818181818182,0.5151515151515151,0.375,3.235294117647059,9.235294117647058,0.006575000014663601
traffic_disruption,nearest,1002071,21,17,11,0,5,3,4,92,56,56,27,63,101.67000000000002,0.5238095238095238,0.8095238095238095,0.6,3.2941176470588234,3.7058823529411766,0.006384000016623759
traffic_disruption,nearest,1002072,22,18,13,0,3,3,4,90,59,59,36,31,111.51000000000008,0.5909090909090909,0.8181818181818182,1.0,3.2777777777777777,1.7222222222222223,0.006574999986241892
traffic_disruption,nearest,1002073,29,15,6,8,4,2,6,96,52,52,27,135,-112.48000000000002,0.20689655172413793,0.5172413793103449,0.5,3.466666666666667,9.0,0.006800000022622044
traffic_disruption,nearest,1002074,25,16,6,4,5,2,5,97,53,53,30,126,-51.39999999999998,0.24,0.64,0.4,3.3125,7.875,0.0065449999624433985
traffic_disruption,nearest,1002075,32,15,4,12,2,1,5,99,54,54,27,160,-158.57999999999998,0.125,0.46875,0.5,3.6,10.666666666666666,0.006810000002133165
traffic_disruption,nearest,1002076,28,17,8,6,5,4,5,98,52,52,21,136,-13.639999999999986,0.2857142857142857,0.6071428571428571,0.8,3.0588235294117645,8.0,0.00648500002853325
traffic_disruption,nearest,1002077,37,18,9,14,13,5,5,94,61,61,30,148,-115.54999999999997,0.24324324324324326,0.4864864864864865,0.38461538461538464,3.388888888888889,8.222222222222221,0.0067654999895694345
traffic_disruption,nearest,1002078,31,17,8,11,9,4,3,97,58,58,33,78,-31.069999999999936,0.25806451612903225,0.5483870967741935,0.4444444444444444,3.411764705882353,4.588235294117647,0.006499999983589078
traffic_disruption,nearest,1002079,34,17,8,12,5,3,5,96,58,58,33,182,-135.17000000000002,0.23529411764705882,0.5,0.6,3.411764705882353,10.705882352941176,0.006710000008069983
traffic_disruption,nearest,1002080,28,15,8,5,7,3,8,98,51,51,30,42,-88.94999999999997,0.2857142857142857,0.5357142857142857,0.42857142857142855,3.4,2.8,0.006535000011353986
traffic_disruption,nearest,1002081,33,15,5,13,4,0,5,94,55,55,33,183,-255.87000000000012,0.15151515151515152,0.45454545454545453,0.0,3.6666666666666665,12.2,0.00664500001335
traffic_disruption,nearest,1002082,28,14,8,9,5,2,5,87,48,48,24,70,-118.31000000000002,0.2857142857142857,0.5,0.4,3.4285714285714284,5.0,0.006509999991521909
traffic_disruption,nearest,1002083,28,18,8,6,9,4,4,96,57,57,24,160,-18.21000000000001,0.2857142857142857,0.6428571428571429,0.4444444444444444,3.1666666666666665,8.88888888888889,0.006479500001432825
traffic_disruption,nearest,1002084,28,15,4,7,10,1,6,95,56,56,27,97,-84.17999999999998,0.14285714285714285,0.5357142857142857,0.1,3.7333333333333334,6.466666666666667,0.006609999985585091
traffic_disruption,nearest,1002085,26,16,8,6,4,3,4,98,54,54,24,109,-28.010000000000016,0.3076923076923077,0.6153846153846154,0.75,3.375,6.8125,0.006259999992153098
traffic_disruption,nearest,1002086,28,18,10,4,9,4,6,98,56,56,27,84,16.720000000000027,0.35714285714285715,0.6428571428571429,0.4444444444444444,3.111111111111111,4.666666666666667,0.006449999972346632
traffic_disruption,nearest,1002087,25,15,6,4,9,3,6,94,56,56,39,103,-64.66000000000001,0.24,0.6,0.3333333333333333,3.7333333333333334,6.866666666666666,0.006745000007413182
traffic_disruption,nearest,1002088,26,16,6,7,4,2,3,91,62,62,39,147,-45.06000000000003,0.23076923076923078,0.6153846153846154,0.5,3.875,9.1875,0.006615000017973216
traffic_disruption,nearest,1002089,32,14,6,12,9,3,6,97,55,55,21,92,-166.29000000000002,0.1875,0.4375,0.3333333333333333,3.9285714285714284,6.571428571428571,0.006534999982932277
traffic_disruption,nearest,1002090,27,17,7,7,8,4,3,97,57,57,24,152,-45.16,0.25925925925925924,0.6296296296296297,0.5,3.3529411764705883,8.941176470588236,0.0065550000272196485
traffic_disruption,nearest,1002091,22,16,5,2,6,3,4,93,56,56,30,125,29.000000000000007,0.22727272727272727,0.7272727272727273,0.5,3.5,7.8125,0.006579999990208307
traffic_disruption,nearest,1002092,19,11,7,0,5,2,8,89,51,51,27,33,-56.429999999999964,0.3684210526315789,0.5789473684210527,0.4,4.636363636363637,3.0,0.006575000014663601
traffic_disruption,nearest,1002093,21,13,7,1,1,0,7,90,53,53,27,50,-21.18000000000002,0.3333333333333333,0.6190476190476191,0.0,4.076923076923077,3.8461538461538463,0.006409999997458726
traffic_disruption,nearest,1002094,32,17,6,11,6,3,4,97,52,52,27,164,-106.78,0.1875,0.53125,0.5,3.0588235294117645,9.647058823529411,0.006569999982275476
traffic_disruption,nearest,1002095,22,16,8,3,9,5,3,97,58,58,24,145,53.140000000000015,0.36363636363636365,0.7272727272727273,0.5555555555555556,3.625,9.0625,0.006374000008690928
traffic_disruption,nearest,1002096,30,17,9,9,7,4,4,95,55,55,30,112,-51.99999999999998,0.3,0.5666666666666667,0.5714285714285714,3.235294117647059,6.588235294117647,0.006474999992178709
traffic_disruption,nearest,1002097,41,18,6,19,14,4,4,96,61,61,30,153,-193.6,0.14634146341463414,0.43902439024390244,0.2857142857142857,3.388888888888889,8.5,0.006490000004077956
traffic_disruption,nearest,1002098,35,15,5,16,6,1,4,96,60,60,33,196,-241.22,0.14285714285714285,0.42857142857142855,0.16666666666666666,4.0,13.066666666666666,0.0065044999928431935
traffic_disruption,nearest,1002099,40,16,6,19,5,4,5,94,58,58,33,130,-176.12000000000003,0.15,0.4,0.8,3.625,8.125,0.006595000002107554
traffic_disruption,nearest,1002100,31,15,8,8,9,3,8,96,55,55,36,84,-104.29000000000002,0.25806451612903225,0.4838709677419355,0.3333333333333333,3.6666666666666665,5.6,0.006399999989525895
traffic_disruption,nearest,1002101,27,14,7,8,7,2,5,92,60,60,39,100,-133.15999999999997,0.25925925925925924,0.5185185185185185,0.2857142857142857,4.285714285714286,7.142857142857143,0.006379499978947933
traffic_disruption,nearest,1002102,41,16,5,21,1,0,4,97,59,59,27,174,-250.47999999999996,0.12195121951219512,0.3902439024390244,0.0,3.6875,10.875,0.00664499998492829
traffic_disruption,nearest,1002103,22,20,10,0,7,3,2,91,60,60,36,80,156.05999999999995,0.45454545454545453,0.9090909090909091,0.42857142857142855,3.0,4.0,0.006525000003421155
traffic_disruption,nearest,1002104,34,15,8,14,6,3,5,94,52,52,27,104,-179.07999999999998,0.23529411764705882,0.4411764705882353,0.5,3.466666666666667,6.933333333333334,0.006459999980279463
traffic_disruption,nearest,1002105,41,17,8,20,10,2,4,94,56,56,36,124,-230.08999999999992,0.1951219512195122,0.4146341463414634,0.2,3.2941176470588234,7.294117647058823,0.006630000001450753
traffic_disruption,nearest,1002106,29,17,9,6,6,5,6,92,64,64,42,99,-26.529999999999937,0.3103448275862069,0.5862068965517241,0.8333333333333334,3.764705882352941,5.823529411764706,0.0066650000007939525
traffic_disruption,nearest,1002107,21,16,5,2,8,3,3,97,52,52,21,182,45.46,0.23809523809523808,0.7619047619047619,0.375,3.25,11.375,0.00669050001533833
traffic_disruption,nearest,1002108,26,14,7,6,3,1,6,93,58,58,36,61,-79.94000000000001,0.2692307692307692,0.5384615384615384,0.3333333333333333,4.142857142857143,4.357142857142857,0.006539500020608102
traffic_disruption,nearest,1002109,44,14,4,23,12,1,7,97,50,50,24,141,-435.1100000000001,0.09090909090909091,0.3181818181818182,0.08333333333333333,3.5714285714285716,10.071428571428571,0.006455000004734757
traffic_disruption,nearest,1002110,29,14,6,8,8,3,7,97,52,52,27,110,-130.73000000000002,0.20689655172413793,0.4827586206896552,0.375,3.7142857142857144,7.857142857142857,0.006514000006063725
traffic_disruption,nearest,1002111,32,13,6,13,7,3,6,94,51,51,21,101,-203.89000000000001,0.1875,0.40625,0.42857142857142855,3.923076923076923,7.769230769230769,0.006589999998141138
traffic_disruption,nearest,1002112,25,17,5,5,4,2,3,96,58,58,27,146,17.269999999999975,0.2,0.68,0.5,3.411764705882353,8.588235294117647,0.006450000000768341
traffic_disruption,nearest,1002113,29,15,5,8,7,1,6,94,52,52,33,117,-80.72000000000001,0.1724137931034483,0.5172413793103449,0.14285714285714285,3.466666666666667,7.8,0.0066650000007939525
traffic_disruption,nearest,1002114,26,16,9,6,9,3,4,94,56,56,39,74,-42.01000000000003,0.34615384615384615,0.6153846153846154,0.3333333333333333,3.5,4.625,0.0066599999684058275
traffic_disruption,nearest,1002115,28,17,6,6,6,1,5,96,51,51,30,121,-27.14999999999999,0.21428571428571427,0.6071428571428571,0.16666666666666666,3.0,7.117647058823529,0.006530000007387571
traffic_disruption,nearest,1002116,32,17,6,11,10,3,4,95,56,56,33,128,-117.02,0.1875,0.53125,0.3,3.2941176470588234,7.529411764705882,0.006765500017991144
traffic_disruption,nearest,1002117,30,15,5,8,9,1,7,92,67,67,39,136,-178.21000000000004,0.16666666666666666,0.5,0.1111111111111111,4.466666666666667,9.066666666666666,0.006715000012036398
traffic_disruption,nearest,1002118,31,14,6,11,8,3,6,95,55,55,30,103,-155.35,0.1935483870967742,0.45161290322580644,0.375,3.9285714285714284,7.357142857142857,0.006510000019943618
traffic_disruption,nearest,1002119,33,22,8,9,7,3,2,94,58,58,33,169,-2.270000000000028,0.24242424242424243,0.6666666666666666,0.42857142857142855,2.6363636363636362,7.681818181818182,0.006630000029872463
traffic_disruption,nearest,1002120,33,15,4,13,9,2,5,98,59,59,30,192,-222.99999999999997,0.12121212121212122,0.45454545454545453,0.2222222222222222,3.933333333333333,12.8,0.006539499992186393
traffic_disruption,nearest,1002121,25,16,6,5,4,0,4,94,61,61,33,115,-25.319999999999965,0.24,0.64,0.0,3.8125,7.1875,0.006569999982275476
traffic_disruption,nearest,1002122,23,13,4,3,6,3,7,93,55,55,27,100,-49.930000000000014,0.17391304347826086,0.5652173913043478,0.5,4.230769230769231,7.6923076923076925,0.006554999998797939
traffic_disruption,nearest,1002123,24,18,7,3,6,4,3,94,55,55,36,124,82.36000000000001,0.2916666666666667,0.75,0.6666666666666666,3.0555555555555554,6.888888888888889,0.006545000019286817
traffic_disruption,nearest,1002124,32,15,4,12,2,1,5,99,53,53,21,188,-159.74000000000004,0.125,0.46875,0.5,3.533333333333333,12.533333333333333,0.006419000015966958
traffic_disruption,nearest,1002125,33,15,5,10,8,4,8,94,58,58,39,124,-195.11,0.15151515151515152,0.45454545454545453,0.5,3.8666666666666667,8.266666666666667,0.00643950002654492
traffic_disruption,nearest,1002126,25,18,6,3,5,2,4,96,58,58,27,204,22.669999999999973,0.24,0.72,0.4,3.2222222222222223,11.333333333333334,0.00651999997103303
traffic_disruption,nearest,1002127,30,16,4,8,7,2,6,98,53,53,24,93,-89.00999999999999,0.13333333333333333,0.5333333333333333,0.2857142857142857,3.3125,5.8125,0.0065399999868986924
traffic_disruption,nearest,1002128,35,14,5,16,11,3,5,95,52,52,33,164,-253.07,0.14285714285714285,0.4,0.2727272727272727,3.7142857142857144,11.714285714285714,0.006589500031850548
traffic_disruption,nearest,1002129,29,17,6,8,5,2,4,93,51,51,33,143,-52.56999999999999,0.20689655172413793,0.5862068965517241,0.4,3.0,8.411764705882353,0.006444999996801926
traffic_disruption,nearest,1002130,29,16,7,10,4,0,3,94,52,52,36,132,-108.04000000000003,0.2413793103448276,0.5517241379310345,0.0,3.25,8.25,0.006389999981593064
traffic_disruption,nearest,1002131,32,15,6,11,10,3,6,95,56,56,30,65,-91.04999999999998,0.1875,0.46875,0.3,3.7333333333333334,4.333333333333333,0.006784999982301088
traffic_disruption,nearest,1002132,32,19,7,10,6,4,3,90,57,57,39,168,-30.060000000000002,0.21875,0.59375,0.6666666666666666,3.0,8.842105263157896,0.006589999998141138
traffic_disruption,nearest,1002133,33,16,5,11,5,3,6,96,51,51,30,152,-125.10000000000002,0.15151515151515152,0.48484848484848486,0.6,3.1875,9.5,0.006614999989551507
traffic_disruption,nearest,1002134,30,15,5,11,8,2,4,97,54,54,30,128,-121.19999999999997,0.16666666666666666,0.5,0.25,3.6,8.533333333333333,0.006459999980279463
traffic_disruption,nearest,1002135,22,15,6,2,6,3,5,99,50,50,24,102,26.039999999999935,0.2727272727272727,0.6818181818181818,0.5,3.3333333333333335,6.8,0.006464999984245878
traffic_disruption,nearest,1002136,26,16,9,6,12,5,4,91,59,59,36,28,54.66000000000001,0.34615384615384615,0.6153846153846154,0.4166666666666667,3.6875,1.75,0.006404999993492311
traffic_disruption,nearest,1002137,33,15,4,13,3,0,5,97,56,56,33,163,-215.36999999999992,0.12121212121212122,0.45454545454545453,0.0,3.7333333333333334,10.866666666666667,0.006579999990208307
traffic_disruption,nearest,1002138,23,14,7,4,7,3,5,93,57,57,39,67,-28.15999999999999,0.30434782608695654,0.6086956521739131,0.42857142857142855,4.071428571428571,4.785714285714286,0.006559999974342645
traffic_disruption,nearest,1002139,28,17,5,7,6,0,4,95,55,55,33,141,-65.07,0.17857142857142858,0.6071428571428571,0.0,3.235294117647059,8.294117647058824,0.006460000008701172
traffic_disruption,nearest,1002140,31,14,3,12,5,2,5,97,53,53,24,195,-187.1100000000001,0.0967741935483871,0.45161290322580644,0.4,3.7857142857142856,13.928571428571429,0.006464999984245878
traffic_disruption,nearest,1002141,30,16,7,9,8,3,5,94,52,52,27,124,-116.38000000000002,0.23333333333333334,0.5333333333333333,0.375,3.25,7.75,0.006414499978291133
traffic_disruption,nearest,1002142,36,15,5,16,9,3,5,94,60,60,39,176,-195.30999999999997,0.1388888888888889,0.4166666666666667,0.3333333333333333,4.0,11.733333333333333,0.006559500008052055
traffic_disruption,nearest,1002143,23,15,7,2,6,3,6,95,55,55,33,85,-0.8200000000000358,0.30434782608695654,0.6521739130434783,0.5,3.6666666666666665,5.666666666666667,0.0064140000120005425
traffic_disruption,nearest,1002144,35,15,4,16,7,1,4,93,59,59,33,145,-182.82000000000002,0.11428571428571428,0.42857142857142855,0.14285714285714285,3.933333333333333,9.666666666666666,0.006525000003421155
traffic_disruption,nearest,1002145,33,17,7,13,5,2,3,96,54,54,33,178,-130.82,0.21212121212121213,0.5151515151515151,0.4,3.176470588235294,10.470588235294118,0.006530000007387571
traffic_disruption,nearest,1002146,31,15,6,11,9,3,5,93,58,58,39,137,-187.31,0.1935483870967742,0.4838709677419355,0.3333333333333333,3.8666666666666667,9.133333333333333,0.006584999994174723
traffic_disruption,nearest,1002147,25,15,9,5,7,3,5,98,54,54,30,36,24.250000000000036,0.36,0.6,0.42857142857142855,3.6,2.4,0.006415000001425142
traffic_disruption,nearest,1002148,31,18,13,8,11,9,5,97,55,55,24,69,13.33999999999999,0.41935483870967744,0.5806451612903226,0.8181818181818182,3.0555555555555554,3.8333333333333335,0.006634999976995459
traffic_disruption,nearest,1002149,31,17,7,10,6,1,4,95,56,56,30,111,-100.20000000000003,0.22580645161290322,0.5483870967741935,0.16666666666666666,3.2941176470588234,6.529411764705882,0.006589999998141138
traffic_disruption,deadline,1002000,25,20,12,2,6,2,3,95,55,55,33,43,101.68,0.48,0.8,0.3333333333333333,2.75,2.15,0.00647449999746641
traffic_disruption,deadline,1002001,39,15,5,18,15,3,6,97,54,54,30,131,-259.79999999999995,0.1282051282051282,0.38461538461538464,0.2,3.6,8.733333333333333,0.006515000023910034
traffic_disruption,deadline,1002002,31,14,3,11,7,1,6,92,59,59,39,153,-188.56,0.0967741935483871,0.45161290322580644,0.14285714285714285,4.214285714285714,10.928571428571429,0.006649999988894706
traffic_disruption,deadline,1002003,32,20,8,9,9,3,3,94,63,63,33,164,-6.6200000000000045,0.25,0.625,0.3333333333333333,3.15,8.2,0.006490000004077956
traffic_disruption,deadline,1002004,21,15,5,2,3,1,4,95,57,57,30,134,-17.20000000000001,0.23809523809523808,0.7142857142857143,0.3333333333333333,3.8,8.933333333333334,0.006474999992178709
traffic_disruption,deadline,1002005,24,18,6,3,5,3,3,95,64,64,30,163,51.99999999999999,0.25,0.75,0.6,3.5555555555555554,9.055555555555555,0.006460000008701172
traffic_disruption,deadline,1002006,32,14,5,12,7,0,6,96,52,52,30,87,-174.1,0.15625,0.4375,0.0,3.7142857142857144,6.214285714285714,0.006475000020600419
traffic_disruption,deadline,1002007,32,19,7,9,10,4,4,95,60,60,33,162,-44.07,0.21875,0.59375,0.4,3.1578947368421053,8.526315789473685,0.006584999994174723
traffic_disruption,deadline,1002008,31,16,6,11,4,2,4,94,56,56,33,130,-119.31999999999996,0.1935483870967742,0.5161290322580645,0.5,3.5,8.125,0.0065550000272196485
traffic_disruption,deadline,1002009,23,16,5,3,8,3,4,96,59,59,33,157,16.729999999999972,0.21739130434782608,0.6956521739130435,0.375,3.6875,9.8125,0.006654999992861121
traffic_disruption,deadline,1002010,35,16,5,14,8,2,5,96,58,58,30,178,-185.5,0.14285714285714285,0.45714285714285713,0.25,3.625,11.125,0.006720000016002814
traffic_disruption,deadline,1002011,34,14,4,13,7,1,7,99,55,55,24,150,-259.2600000000001,0.11764705882352941,0.4117647058823529,0.14285714285714285,3.9285714285714284,10.714285714285714,0.00664499998492829
traffic_disruption,deadline,1002012,41,18,8,20,13,3,3,92,59,59,33,157,-231.17000000000002,0.1951219512195122,0.43902439024390244,0.23076923076923078,3.2777777777777777,8.722222222222221,0.006710000008069983
traffic_disruption,deadline,1002013,25,15,8,5,5,0,5,98,53,53,25,42,-60.15000000000001,0.32,0.6,0.0,3.533333333333333,2.8,0.006389000020590174
traffic_disruption,deadline,1002014,32,15,7,11,6,4,6,95,57,57,36,106,-116.64000000000001,0.21875,0.46875,0.6666666666666666,3.8,7.066666666666666,0.006525000003421155
traffic_disruption,deadline,1002015,27,16,6,6,3,1,5,94,60,60,36,119,-39.89,0.2222222222222222,0.5925925925925926,0.3333333333333333,3.75,7.4375,0.006499999983589078
traffic_disruption,deadline,1002016,37,16,5,17,9,3,4,97,50,50,24,149,-200.91000000000003,0.13513513513513514,0.43243243243243246,0.3333333333333333,3.125,9.3125,0.006649999988894706
traffic_disruption,deadline,1002017,30,16,3,11,6,0,3,97,49,49,30,155,-126.54999999999995,0.1,0.5333333333333333,0.0,3.0625,9.6875,0.0064444999736679165
traffic_disruption,deadline,1002018,26,13,4,6,7,1,7,97,49,49,24,115,-104.66000000000003,0.15384615384615385,0.5,0.14285714285714285,3.769230769230769,8.846153846153847,0.006739999975025057
traffic_disruption,deadline,1002019,31,14,5,10,7,2,7,97,57,57,30,103,-149.85000000000002,0.16129032258064516,0.45161290322580644,0.2857142857142857,4.071428571428571,7.357142857142857,0.006605000010040385
traffic_disruption,deadline,1002020,26,17,3,8,5,0,1,97,56,56,30,223,-39.34999999999998,0.11538461538461539,0.6538461538461539,0.0,3.2941176470588234,13.117647058823529,0.006705499998815867
traffic_disruption,deadline,1002021,32,13,2,13,8,0,6,99,58,58,27,220,-271.18,0.0625,0.40625,0.0,4.461538461538462,16.923076923076923,0.006575000014663601
traffic_disruption,deadline,1002022,31,12,2,13,8,0,6,97,52,52,36,140,-274.59000000000015,0.06451612903225806,0.3870967741935484,0.0,4.333333333333333,11.666666666666666,0.006624999997484338
traffic_disruption,deadline,1002023,20,13,5,2,6,0,5,93,54,54,27,60,-34.18000000000002,0.25,0.65,0.0,4.153846153846154,4.615384615384615,0.006395000013981189
traffic_disruption,deadline,1002024,46,15,5,27,14,3,4,97,52,52,27,201,-381.33,0.10869565217391304,0.32608695652173914,0.21428571428571427,3.466666666666667,13.4,0.00656500000673077
traffic_disruption,deadline,1002025,24,16,5,4,6,2,4,94,52,52,21,183,-40.040000000000006,0.20833333333333334,0.6666666666666666,0.3333333333333333,3.25,11.4375,0.006544499996152808
traffic_disruption,deadline,1002026,16,16,12,0,3,2,0,92,48,48,33,25,148.83000000000004,0.75,1.0,0.6666666666666666,3.0,1.5625,0.006304000010004529
traffic_disruption,deadline,1002027,31,18,6,10,6,3,3,95,59,59,33,154,-59.47,0.1935483870967742,0.5806451612903226,0.5,3.2777777777777777,8.555555555555555,0.006534999982932277
traffic_disruption,deadline,1002028,24,17,7,2,7,4,5,92,62,62,39,106,60.339999999999996,0.2916666666666667,0.7083333333333334,0.5714285714285714,3.6470588235294117,6.235294117647059,0.006384500011336058
traffic_disruption,deadline,1002029,30,20,6,7,12,4,3,94,58,58,39,193,-17.809999999999945,0.2,0.6666666666666666,0.3333333333333333,2.9,9.65,0.0065145000007760245
traffic_disruption,deadline,1002030,20,15,6,0,9,3,5,95,57,57,30,54,66.70000000000002,0.3,0.75,0.3333333333333333,3.8,3.6,0.006624999969062628
traffic_disruption,deadline,1002031,22,14,5,3,5,1,5,95,57,57,24,109,-27.809999999999995,0.22727272727272727,0.6363636363636364,0.2,4.071428571428571,7.785714285714286,0.00647449999746641
traffic_disruption,deadline,1002032,26,14,4,7,4,0,5,93,57,57,36,65,-96.49000000000001,0.15384615384615385,0.5384615384615384,0.0,4.071428571428571,4.642857142857143,0.006464999984245878
traffic_disruption,deadline,1002033,37,16,5,17,5,0,4,95,59,59,24,156,-185.16000000000008,0.13513513513513514,0.43243243243243246,0.0,3.6875,9.75,0.006515000023910034
traffic_disruption,deadline,1002034,34,15,3,12,7,0,7,96,54,54,27,129,-197.97999999999996,0.08823529411764706,0.4411764705882353,0.0,3.6,8.6,0.006755000015346013
traffic_disruption,deadline,1002035,31,19,13,6,6,4,6,92,64,64,37,80,-8.079999999999941,0.41935483870967744,0.6129032258064516,0.6666666666666666,3.3684210526315788,4.2105263157894735,0.006955499998184678
traffic_disruption,deadline,1002036,29,14,6,8,8,1,7,97,52,52,27,77,-149.57999999999998,0.20689655172413793,0.4827586206896552,0.125,3.7142857142857144,5.5,0.006775000002789966
traffic_disruption,deadline,1002037,25,13,3,6,5,1,6,95,56,56,33,165,-163.76999999999998,0.12,0.52,0.2,4.3076923076923075,12.692307692307692,0.007090500020012769
traffic_disruption,deadline,1002038,28,14,3,9,9,0,5,94,59,59,33,153,-168.57,0.10714285714285714,0.5,0.0,4.214285714285714,10.928571428571429,0.00694100003784115
traffic_disruption,deadline,1002039,26,15,5,6,7,0,5,94,61,61,39,132,-119.00999999999999,0.19230769230769232,0.5769230769230769,0.0,4.066666666666666,8.8,0.006760499985603019
traffic_disruption,deadline,1002040,42,17,7,20,10,1,5,98,56,56,27,167,-306.53000000000003,0.16666666666666666,0.40476190476190477,0.1,3.2941176470588234,9.823529411764707,0.0066750000087267836
traffic_disruption,deadline,1002041,25,14,6,5,6,2,6,96,59,59,33,76,-47.82000000000001,0.24,0.56,0.3333333333333333,4.214285714285714,5.428571428571429,0.006575000014663601
traffic_disruption,deadline,1002042,21,17,12,0,5,3,4,96,62,62,30,44,87.1,0.5714285714285714,0.8095238095238095,0.6,3.6470588235294117,2.588235294117647,0.0065050000159772026
traffic_disruption,deadline,1002043,32,16,6,10,9,2,6,92,59,59,30,138,-143.84999999999997,0.1875,0.5,0.2222222222222222,3.6875,8.625,0.006570000010697186
traffic_disruption,deadline,1002044,34,15,4,13,7,1,6,98,53,53,24,177,-269.41,0.11764705882352941,0.4411764705882353,0.14285714285714285,3.533333333333333,11.8,0.006700000028558861
traffic_disruption,deadline,1002045,26,15,4,6,7,2,5,98,52,52,24,165,-41.06000000000001,0.15384615384615385,0.5769230769230769,0.2857142857142857,3.466666666666667,11.0,0.00667999998427149
traffic_disruption,deadline,1002046,29,17,7,6,7,3,6,92,56,56,33,106,-43.069999999999965,0.2413793103448276,0.5862068965517241,0.42857142857142855,3.2941176470588234,6.235294117647059,0.0065145000007760245
traffic_disruption,deadline,1002047,39,14,3,19,9,0,6,97,58,58,27,129,-331.58000000000004,0.07692307692307693,0.358974358974359,0.0,4.142857142857143,9.214285714285714,0.006574999986241892
traffic_disruption,deadline,1002048,32,15,3,12,8,1,5,97,56,56,24,161,-140.81,0.09375,0.46875,0.125,3.7333333333333334,10.733333333333333,0.006619999993517922
traffic_disruption,deadline,1002049,39,18,7,16,10,3,5,96,54,54,30,147,-206.79999999999998,0.1794871794871795,0.46153846153846156,0.3,3.0,8.166666666666666,0.0065399999868986924
traffic_disruption,deadline,1002050,27,17,13,4,8,4,6,94,56,56,36,31,-12.539999999999964,0.48148148148148145,0.6296296296296297,0.5,3.2941176470588234,1.8235294117647058,0.006390000010014774
traffic_disruption,deadline,1002051,27,14,4,7,4,1,6,93,54,54,30,161,-127.55000000000001,0.14814814814814814,0.5185185185185185,0.25,3.857142857142857,11.5,0.006640000009383584
traffic_disruption,deadline,1002052,35,14,4,16,12,2,5,95,61,61,30,148,-242.29999999999998,0.11428571428571428,0.4,0.16666666666666666,4.357142857142857,10.571428571428571,0.006744999978991473
traffic_disruption,deadline,1002053,20,17,11,0,4,2,3,94,59,59,36,41,98.55999999999997,0.55,0.85,0.5,3.4705882352941178,2.411764705882353,0.006574999986241892
traffic_disruption,deadline,1002054,29,14,3,9,11,1,6,95,55,55,27,141,-141.02999999999997,0.10344827586206896,0.4827586206896552,0.09090909090909091,3.9285714285714284,10.071428571428571,0.00651999999945474
traffic_disruption,deadline,1002055,32,18,7,12,7,2,2,95,59,59,30,173,-82.34999999999997,0.21875,0.5625,0.2857142857142857,3.2777777777777777,9.61111111111111,0.006525000003421155
traffic_disruption,deadline,1002056,27,15,5,9,7,2,3,97,56,56,27,197,-96.53000000000002,0.18518518518518517,0.5555555555555556,0.2857142857142857,3.7333333333333334,13.133333333333333,0.0064400000212572195
traffic_disruption,deadline,1002057,27,15,5,8,7,2,4,99,56,56,27,151,-62.529999999999966,0.18518518518518517,0.5555555555555556,0.2857142857142857,3.7333333333333334,10.066666666666666,0.0063994999948135955
traffic_disruption,deadline,1002058,27,13,3,8,9,1,6,96,55,55,27,159,-158.68,0.1111111111111111,0.48148148148148145,0.1111111111111111,4.230769230769231,12.23076923076923,0.006525000003421155
traffic_disruption,deadline,1002059,28,14,5,9,9,1,5,97,53,53,24,112,-161.70999999999998,0.17857142857142858,0.5,0.1111111111111111,3.7857142857142856,8.0,0.006425000009357973
traffic_disruption,deadline,1002060,28,15,8,8,6,2,5,98,53,53,27,71,-99.18000000000004,0.2857142857142857,0.5357142857142857,0.3333333333333333,3.533333333333333,4.733333333333333,0.006559999974342645
traffic_disruption,deadline,1002061,24,17,7,4,5,1,3,98,53,53,27,89,31.37000000000002,0.2916666666666667,0.7083333333333334,0.2,3.1176470588235294,5.235294117647059,0.0064544999816007476
traffic_disruption,deadline,1002062,38,17,7,17,12,5,4,93,64,64,39,148,-184.75999999999993,0.18421052631578946,0.4473684210526316,0.4166666666666667,3.764705882352941,8.705882352941176,0.006654999992861121
traffic_disruption,deadline,1002063,37,18,6,15,8,3,4,93,57,57,39,171,-154.81000000000003,0.16216216216216217,0.4864864864864865,0.375,3.1666666666666665,9.5,0.006575000014663601
traffic_disruption,deadline,1002064,28,15,5,7,8,2,6,96,55,55,30,87,-100.75000000000003,0.17857142857142858,0.5357142857142857,0.25,3.6666666666666665,5.8,0.006385000006048358
traffic_disruption,deadline,1002065,28,19,8,7,6,3,2,94,55,55,36,157,-12.840000000000018,0.2857142857142857,0.6785714285714286,0.5,2.8947368421052633,8.263157894736842,0.006619999993517922
traffic_disruption,deadline,1002066,26,14,4,7,4,0,5,95,56,56,30,154,-126.94999999999999,0.15384615384615385,0.5384615384615384,0.0,4.0,11.0,0.006575000014663601
traffic_disruption,deadline,1002067,23,14,7,2,8,3,7,94,49,49,36,58,-6.140000000000001,0.30434782608695654,0.6086956521739131,0.375,3.5,4.142857142857143,0.006339500004060028
traffic_disruption,deadline,1002068,33,16,3,14,3,1,3,96,58,58,33,158,-134.37,0.09090909090909091,0.48484848484848486,0.3333333333333333,3.625,9.875,0.006595000002107554
traffic_disruption,deadline,1002069,30,13,4,10,8,2,7,97,57,57,24,117,-160.11,0.13333333333333333,0.43333333333333335,0.25,4.384615384615385,9.0,0.0071409999691240955
traffic_disruption,deadline,1002070,33,18,5,10,8,1,5,95,61,61,30,159,-100.4,0.15151515151515152,0.5454545454545454,0.125,3.388888888888889,8.833333333333334,0.0069499999995059625
traffic_disruption,deadline,1002071,21,15,8,1,5,1,5,91,59,59,36,49,37.00999999999996,0.38095238095238093,0.7142857142857143,0.2,3.933333333333333,3.2666666666666666,0.006414500006712842
traffic_disruption,deadline,1002072,22,16,13,0,3,3,6,92,56,56,36,22,64.11000000000006,0.5909090909090909,0.7272727272727273,1.0,3.5,1.375,0.006424499986223964
traffic_disruption,deadline,1002073,29,14,5,9,4,1,6,98,52,52,24,171,-162.56000000000006,0.1724137931034483,0.4827586206896552,0.25,3.7142857142857144,12.214285714285714,0.00685050000015508
traffic_disruption,deadline,1002074,25,15,6,4,5,2,6,97,54,54,30,102,-67.80000000000001,0.24,0.6,0.4,3.6,6.8,0.006549500000119224
traffic_disruption,deadline,1002075,32,15,4,12,2,0,5,97,57,57,33,155,-153.32,0.125,0.46875,0.0,3.8,10.333333333333334,0.006609999985585091
traffic_disruption,deadline,1002076,28,17,8,6,5,4,5,95,55,55,33,150,-18.119999999999976,0.2857142857142857,0.6071428571428571,0.8,3.235294117647059,8.823529411764707,0.0067099999796482734
traffic_disruption,deadline,1002077,37,13,4,18,13,1,6,97,59,59,27,145,-340.92999999999995,0.10810810810810811,0.35135135135135137,0.07692307692307693,4.538461538461538,11.153846153846153,0.006784999982301088
traffic_disruption,deadline,1002078,31,16,7,11,9,4,4,97,61,61,30,88,-62.049999999999955,0.22580645161290322,0.5161290322580645,0.4444444444444444,3.8125,5.5,0.006403999975646002
traffic_disruption,deadline,1002079,34,16,7,11,5,2,7,97,58,58,33,149,-155.36999999999998,0.20588235294117646,0.47058823529411764,0.4,3.625,9.3125,0.006540000015320402
traffic_disruption,deadline,1002080,28,19,9,5,7,3,4,100,53,53,21,72,35.85999999999997,0.32142857142857145,0.6785714285714286,0.42857142857142855,2.789473684210526,3.789473684210526,0.0064400000212572195
traffic_disruption,deadline,1002081,33,15,5,13,4,0,5,94,55,55,33,183,-255.87000000000012,0.15151515151515152,0.45454545454545453,0.0,3.6666666666666665,12.2,0.006640000009383584
traffic_disruption,deadline,1002082,28,14,7,9,5,1,5,87,48,48,24,88,-147.66,0.25,0.5,0.2,3.4285714285714284,6.285714285714286,0.006594500035816964
traffic_disruption,deadline,1002083,28,15,8,7,9,4,6,94,56,56,36,101,-85.84000000000003,0.2857142857142857,0.5357142857142857,0.4444444444444444,3.7333333333333334,6.733333333333333,0.006605000010040385
traffic_disruption,deadline,1002084,28,14,3,7,10,2,7,95,60,60,30,133,-155.55000000000004,0.10714285714285714,0.5,0.2,4.285714285714286,9.5,0.0066599999684058275
traffic_disruption,deadline,1002085,26,17,9,4,4,2,5,93,57,57,36,87,3.059999999999995,0.34615384615384615,0.6538461538461539,0.5,3.3529411764705883,5.117647058823529,0.006474500025888119
traffic_disruption,deadline,1002086,28,18,11,4,9,4,6,95,57,57,36,78,20.409999999999968,0.39285714285714285,0.6428571428571429,0.4444444444444444,3.1666666666666665,4.333333333333333,0.00634899998885885
traffic_disruption,deadline,1002087,25,13,7,4,9,3,8,95,57,57,39,86,-141.11,0.28,0.52,0.3333333333333333,4.384615384615385,6.615384615384615,0.006464500017955288
traffic_disruption,deadline,1002088,26,13,6,7,4,1,6,95,60,60,30,119,-131.85000000000002,0.23076923076923078,0.5,0.25,4.615384615384615,9.153846153846153,0.006424499986223964
traffic_disruption,deadline,1002089,32,13,5,13,9,3,6,93,56,56,36,101,-218.39000000000004,0.15625,0.40625,0.3333333333333333,4.3076923076923075,7.769230769230769,0.0064400000212572195
traffic_disruption,deadline,1002090,27,17,3,8,8,2,2,94,53,53,30,220,-53.24999999999999,0.1111111111111111,0.6296296296296297,0.25,3.1176470588235294,12.941176470588236,0.006619999993517922
traffic_disruption,deadline,1002091,22,16,6,3,6,3,3,94,57,57,30,135,32.54999999999998,0.2727272727272727,0.7272727272727273,0.5,3.5625,8.4375,0.006464499961111869
traffic_disruption,deadline,1002092,19,11,7,1,5,2,7,88,54,54,30,37,-48.55,0.3684210526315789,0.5789473684210527,0.4,4.909090909090909,3.3636363636363638,0.006345000002738743
traffic_disruption,deadline,1002093,21,13,7,2,1,0,6,92,50,50,24,70,-26.56000000000001,0.3333333333333333,0.6190476190476191,0.0,3.8461538461538463,5.384615384615385,0.006359499991503981
traffic_disruption,deadline,1002094,32,15,6,11,6,3,6,97,53,53,27,122,-150.78000000000003,0.1875,0.46875,0.5,3.533333333333333,8.133333333333333,0.006354499987537565
traffic_disruption,deadline,1002095,22,14,5,3,9,3,5,95,56,56,33,148,-62.270000000000024,0.22727272727272727,0.6363636363636364,0.3333333333333333,4.0,10.571428571428571,0.0064240000199333736
traffic_disruption,deadline,1002096,30,15,7,9,7,2,6,95,57,57,33,81,-145.71999999999997,0.23333333333333334,0.5,0.2857142857142857,3.8,5.4,0.006444999996801926
traffic_disruption,deadline,1002097,41,16,6,20,14,4,5,97,60,60,33,139,-247.11999999999995,0.14634146341463414,0.3902439024390244,0.2857142857142857,3.75,8.6875,0.0064544999816007476
traffic_disruption,deadline,1002098,35,14,2,15,6,0,6,98,59,59,30,154,-265.1000000000001,0.05714285714285714,0.4,0.0,4.214285714285714,11.0,0.006469499993499994
traffic_disruption,deadline,1002099,40,15,6,19,5,4,6,95,57,57,33,121,-199.12000000000003,0.15,0.375,0.8,3.8,8.066666666666666,0.00643949999812321
traffic_disruption,deadline,1002100,31,14,7,11,9,2,6,97,53,53,33,86,-147.76999999999998,0.22580645161290322,0.45161290322580644,0.2222222222222222,3.7857142857142856,6.142857142857143,0.006494499984910362
traffic_disruption,deadline,1002101,27,13,6,8,7,1,6,93,57,57,39,89,-135.91,0.2222222222222222,0.48148148148148145,0.14285714285714285,4.384615384615385,6.846153846153846,0.0064249999809362635
traffic_disruption,deadline,1002102,41,16,4,21,1,0,4,95,60,60,33,170,-247.6699999999999,0.0975609756097561,0.3902439024390244,0.0,3.75,10.625,0.006575000043085311
traffic_disruption,deadline,1002103,22,16,9,1,7,3,5,95,54,54,27,62,10.269999999999996,0.4090909090909091,0.7272727272727273,0.42857142857142855,3.375,3.875,0.006480000024566834
traffic_disruption,deadline,1002104,34,17,8,13,6,3,4,94,52,52,27,141,-135.07999999999998,0.23529411764705882,0.5,0.5,3.0588235294117645,8.294117647058824,0.006544999990865108
traffic_disruption,deadline,1002105,41,17,8,20,10,2,4,94,56,56,36,124,-230.08999999999992,0.1951219512195122,0.4146341463414634,0.2,3.2941176470588234,7.294117647058823,0.006460000008701172
traffic_disruption,deadline,1002106,29,15,8,9,6,5,5,95,58,58,39,113,-79.35999999999997,0.27586206896551724,0.5172413793103449,0.8333333333333334,3.8666666666666667,7.533333333333333,0.00672549998625982
traffic_disruption,deadline,1002107,21,15,6,2,8,4,4,96,51,51,24,132,25.43999999999999,0.2857142857142857,0.7142857142857143,0.5,3.4,8.8,0.006509499996809609
traffic_disruption,deadline,1002108,26,14,7,6,3,1,6,93,58,58,36,61,-79.94000000000001,0.2692307692307692,0.5384615384615384,0.3333333333333333,4.142857142857143,4.357142857142857,0.006465000012667588
traffic_disruption,deadline,1002109,44,14,4,24,12,1,6,97,51,51,24,147,-436.8600000000001,0.09090909090909091,0.3181818181818182,0.08333333333333333,3.642857142857143,10.5,0.006470000016634003
traffic_disruption,deadline,1002110,29,13,4,10,8,1,6,98,57,57,24,123,-165.86,0.13793103448275862,0.4482758620689655,0.125,4.384615384615385,9.461538461538462,0.006474999992178709
traffic_disruption,deadline,1002111,32,11,5,14,7,3,7,92,56,56,33,79,-266.2700000000001,0.15625,0.34375,0.42857142857142855,5.090909090909091,7.181818181818182,0.006354499987537565
traffic_disruption,deadline,1002112,25,17,5,5,4,2,3,96,58,58,27,148,16.56999999999998,0.2,0.68,0.5,3.411764705882353,8.705882352941176,0.00651950000474244
traffic_disruption,deadline,1002113,29,18,5,8,7,1,3,95,53,53,33,181,-18.520000000000003,0.1724137931034483,0.6206896551724138,0.14285714285714285,2.9444444444444446,10.055555555555555,0.006480000024566834
traffic_disruption,deadline,1002114,26,16,9,4,9,3,6,94,57,57,39,64,-42.35999999999997,0.34615384615384615,0.6153846153846154,0.3333333333333333,3.5625,4.0,0.006399499966391886
traffic_disruption,deadline,1002115,28,19,7,4,6,2,5,93,58,58,36,107,29.059999999999974,0.25,0.6785714285714286,0.3333333333333333,3.0526315789473686,5.631578947368421,0.006444999996801926
traffic_disruption,deadline,1002116,32,17,6,11,10,3,4,95,56,56,33,128,-117.02,0.1875,0.53125,0.3,3.2941176470588234,7.529411764705882,0.006450000000768341
traffic_disruption,deadline,1002117,30,13,4,11,9,0,6,96,61,61,30,167,-285.6,0.13333333333333333,0.43333333333333335,0.0,4.6923076923076925,12.846153846153847,0.006655000021282831
traffic_disruption,deadline,1002118,31,14,5,11,8,2,6,95,58,58,30,106,-153.95,0.16129032258064516,0.45161290322580644,0.25,4.142857142857143,7.571428571428571,0.006439499969701501
traffic_disruption,deadline,1002119,33,17,7,11,7,2,5,94,63,63,36,131,-103.34000000000003,0.21212121212121213,0.5151515151515151,0.2857142857142857,3.7058823529411766,7.705882352941177,0.006429500018612089
traffic_disruption,deadline,1002120,33,14,4,13,9,2,6,96,61,61,36,145,-220.19000000000005,0.12121212121212122,0.42424242424242425,0.2222222222222222,4.357142857142857,10.357142857142858,0.00648500000011154
traffic_disruption,deadline,1002121,25,17,5,3,4,0,5,92,64,64,39,120,2.2900000000000347,0.2,0.68,0.0,3.764705882352941,7.0588235294117645,0.00643949999812321
traffic_disruption,deadline,1002122,23,13,3,3,6,2,7,93,58,58,27,92,-43.629999999999974,0.13043478260869565,0.5652173913043478,0.3333333333333333,4.461538461538462,7.076923076923077,0.006339500004060028
traffic_disruption,deadline,1002123,24,15,6,4,6,3,5,97,54,54,27,105,2.519999999999996,0.25,0.625,0.5,3.6,7.0,0.006504500021264903
traffic_disruption,deadline,1002124,32,15,4,13,2,1,4,96,56,56,30,180,-157.45,0.125,0.46875,0.5,3.7333333333333334,12.0,0.0065050000159772026
traffic_disruption,deadline,1002125,33,16,6,11,8,5,6,99,56,56,27,151,-126.28000000000003,0.18181818181818182,0.48484848484848486,0.625,3.5,9.4375,0.00643949999812321
traffic_disruption,deadline,1002126,25,17,5,4,5,1,4,96,60,60,30,178,-27.05000000000002,0.2,0.68,0.2,3.5294117647058822,10.470588235294118,0.006409999997458726
traffic_disruption,deadline,1002127,30,18,7,7,7,4,5,96,58,58,27,106,-18.329999999999977,0.23333333333333334,0.6,0.5714285714285714,3.2222222222222223,5.888888888888889,0.00647449999746641
traffic_disruption,deadline,1002128,35,14,3,17,11,2,4,97,58,58,27,168,-252.08,0.08571428571428572,0.4,0.18181818181818182,4.142857142857143,12.0,0.006595000030529263
traffic_disruption,deadline,1002129,29,15,5,9,5,1,5,94,57,57,27,137,-131.57999999999996,0.1724137931034483,0.5172413793103449,0.2,3.8,9.133333333333333,0.006579999990208307
traffic_disruption,deadline,1002130,29,15,5,10,4,0,4,97,54,54,27,144,-168.97999999999996,0.1724137931034483,0.5172413793103449,0.0,3.6,9.6,0.0064950000080443715
traffic_disruption,deadline,1002131,32,15,6,12,10,3,5,94,56,56,39,110,-111.71000000000004,0.1875,0.46875,0.3,3.7333333333333334,7.333333333333333,0.0063945000192688894
traffic_disruption,deadline,1002132,32,16,6,11,6,3,5,93,61,61,30,157,-124.60000000000001,0.1875,0.5,0.5,3.8125,9.8125,0.006574999986241892
traffic_disruption,deadline,1002133,33,18,5,9,5,2,6,95,58,58,36,136,-71.24000000000001,0.15151515151515152,0.5454545454545454,0.4,3.2222222222222223,7.555555555555555,0.006650000017316415
traffic_disruption,deadline,1002134,30,13,5,11,8,3,6,98,56,56,30,125,-197.29999999999998,0.16666666666666666,0.43333333333333335,0.375,4.3076923076923075,9.615384615384615,0.006500000012010787
traffic_disruption,deadline,1002135,22,15,4,2,6,1,5,99,56,56,21,129,-3.5400000000000347,0.18181818181818182,0.6818181818181818,0.16666666666666666,3.7333333333333334,8.6,0.00631449998422795
traffic_disruption,deadline,1002136,26,15,7,7,12,3,4,97,53,53,27,84,-40.42999999999999,0.2692307692307692,0.5769230769230769,0.25,3.533333333333333,5.6,0.006409999997458726
traffic_disruption,deadline,1002137,33,15,3,13,3,0,5,97,52,52,30,181,-220.15000000000006,0.09090909090909091,0.45454545454545453,0.0,3.466666666666667,12.066666666666666,0.0063800000020819425
traffic_disruption,deadline,1002138,23,14,4,4,7,2,5,97,57,57,30,118,-66.75,0.17391304347826086,0.6086956521739131,0.2857142857142857,4.071428571428571,8.428571428571429,0.006354000021246975
traffic_disruption,deadline,1002139,28,15,5,9,6,0,4,97,58,58,27,139,-159.38,0.17857142857142858,0.5357142857142857,0.0,3.8666666666666667,9.266666666666667,0.006374499974981518
traffic_disruption,deadline,1002140,31,13,3,12,5,2,6,96,57,57,30,180,-213.24999999999994,0.0967741935483871,0.41935483870967744,0.4,4.384615384615385,13.846153846153847,0.006514999995488324
traffic_disruption,deadline,1002141,30,16,7,9,8,2,5,92,60,60,36,154,-155.94,0.23333333333333334,0.5333333333333333,0.25,3.75,9.625,0.00647449999746641
traffic_disruption,deadline,1002142,36,14,5,17,9,2,5,96,61,61,33,147,-237.57,0.1388888888888889,0.3888888888888889,0.2222222222222222,4.357142857142857,10.5,0.0066100000140068005
traffic_disruption,deadline,1002143,23,16,8,1,6,3,6,96,60,60,33,84,6.230000000000061,0.34782608695652173,0.6956521739130435,0.5,3.75,5.25,0.006374500003403227
traffic_disruption,deadline,1002144,35,13,4,16,7,1,6,95,57,57,33,93,-230.21999999999997,0.11428571428571428,0.37142857142857144,0.14285714285714285,4.384615384615385,7.153846153846154,0.0065044999928431935
traffic_disruption,deadline,1002145,33,16,4,12,5,1,5,96,57,57,30,174,-196.35000000000002,0.12121212121212122,0.48484848484848486,0.2,3.5625,10.875,0.006689999992204321
traffic_disruption,deadline,1002146,31,16,5,11,9,2,4,94,59,59,33,164,-165.02000000000004,0.16129032258064516,0.5161290322580645,0.2222222222222222,3.6875,10.25,0.006509999991521909
traffic_disruption,deadline,1002147,25,14,9,5,7,3,6,98,54,54,33,35,-30.370000000000005,0.36,0.56,0.42857142857142855,3.857142857142857,2.5,0.006514999995488324
traffic_disruption,deadline,1002148,31,17,13,8,11,9,6,97,56,56,24,64,-27.16000000000001,0.41935483870967744,0.5483870967741935,0.8181818181818182,3.2941176470588234,3.764705882352941,0.006499500017298487
traffic_disruption,deadline,1002149,31,18,8,8,6,1,5,92,59,59,36,92,-65.28999999999999,0.25806451612903225,0.5806451612903226,0.16666666666666666,3.2777777777777777,5.111111111111111,0.006510000019943618
traffic_disruption,planner,1002000,25,20,12,2,6,2,3,95,55,55,33,35,104.47999999999999,0.48,0.8,0.3333333333333333,2.75,1.75,0.006364499995470396
traffic_disruption,planner,1002001,39,16,6,19,15,4,4,98,57,57,24,162,-236.80999999999997,0.15384615384615385,0.41025641025641024,0.26666666666666666,3.5625,10.125,0.006579499995496008
traffic_disruption,planner,1002002,31,19,7,11,7,3,1,92,57,57,33,170,-29.370000000000026,0.22580645161290322,0.6129032258064516,0.42857142857142855,3.0,8.947368421052632,0.006705499998815867
traffic_disruption,planner,1002003,32,15,5,12,9,2,5,97,57,57,27,128,-156.43,0.15625,0.46875,0.2222222222222222,3.8,8.533333333333333,0.00664499998492829
traffic_disruption,planner,1002004,21,14,6,2,3,1,5,94,57,57,27,115,-26.580000000000013,0.2857142857142857,0.6666666666666666,0.3333333333333333,4.071428571428571,8.214285714285714,0.0064689999987876945
traffic_disruption,planner,1002005,24,16,6,4,5,3,4,97,56,56,27,150,0.8699999999999761,0.25,0.6666666666666666,0.6,3.5,9.375,0.006579999990208307
traffic_disruption,planner,1002006,32,13,6,13,7,1,6,93,53,53,33,98,-214.87,0.1875,0.40625,0.14285714285714285,4.076923076923077,7.538461538461538,0.006534999982932277
traffic_disruption,planner,1002007,32,18,5,10,10,2,4,96,55,55,27,172,-47.98,0.15625,0.5625,0.2,3.0555555555555554,9.555555555555555,0.006534000021929387
traffic_disruption,planner,1002008,31,15,5,11,4,2,5,95,55,55,24,153,-135.01,0.16129032258064516,0.4838709677419355,0.5,3.6666666666666665,10.2,0.006820999971068886
traffic_disruption,planner,1002009,23,17,7,0,8,4,6,92,61,61,36,99,59.41000000000001,0.30434782608695654,0.7391304347826086,0.5,3.588235294117647,5.823529411764706,0.006810000002133165
traffic_disruption,planner,1002010,35,15,4,14,8,2,6,95,59,59,33,161,-205.91999999999996,0.11428571428571428,0.42857142857142855,0.25,3.933333333333333,10.733333333333333,0.007195999984332957
traffic_disruption,planner,1002011,34,14,6,12,7,3,8,95,52,52,36,96,-220.44000000000003,0.17647058823529413,0.4117647058823529,0.42857142857142855,3.7142857142857144,6.857142857142857,0.00672499999154752
traffic_disruption,planner,1002012,41,16,7,21,13,3,4,90,59,59,33,123,-269.66999999999996,0.17073170731707318,0.3902439024390244,0.23076923076923078,3.6875,7.6875,0.00667999998427149
traffic_disruption,planner,1002013,25,16,9,3,5,2,6,90,53,53,34,43,-8.859999999999971,0.36,0.64,0.4,3.3125,2.6875,0.006494499984910362
traffic_disruption,planner,1002014,32,15,7,12,6,4,5,97,54,54,24,95,-94.75999999999999,0.21875,0.46875,0.6666666666666666,3.6,6.333333333333333,0.006400000046369314
traffic_disruption,planner,1002015,27,16,5,6,3,2,5,94,54,54,24,107,-28.210000000000015,0.18518518518518517,0.5925925925925926,0.6666666666666666,3.375,6.6875,0.00659950001136167
traffic_disruption,planner,1002016,37,16,5,17,9,3,4,95,47,47,27,111,-149.78000000000003,0.13513513513513514,0.43243243243243246,0.3333333333333333,2.9375,6.9375,0.006524999974999446
traffic_disruption,planner,1002017,30,15,3,10,6,0,5,96,51,51,24,158,-158.86,0.1,0.5,0.0,3.4,10.533333333333333,0.006540000015320402
traffic_disruption,planner,1002018,26,19,5,5,7,1,2,95,52,52,24,133,58.040000000000006,0.19230769230769232,0.7307692307692307,0.14285714285714285,2.736842105263158,7.0,0.007070499975725397
traffic_disruption,planner,1002019,31,17,8,9,7,3,5,94,57,57,33,117,-72.21999999999998,0.25806451612903225,0.5483870967741935,0.42857142857142855,3.3529411764705883,6.882352941176471,0.006915000000162763
traffic_disruption,planner,1002020,26,14,4,6,5,2,6,94,54,54,36,111,-76.03999999999999,0.15384615384615385,0.5384615384615384,0.4,3.857142857142857,7.928571428571429,0.00702050002132637
traffic_disruption,planner,1002021,32,14,4,12,8,2,6,95,50,50,30,174,-210.00000000000003,0.125,0.4375,0.25,3.5714285714285716,12.428571428571429,0.006875499991565448
traffic_disruption,planner,1002022,31,17,5,10,8,1,4,91,61,61,39,173,-134.20999999999995,0.16129032258064516,0.5483870967741935,0.125,3.588235294117647,10.176470588235293,0.00664500001335
traffic_disruption,planner,1002023,20,15,9,2,6,3,3,93,52,52,24,69,64.78999999999995,0.45,0.75,0.5,3.466666666666667,4.6,0.0064349999888690945
traffic_disruption,planner,1002024,46,14,4,25,14,2,7,95,55,55,30,136,-378.05000000000007,0.08695652173913043,0.30434782608695654,0.14285714285714285,3.9285714285714284,9.714285714285714,0.00676999999882355
traffic_disruption,planner,1002025,24,16,7,4,6,3,4,91,57,57,27,122,14.420000000000009,0.2916666666666667,0.6666666666666666,0.5,3.5625,7.625,0.006484499976977531
traffic_disruption,planner,1002026,16,16,13,0,3,3,0,95,51,51,30,14,155.40000000000012,0.8125,1.0,1.0,3.1875,0.875,0.006259000002728499
traffic_disruption,planner,1002027,31,17,6,10,6,3,4,97,57,57,30,144,-86.5,0.1935483870967742,0.5483870967741935,0.5,3.3529411764705883,8.470588235294118,0.006899999988263517
traffic_disruption,planner,1002028,24,17,7,2,7,4,5,91,59,59,33,125,35.730000000000025,0.2916666666666667,0.7083333333333334,0.5714285714285714,3.4705882352941178,7.352941176470588,0.0066049999816186755
traffic_disruption,planner,1002029,30,18,7,7,12,5,5,96,54,54,30,171,-45.699999999999996,0.23333333333333334,0.6,0.4166666666666667,3.0,9.5,0.00664500001335
traffic_disruption,planner,1002030,20,16,8,0,9,6,4,96,59,59,24,66,115.89000000000001,0.4,0.8,0.6666666666666666,3.6875,4.125,0.006659999996827537
traffic_disruption,planner,1002031,22,13,7,3,5,2,6,90,49,49,24,91,-51.81000000000002,0.3181818181818182,0.5909090909090909,0.4,3.769230769230769,7.0,0.006775000002789966
traffic_disruption,planner,1002032,26,16,7,5,4,3,5,92,51,51,30,63,-11.050000000000054,0.2692307692307692,0.6153846153846154,0.75,3.1875,3.9375,0.0066049999816186755
traffic_disruption,planner,1002033,37,16,7,16,5,3,5,93,53,53,24,153,-199.21000000000004,0.1891891891891892,0.43243243243243246,0.6,3.3125,9.5625,0.006535000011353986
traffic_disruption,planner,1002034,34,16,4,13,7,1,5,96,54,54,27,125,-165.18,0.11764705882352941,0.47058823529411764,0.14285714285714285,3.375,7.8125,0.006560000002764355
traffic_disruption,planner,1002035,31,18,11,7,6,4,6,95,53,53,30,109,-39.799999999999955,0.3548387096774194,0.5806451612903226,0.6666666666666666,2.9444444444444446,6.055555555555555,0.006515000023910034
traffic_disruption,planner,1002036,29,16,7,8,8,3,5,93,52,52,27,75,-47.77999999999998,0.2413793103448276,0.5517241379310345,0.375,3.25,4.6875,0.008774000008315852
traffic_disruption,planner,1002037,25,14,4,5,5,1,6,93,61,61,33,126,-76.86999999999999,0.16,0.56,0.2,4.357142857142857,9.0,0.006469499993499994
traffic_disruption,planner,1002038,28,17,7,6,9,1,5,95,59,59,27,126,-35.18000000000002,0.25,0.6071428571428571,0.1111111111111111,3.4705882352941178,7.411764705882353,0.006549999966409814
traffic_disruption,planner,1002039,26,17,7,5,7,3,4,95,61,61,33,168,-46.420000000000016,0.2692307692307692,0.6538461538461539,0.42857142857142855,3.588235294117647,9.882352941176471,0.006544999990865108
traffic_disruption,planner,1002040,42,15,5,21,10,0,6,95,53,53,30,72,-288.65000000000003,0.11904761904761904,0.35714285714285715,0.0,3.533333333333333,4.8,0.006875500019987157
traffic_disruption,planner,1002041,25,14,7,6,6,2,5,96,54,54,30,81,-50.500000000000036,0.28,0.56,0.3333333333333333,3.857142857142857,5.785714285714286,0.006464499989533579
traffic_disruption,planner,1002042,21,16,13,0,5,5,5,91,50,50,30,27,94.55000000000008,0.6190476190476191,0.7619047619047619,1.0,3.125,1.6875,0.006634999976995459
traffic_disruption,planner,1002043,32,17,7,10,9,3,5,93,53,53,30,125,-73.6,0.21875,0.53125,0.3333333333333333,3.1176470588235294,7.352941176470588,0.0064899999756562465
traffic_disruption,planner,1002044,34,16,4,12,7,1,6,92,53,53,42,153,-189.37999999999994,0.11764705882352941,0.47058823529411764,0.14285714285714285,3.3125,9.5625,0.006689999963782611
traffic_disruption,planner,1002045,26,18,9,4,7,6,4,93,55,55,33,127,57.23000000000003,0.34615384615384615,0.6923076923076923,0.8571428571428571,3.0555555555555554,7.055555555555555,0.006630000001450753
traffic_disruption,planner,1002046,29,19,7,5,7,3,5,91,60,60,33,121,23.929999999999993,0.2413793103448276,0.6551724137931034,0.42857142857142855,3.1578947368421053,6.368421052631579,0.006625000025906047
traffic_disruption,planner,1002047,39,18,6,17,9,1,4,96,59,59,27,156,-199.5800000000001,0.15384615384615385,0.46153846153846156,0.1111111111111111,3.2777777777777777,8.666666666666666,0.006510000019943618
traffic_disruption,planner,1002048,32,15,6,12,8,3,5,95,57,57,36,161,-114.14000000000003,0.1875,0.46875,0.375,3.8,10.733333333333333,0.006720500010715114
traffic_disruption,planner,1002049,39,18,9,15,10,5,6,91,63,63,36,104,-179.34,0.23076923076923078,0.46153846153846156,0.5,3.5,5.777777777777778,0.007030500000837492
traffic_disruption,planner,1002050,27,16,8,7,8,1,4,95,50,50,24,75,-48.71000000000004,0.2962962962962963,0.5925925925925926,0.125,3.125,4.6875,0.006915000000162763
traffic_disruption,planner,1002051,27,17,8,5,4,3,5,89,56,56,33,124,-8.720000000000013,0.2962962962962963,0.6296296296296297,0.75,3.2941176470588234,7.294117647058823,0.007245500000863103
traffic_disruption,planner,1002052,35,16,5,14,12,4,5,95,56,56,33,198,-202.92000000000007,0.14285714285714285,0.45714285714285713,0.3333333333333333,3.5,12.375,0.006700000000137152
traffic_disruption,planner,1002053,20,16,6,0,4,2,4,90,56,56,36,54,99.05999999999995,0.3,0.8,0.5,3.5,3.375,0.006329500024548906
traffic_disruption,planner,1002054,29,15,4,8,11,3,6,93,55,55,27,142,-104.78,0.13793103448275862,0.5172413793103449,0.2727272727272727,3.6666666666666665,9.466666666666667,0.006640000009383584
traffic_disruption,planner,1002055,32,17,8,10,7,4,5,97,59,59,24,137,-88.96,0.25,0.53125,0.5714285714285714,3.4705882352941178,8.058823529411764,0.0065949999736858445
traffic_disruption,planner,1002056,27,14,6,9,7,3,4,94,55,55,33,136,-105.27000000000004,0.2222222222222222,0.5185185185185185,0.42857142857142855,3.9285714285714284,9.714285714285714,0.006649999988894706
traffic_disruption,planner,1002057,27,15,5,8,7,2,4,97,57,57,30,140,-62.04999999999997,0.18518518518518517,0.5555555555555556,0.2857142857142857,3.8,9.333333333333334,0.006500000012010787
traffic_disruption,planner,1002058,27,12,4,9,9,2,6,95,51,51,33,121,-178.87,0.14814814814814814,0.4444444444444444,0.2222222222222222,4.25,10.083333333333334,0.006800499988912634
traffic_disruption,planner,1002059,28,16,7,7,9,2,5,92,54,54,33,97,-81.62000000000003,0.25,0.5714285714285714,0.2222222222222222,3.375,6.0625,0.0065594999796303455
traffic_disruption,planner,1002060,28,15,9,6,6,3,7,93,52,52,30,61,-78.95000000000002,0.32142857142857145,0.5357142857142857,0.5,3.466666666666667,4.066666666666666,0.006584999994174723
traffic_disruption,planner,1002061,24,13,4,6,5,2,5,92,48,48,18,88,-37.37,0.16666666666666666,0.5416666666666666,0.4,3.6923076923076925,6.769230769230769,0.006764999994857135
traffic_disruption,planner,1002062,38,18,7,15,12,5,5,96,53,53,30,139,-141.64999999999998,0.18421052631578946,0.47368421052631576,0.4166666666666667,2.9444444444444446,7.722222222222222,0.006595000002107554
traffic_disruption,planner,1002063,37,16,6,14,8,3,7,91,58,58,36,116,-180.99,0.16216216216216217,0.43243243243243246,0.375,3.625,7.25,0.00664499998492829
traffic_disruption,planner,1002064,28,17,9,6,8,3,5,95,55,55,30,76,-22.899999999999974,0.32142857142857145,0.6071428571428571,0.375,3.235294117647059,4.470588235294118,0.0065499999948315235
traffic_disruption,planner,1002065,28,17,7,6,6,3,5,93,54,54,30,105,-4.950000000000038,0.25,0.6071428571428571,0.5,3.176470588235294,6.176470588235294,0.006629999973029044
traffic_disruption,planner,1002066,26,16,4,5,4,0,5,94,55,55,24,157,-58.66000000000001,0.15384615384615385,0.6153846153846154,0.0,3.4375,9.8125,0.00702099998761696
traffic_disruption,planner,1002067,23,17,9,3,8,5,3,92,50,50,30,105,96.35000000000002,0.391304347826087,0.7391304347826086,0.625,2.9411764705882355,6.176470588235294,0.007191000008788251
traffic_disruption,planner,1002068,33,16,2,13,3,0,4,96,58,58,30,176,-150.7,0.06060606060606061,0.48484848484848486,0.0,3.625,11.0,0.006824999985610702
traffic_disruption,planner,1002069,30,14,3,11,8,1,5,94,49,49,30,147,-150.40000000000003,0.1,0.4666666666666667,0.125,3.5,10.5,0.006864999988920317
traffic_disruption,planner,1002070,33,15,4,13,8,1,5,96,57,57,24,185,-220.26000000000002,0.12121212121212122,0.45454545454545453,0.125,3.8,12.333333333333334,0.007766999999603286
traffic_disruption,planner,1002071,21,17,9,0,5,3,4,92,53,53,27,68,108.32000000000004,0.42857142857142855,0.8095238095238095,0.6,3.1176470588235294,4.0,0.006895499979009401
traffic_disruption,planner,1002072,22,17,9,0,3,3,5,97,49,49,24,84,65.48999999999998,0.4090909090909091,0.7727272727272727,1.0,2.8823529411764706,4.9411764705882355,0.0064950000080443715
traffic_disruption,planner,1002073,29,18,6,5,4,2,6,95,61,61,30,137,-36.15000000000002,0.20689655172413793,0.6206896551724138,0.5,3.388888888888889,7.611111111111111,0.0066100000140068005
traffic_disruption,planner,1002074,25,19,12,1,5,3,5,91,59,59,33,74,63.829999999999984,0.48,0.76,0.6,3.1052631578947367,3.8947368421052633,0.006629999973029044
traffic_disruption,planner,1002075,32,15,5,11,2,1,6,97,57,57,30,132,-151.80000000000004,0.15625,0.46875,0.5,3.8,8.8,0.006885000004785979
traffic_disruption,planner,1002076,28,18,8,5,5,4,5,92,51,51,30,111,22.05000000000002,0.2857142857142857,0.6428571428571429,0.8,2.8333333333333335,6.166666666666667,0.006800499988912634
traffic_disruption,planner,1002077,37,14,6,17,13,2,6,93,51,51,39,116,-276.60999999999996,0.16216216216216217,0.3783783783783784,0.15384615384615385,3.642857142857143,8.285714285714286,0.006659999996827537
traffic_disruption,planner,1002078,31,16,8,10,9,4,5,94,58,58,39,74,-61.15999999999993,0.25806451612903225,0.5161290322580645,0.4444444444444444,3.625,4.625,0.006650500012028715
traffic_disruption,planner,1002079,34,16,7,12,5,2,6,95,62,62,33,146,-155.82,0.20588235294117646,0.47058823529411764,0.4,3.875,9.125,0.006705000032525277
traffic_disruption,planner,1002080,28,17,9,5,7,3,6,90,50,50,30,48,-10.049999999999997,0.32142857142857145,0.6071428571428571,0.42857142857142855,2.9411764705882355,2.823529411764706,0.0067099999796482734
traffic_disruption,planner,1002081,33,15,6,12,4,1,6,95,60,60,33,201,-231.72000000000003,0.18181818181818182,0.45454545454545453,0.25,4.0,13.4,0.006694999967749027
traffic_disruption,planner,1002082,28,14,6,10,5,2,4,86,47,47,24,61,-96.01000000000002,0.21428571428571427,0.5,0.4,3.357142857142857,4.357142857142857,0.006514999995488324
traffic_disruption,planner,1002083,28,15,7,8,9,5,5,92,54,54,27,142,-105.82999999999998,0.25,0.5357142857142857,0.5555555555555556,3.6,9.466666666666667,0.006535000011353986
traffic_disruption,planner,1002084,28,16,6,7,10,3,5,94,50,50,27,120,-69.18,0.21428571428571427,0.5714285714285714,0.3,3.125,7.5,0.006715500006748698
traffic_disruption,planner,1002085,26,15,8,6,4,2,5,98,50,50,21,89,-54.440000000000026,0.3076923076923077,0.5769230769230769,0.5,3.3333333333333335,5.933333333333334,0.006480000024566834
traffic_disruption,planner,1002086,28,18,7,7,9,3,3,95,55,55,30,111,29.35,0.25,0.6428571428571429,0.3333333333333333,3.0555555555555554,6.166666666666667,0.006499999983589078
traffic_disruption,planner,1002087,25,20,8,4,9,5,1,94,54,54,30,209,96.00000000000001,0.32,0.8,0.5555555555555556,2.7,10.45,0.006574999986241892
traffic_disruption,planner,1002088,26,15,8,5,4,4,6,91,53,53,30,110,-45.050000000000026,0.3076923076923077,0.5769230769230769,1.0,3.533333333333333,7.333333333333333,0.006680000012693199
traffic_disruption,planner,1002089,32,13,5,12,9,5,7,93,52,52,30,82,-198.95000000000005,0.15625,0.40625,0.5555555555555556,4.0,6.3076923076923075,0.006579999990208307
traffic_disruption,planner,1002090,27,15,3,8,8,2,4,96,50,50,27,174,-105.07999999999998,0.1111111111111111,0.5555555555555556,0.25,3.3333333333333335,11.6,0.006624999997484338
traffic_disruption,planner,1002091,22,17,9,1,6,4,4,93,55,55,27,68,96.57000000000002,0.4090909090909091,0.7727272727272727,0.6666666666666666,3.235294117647059,4.0,0.00664499998492829
traffic_disruption,planner,1002092,19,12,7,1,5,2,6,85,52,52,36,34,-19.940000000000026,0.3684210526315789,0.631578947368421,0.4,4.333333333333333,2.8333333333333335,0.006474500025888119
traffic_disruption,planner,1002093,21,12,6,3,1,1,6,90,49,49,18,74,-50.17000000000002,0.2857142857142857,0.5714285714285714,1.0,4.083333333333333,6.166666666666667,0.006514999995488324
traffic_disruption,planner,1002094,32,17,6,10,6,3,5,94,57,57,24,152,-104.00999999999999,0.1875,0.53125,0.5,3.3529411764705883,8.941176470588236,0.006800499988912634
traffic_disruption,planner,1002095,22,17,7,2,9,4,3,90,61,61,45,120,64.90000000000003,0.3181818181818182,0.7727272727272727,0.4444444444444444,3.588235294117647,7.0588235294117645,0.006479999996145125
traffic_disruption,planner,1002096,30,16,6,9,7,2,5,93,54,54,36,98,-96.34,0.2,0.5333333333333333,0.2857142857142857,3.375,6.125,0.00697550001405034
traffic_disruption,planner,1002097,41,17,4,19,14,1,5,91,57,57,36,127,-220.29000000000008,0.0975609756097561,0.4146341463414634,0.07142857142857142,3.3529411764705883,7.470588235294118,0.0069709999763745145
traffic_disruption,planner,1002098,35,13,4,16,6,1,6,96,55,55,27,118,-246.23000000000008,0.11428571428571428,0.37142857142857144,0.16666666666666666,4.230769230769231,9.076923076923077,0.006805499992879049
traffic_disruption,planner,1002099,40,19,7,20,5,4,1,92,60,60,33,192,-114.41999999999993,0.175,0.475,0.8,3.1578947368421053,10.105263157894736,0.0068450000014763646
traffic_disruption,planner,1002100,31,15,6,11,9,2,5,97,55,55,21,132,-125.99000000000001,0.1935483870967742,0.4838709677419355,0.2222222222222222,3.6666666666666665,8.8,0.0065499999948315235
traffic_disruption,planner,1002101,27,17,8,7,7,3,3,90,61,61,36,99,-24.139999999999965,0.2962962962962963,0.6296296296296297,0.42857142857142855,3.588235294117647,5.823529411764706,0.006734999999480351
traffic_disruption,planner,1002102,41,15,4,20,1,0,6,94,52,52,36,160,-272.29000000000013,0.0975609756097561,0.36585365853658536,0.0,3.466666666666667,10.666666666666666,0.0067800000067563815
traffic_disruption,planner,1002103,22,17,10,1,7,4,4,96,54,54,21,75,59.11000000000002,0.45454545454545453,0.7727272727272727,0.5714285714285714,3.176470588235294,4.411764705882353,0.006609999985585091
traffic_disruption,planner,1002104,34,16,6,14,6,3,4,92,60,60,27,134,-152.63,0.17647058823529413,0.47058823529411764,0.5,3.75,8.375,0.006824999985610702
traffic_disruption,planner,1002105,41,16,9,21,10,4,4,92,54,54,27,159,-273.48,0.21951219512195122,0.3902439024390244,0.4,3.375,9.9375,0.006534999982932277
traffic_disruption,planner,1002106,29,16,7,7,6,5,6,93,56,56,33,116,-44.31999999999998,0.2413793103448276,0.5517241379310345,0.8333333333333334,3.5,7.25,0.006689999992204321
traffic_disruption,planner,1002107,21,18,8,0,8,6,3,90,56,56,36,100,146.91000000000003,0.38095238095238093,0.8571428571428571,0.75,3.111111111111111,5.555555555555555,0.006640000009383584
traffic_disruption,planner,1002108,26,13,6,7,3,0,6,89,57,57,33,89,-142.21999999999997,0.23076923076923078,0.5,0.0,4.384615384615385,6.846153846153846,0.006624999997484338
traffic_disruption,planner,1002109,44,15,3,24,12,0,5,95,51,51,24,156,-392.60999999999996,0.06818181818181818,0.3409090909090909,0.0,3.4,10.4,0.0064899999756562465
traffic_disruption,planner,1002110,29,14,5,9,8,2,6,95,55,55,30,151,-147.40000000000003,0.1724137931034483,0.4827586206896552,0.25,3.9285714285714284,10.785714285714286,0.006544499967731099
traffic_disruption,planner,1002111,32,15,7,12,7,3,5,91,53,53,30,98,-166.30000000000007,0.21875,0.46875,0.42857142857142855,3.533333333333333,6.533333333333333,0.0065399999868986924
traffic_disruption,planner,1002112,25,18,7,2,4,2,5,91,58,58,30,101,47.30000000000007,0.28,0.72,0.5,3.2222222222222223,5.611111111111111,0.006695499990883036
traffic_disruption,planner,1002113,29,16,6,8,7,2,5,97,51,51,15,124,-56.10000000000002,0.20689655172413793,0.5517241379310345,0.2857142857142857,3.1875,7.75,0.006519499976320731
traffic_disruption,planner,1002114,26,15,6,5,9,2,6,95,52,52,27,94,-84.83000000000003,0.23076923076923078,0.5769230769230769,0.2222222222222222,3.466666666666667,6.266666666666667,0.0066049999816186755
traffic_disruption,planner,1002115,28,16,6,7,6,2,5,97,50,50,30,102,-35.85000000000001,0.21428571428571427,0.5714285714285714,0.3333333333333333,3.125,6.375,0.006614500023260916
traffic_disruption,planner,1002116,32,14,4,12,10,2,6,96,57,57,30,115,-195.10000000000002,0.125,0.4375,0.2,4.071428571428571,8.214285714285714,0.006479999996145125
traffic_disruption,planner,1002117,30,16,4,9,9,1,5,94,55,55,30,183,-161.7,0.13333333333333333,0.5333333333333333,0.1111111111111111,3.4375,11.4375,0.006569999982275476
traffic_disruption,planner,1002118,31,16,4,10,8,1,5,93,54,54,33,145,-110.47,0.12903225806451613,0.5161290322580645,0.125,3.375,9.0625,0.006535000011353986
traffic_disruption,planner,1002119,33,14,6,12,7,1,7,92,59,59,33,113,-181.92,0.18181818181818182,0.42424242424242425,0.14285714285714285,4.214285714285714,8.071428571428571,0.006605000010040385
traffic_disruption,planner,1002120,33,16,6,12,9,4,5,96,55,55,36,146,-157.28999999999996,0.18181818181818182,0.48484848484848486,0.4444444444444444,3.4375,9.125,0.0065694999875631765
traffic_disruption,planner,1002121,25,16,7,3,4,0,6,92,60,60,39,57,-7.459999999999965,0.28,0.64,0.0,3.75,3.5625,0.006359499991503981
traffic_disruption,planner,1002122,23,14,3,4,6,1,5,90,57,57,33,124,-24.119999999999997,0.13043478260869565,0.6086956521739131,0.16666666666666666,4.071428571428571,8.857142857142858,0.006800499988912634
traffic_disruption,planner,1002123,24,16,7,4,6,4,4,95,56,56,30,116,29.899999999999963,0.2916666666666667,0.6666666666666666,0.6666666666666666,3.5,7.25,0.006514499972354315
traffic_disruption,planner,1002124,32,15,5,12,2,0,5,95,54,54,27,164,-175.88000000000002,0.15625,0.46875,0.0,3.6,10.933333333333334,0.006639999980961875
traffic_disruption,planner,1002125,33,16,6,13,8,3,4,95,54,54,33,140,-100.17000000000002,0.18181818181818182,0.48484848484848486,0.375,3.375,8.75,0.006589999998141138
traffic_disruption,planner,1002126,25,18,6,3,5,2,4,94,58,58,30,184,24.549999999999997,0.24,0.72,0.4,3.2222222222222223,10.222222222222221,0.006504999987555493
traffic_disruption,planner,1002127,30,16,7,8,7,5,6,96,52,52,24,125,-74.10999999999997,0.23333333333333334,0.5333333333333333,0.7142857142857143,3.25,7.8125,0.006904999992229932
traffic_disruption,planner,1002128,35,16,7,14,11,5,5,95,53,53,24,164,-191.60999999999999,0.2,0.45714285714285713,0.45454545454545453,3.3125,10.25,0.006740499998159066
traffic_disruption,planner,1002129,29,17,6,8,5,2,4,93,51,51,33,143,-52.56999999999999,0.20689655172413793,0.5862068965517241,0.4,3.0,8.411764705882353,0.006520000027876449
traffic_disruption,planner,1002130,29,18,7,9,4,2,2,96,49,49,21,164,-51.78999999999998,0.2413793103448276,0.6206896551724138,0.5,2.7222222222222223,9.11111111111111,0.00667999998427149
traffic_disruption,planner,1002131,32,15,9,11,10,5,6,94,51,51,27,66,-76.67999999999999,0.28125,0.46875,0.5,3.4,4.4,0.006514999995488324
traffic_disruption,planner,1002132,32,19,7,10,6,3,3,90,58,58,39,133,-40.510000000000005,0.21875,0.59375,0.5,3.0526315789473686,7.0,0.006535000011353986
traffic_disruption,planner,1002133,33,15,4,13,5,1,5,96,55,55,27,150,-158.88,0.12121212121212122,0.45454545454545453,0.2,3.6666666666666665,10.0,0.006700000000137152
traffic_disruption,planner,1002134,30,15,3,10,8,1,5,94,54,54,36,113,-107.93999999999997,0.1,0.5,0.125,3.6,7.533333333333333,0.0065840000047501235
traffic_disruption,planner,1002135,22,16,6,1,6,3,5,98,50,50,27,127,52.069999999999965,0.2727272727272727,0.7272727272727273,0.5,3.125,7.9375,0.0065050000159772026
traffic_disruption,planner,1002136,26,16,10,7,12,7,3,95,53,53,21,105,5.50999999999997,0.38461538461538464,0.6153846153846154,0.5833333333333334,3.3125,6.5625,0.0066200000219396316
traffic_disruption,planner,1002137,33,15,5,13,3,1,5,96,59,59,30,183,-204.5,0.15151515151515152,0.45454545454545453,0.3333333333333333,3.933333333333333,12.2,0.006604499986906376
traffic_disruption,planner,1002138,23,15,5,3,7,3,5,97,54,54,21,72,29.309999999999995,0.21739130434782608,0.6521739130434783,0.42857142857142855,3.6,4.8,0.00648500000011154
traffic_disruption,planner,1002139,28,12,3,9,6,0,7,93,53,53,33,86,-201.36999999999998,0.10714285714285714,0.42857142857142855,0.0,4.416666666666667,7.166666666666667,0.006739999975025057
traffic_disruption,planner,1002140,31,16,6,10,5,3,5,92,54,54,30,172,-121.90000000000002,0.1935483870967742,0.5161290322580645,0.6,3.375,10.75,0.006635000005417169
traffic_disruption,planner,1002141,30,17,8,8,8,2,5,90,60,60,27,125,-103.63,0.26666666666666666,0.5666666666666667,0.25,3.5294117647058822,7.352941176470588,0.006605000038462094
traffic_disruption,planner,1002142,36,17,6,15,9,4,4,87,65,65,42,175,-142.28,0.16666666666666666,0.4722222222222222,0.4444444444444444,3.823529411764706,10.294117647058824,0.0067199999875811045
traffic_disruption,planner,1002143,23,15,6,1,6,3,7,91,50,50,27,70,16.32000000000002,0.2608695652173913,0.6521739130434783,0.5,3.3333333333333335,4.666666666666667,0.006729999995513936
traffic_disruption,planner,1002144,35,17,7,13,7,3,5,95,57,57,27,139,-117.13000000000001,0.2,0.4857142857142857,0.42857142857142855,3.3529411764705883,8.176470588235293,0.006575000014663601
traffic_disruption,planner,1002145,33,16,5,12,5,0,5,96,50,50,27,167,-220.68000000000006,0.15151515151515152,0.48484848484848486,0.0,3.125,10.4375,0.006595000002107554
traffic_disruption,planner,1002146,31,16,6,10,9,3,5,96,56,56,30,164,-166.55000000000004,0.1935483870967742,0.5161290322580645,0.3333333333333333,3.5,10.25,0.006619999993517922
traffic_disruption,planner,1002147,25,15,8,5,7,3,5,95,54,54,33,62,-0.8200000000000074,0.32,0.6,0.42857142857142855,3.6,4.133333333333334,0.006429999984902679
traffic_disruption,planner,1002148,31,14,5,11,11,1,6,93,61,61,33,105,-154.16999999999996,0.16129032258064516,0.45161290322580644,0.09090909090909091,4.357142857142857,7.5,0.006584999994174723
traffic_disruption,planner,1002149,31,18,11,8,6,3,5,91,59,59,36,111,-52.44000000000001,0.3548387096774194,0.5806451612903226,0.5,3.2777777777777777,6.166666666666667,0.00656500000673077
traffic_disruption,ddqn_101,1002000,25,17,8,4,6,2,4,94,49,49,21,70,-1.6400000000000148,0.32,0.68,0.3333333333333333,2.8823529411764706,4.117647058823529,0.12384699999756776
traffic_disruption,ddqn_101,1002001,39,13,5,18,15,3,8,87,54,54,49,88,-288.6599999999999,0.1282051282051282,0.3333333333333333,0.2,4.153846153846154,6.769230769230769,0.12996649996921406
traffic_disruption,ddqn_101,1002002,31,13,6,11,7,2,7,89,47,47,18,76,-201.82,0.1935483870967742,0.41935483870967744,0.2857142857142857,3.6153846153846154,5.846153846153846,0.13231949998271375
traffic_disruption,ddqn_101,1002003,32,16,6,11,9,1,5,94,56,56,27,141,-160.77999999999997,0.1875,0.5,0.1111111111111111,3.5,8.8125,0.1313180000011016
traffic_disruption,ddqn_101,1002004,21,12,4,1,3,1,8,86,50,50,21,76,-87.13999999999999,0.19047619047619047,0.5714285714285714,0.3333333333333333,4.166666666666667,6.333333333333333,0.1288845000146921
traffic_disruption,ddqn_101,1002005,24,17,6,3,5,4,4,91,52,52,21,147,20.359999999999935,0.25,0.7083333333333334,0.8,3.0588235294117645,8.647058823529411,0.13120250000042688
traffic_disruption,ddqn_101,1002006,32,13,5,13,7,1,6,95,50,50,19,84,-211.41000000000003,0.15625,0.40625,0.14285714285714285,3.8461538461538463,6.461538461538462,0.12701700001116478
traffic_disruption,ddqn_101,1002007,32,15,6,11,10,2,6,87,48,48,31,130,-170.13999999999993,0.1875,0.46875,0.2,3.2,8.666666666666666,0.13227450000385943
traffic_disruption,ddqn_101,1002008,31,15,6,9,4,2,7,88,54,54,42,100,-139.53,0.1935483870967742,0.4838709677419355,0.5,3.6,6.666666666666667,0.13126799998985916
traffic_disruption,ddqn_101,1002009,23,17,7,3,8,4,3,92,50,50,28,143,60.08000000000002,0.30434782608695654,0.7391304347826086,0.5,2.9411764705882355,8.411764705882353,0.12779299999010618
traffic_disruption,ddqn_101,1002010,35,14,4,16,8,3,5,92,49,49,13,199,-237.7700000000001,0.11428571428571428,0.4,0.375,3.5,14.214285714285714,0.13052200000629455
traffic_disruption,ddqn_101,1002011,34,15,7,13,7,2,6,97,52,52,21,100,-174.34000000000006,0.20588235294117646,0.4411764705882353,0.2857142857142857,3.466666666666667,6.666666666666667,0.13125299997795992
traffic_disruption,ddqn_101,1002012,41,16,10,17,13,4,8,81,54,54,30,45,-243.80000000000004,0.24390243902439024,0.3902439024390244,0.3076923076923077,3.375,2.8125,0.12904999999818756
traffic_disruption,ddqn_101,1002013,25,16,10,4,5,1,5,86,50,50,22,68,-20.83,0.4,0.64,0.2,3.125,4.25,0.12276549998091468
traffic_disruption,ddqn_101,1002014,32,16,6,12,6,1,4,91,58,58,39,132,-123.26000000000003,0.1875,0.5,0.16666666666666666,3.625,8.25,0.12844399998357403
traffic_disruption,ddqn_101,1002015,27,15,4,8,3,1,4,95,50,50,21,159,-72.78999999999999,0.14814814814814814,0.5555555555555556,0.3333333333333333,3.3333333333333335,10.6,0.12829899998223482
traffic_disruption,ddqn_101,1002016,37,15,5,18,9,1,4,92,41,41,12,157,-240.53,0.13513513513513514,0.40540540540540543,0.1111111111111111,2.7333333333333334,10.466666666666667,0.13776800000186995
traffic_disruption,ddqn_101,1002017,30,13,2,11,6,0,6,81,43,43,22,162,-244.72999999999993,0.06666666666666667,0.43333333333333335,0.0,3.3076923076923075,12.461538461538462,0.13018599997849378
traffic_disruption,ddqn_101,1002018,26,17,4,5,7,2,4,92,49,49,33,114,32.37999999999999,0.15384615384615385,0.6538461538461539,0.2857142857142857,2.8823529411764706,6.705882352941177,0.12792300000796786
traffic_disruption,ddqn_101,1002019,31,14,6,11,7,2,6,91,58,58,36,108,-187.78999999999996,0.1935483870967742,0.45161290322580644,0.2857142857142857,4.142857142857143,7.714285714285714,0.13093749998915882
traffic_disruption,ddqn_101,1002020,26,14,5,5,5,2,7,90,52,52,18,93,-84.22000000000001,0.19230769230769232,0.5384615384615384,0.4,3.7142857142857144,6.642857142857143,0.1291399999843179
traffic_disruption,ddqn_101,1002021,32,12,4,12,8,1,8,79,46,46,32,88,-231.83000000000004,0.125,0.375,0.125,3.8333333333333335,7.333333333333333,0.13405199999283468
traffic_disruption,ddqn_101,1002022,31,13,4,12,8,0,6,97,53,53,21,125,-300.1900000000001,0.12903225806451613,0.41935483870967744,0.0,4.076923076923077,9.615384615384615,0.12953600000287224
traffic_disruption,ddqn_101,1002023,20,11,6,3,6,1,6,95,54,54,21,38,-109.99000000000002,0.3,0.55,0.16666666666666666,4.909090909090909,3.4545454545454546,0.12273999999479202
traffic_disruption,ddqn_101,1002024,46,16,7,23,14,5,7,90,54,54,24,110,-294.21000000000004,0.15217391304347827,0.34782608695652173,0.35714285714285715,3.375,6.875,0.13189399999191664
traffic_disruption,ddqn_101,1002025,24,14,6,4,6,3,6,89,48,48,18,102,-77.17,0.25,0.5833333333333334,0.5,3.4285714285714284,7.285714285714286,0.1295505000200592
traffic_disruption,ddqn_101,1002026,16,12,8,0,3,3,4,88,45,45,17,72,32.57000000000002,0.5,0.75,1.0,3.75,6.0,0.11523400002033668
traffic_disruption,ddqn_101,1002027,31,15,7,10,6,4,6,95,50,50,36,168,-140.33999999999997,0.22580645161290322,0.4838709677419355,0.6666666666666666,3.3333333333333335,11.2,0.13497850000021572
traffic_disruption,ddqn_101,1002028,24,14,6,2,7,4,8,86,50,50,31,112,-45.489999999999995,0.25,0.5833333333333334,0.5714285714285714,3.5714285714285716,8.0,0.12967099996785691
traffic_disruption,ddqn_101,1002029,30,17,4,10,12,3,3,79,56,56,24,183,-99.70999999999992,0.13333333333333333,0.5666666666666667,0.25,3.2941176470588234,10.764705882352942,0.12827850000007857
traffic_disruption,ddqn_101,1002030,20,12,8,0,9,4,8,79,46,46,32,33,-42.780000000000015,0.4,0.6,0.4444444444444444,3.8333333333333335,2.75,0.12401699999031734
traffic_disruption,ddqn_101,1002031,22,13,7,4,5,2,5,93,49,49,18,96,-61.22000000000001,0.3181818181818182,0.5909090909090909,0.4,3.769230769230769,7.384615384615385,0.12323100003186482
traffic_disruption,ddqn_101,1002032,26,14,7,5,4,1,7,90,55,55,24,47,-93.01,0.2692307692307692,0.5384615384615384,0.25,3.9285714285714284,3.357142857142857,0.12678600000981533
traffic_disruption,ddqn_101,1002033,37,13,6,17,5,2,7,95,51,51,18,128,-276.7700000000001,0.16216216216216217,0.35135135135135137,0.4,3.923076923076923,9.846153846153847,0.1302210000346804
traffic_disruption,ddqn_101,1002034,34,14,5,12,7,1,8,98,54,54,24,86,-233.06000000000006,0.14705882352941177,0.4117647058823529,0.14285714285714285,3.857142857142857,6.142857142857143,0.130221500000971
traffic_disruption,ddqn_101,1002035,31,18,10,8,6,3,5,89,55,55,26,92,-59.490000000000016,0.3225806451612903,0.5806451612903226,0.5,3.0555555555555554,5.111111111111111,0.12473299997850518
traffic_disruption,ddqn_101,1002036,29,12,8,8,8,3,9,86,49,49,21,37,-185.19,0.27586206896551724,0.41379310344827586,0.375,4.083333333333333,3.0833333333333335,0.12915950000547127
traffic_disruption,ddqn_101,1002037,25,17,6,4,5,2,4,91,58,58,42,133,-20.380000000000003,0.24,0.68,0.4,3.411764705882353,7.823529411764706,0.12694649998934437
traffic_disruption,ddqn_101,1002038,28,14,9,6,9,3,8,84,54,54,21,53,-154.23999999999998,0.32142857142857145,0.5,0.3333333333333333,3.857142857142857,3.7857142857142856,0.1270214999919972
traffic_disruption,ddqn_101,1002039,26,14,8,4,7,3,8,87,53,53,18,96,-122.37000000000002,0.3076923076923077,0.5384615384615384,0.42857142857142855,3.7857142857142856,6.857142857142857,0.13141349998591068
traffic_disruption,ddqn_101,1002040,42,19,11,19,10,4,4,96,55,55,30,88,-192.14999999999992,0.2619047619047619,0.4523809523809524,0.4,2.8947368421052633,4.631578947368421,0.128042999989475
traffic_disruption,ddqn_101,1002041,25,12,4,6,6,1,7,87,48,48,21,71,-126.74000000000002,0.16,0.48,0.16666666666666666,4.0,5.916666666666667,0.1266705000091406
traffic_disruption,ddqn_101,1002042,21,16,7,1,5,3,4,87,51,51,24,58,86.18999999999994,0.3333333333333333,0.7619047619047619,0.6,3.1875,3.625,0.11901949997650263
traffic_disruption,ddqn_101,1002043,32,16,9,9,9,4,7,92,53,53,21,117,-144.19,0.28125,0.5,0.4444444444444444,3.3125,7.3125,0.13178899999388705
traffic_disruption,ddqn_101,1002044,34,17,5,13,7,3,4,100,54,54,21,182,-141.74,0.14705882352941177,0.5,0.42857142857142855,3.176470588235294,10.705882352941176,0.1304769999705968
traffic_disruption,ddqn_101,1002045,26,15,6,7,7,5,4,90,45,45,15,148,-39.64999999999999,0.23076923076923078,0.5769230769230769,0.7142857142857143,3.0,9.866666666666667,0.1251989999957459
traffic_disruption,ddqn_101,1002046,29,16,7,9,7,4,4,88,44,44,21,134,-42.78999999999999,0.2413793103448276,0.5517241379310345,0.5714285714285714,2.75,8.375,0.1299109999877146
traffic_disruption,ddqn_101,1002047,39,13,3,20,9,0,6,86,44,44,15,119,-345.25,0.07692307692307693,0.3333333333333333,0.0,3.3846153846153846,9.153846153846153,0.12979549998703988
traffic_disruption,ddqn_101,1002048,32,13,4,11,8,2,8,98,51,51,21,102,-187.79000000000002,0.125,0.40625,0.25,3.923076923076923,7.846153846153846,0.13035649999437737
traffic_disruption,ddqn_101,1002049,39,19,9,14,10,4,6,92,50,50,24,108,-158.56000000000006,0.23076923076923078,0.48717948717948717,0.4,2.6315789473684212,5.684210526315789,0.14863399999853755
traffic_disruption,ddqn_101,1002050,27,17,10,7,8,2,3,92,50,50,24,80,-0.6600000000000037,0.37037037037037035,0.6296296296296297,0.25,2.9411764705882355,4.705882352941177,0.12514900001292517
traffic_disruption,ddqn_101,1002051,27,12,6,7,4,3,8,77,44,44,42,45,-124.93,0.2222222222222222,0.4444444444444444,0.75,3.6666666666666665,3.75,0.1309270000149354
traffic_disruption,ddqn_101,1002052,35,12,4,16,12,4,7,88,48,48,18,101,-308.52,0.11428571428571428,0.34285714285714286,0.3333333333333333,4.0,8.416666666666666,0.14107750001812747
traffic_disruption,ddqn_101,1002053,20,13,4,2,4,1,5,82,46,46,21,118,-24.43999999999999,0.2,0.65,0.25,3.5384615384615383,9.076923076923077,0.12874899996973
traffic_disruption,ddqn_101,1002054,29,11,2,10,11,2,8,83,44,44,15,98,-215.9,0.06896551724137931,0.3793103448275862,0.18181818181818182,4.0,8.909090909090908,0.13077249997195395
traffic_disruption,ddqn_101,1002055,32,19,6,10,7,3,3,97,52,52,27,168,-64.98000000000002,0.1875,0.59375,0.42857142857142855,2.736842105263158,8.842105263157896,0.12797800002317672
traffic_disruption,ddqn_101,1002056,27,12,4,9,7,2,6,97,50,50,18,129,-178.57000000000002,0.14814814814814814,0.4444444444444444,0.2857142857142857,4.166666666666667,10.75,0.13428699998030424
traffic_disruption,ddqn_101,1002057,27,13,5,8,7,3,6,95,53,53,24,114,-113.60999999999999,0.18518518518518517,0.48148148148148145,0.42857142857142855,4.076923076923077,8.76923076923077,0.12912500000084037
traffic_disruption,ddqn_101,1002058,27,14,4,8,9,1,5,98,52,52,18,145,-114.21999999999997,0.14814814814814814,0.5185185185185185,0.1111111111111111,3.7142857142857144,10.357142857142858,0.1289895000127217
traffic_disruption,ddqn_101,1002059,28,14,7,9,9,2,5,96,50,50,18,110,-161.87000000000003,0.25,0.5,0.2222222222222222,3.5714285714285716,7.857142857142857,0.1283580000119855
traffic_disruption,ddqn_101,1002060,28,12,3,8,6,1,8,79,43,43,22,91,-201.58000000000004,0.10714285714285714,0.42857142857142855,0.16666666666666666,3.5833333333333335,7.583333333333333,0.12703199999464232
traffic_disruption,ddqn_101,1002061,24,13,5,4,5,1,7,94,50,50,25,62,-67.59999999999998,0.20833333333333334,0.5416666666666666,0.2,3.8461538461538463,4.769230769230769,0.12687599996752397
traffic_disruption,ddqn_101,1002062,38,15,6,17,12,4,6,99,49,49,21,119,-257.43999999999994,0.15789473684210525,0.39473684210526316,0.3333333333333333,3.2666666666666666,7.933333333333334,0.13017599999898266
traffic_disruption,ddqn_101,1002063,37,14,8,16,8,4,7,81,45,45,18,100,-277.17,0.21621621621621623,0.3783783783783784,0.5,3.2142857142857144,7.142857142857143,0.13230950000320263
traffic_disruption,ddqn_101,1002064,28,17,8,6,8,3,5,86,50,50,18,104,-65.81999999999998,0.2857142857142857,0.6071428571428571,0.375,2.9411764705882355,6.117647058823529,0.12718700000391436
traffic_disruption,ddqn_101,1002065,28,16,7,7,6,2,5,81,50,50,18,136,-85.77000000000004,0.25,0.5714285714285714,0.3333333333333333,3.125,8.5,0.13162349998196987
traffic_disruption,ddqn_101,1002066,26,15,5,6,4,2,5,84,45,45,18,160,-102.57000000000002,0.19230769230769232,0.5769230769230769,0.5,3.0,10.666666666666666,0.12792800001193427
traffic_disruption,ddqn_101,1002067,23,14,6,4,8,3,5,93,54,54,24,84,-24.91000000000001,0.2608695652173913,0.6086956521739131,0.375,3.857142857142857,6.0,0.12869900001533097
traffic_disruption,ddqn_101,1002068,33,14,3,14,3,1,5,96,55,55,27,131,-183.03,0.09090909090909091,0.42424242424242425,0.3333333333333333,3.9285714285714284,9.357142857142858,0.12735699999666394
traffic_disruption,ddqn_101,1002069,30,16,5,9,8,3,5,95,53,53,22,152,-88.88,0.16666666666666666,0.5333333333333333,0.375,3.3125,9.5,0.13355199999409706
traffic_disruption,ddqn_101,1002070,33,15,4,13,8,1,5,92,50,50,35,198,-233.49999999999997,0.12121212121212122,0.45454545454545453,0.125,3.3333333333333335,13.2,0.1315584999872499
traffic_disruption,ddqn_101,1002071,21,16,8,1,5,1,4,86,50,50,21,84,48.510000000000026,0.38095238095238093,0.7619047619047619,0.2,3.125,5.25,0.12746249998940584
traffic_disruption,ddqn_101,1002072,22,17,11,0,3,2,5,90,52,52,33,31,87.18000000000009,0.5,0.7727272727272727,0.6666666666666666,3.0588235294117645,1.8235294117647058,0.12868900000739814
traffic_disruption,ddqn_101,1002073,29,14,4,9,4,1,6,92,52,52,30,141,-177.45,0.13793103448275862,0.4827586206896552,0.25,3.7142857142857144,10.071428571428571,0.13105749999908767
traffic_disruption,ddqn_101,1002074,25,16,7,3,5,2,6,91,47,47,15,76,-16.84999999999998,0.28,0.64,0.4,2.9375,4.75,0.12965599998437938
traffic_disruption,ddqn_101,1002075,32,14,4,11,2,0,7,94,51,51,37,117,-179.13,0.125,0.4375,0.0,3.642857142857143,8.357142857142858,0.1373970000031477
traffic_disruption,ddqn_101,1002076,28,16,5,7,5,2,5,95,51,51,18,160,-77.62000000000002,0.17857142857142858,0.5714285714285714,0.4,3.1875,10.0,0.13045649998844056
traffic_disruption,ddqn_101,1002077,37,14,7,16,13,4,7,89,49,49,18,96,-288.91999999999985,0.1891891891891892,0.3783783783783784,0.3076923076923077,3.5,6.857142857142857,0.13428749997501654
traffic_disruption,ddqn_101,1002078,31,16,9,8,9,6,7,96,48,48,27,88,-66.18,0.2903225806451613,0.5161290322580645,0.6666666666666666,3.0,5.5,0.1257250000037402
traffic_disruption,ddqn_101,1002079,34,18,7,10,5,2,6,90,56,56,24,151,-119.00999999999999,0.20588235294117646,0.5294117647058824,0.4,3.111111111111111,8.38888888888889,0.1346580000074482
traffic_disruption,ddqn_101,1002080,28,16,8,6,7,4,6,85,47,47,25,66,-40.15000000000001,0.2857142857142857,0.5714285714285714,0.5714285714285714,2.9375,4.125,0.12615500000379143
traffic_disruption,ddqn_101,1002081,33,15,5,13,4,0,5,93,51,51,24,209,-226.2100000000001,0.15151515151515152,0.45454545454545453,0.0,3.4,13.933333333333334,0.13477849998366764
traffic_disruption,ddqn_101,1002082,28,14,8,7,5,1,7,80,48,48,18,39,-77.57000000000001,0.2857142857142857,0.5,0.2,3.4285714285714284,2.7857142857142856,0.1272019999873919
traffic_disruption,ddqn_101,1002083,28,14,5,8,9,2,6,90,48,48,18,143,-132.87,0.17857142857142858,0.5,0.2222222222222222,3.4285714285714284,10.214285714285714,0.13080749997129715
traffic_disruption,ddqn_101,1002084,28,18,10,5,10,5,5,91,55,55,27,101,8.57,0.35714285714285715,0.6428571428571429,0.5,3.0555555555555554,5.611111111111111,0.12700100000984094
traffic_disruption,ddqn_101,1002085,26,14,7,5,4,2,7,95,53,53,22,71,-107.73,0.2692307692307692,0.5384615384615384,0.5,3.7857142857142856,5.071428571428571,0.13047650003272793
traffic_disruption,ddqn_101,1002086,28,14,10,6,9,6,8,80,47,47,21,68,-88.04000000000002,0.35714285714285715,0.5,0.6666666666666666,3.357142857142857,4.857142857142857,0.12735199999269753
traffic_disruption,ddqn_101,1002087,25,17,7,4,9,4,4,88,54,54,30,141,30.050000000000033,0.28,0.68,0.4444444444444444,3.176470588235294,8.294117647058824,0.13339600002382213
traffic_disruption,ddqn_101,1002088,26,14,5,7,4,1,5,96,53,53,21,134,-123.74000000000001,0.19230769230769232,0.5384615384615384,0.25,3.7857142857142856,9.571428571428571,0.12555399999314432
traffic_disruption,ddqn_101,1002089,32,15,7,12,9,6,5,89,50,50,32,113,-129.03000000000003,0.21875,0.46875,0.6666666666666666,3.3333333333333335,7.533333333333333,0.12692700002503443
traffic_disruption,ddqn_101,1002090,27,15,4,8,8,2,4,85,47,47,15,111,-70.20000000000002,0.14814814814814814,0.5555555555555556,0.25,3.1333333333333333,7.4,0.13090700002749145
traffic_disruption,ddqn_101,1002091,22,14,7,3,6,3,5,91,54,54,21,101,-22.43999999999997,0.3181818181818182,0.6363636363636364,0.5,3.857142857142857,7.214285714285714,0.1282940000066901
traffic_disruption,ddqn_101,1002092,19,14,8,0,5,2,5,80,52,52,22,31,69.07000000000001,0.42105263157894735,0.7368421052631579,0.4,3.7142857142857144,2.2142857142857144,0.12034650001169211
traffic_disruption,ddqn_101,1002093,21,13,6,2,1,1,6,85,50,50,21,72,-25.390000000000015,0.2857142857142857,0.6190476190476191,1.0,3.8461538461538463,5.538461538461538,0.12904499999422114
traffic_disruption,ddqn_101,1002094,32,13,5,11,6,3,8,92,47,47,15,108,-197.00000000000006,0.15625,0.40625,0.5,3.6153846153846154,8.307692307692308,0.13389200000801793
traffic_disruption,ddqn_101,1002095,22,15,7,2,9,5,5,81,49,49,18,102,20.42999999999995,0.3181818181818182,0.6818181818181818,0.5555555555555556,3.2666666666666666,6.8,0.12976099998240898
traffic_disruption,ddqn_101,1002096,30,17,6,9,7,2,4,90,56,56,27,100,-101.72999999999996,0.2,0.5666666666666667,0.2857142857142857,3.2941176470588234,5.882352941176471,0.1283640000053765
traffic_disruption,ddqn_101,1002097,41,16,6,20,14,3,5,89,53,53,24,155,-261.85999999999996,0.14634146341463414,0.3902439024390244,0.21428571428571427,3.3125,9.6875,0.13007600000491948
traffic_disruption,ddqn_101,1002098,35,11,4,17,6,1,7,85,48,48,15,129,-377.30000000000007,0.11428571428571428,0.3142857142857143,0.16666666666666666,4.363636363636363,11.727272727272727,0.12979599998175217
traffic_disruption,ddqn_101,1002099,40,13,3,20,5,1,7,90,57,57,30,112,-292.9,0.075,0.325,0.2,4.384615384615385,8.615384615384615,0.1346830000272803
traffic_disruption,ddqn_101,1002100,31,14,7,11,9,4,6,93,49,49,18,87,-125.37,0.22580645161290322,0.45161290322580644,0.4444444444444444,3.5,6.214285714285714,0.13446750000412067
traffic_disruption,ddqn_101,1002101,27,19,9,6,7,3,2,91,53,53,25,127,33.95,0.3333333333333333,0.7037037037037037,0.42857142857142855,2.789473684210526,6.684210526315789,0.12499350000894083
traffic_disruption,ddqn_101,1002102,41,15,3,21,1,0,5,93,48,48,18,145,-276.8700000000001,0.07317073170731707,0.36585365853658536,0.0,3.2,9.666666666666666,0.13278049999598807
traffic_disruption,ddqn_101,1002103,22,12,5,4,7,2,6,82,46,46,18,105,-168.91999999999996,0.22727272727272727,0.5454545454545454,0.2857142857142857,3.8333333333333335,8.75,0.1285034999796153
traffic_disruption,ddqn_101,1002104,34,15,6,14,6,1,5,89,53,53,24,106,-183.41000000000003,0.17647058823529413,0.4411764705882353,0.16666666666666666,3.533333333333333,7.066666666666666,0.12770700001851765
traffic_disruption,ddqn_101,1002105,41,11,5,20,10,1,10,71,45,45,12,50,-435.67999999999995,0.12195121951219512,0.2682926829268293,0.1,4.090909090909091,4.545454545454546,0.1323699999886685
traffic_disruption,ddqn_101,1002106,29,16,5,8,6,3,5,96,56,56,30,111,-57.29999999999994,0.1724137931034483,0.5517241379310345,0.5,3.5,6.9375,0.12780800003042714
traffic_disruption,ddqn_101,1002107,21,17,7,1,8,3,3,92,53,53,24,96,89.49000000000004,0.3333333333333333,0.8095238095238095,0.375,3.1176470588235294,5.647058823529412,0.12098749999722713
traffic_disruption,ddqn_101,1002108,26,11,4,8,3,1,7,85,47,47,38,70,-167.06999999999996,0.15384615384615385,0.4230769230769231,0.3333333333333333,4.2727272727272725,6.363636363636363,0.1297304999923199
traffic_disruption,ddqn_101,1002109,44,13,3,23,12,1,8,93,49,49,18,112,-456.02,0.06818181818181818,0.29545454545454547,0.08333333333333333,3.769230769230769,8.615384615384615,0.1317384999879323
traffic_disruption,ddqn_101,1002110,29,14,5,9,8,3,6,92,50,50,22,126,-135.68,0.1724137931034483,0.4827586206896552,0.375,3.5714285714285716,9.0,0.12949599999956263
traffic_disruption,ddqn_101,1002111,32,13,6,12,7,3,7,93,54,54,27,85,-216.73000000000002,0.1875,0.40625,0.42857142857142855,4.153846153846154,6.538461538461538,0.1267809999774272
traffic_disruption,ddqn_101,1002112,25,18,6,4,4,2,3,97,55,55,27,208,-13.130000000000013,0.24,0.72,0.5,3.0555555555555554,11.555555555555555,0.13234900001179994
traffic_disruption,ddqn_101,1002113,29,16,5,8,7,2,5,95,50,50,22,115,-54.379999999999995,0.1724137931034483,0.5517241379310345,0.2857142857142857,3.125,7.1875,0.12975050000818555
traffic_disruption,ddqn_101,1002114,26,13,6,6,9,2,7,91,50,50,31,107,-166.94,0.23076923076923078,0.5,0.2222222222222222,3.8461538461538463,8.23076923076923,0.13091249999774845
traffic_disruption,ddqn_101,1002115,28,17,5,6,6,2,5,85,46,46,26,147,-56.54,0.17857142857142858,0.6071428571428571,0.3333333333333333,2.7058823529411766,8.647058823529411,0.12812849999477294
traffic_disruption,ddqn_101,1002116,32,16,7,11,10,5,5,90,55,55,34,177,-153.31000000000003,0.21875,0.5,0.5,3.4375,11.0625,0.1310625000314758
traffic_disruption,ddqn_101,1002117,30,15,6,10,9,2,5,90,52,52,21,157,-186.33999999999997,0.2,0.5,0.2222222222222222,3.466666666666667,10.466666666666667,0.1306474999864804
traffic_disruption,ddqn_101,1002118,31,18,6,9,8,3,4,95,50,50,18,130,-46.22000000000001,0.1935483870967742,0.5806451612903226,0.375,2.7777777777777777,7.222222222222222,0.1289944999882664
traffic_disruption,ddqn_101,1002119,33,19,7,10,7,3,4,91,60,60,32,172,-43.27999999999999,0.21212121212121213,0.5757575757575758,0.42857142857142855,3.1578947368421053,9.052631578947368,0.1298759999883714
traffic_disruption,ddqn_101,1002120,33,16,4,13,9,1,4,88,52,52,21,210,-179.14,0.12121212121212122,0.48484848484848486,0.1111111111111111,3.25,13.125,0.1329000000112046
traffic_disruption,ddqn_101,1002121,25,13,8,4,4,0,8,87,50,50,36,55,-127.78999999999998,0.32,0.52,0.0,3.8461538461538463,4.230769230769231,0.13539950001018042
traffic_disruption,ddqn_101,1002122,23,16,6,2,6,5,5,93,55,55,24,118,27.040000000000006,0.2608695652173913,0.6956521739130435,0.8333333333333334,3.4375,7.375,0.12781749998680425
traffic_disruption,ddqn_101,1002123,24,14,5,5,6,3,5,91,52,52,21,113,-41.19000000000001,0.20833333333333334,0.5833333333333334,0.5,3.7142857142857144,8.071428571428571,0.12820899999610447
traffic_disruption,ddqn_101,1002124,32,12,3,12,2,0,8,82,45,45,29,92,-225.50999999999996,0.09375,0.375,0.0,3.75,7.666666666666667,0.12982550001083837
traffic_disruption,ddqn_101,1002125,33,15,5,12,8,4,6,91,52,52,27,104,-172.42999999999998,0.15151515151515152,0.45454545454545453,0.5,3.466666666666667,6.933333333333334,0.1330354999993233
traffic_disruption,ddqn_101,1002126,25,16,5,4,5,1,5,92,59,59,33,172,-58.120000000000026,0.2,0.64,0.2,3.6875,10.75,0.13540899999497924
traffic_disruption,ddqn_101,1002127,30,14,6,7,7,4,9,89,53,53,24,64,-156.86,0.2,0.4666666666666667,0.5714285714285714,3.7857142857142856,4.571428571428571,0.134798000004821
traffic_disruption,ddqn_101,1002128,35,16,4,15,11,3,4,91,61,61,28,149,-176.21999999999997,0.11428571428571428,0.45714285714285713,0.2727272727272727,3.8125,9.3125,0.1357499999983247
traffic_disruption,ddqn_101,1002129,29,15,5,9,5,2,5,86,51,51,28,113,-98.82000000000001,0.1724137931034483,0.5172413793103449,0.4,3.4,7.533333333333333,0.1315579999925376
traffic_disruption,ddqn_101,1002130,29,18,6,9,4,0,2,96,53,53,24,160,-80.91000000000003,0.20689655172413793,0.6206896551724138,0.0,2.9444444444444446,8.88888888888889,0.1302914999996574
traffic_disruption,ddqn_101,1002131,32,15,4,13,10,1,4,96,52,52,22,119,-152.18,0.125,0.46875,0.1,3.466666666666667,7.933333333333334,0.12778249998746105
traffic_disruption,ddqn_101,1002132,32,15,5,11,6,3,6,90,48,48,12,153,-154.03000000000003,0.15625,0.46875,0.5,3.2,10.2,0.12844349998886173
traffic_disruption,ddqn_101,1002133,33,14,4,13,5,2,6,98,50,50,21,160,-196.58999999999997,0.12121212121212122,0.42424242424242425,0.4,3.5714285714285716,11.428571428571429,0.12703650000389644
traffic_disruption,ddqn_101,1002134,30,12,3,11,8,1,7,93,49,49,30,85,-194.05,0.1,0.4,0.125,4.083333333333333,7.083333333333333,0.12686650001114685
traffic_disruption,ddqn_101,1002135,22,17,7,0,6,3,5,95,59,59,30,107,76.95000000000002,0.3181818181818182,0.7727272727272727,0.5,3.4705882352941178,6.294117647058823,0.12576949998788223
traffic_disruption,ddqn_101,1002136,26,16,8,7,12,3,3,94,50,50,18,86,-16.42000000000001,0.3076923076923077,0.6153846153846154,0.25,3.125,5.375,0.13140300001168725
traffic_disruption,ddqn_101,1002137,33,16,4,13,3,1,4,90,48,48,24,163,-146.56,0.12121212121212122,0.48484848484848486,0.3333333333333333,3.0,10.1875,0.13320100001124047
traffic_disruption,ddqn_101,1002138,23,13,5,4,7,3,6,94,52,52,25,104,-83.50000000000001,0.21739130434782608,0.5652173913043478,0.42857142857142855,4.0,8.0,0.12750699997354786
traffic_disruption,ddqn_101,1002139,28,13,4,9,6,0,6,83,48,48,28,109,-181.42000000000002,0.14285714285714285,0.4642857142857143,0.0,3.6923076923076925,8.384615384615385,0.13014649999831818
traffic_disruption,ddqn_101,1002140,31,15,3,12,5,2,4,91,49,49,18,175,-160.62000000000006,0.0967741935483871,0.4838709677419355,0.4,3.2666666666666666,11.666666666666666,0.1296599999989212
traffic_disruption,ddqn_101,1002141,30,13,6,9,8,2,8,94,48,48,21,88,-225.09000000000006,0.2,0.43333333333333335,0.25,3.6923076923076925,6.769230769230769,0.12880400001336056
traffic_disruption,ddqn_101,1002142,36,12,5,16,9,3,8,89,47,47,18,114,-299.82000000000005,0.1388888888888889,0.3333333333333333,0.3333333333333333,3.9166666666666665,9.5,0.12894400001073336
traffic_disruption,ddqn_101,1002143,23,14,5,3,6,1,6,89,55,55,37,114,-72.57999999999997,0.21739130434782608,0.6086956521739131,0.16666666666666666,3.9285714285714284,8.142857142857142,0.12712200000919438
traffic_disruption,ddqn_101,1002144,35,13,4,15,7,1,7,92,56,56,27,121,-279.73,0.11428571428571428,0.37142857142857144,0.14285714285714285,4.3076923076923075,9.307692307692308,0.1307169999904545
traffic_disruption,ddqn_101,1002145,33,16,6,12,5,1,5,93,50,50,21,152,-194.3900000000001,0.18181818181818182,0.48484848484848486,0.2,3.125,9.5,0.12835399999744368
traffic_disruption,ddqn_101,1002146,31,10,2,11,9,0,10,70,38,38,22,50,-306.53,0.06451612903225806,0.3225806451612903,0.0,3.8,5.0,0.1323345000230347
traffic_disruption,ddqn_101,1002147,25,14,8,6,7,3,5,90,56,56,24,55,-31.110000000000007,0.32,0.56,0.42857142857142855,4.0,3.9285714285714284,0.12693700003296726
traffic_disruption,ddqn_101,1002148,31,13,6,10,11,3,8,96,53,53,21,97,-228.29000000000002,0.1935483870967742,0.41935483870967744,0.2727272727272727,4.076923076923077,7.461538461538462,0.13009649998707573
traffic_disruption,ddqn_101,1002149,31,18,8,8,6,2,5,90,54,54,24,108,-72.61000000000001,0.25806451612903225,0.5806451612903226,0.3333333333333333,3.0,6.0,0.12954549998767106
traffic_disruption,ddqn_202,1002000,25,17,10,3,6,1,5,97,52,52,27,45,-17.42999999999998,0.4,0.68,0.16666666666666666,3.0588235294117645,2.6470588235294117,0.12175349999665741
traffic_disruption,ddqn_202,1002001,39,17,7,18,15,5,4,93,55,55,30,151,-162.24999999999997,0.1794871794871795,0.4358974358974359,0.3333333333333333,3.235294117647059,8.882352941176471,0.1287789999935285
traffic_disruption,ddqn_202,1002002,31,16,6,11,7,1,4,97,55,55,24,139,-164.65999999999997,0.1935483870967742,0.5161290322580645,0.14285714285714285,3.4375,8.6875,0.13045650001686226
traffic_disruption,ddqn_202,1002003,32,15,6,12,9,3,5,87,55,55,40,157,-165.85,0.1875,0.46875,0.3333333333333333,3.6666666666666665,10.466666666666667,0.13424750000012864
traffic_disruption,ddqn_202,1002004,21,17,5,2,3,1,2,97,56,56,21,154,46.809999999999974,0.23809523809523808,0.8095238095238095,0.3333333333333333,3.2941176470588234,9.058823529411764,0.1293800000041756
traffic_disruption,ddqn_202,1002005,24,15,6,4,5,3,5,88,52,52,24,112,-20.409999999999975,0.25,0.625,0.6,3.466666666666667,7.466666666666667,0.12915450000150486
traffic_disruption,ddqn_202,1002006,32,14,5,13,7,0,5,91,52,52,29,97,-192.11000000000004,0.15625,0.4375,0.0,3.7142857142857144,6.928571428571429,0.1289895000127217
traffic_disruption,ddqn_202,1002007,32,17,9,10,10,5,5,89,61,61,38,144,-80.91999999999997,0.28125,0.53125,0.5,3.588235294117647,8.470588235294118,0.13199949998465854
traffic_disruption,ddqn_202,1002008,31,16,4,10,4,0,5,91,55,55,34,127,-124.75999999999999,0.12903225806451613,0.5161290322580645,0.0,3.4375,7.9375,0.12985099996853933
traffic_disruption,ddqn_202,1002009,23,13,5,3,8,4,7,99,51,51,21,142,-113.64000000000001,0.21739130434782608,0.5652173913043478,0.5,3.923076923076923,10.923076923076923,0.12944499997047387
traffic_disruption,ddqn_202,1002010,35,14,4,15,8,2,6,95,50,50,18,153,-261.22,0.11428571428571428,0.4,0.25,3.5714285714285716,10.928571428571429,0.130396499997687
traffic_disruption,ddqn_202,1002011,34,15,4,13,7,1,6,96,55,55,33,142,-214.01999999999998,0.11764705882352941,0.4411764705882353,0.14285714285714285,3.6666666666666665,9.466666666666667,0.13035200001354497
traffic_disruption,ddqn_202,1002012,41,16,8,19,13,2,6,89,57,57,27,98,-290.7799999999999,0.1951219512195122,0.3902439024390244,0.15384615384615385,3.5625,6.125,0.1302969999983361
traffic_disruption,ddqn_202,1002013,25,15,11,4,5,2,6,92,53,53,25,40,-39.15000000000005,0.44,0.6,0.4,3.533333333333333,2.6666666666666665,0.12446750000094653
traffic_disruption,ddqn_202,1002014,32,15,6,11,6,1,6,95,54,54,24,78,-164.71000000000004,0.1875,0.46875,0.16666666666666666,3.6,5.2,0.1265359999820248
traffic_disruption,ddqn_202,1002015,27,13,5,8,3,2,6,93,54,54,21,103,-117.23999999999997,0.18518518518518517,0.48148148148148145,0.6666666666666666,4.153846153846154,7.923076923076923,0.12722700000722398
traffic_disruption,ddqn_202,1002016,37,15,6,18,9,2,4,95,49,49,21,103,-209.64000000000001,0.16216216216216217,0.40540540540540543,0.2222222222222222,3.2666666666666666,6.866666666666666,0.12813350002716106
traffic_disruption,ddqn_202,1002017,30,17,5,9,6,2,4,96,53,53,24,137,-104.00999999999999,0.16666666666666666,0.5666666666666667,0.3333333333333333,3.1176470588235294,8.058823529411764,0.12721199999532473
traffic_disruption,ddqn_202,1002018,26,15,7,5,7,3,6,95,49,49,21,89,-22.89,0.2692307692307692,0.5769230769230769,0.42857142857142855,3.2666666666666666,5.933333333333334,0.12794799997095652
traffic_disruption,ddqn_202,1002019,31,12,6,12,7,2,7,89,52,52,32,97,-260.72999999999996,0.1935483870967742,0.3870967741935484,0.2857142857142857,4.333333333333333,8.083333333333334,0.13188450000711782
traffic_disruption,ddqn_202,1002020,26,12,4,7,5,1,7,87,48,48,21,90,-149.84000000000003,0.15384615384615385,0.46153846153846156,0.2,4.0,7.5,0.14165900000762122
traffic_disruption,ddqn_202,1002021,32,13,4,12,8,1,7,84,51,51,37,154,-233.53000000000003,0.125,0.40625,0.125,3.923076923076923,11.846153846153847,0.1302965000036238
traffic_disruption,ddqn_202,1002022,31,14,3,11,8,1,6,93,52,52,27,121,-218.1800000000001,0.0967741935483871,0.45161290322580644,0.125,3.7142857142857144,8.642857142857142,0.13069199999904413
traffic_disruption,ddqn_202,1002023,20,14,6,2,6,2,4,88,49,49,19,108,16.840000000000018,0.3,0.7,0.3333333333333333,3.5,7.714285714285714,0.1254795000136255
traffic_disruption,ddqn_202,1002024,46,14,6,24,14,6,8,89,47,47,31,137,-428.34,0.13043478260869565,0.30434782608695654,0.42857142857142855,3.357142857142857,9.785714285714286,0.13404700001728997
traffic_disruption,ddqn_202,1002025,24,14,5,5,6,2,5,85,43,43,31,145,-76.53999999999999,0.20833333333333334,0.5833333333333334,0.3333333333333333,3.0714285714285716,10.357142857142858,0.12760750001916676
traffic_disruption,ddqn_202,1002026,16,15,10,0,3,2,1,91,51,51,27,50,114.76999999999994,0.625,0.9375,0.6666666666666666,3.4,3.3333333333333335,0.10936000001038337
traffic_disruption,ddqn_202,1002027,31,14,6,10,6,3,7,97,52,52,27,123,-174.08000000000004,0.1935483870967742,0.45161290322580644,0.5,3.7142857142857144,8.785714285714286,0.13087250002286055
traffic_disruption,ddqn_202,1002028,24,14,7,2,7,4,8,94,55,55,30,76,-32.79999999999994,0.2916666666666667,0.5833333333333334,0.5714285714285714,3.9285714285714284,5.428571428571429,0.12580499998193773
traffic_disruption,ddqn_202,1002029,30,16,8,8,12,5,6,95,57,57,30,163,-146.35000000000002,0.26666666666666666,0.5333333333333333,0.4166666666666667,3.5625,10.1875,0.13136300000837764
traffic_disruption,ddqn_202,1002030,20,11,8,2,9,4,7,76,49,49,35,44,-112.6,0.4,0.55,0.4444444444444444,4.454545454545454,4.0,0.12338650000742746
traffic_disruption,ddqn_202,1002031,22,14,5,5,5,1,3,88,53,53,22,113,-54.980000000000025,0.22727272727272727,0.6363636363636364,0.2,3.7857142857142856,8.071428571428571,0.1253745000155959
traffic_disruption,ddqn_202,1002032,26,15,8,6,4,3,5,96,58,58,24,49,-42.76000000000002,0.3076923076923077,0.5769230769230769,0.75,3.8666666666666667,3.2666666666666666,0.12432799999828603
traffic_disruption,ddqn_202,1002033,37,16,6,16,5,1,5,94,53,53,24,153,-193.91000000000008,0.16216216216216217,0.43243243243243246,0.2,3.3125,9.5625,0.13021099999832586
traffic_disruption,ddqn_202,1002034,34,13,5,13,7,2,8,96,52,52,22,86,-224.03000000000003,0.14705882352941177,0.38235294117647056,0.2857142857142857,4.0,6.615384615384615,0.13005649998376612
traffic_disruption,ddqn_202,1002035,31,17,9,8,6,3,6,97,59,59,27,96,-64.03,0.2903225806451613,0.5483870967741935,0.5,3.4705882352941178,5.647058823529412,0.12865899998359964
traffic_disruption,ddqn_202,1002036,29,16,8,8,8,3,5,97,55,55,24,88,-64.61000000000001,0.27586206896551724,0.5517241379310345,0.375,3.4375,5.5,0.12900450002462094
traffic_disruption,ddqn_202,1002037,25,14,5,5,5,1,6,96,53,53,27,119,-90.13,0.2,0.56,0.2,3.7857142857142856,8.5,0.12942550000616393
traffic_disruption,ddqn_202,1002038,28,12,3,8,9,0,8,93,51,51,27,79,-253.27999999999997,0.10714285714285714,0.42857142857142855,0.0,4.25,6.583333333333333,0.12928500001407883
traffic_disruption,ddqn_202,1002039,26,11,5,7,7,2,8,77,41,41,27,70,-216.13,0.19230769230769232,0.4230769230769231,0.2857142857142857,3.727272727272727,6.363636363636363,0.13128800000572483
traffic_disruption,ddqn_202,1002040,42,16,6,20,10,2,6,93,53,53,21,105,-290.43999999999994,0.14285714285714285,0.38095238095238093,0.2,3.3125,6.5625,0.12963550000222313
traffic_disruption,ddqn_202,1002041,25,16,6,4,6,2,5,87,59,59,27,104,-3.680000000000021,0.24,0.64,0.3333333333333333,3.6875,6.5,0.1252289999911227
traffic_disruption,ddqn_202,1002042,21,15,7,1,5,2,5,92,49,49,18,30,31.12999999999998,0.3333333333333333,0.7142857142857143,0.4,3.2666666666666666,2.0,0.12010649999183443
traffic_disruption,ddqn_202,1002043,32,17,7,9,9,2,6,94,50,50,18,116,-101.01999999999998,0.21875,0.53125,0.2222222222222222,2.9411764705882355,6.823529411764706,0.13145800002689612
traffic_disruption,ddqn_202,1002044,34,15,4,13,7,2,6,100,54,54,18,138,-231.01999999999998,0.11764705882352941,0.4411764705882353,0.2857142857142857,3.6,9.2,0.12863349999747697
traffic_disruption,ddqn_202,1002045,26,14,6,6,7,5,6,93,50,50,22,120,-79.28,0.23076923076923078,0.5384615384615384,0.7142857142857143,3.5714285714285716,8.571428571428571,0.1295855000194024
traffic_disruption,ddqn_202,1002046,29,15,7,8,7,3,6,90,45,45,22,121,-108.78,0.2413793103448276,0.5172413793103449,0.42857142857142855,3.0,8.066666666666666,0.1270914999906836
traffic_disruption,ddqn_202,1002047,39,16,9,16,9,0,7,92,56,56,27,103,-285.72999999999996,0.23076923076923078,0.41025641025641024,0.0,3.5,6.4375,0.1298454999698606
traffic_disruption,ddqn_202,1002048,32,12,6,14,8,4,6,77,47,47,27,117,-217.02999999999992,0.1875,0.375,0.5,3.9166666666666665,9.75,0.1294205000021975
traffic_disruption,ddqn_202,1002049,39,20,7,14,10,3,5,95,54,54,33,133,-140.97,0.1794871794871795,0.5128205128205128,0.3,2.7,6.65,0.1331760000198301
traffic_disruption,ddqn_202,1002050,27,15,9,6,8,2,6,95,53,53,24,64,-94.10999999999997,0.3333333333333333,0.5555555555555556,0.25,3.533333333333333,4.266666666666667,0.13018100000294908
traffic_disruption,ddqn_202,1002051,27,16,4,7,4,2,4,94,50,50,21,115,-28.94,0.14814814814814814,0.5925925925925926,0.5,3.125,7.1875,0.13034649998644454
traffic_disruption,ddqn_202,1002052,35,15,6,15,12,3,5,82,53,53,35,130,-221.8,0.17142857142857143,0.42857142857142855,0.25,3.533333333333333,8.666666666666666,0.1337420000027123
traffic_disruption,ddqn_202,1002053,20,13,6,1,4,2,6,92,51,51,35,50,-13.299999999999969,0.3,0.65,0.5,3.923076923076923,3.8461538461538463,0.12117299999658826
traffic_disruption,ddqn_202,1002054,29,13,7,9,11,5,7,90,51,51,27,93,-138.83,0.2413793103448276,0.4482758620689655,0.45454545454545453,3.923076923076923,7.153846153846154,0.13088699998320408
traffic_disruption,ddqn_202,1002055,32,17,5,12,7,2,3,93,53,53,29,164,-127.10999999999999,0.15625,0.53125,0.2857142857142857,3.1176470588235294,9.647058823529411,0.1307174999851668
traffic_disruption,ddqn_202,1002056,27,13,7,9,7,4,5,93,50,50,15,107,-141.65000000000003,0.25925925925925924,0.48148148148148145,0.5714285714285714,3.8461538461538463,8.23076923076923,0.13055599998779144
traffic_disruption,ddqn_202,1002057,27,14,4,7,7,2,6,96,59,59,27,81,-95.13,0.14814814814814814,0.5185185185185185,0.2857142857142857,4.214285714285714,5.785714285714286,0.12841299999877265
traffic_disruption,ddqn_202,1002058,27,13,4,8,9,2,6,90,52,52,21,138,-189.43999999999997,0.14814814814814814,0.48148148148148145,0.2222222222222222,4.0,10.615384615384615,0.13049700001488418
traffic_disruption,ddqn_202,1002059,28,16,7,7,9,4,5,96,51,51,18,121,-82.57,0.25,0.5714285714285714,0.4444444444444444,3.1875,7.5625,0.12662000000318585
traffic_disruption,ddqn_202,1002060,28,16,7,7,6,2,5,93,53,53,30,98,-81.4,0.25,0.5714285714285714,0.3333333333333333,3.3125,6.125,0.12293949998820608
traffic_disruption,ddqn_202,1002061,24,15,6,4,5,0,5,96,52,52,18,48,-31.219999999999985,0.25,0.625,0.0,3.466666666666667,3.2,0.12100699998995879
traffic_disruption,ddqn_202,1002062,38,15,6,17,12,4,6,89,54,54,24,146,-270.26,0.15789473684210525,0.39473684210526316,0.3333333333333333,3.6,9.733333333333333,0.12964999999098836
traffic_disruption,ddqn_202,1002063,37,14,7,16,8,3,7,97,54,54,27,116,-286.53,0.1891891891891892,0.3783783783783784,0.375,3.857142857142857,8.285714285714286,0.12849300000539188
traffic_disruption,ddqn_202,1002064,28,14,7,8,8,3,6,92,47,47,18,107,-160.22000000000003,0.25,0.5,0.375,3.357142857142857,7.642857142857143,0.1268805000051998
traffic_disruption,ddqn_202,1002065,28,14,6,8,6,2,6,78,45,45,15,78,-96.95000000000002,0.21428571428571427,0.5,0.3333333333333333,3.2142857142857144,5.571428571428571,0.12551899999380112
traffic_disruption,ddqn_202,1002066,26,14,6,5,4,2,7,95,53,53,27,125,-125.08,0.23076923076923078,0.5384615384615384,0.5,3.7857142857142856,8.928571428571429,0.12754150003502218
traffic_disruption,ddqn_202,1002067,23,14,7,4,8,3,5,91,51,51,31,116,-25.689999999999984,0.30434782608695654,0.6086956521739131,0.375,3.642857142857143,8.285714285714286,0.12851299999283583
traffic_disruption,ddqn_202,1002068,33,12,3,13,3,1,8,85,49,49,34,91,-236.25999999999993,0.09090909090909091,0.36363636363636365,0.3333333333333333,4.083333333333333,7.583333333333333,0.1278025000033267
traffic_disruption,ddqn_202,1002069,30,15,3,11,8,1,4,90,49,49,25,183,-107.45000000000002,0.1,0.5,0.125,3.2666666666666666,12.2,0.1300154999626102
traffic_disruption,ddqn_202,1002070,33,15,3,13,8,1,5,97,50,50,21,157,-185.89,0.09090909090909091,0.45454545454545453,0.125,3.3333333333333335,10.466666666666667,0.1277614999821708
traffic_disruption,ddqn_202,1002071,21,14,7,1,5,1,6,92,54,54,21,55,17.009999999999934,0.3333333333333333,0.6666666666666666,0.2,3.857142857142857,3.9285714285714284,0.1229449999868848
traffic_disruption,ddqn_202,1002072,22,17,11,0,3,2,5,95,52,52,24,34,80.09000000000009,0.5,0.7727272727272727,0.6666666666666666,3.0588235294117645,2.0,0.1206915000295794
traffic_disruption,ddqn_202,1002073,29,14,4,9,4,1,6,86,51,51,34,160,-199.91000000000003,0.13793103448275862,0.4827586206896552,0.25,3.642857142857143,11.428571428571429,0.12978050000356234
traffic_disruption,ddqn_202,1002074,25,15,4,4,5,0,6,96,54,54,27,100,-45.72999999999996,0.16,0.6,0.0,3.6,6.666666666666667,0.12946500001476124
traffic_disruption,ddqn_202,1002075,32,15,5,12,2,1,5,93,53,53,24,127,-141.96,0.15625,0.46875,0.5,3.533333333333333,8.466666666666667,0.12925900000482216
traffic_disruption,ddqn_202,1002076,28,19,7,5,5,3,4,90,51,51,21,122,39.76000000000005,0.25,0.6785714285714286,0.6,2.6842105263157894,6.421052631578948,0.13654550002684118
traffic_disruption,ddqn_202,1002077,37,14,5,17,13,1,6,92,56,56,36,129,-305.94,0.13513513513513514,0.3783783783783784,0.07692307692307693,4.0,9.214285714285714,0.13102199997661046
traffic_disruption,ddqn_202,1002078,31,12,3,12,9,2,7,90,55,55,27,76,-226.48000000000002,0.0967741935483871,0.3870967741935484,0.2222222222222222,4.583333333333333,6.333333333333333,0.13074200001028657
traffic_disruption,ddqn_202,1002079,34,15,3,12,5,1,7,86,54,54,22,157,-228.82999999999998,0.08823529411764706,0.4411764705882353,0.2,3.6,10.466666666666667,0.13434650000476722
traffic_disruption,ddqn_202,1002080,28,18,8,7,7,2,3,88,53,53,22,80,-10.18000000000001,0.2857142857142857,0.6428571428571429,0.2857142857142857,2.9444444444444446,4.444444444444445,0.12182300002905322
traffic_disruption,ddqn_202,1002081,33,14,5,13,4,1,6,96,54,54,27,163,-267.08000000000004,0.15151515151515152,0.42424242424242425,0.25,3.857142857142857,11.642857142857142,0.13336550000531133
traffic_disruption,ddqn_202,1002082,28,16,8,8,5,1,4,87,53,53,21,78,-57.08999999999999,0.2857142857142857,0.5714285714285714,0.2,3.3125,4.875,0.12394099999823993
traffic_disruption,ddqn_202,1002083,28,14,6,9,9,3,5,94,55,55,24,139,-125.91000000000001,0.21428571428571427,0.5,0.3333333333333333,3.9285714285714284,9.928571428571429,0.12956499998040272
traffic_disruption,ddqn_202,1002084,28,16,7,7,10,3,5,92,49,49,28,130,-77.71999999999998,0.25,0.5714285714285714,0.3,3.0625,8.125,0.13010549997716225
traffic_disruption,ddqn_202,1002085,26,14,5,6,4,1,6,91,54,54,29,94,-100.86,0.19230769230769232,0.5384615384615384,0.25,3.857142857142857,6.714285714285714,0.13213399998335262
traffic_disruption,ddqn_202,1002086,28,11,8,7,9,4,10,69,42,42,42,25,-237.53000000000003,0.2857142857142857,0.39285714285714285,0.4444444444444444,3.8181818181818183,2.272727272727273,0.13723599997206293
traffic_disruption,ddqn_202,1002087,25,17,6,4,9,4,4,91,52,52,29,147,12.439999999999998,0.24,0.68,0.4444444444444444,3.0588235294117645,8.647058823529411,0.1344469999935427
traffic_disruption,ddqn_202,1002088,26,15,6,6,4,1,5,93,59,59,36,119,-68.24000000000001,0.23076923076923078,0.5769230769230769,0.25,3.933333333333333,7.933333333333334,0.13069100003804124
traffic_disruption,ddqn_202,1002089,32,15,7,11,9,3,6,93,55,55,33,113,-161.02000000000004,0.21875,0.46875,0.3333333333333333,3.6666666666666665,7.533333333333333,0.13189850000117076
traffic_disruption,ddqn_202,1002090,27,10,5,8,8,2,9,64,41,41,20,27,-253.09999999999997,0.18518518518518517,0.37037037037037035,0.25,4.1,2.7,0.13174300002560813
traffic_disruption,ddqn_202,1002091,22,17,7,2,6,3,3,93,54,54,27,136,47.969999999999935,0.3181818181818182,0.7727272727272727,0.5,3.176470588235294,8.0,0.1262554999925669
traffic_disruption,ddqn_202,1002092,19,13,8,0,5,4,6,82,49,49,21,28,50.70999999999998,0.42105263157894735,0.6842105263157895,0.8,3.769230769230769,2.1538461538461537,0.11628500001847897
traffic_disruption,ddqn_202,1002093,21,12,5,3,1,0,6,87,52,52,34,71,-55.86000000000002,0.23809523809523808,0.5714285714285714,0.0,4.333333333333333,5.916666666666667,0.12240950002251338
traffic_disruption,ddqn_202,1002094,32,13,5,10,6,1,9,80,47,47,28,95,-245.62,0.15625,0.40625,0.16666666666666666,3.6153846153846154,7.3076923076923075,0.13127249999911328
traffic_disruption,ddqn_202,1002095,22,14,5,3,9,3,5,91,55,55,27,135,-36.03,0.22727272727272727,0.6363636363636364,0.3333333333333333,3.9285714285714284,9.642857142857142,0.1318390000051295
traffic_disruption,ddqn_202,1002096,30,17,7,9,7,1,4,92,50,50,18,126,-81.02,0.23333333333333334,0.5666666666666667,0.14285714285714285,2.9411764705882355,7.411764705882353,0.131387499976654
traffic_disruption,ddqn_202,1002097,41,16,6,20,14,4,5,94,56,56,28,153,-239.4200000000001,0.14634146341463414,0.3902439024390244,0.2857142857142857,3.5,9.5625,0.13142750000838532
traffic_disruption,ddqn_202,1002098,35,15,5,14,6,0,6,96,56,56,30,129,-227.5,0.14285714285714285,0.42857142857142855,0.0,3.7333333333333334,8.6,0.13327550001918098
traffic_disruption,ddqn_202,1002099,40,15,4,21,5,2,4,92,55,55,25,147,-210.1499999999999,0.1,0.375,0.4,3.6666666666666665,9.8,0.12982050000687195
traffic_disruption,ddqn_202,1002100,31,14,6,11,9,1,6,95,49,49,31,103,-158.99000000000004,0.1935483870967742,0.45161290322580644,0.1111111111111111,3.5,7.357142857142857,0.12971499995728664
traffic_disruption,ddqn_202,1002101,27,18,7,7,7,3,2,91,60,60,27,111,18.169999999999995,0.25925925925925924,0.6666666666666666,0.42857142857142855,3.3333333333333335,6.166666666666667,0.128152999991471
traffic_disruption,ddqn_202,1002102,41,14,5,19,1,1,8,89,50,50,31,110,-291.54,0.12195121951219512,0.34146341463414637,1.0,3.5714285714285716,7.857142857142857,0.13104200002089783
traffic_disruption,ddqn_202,1002103,22,16,10,0,7,4,6,96,54,54,24,60,24.390000000000015,0.45454545454545453,0.7272727272727273,0.5714285714285714,3.375,3.75,0.12445199999433498
traffic_disruption,ddqn_202,1002104,34,15,6,14,6,1,5,97,53,53,24,124,-190.36,0.17647058823529413,0.4411764705882353,0.16666666666666666,3.533333333333333,8.266666666666667,0.12805299999740782
traffic_disruption,ddqn_202,1002105,41,14,6,19,10,3,8,85,52,52,39,84,-330.55999999999995,0.14634146341463414,0.34146341463414637,0.3,3.7142857142857144,6.0,0.1323689999992439
traffic_disruption,ddqn_202,1002106,29,16,8,6,6,5,7,96,55,55,24,100,-63.00999999999998,0.27586206896551724,0.5517241379310345,0.8333333333333334,3.4375,6.25,0.1311425000096733
traffic_disruption,ddqn_202,1002107,21,14,3,1,8,1,6,90,49,49,18,85,3.680000000000007,0.14285714285714285,0.6666666666666666,0.125,3.5,6.071428571428571,0.12496800002281816
traffic_disruption,ddqn_202,1002108,26,16,7,6,3,1,4,87,55,55,31,65,-21.340000000000018,0.2692307692307692,0.6153846153846154,0.3333333333333333,3.4375,4.0625,0.1300500000240845
traffic_disruption,ddqn_202,1002109,44,16,5,23,12,2,5,96,56,56,21,147,-364.49000000000007,0.11363636363636363,0.36363636363636365,0.16666666666666666,3.5,9.1875,0.12942449998831762
traffic_disruption,ddqn_202,1002110,29,13,6,10,8,4,6,92,60,60,30,93,-158.35000000000008,0.20689655172413793,0.4482758620689655,0.5,4.615384615384615,7.153846153846154,0.12911899997902765
traffic_disruption,ddqn_202,1002111,32,15,5,12,7,2,5,93,53,53,21,92,-143.83999999999995,0.15625,0.46875,0.2857142857142857,3.533333333333333,6.133333333333334,0.1284684999802721
traffic_disruption,ddqn_202,1002112,25,14,3,6,4,1,5,90,52,52,32,147,-94.32999999999998,0.12,0.56,0.25,3.7142857142857144,10.5,0.13380149999875357
traffic_disruption,ddqn_202,1002113,29,19,7,8,7,4,2,94,47,47,24,179,14.29,0.2413793103448276,0.6551724137931034,0.5714285714285714,2.473684210526316,9.421052631578947,0.13041099998645223
traffic_disruption,ddqn_202,1002114,26,14,5,5,9,2,7,86,52,52,24,91,-86.55999999999999,0.19230769230769232,0.5384615384615384,0.2222222222222222,3.7142857142857144,6.5,0.13298999999733496
traffic_disruption,ddqn_202,1002115,28,15,6,6,6,2,7,94,53,53,27,101,-116.18000000000004,0.21428571428571427,0.5357142857142857,0.3333333333333333,3.533333333333333,6.733333333333333,0.12971499998570835
traffic_disruption,ddqn_202,1002116,32,15,4,12,10,3,5,93,53,53,27,142,-186.43,0.125,0.46875,0.3,3.533333333333333,9.466666666666667,0.12916399998630368
traffic_disruption,ddqn_202,1002117,30,12,3,10,9,0,8,96,52,52,27,110,-249.48,0.1,0.4,0.0,4.333333333333333,9.166666666666666,0.1295949999757795
traffic_disruption,ddqn_202,1002118,31,13,5,11,8,2,7,92,50,50,30,104,-204.75,0.16129032258064516,0.41935483870967744,0.25,3.8461538461538463,8.0,0.1308214999937718
traffic_disruption,ddqn_202,1002119,33,15,7,11,7,2,7,83,57,57,27,80,-195.43,0.21212121212121213,0.45454545454545453,0.2857142857142857,3.8,5.333333333333333,0.13088649998849178
traffic_disruption,ddqn_202,1002120,33,15,7,12,9,4,6,87,54,54,30,141,-222.14999999999995,0.21212121212121213,0.45454545454545453,0.4444444444444444,3.6,9.4,0.14157799998315568
traffic_disruption,ddqn_202,1002121,25,14,8,4,4,0,7,82,49,49,35,54,-64.05,0.32,0.56,0.0,3.5,3.857142857142857,0.1275864999854548
traffic_disruption,ddqn_202,1002122,23,12,3,5,6,2,6,72,44,44,30,133,-65.09999999999998,0.13043478260869565,0.5217391304347826,0.3333333333333333,3.6666666666666665,11.083333333333334,0.13182850000248436
traffic_disruption,ddqn_202,1002123,24,15,7,4,6,4,5,91,55,55,27,122,-6.530000000000015,0.2916666666666667,0.625,0.6666666666666666,3.6666666666666665,8.133333333333333,0.12858299999152223
traffic_disruption,ddqn_202,1002124,32,16,3,12,2,0,4,90,51,51,21,159,-126.28999999999999,0.09375,0.5,0.0,3.1875,9.9375,0.12932000001342203
traffic_disruption,ddqn_202,1002125,33,13,4,14,8,0,6,78,50,50,25,159,-276.45,0.12121212121212122,0.3939393939393939,0.0,3.8461538461538463,12.23076923076923,0.13121749998390442
traffic_disruption,ddqn_202,1002126,25,17,6,2,5,3,6,94,56,56,27,139,-6.729999999999976,0.24,0.68,0.6,3.2941176470588234,8.176470588235293,0.13526349997050602
traffic_disruption,ddqn_202,1002127,30,15,7,7,7,4,8,81,48,48,32,53,-104.12999999999998,0.23333333333333334,0.5,0.5714285714285714,3.2,3.533333333333333,0.12989050000555835
traffic_disruption,ddqn_202,1002128,35,14,4,16,11,2,5,91,46,46,18,149,-280.6200000000002,0.11428571428571428,0.4,0.18181818181818182,3.2857142857142856,10.642857142857142,0.12973550002470802
traffic_disruption,ddqn_202,1002129,29,13,6,11,5,2,5,93,49,49,21,111,-187.24,0.20689655172413793,0.4482758620689655,0.4,3.769230769230769,8.538461538461538,0.13394149999612637
traffic_disruption,ddqn_202,1002130,29,17,7,10,4,0,2,94,54,54,21,159,-78.79000000000002,0.2413793103448276,0.5862068965517241,0.0,3.176470588235294,9.352941176470589,0.13248449997149692
traffic_disruption,ddqn_202,1002131,32,16,5,10,10,3,6,95,51,51,29,71,-49.11,0.15625,0.5,0.3,3.1875,4.4375,0.1406664999876739
traffic_disruption,ddqn_202,1002132,32,16,6,11,6,3,5,93,51,51,21,128,-113.04,0.1875,0.5,0.5,3.1875,8.0,0.1302960000089115
traffic_disruption,ddqn_202,1002133,33,15,5,14,5,1,4,93,53,53,31,195,-195.54000000000013,0.15151515151515152,0.45454545454545453,0.2,3.533333333333333,13.0,0.1326544999926682
traffic_disruption,ddqn_202,1002134,30,14,4,11,8,2,5,91,51,51,22,141,-148.78,0.13333333333333333,0.4666666666666667,0.25,3.642857142857143,10.071428571428571,0.12631000001306347
traffic_disruption,ddqn_202,1002135,22,16,10,0,6,4,6,88,53,53,27,70,71.86999999999996,0.45454545454545453,0.7272727272727273,0.6666666666666666,3.3125,4.375,0.1319090000038159
traffic_disruption,ddqn_202,1002136,26,15,8,7,12,4,4,95,54,54,30,76,-36.1,0.3076923076923077,0.5769230769230769,0.3333333333333333,3.6,5.066666666666666,0.1272009999979673
traffic_disruption,ddqn_202,1002137,33,13,3,14,3,0,6,91,49,49,24,131,-247.10999999999999,0.09090909090909091,0.3939393939393939,0.0,3.769230769230769,10.076923076923077,0.13074150001557427
traffic_disruption,ddqn_202,1002138,23,14,6,4,7,2,5,90,53,53,30,96,-41.599999999999994,0.2608695652173913,0.6086956521739131,0.2857142857142857,3.7857142857142856,6.857142857142857,0.12791250000532273
traffic_disruption,ddqn_202,1002139,28,18,7,7,6,2,3,93,58,58,36,166,-33.839999999999996,0.25,0.6428571428571429,0.3333333333333333,3.2222222222222223,9.222222222222221,0.13290949999600343
traffic_disruption,ddqn_202,1002140,31,14,6,10,5,3,7,91,55,55,33,131,-153.56999999999996,0.1935483870967742,0.45161290322580644,0.6,3.9285714285714284,9.357142857142858,0.146790499996996
traffic_disruption,ddqn_202,1002141,30,15,6,9,8,1,6,91,51,51,30,133,-179.49999999999994,0.2,0.5,0.125,3.4,8.866666666666667,0.13724199999387565
traffic_disruption,ddqn_202,1002142,36,11,3,17,9,1,8,77,44,44,29,97,-346.96,0.08333333333333333,0.3055555555555556,0.1111111111111111,4.0,8.818181818181818,0.18966500002193243
traffic_disruption,ddqn_202,1002143,23,15,6,3,6,3,5,91,57,57,27,106,-12.329999999999998,0.2608695652173913,0.6521739130434783,0.5,3.8,7.066666666666666,0.13895949999209734
traffic_disruption,ddqn_202,1002144,35,14,3,17,7,1,4,84,50,50,24,183,-231.46,0.08571428571428572,0.4,0.14285714285714285,3.5714285714285716,13.071428571428571,0.14051150000682355
traffic_disruption,ddqn_202,1002145,33,15,7,12,5,2,6,88,49,49,33,100,-193.71999999999997,0.21212121212121213,0.45454545454545453,0.4,3.2666666666666666,6.666666666666667,0.18693699999516866
traffic_disruption,ddqn_202,1002146,31,12,4,12,9,1,7,98,53,53,27,84,-271.13000000000005,0.12903225806451613,0.3870967741935484,0.1111111111111111,4.416666666666667,7.0,0.1818179999872882
traffic_disruption,ddqn_202,1002147,25,16,9,5,7,3,4,95,55,55,30,70,40.50000000000002,0.36,0.64,0.42857142857142855,3.4375,4.375,0.13102200000503217
traffic_disruption,ddqn_202,1002148,31,16,11,7,11,7,8,98,57,57,24,81,-96.96000000000004,0.3548387096774194,0.5161290322580645,0.6363636363636364,3.5625,5.0625,0.13079650000236143
traffic_disruption,ddqn_202,1002149,31,16,8,8,6,1,7,93,55,55,30,79,-131.74999999999997,0.25806451612903225,0.5161290322580645,0.16666666666666666,3.4375,4.9375,0.12764200002379766
traffic_disruption,ddqn_303,1002000,25,20,12,2,6,2,3,90,55,55,27,28,108.66999999999999,0.48,0.8,0.3333333333333333,2.75,1.4,0.11696100000335719
traffic_disruption,ddqn_303,1002001,39,12,4,19,15,1,8,93,54,54,24,122,-364.26,0.10256410256410256,0.3076923076923077,0.06666666666666667,4.5,10.166666666666666,0.13179300000842886
traffic_disruption,ddqn_303,1002002,31,14,7,10,7,3,7,85,54,54,29,78,-149.06,0.22580645161290322,0.45161290322580644,0.42857142857142855,3.857142857142857,5.571428571428571,0.13344050000796415
traffic_disruption,ddqn_303,1002003,32,12,6,12,9,2,8,81,48,48,30,101,-307.20000000000005,0.1875,0.375,0.2222222222222222,4.0,8.416666666666666,0.13326500001653585
traffic_disruption,ddqn_303,1002004,21,14,4,3,3,2,4,91,49,49,16,138,-22.440000000000012,0.19047619047619047,0.6666666666666666,0.6666666666666666,3.5,9.857142857142858,0.12849300000539188
traffic_disruption,ddqn_303,1002005,24,14,5,4,5,2,6,95,51,51,33,91,-66.17000000000002,0.20833333333333334,0.5833333333333334,0.4,3.642857142857143,6.5,0.1357495000036124
traffic_disruption,ddqn_303,1002006,32,12,5,13,7,1,7,94,49,49,27,79,-231.03000000000003,0.15625,0.375,0.14285714285714285,4.083333333333333,6.583333333333333,0.1286090000007789
traffic_disruption,ddqn_303,1002007,32,13,7,11,10,3,8,74,40,40,13,79,-189.26999999999995,0.21875,0.40625,0.3,3.076923076923077,6.076923076923077,0.13079650000236143
traffic_disruption,ddqn_303,1002008,31,14,4,10,4,1,7,89,52,52,24,110,-174.76,0.12903225806451613,0.45161290322580644,0.25,3.7142857142857144,7.857142857142857,0.12982549998241666
traffic_disruption,ddqn_303,1002009,23,13,5,3,8,3,7,85,47,47,42,125,-116.17999999999999,0.21739130434782608,0.5652173913043478,0.375,3.6153846153846154,9.615384615384615,0.13148200002888188
traffic_disruption,ddqn_303,1002010,35,14,4,16,8,2,5,95,50,50,19,184,-273.81000000000006,0.11428571428571428,0.4,0.25,3.5714285714285716,13.142857142857142,0.12936950000153047
traffic_disruption,ddqn_303,1002011,34,13,6,14,7,1,7,97,52,52,27,124,-271.38000000000005,0.17647058823529413,0.38235294117647056,0.14285714285714285,4.0,9.538461538461538,0.14123750003136593
traffic_disruption,ddqn_303,1002012,41,16,5,21,13,1,4,91,50,50,23,131,-306.2699999999999,0.12195121951219512,0.3902439024390244,0.07692307692307693,3.125,8.1875,0.12977550002801763
traffic_disruption,ddqn_303,1002013,25,16,9,3,5,1,6,92,47,47,15,62,-47.50000000000002,0.36,0.64,0.2,2.9375,3.875,0.12528349998319754
traffic_disruption,ddqn_303,1002014,32,15,7,12,6,3,5,84,48,48,26,115,-134.59000000000003,0.21875,0.46875,0.5,3.2,7.666666666666667,0.12946000001079483
traffic_disruption,ddqn_303,1002015,27,15,4,6,3,1,6,90,50,50,32,119,-60.88,0.14814814814814814,0.5555555555555556,0.3333333333333333,3.3333333333333335,7.933333333333334,0.13291499999468215
traffic_disruption,ddqn_303,1002016,37,14,3,18,9,0,5,84,42,42,32,120,-256.03,0.08108108108108109,0.3783783783783784,0.0,3.0,8.571428571428571,0.13017050000030395
traffic_disruption,ddqn_303,1002017,30,12,4,11,6,1,7,85,43,43,31,74,-219.03999999999996,0.13333333333333333,0.4,0.16666666666666666,3.5833333333333335,6.166666666666667,0.13474750002728797
traffic_disruption,ddqn_303,1002018,26,13,6,6,7,2,7,92,50,50,22,88,-123.33000000000001,0.23076923076923078,0.5,0.2857142857142857,3.8461538461538463,6.769230769230769,0.13748200001373334
traffic_disruption,ddqn_303,1002019,31,14,6,10,7,3,7,90,52,52,30,113,-156.5,0.1935483870967742,0.45161290322580644,0.42857142857142855,3.7142857142857144,8.071428571428571,0.13102700000899858
traffic_disruption,ddqn_303,1002020,26,15,5,5,5,2,6,95,60,60,33,131,-67.12000000000002,0.19230769230769232,0.5769230769230769,0.4,4.0,8.733333333333333,0.12914900000282614
traffic_disruption,ddqn_303,1002021,32,11,3,13,8,0,8,90,50,50,27,139,-324.03,0.09375,0.34375,0.0,4.545454545454546,12.636363636363637,0.13133800001696727
traffic_disruption,ddqn_303,1002022,31,12,5,10,8,2,9,86,46,46,29,112,-275.55999999999995,0.16129032258064516,0.3870967741935484,0.25,3.8333333333333335,9.333333333333334,0.13143300000706404
traffic_disruption,ddqn_303,1002023,20,13,5,3,6,1,4,89,54,54,28,63,-24.970000000000006,0.25,0.65,0.16666666666666666,4.153846153846154,4.846153846153846,0.12217400001190981
traffic_disruption,ddqn_303,1002024,46,14,5,26,14,4,6,85,49,49,21,168,-411.69,0.10869565217391304,0.30434782608695654,0.2857142857142857,3.5,12.0,0.131037499983222
traffic_disruption,ddqn_303,1002025,24,13,5,5,6,2,6,80,41,41,24,125,-93.95999999999998,0.20833333333333334,0.5416666666666666,0.3333333333333333,3.1538461538461537,9.615384615384615,0.1303969999923993
traffic_disruption,ddqn_303,1002026,16,14,6,0,3,1,2,90,46,46,27,41,90.96999999999997,0.375,0.875,0.3333333333333333,3.2857142857142856,2.9285714285714284,0.11515350001900515
traffic_disruption,ddqn_303,1002027,31,17,7,8,6,3,6,91,55,55,24,95,-64.90999999999998,0.22580645161290322,0.5483870967741935,0.5,3.235294117647059,5.588235294117647,0.13120250000042688
traffic_disruption,ddqn_303,1002028,24,18,7,2,7,3,4,89,58,58,33,72,90.52999999999999,0.2916666666666667,0.75,0.42857142857142855,3.2222222222222223,4.0,0.12219949999803248
traffic_disruption,ddqn_303,1002029,30,9,4,14,12,3,7,43,35,35,10,101,-343.4,0.13333333333333333,0.3,0.25,3.888888888888889,11.222222222222221,0.13221899996551656
traffic_disruption,ddqn_303,1002030,20,13,6,2,9,4,5,91,51,51,24,67,-20.209999999999994,0.3,0.65,0.4444444444444444,3.923076923076923,5.153846153846154,0.12074700003950056
traffic_disruption,ddqn_303,1002031,22,13,5,5,5,2,4,87,50,50,28,125,-60.170000000000016,0.22727272727272727,0.5909090909090909,0.4,3.8461538461538463,9.615384615384615,0.12835849997827609
traffic_disruption,ddqn_303,1002032,26,17,8,5,4,3,4,92,58,58,27,79,4.069999999999965,0.3076923076923077,0.6538461538461539,0.75,3.411764705882353,4.647058823529412,0.12159300001712836
traffic_disruption,ddqn_303,1002033,37,14,6,16,5,2,7,91,47,47,27,129,-248.68,0.16216216216216217,0.3783783783783784,0.4,3.357142857142857,9.214285714285714,0.13040700002875383
traffic_disruption,ddqn_303,1002034,34,13,4,16,7,0,5,82,46,46,33,143,-295.72,0.11764705882352941,0.38235294117647056,0.0,3.5384615384615383,11.0,0.12755800000263662
traffic_disruption,ddqn_303,1002035,31,17,10,7,6,3,7,88,51,51,30,67,-63.549999999999955,0.3225806451612903,0.5483870967741935,0.5,3.0,3.9411764705882355,0.12938500000814201
traffic_disruption,ddqn_303,1002036,29,15,8,8,8,3,6,96,50,50,18,60,-92.71999999999998,0.27586206896551724,0.5172413793103449,0.375,3.3333333333333335,4.0,0.12863450001532328
traffic_disruption,ddqn_303,1002037,25,11,3,6,5,0,8,88,54,54,24,106,-236.40999999999997,0.12,0.44,0.0,4.909090909090909,9.636363636363637,0.1303615000267655
traffic_disruption,ddqn_303,1002038,28,11,6,10,9,1,7,60,33,33,9,89,-271.65999999999997,0.21428571428571427,0.39285714285714285,0.1111111111111111,3.0,8.090909090909092,0.13255000001777262
traffic_disruption,ddqn_303,1002039,26,12,4,6,7,0,8,85,49,49,44,86,-234.56000000000006,0.15384615384615385,0.46153846153846156,0.0,4.083333333333333,7.166666666666667,0.13249550002569777
traffic_disruption,ddqn_303,1002040,42,17,7,19,10,1,6,93,53,53,28,149,-305.7700000000001,0.16666666666666666,0.40476190476190477,0.1,3.1176470588235294,8.764705882352942,0.13047700002744023
traffic_disruption,ddqn_303,1002041,25,15,7,4,6,2,6,92,52,52,19,93,-26.509999999999984,0.28,0.6,0.3333333333333333,3.466666666666667,6.2,0.12764799998876697
traffic_disruption,ddqn_303,1002042,21,12,7,2,5,2,7,88,46,46,19,55,-44.56000000000001,0.3333333333333333,0.5714285714285714,0.4,3.8333333333333335,4.583333333333333,0.12721200002374644
traffic_disruption,ddqn_303,1002043,32,11,8,11,9,3,10,68,41,41,27,32,-298.23,0.25,0.34375,0.3333333333333333,3.727272727272727,2.909090909090909,0.12928999998962354
traffic_disruption,ddqn_303,1002044,34,17,4,13,7,2,4,93,50,50,18,171,-143.67,0.11764705882352941,0.5,0.2857142857142857,2.9411764705882355,10.058823529411764,0.12939999999161955
traffic_disruption,ddqn_303,1002045,26,14,4,6,7,2,6,96,49,49,29,149,-81.16,0.15384615384615385,0.5384615384615384,0.2857142857142857,3.5,10.642857142857142,0.13140800001565367
traffic_disruption,ddqn_303,1002046,29,13,6,9,7,3,7,91,47,47,33,82,-124.52,0.20689655172413793,0.4482758620689655,0.42857142857142855,3.6153846153846154,6.3076923076923075,0.12541899999973793
traffic_disruption,ddqn_303,1002047,39,15,6,17,9,0,7,90,53,53,29,103,-266.36,0.15384615384615385,0.38461538461538464,0.0,3.533333333333333,6.866666666666666,0.12978099999827464
traffic_disruption,ddqn_303,1002048,32,16,4,11,8,2,5,96,57,57,27,183,-120.38000000000001,0.125,0.5,0.25,3.5625,11.4375,0.1298759999599497
traffic_disruption,ddqn_303,1002049,39,16,6,16,10,2,7,97,50,50,30,117,-242.05000000000007,0.15384615384615385,0.41025641025641024,0.2,3.125,7.3125,0.12978600003066276
traffic_disruption,ddqn_303,1002050,27,18,11,4,8,3,5,90,58,58,32,64,29.319999999999993,0.4074074074074074,0.6666666666666666,0.375,3.2222222222222223,3.5555555555555554,0.12329100002261839
traffic_disruption,ddqn_303,1002051,27,12,4,7,4,1,8,84,49,49,21,76,-169.54000000000002,0.14814814814814814,0.4444444444444444,0.25,4.083333333333333,6.333333333333333,0.13143800001103045
traffic_disruption,ddqn_303,1002052,35,15,6,16,12,3,4,91,50,50,36,156,-232.58999999999997,0.17142857142857143,0.42857142857142855,0.25,3.3333333333333335,10.4,0.13157349997072743
traffic_disruption,ddqn_303,1002053,20,16,11,0,4,1,4,94,55,55,24,48,71.09000000000002,0.55,0.8,0.25,3.4375,3.0,0.12320100000806633
traffic_disruption,ddqn_303,1002054,29,12,5,11,11,4,6,91,53,53,30,135,-194.80000000000007,0.1724137931034483,0.41379310344827586,0.36363636363636365,4.416666666666667,11.25,0.12891999998032588
traffic_disruption,ddqn_303,1002055,32,17,6,12,7,4,3,90,49,49,22,173,-93.08000000000001,0.1875,0.53125,0.5714285714285714,2.8823529411764706,10.176470588235293,0.13045650001686226
traffic_disruption,ddqn_303,1002056,27,14,5,9,7,2,4,85,47,47,15,166,-97.34999999999997,0.18518518518518517,0.5185185185185185,0.2857142857142857,3.357142857142857,11.857142857142858,0.12914000001273962
traffic_disruption,ddqn_303,1002057,27,12,4,8,7,2,7,90,52,52,21,103,-151.79,0.14814814814814814,0.4444444444444444,0.2857142857142857,4.333333333333333,8.583333333333334,0.12840350001397383
traffic_disruption,ddqn_303,1002058,27,13,5,8,9,1,6,85,46,46,29,114,-158.26000000000005,0.18518518518518517,0.48148148148148145,0.1111111111111111,3.5384615384615383,8.76923076923077,0.1293804999988879
traffic_disruption,ddqn_303,1002059,28,12,4,8,9,1,8,80,41,41,41,59,-212.14000000000004,0.14285714285714285,0.42857142857142855,0.1111111111111111,3.4166666666666665,4.916666666666667,0.1291399999843179
traffic_disruption,ddqn_303,1002060,28,15,6,8,6,4,5,85,46,46,19,97,-64.26000000000002,0.21428571428571427,0.5357142857142857,0.6666666666666666,3.066666666666667,6.466666666666667,0.12947550001740638
traffic_disruption,ddqn_303,1002061,24,13,7,5,5,2,6,95,54,54,25,48,-80.10000000000002,0.2916666666666667,0.5416666666666666,0.4,4.153846153846154,3.6923076923076925,0.1236815000140723
traffic_disruption,ddqn_303,1002062,38,17,7,16,12,5,5,93,53,53,27,133,-188.13000000000005,0.18421052631578946,0.4473684210526316,0.4166666666666667,3.1176470588235294,7.823529411764706,0.1296604999936335
traffic_disruption,ddqn_303,1002063,37,14,6,15,8,4,8,84,47,47,31,96,-246.79000000000008,0.16216216216216217,0.3783783783783784,0.5,3.357142857142857,6.857142857142857,0.12976100001083068
traffic_disruption,ddqn_303,1002064,28,15,6,7,8,2,6,96,48,48,25,101,-124.29999999999998,0.21428571428571427,0.5357142857142857,0.25,3.2,6.733333333333333,0.1291044999902624
traffic_disruption,ddqn_303,1002065,28,13,5,7,6,2,8,80,53,53,36,100,-160.59,0.17857142857142858,0.4642857142857143,0.3333333333333333,4.076923076923077,7.6923076923076925,0.13081699995609597
traffic_disruption,ddqn_303,1002066,26,15,5,6,4,1,5,92,53,53,24,112,-75.16,0.19230769230769232,0.5769230769230769,0.25,3.533333333333333,7.466666666666667,0.12964050000618954
traffic_disruption,ddqn_303,1002067,23,14,7,3,8,4,6,88,50,50,24,68,-2.1099999999999994,0.30434782608695654,0.6086956521739131,0.5,3.5714285714285716,4.857142857142857,0.12929499999358995
traffic_disruption,ddqn_303,1002068,33,14,3,13,3,1,6,99,55,55,27,139,-191.62999999999994,0.09090909090909091,0.42424242424242425,0.3333333333333333,3.9285714285714284,9.928571428571429,0.1287489999981517
traffic_disruption,ddqn_303,1002069,30,14,3,12,8,1,4,97,49,49,18,155,-150.82,0.1,0.4666666666666667,0.125,3.5,11.071428571428571,0.12861400000474532
traffic_disruption,ddqn_303,1002070,33,18,5,11,8,2,4,97,56,56,27,169,-121.13000000000002,0.15151515151515152,0.5454545454545454,0.25,3.111111111111111,9.38888888888889,0.12953550000815994
traffic_disruption,ddqn_303,1002071,21,15,8,1,5,1,5,90,55,55,21,63,27.059999999999988,0.38095238095238093,0.7142857142857143,0.2,3.6666666666666665,4.2,0.12097800001242831
traffic_disruption,ddqn_303,1002072,22,15,6,2,3,1,5,86,46,46,24,94,6.240000000000002,0.2727272727272727,0.6818181818181818,0.3333333333333333,3.066666666666667,6.266666666666667,0.12304050000011557
traffic_disruption,ddqn_303,1002073,29,14,5,8,4,1,7,99,53,53,21,163,-171.14,0.1724137931034483,0.4827586206896552,0.25,3.7857142857142856,11.642857142857142,0.13228400001707996
traffic_disruption,ddqn_303,1002074,25,16,9,2,5,3,7,85,47,47,21,62,8.809999999999945,0.36,0.64,0.6,2.9375,3.875,0.12733200000525358
traffic_disruption,ddqn_303,1002075,32,14,6,11,2,1,7,90,54,54,39,108,-172.06,0.1875,0.4375,0.5,3.857142857142857,7.714285714285714,0.13183849998199548
traffic_disruption,ddqn_303,1002076,28,17,5,5,5,1,6,93,50,50,27,134,-13.430000000000007,0.17857142857142858,0.6071428571428571,0.2,2.9411764705882355,7.882352941176471,0.12908450000281846
traffic_disruption,ddqn_303,1002077,37,12,6,17,13,3,8,80,49,49,37,61,-337.28000000000003,0.16216216216216217,0.32432432432432434,0.23076923076923078,4.083333333333333,5.083333333333333,0.12985550000621515
traffic_disruption,ddqn_303,1002078,31,13,4,10,9,3,8,85,55,55,24,100,-152.21,0.12903225806451613,0.41935483870967744,0.3333333333333333,4.230769230769231,7.6923076923076925,0.12719149998474677
traffic_disruption,ddqn_303,1002079,34,17,6,13,5,1,4,100,54,54,18,186,-128.07,0.17647058823529413,0.5,0.2,3.176470588235294,10.941176470588236,0.1271220000376161
traffic_disruption,ddqn_303,1002080,28,18,10,6,7,4,4,83,49,49,21,75,11.610000000000007,0.35714285714285715,0.6428571428571429,0.5714285714285714,2.7222222222222223,4.166666666666667,0.12212449999537967
traffic_disruption,ddqn_303,1002081,33,16,4,12,4,0,5,96,55,55,21,186,-203.9400000000001,0.12121212121212122,0.48484848484848486,0.0,3.4375,11.625,0.13126349998060505
traffic_disruption,ddqn_303,1002082,28,16,8,8,5,2,4,88,47,47,18,97,-37.02000000000001,0.2857142857142857,0.5714285714285714,0.4,2.9375,6.0625,0.1264954999840029
traffic_disruption,ddqn_303,1002083,28,13,8,7,9,4,8,82,52,52,38,68,-115.17000000000002,0.2857142857142857,0.4642857142857143,0.4444444444444444,4.0,5.230769230769231,0.1302565000003142
traffic_disruption,ddqn_303,1002084,28,20,6,6,10,3,2,85,49,49,18,165,42.13,0.21428571428571427,0.7142857142857143,0.3,2.45,8.25,0.12658099998930084
traffic_disruption,ddqn_303,1002085,26,16,7,5,4,2,5,94,55,55,26,114,-53.09000000000002,0.2692307692307692,0.6153846153846154,0.5,3.4375,7.125,0.12861900000871174
traffic_disruption,ddqn_303,1002086,28,18,9,6,9,4,4,95,58,58,24,104,8.990000000000045,0.32142857142857145,0.6428571428571429,0.4444444444444444,3.2222222222222223,5.777777777777778,0.12345149997372573
traffic_disruption,ddqn_303,1002087,25,17,7,4,9,2,4,93,53,53,31,135,7.210000000000036,0.28,0.68,0.2222222222222222,3.1176470588235294,7.9411764705882355,0.12868900000739814
traffic_disruption,ddqn_303,1002088,26,14,6,6,4,2,6,94,55,55,31,152,-95.94,0.23076923076923078,0.5384615384615384,0.5,3.9285714285714284,10.857142857142858,0.13076249996402112
traffic_disruption,ddqn_303,1002089,32,12,7,12,9,4,8,92,59,59,39,77,-239.91000000000003,0.21875,0.375,0.4444444444444444,4.916666666666667,6.416666666666667,0.12873950001335288
traffic_disruption,ddqn_303,1002090,27,16,5,7,8,2,4,86,51,51,30,139,-67.95000000000002,0.18518518518518517,0.5925925925925926,0.25,3.1875,8.6875,0.12684599997214718
traffic_disruption,ddqn_303,1002091,22,11,4,3,6,2,8,77,42,42,25,56,-137.85000000000002,0.18181818181818182,0.5,0.3333333333333333,3.8181818181818183,5.090909090909091,0.1280134999888105
traffic_disruption,ddqn_303,1002092,19,14,9,0,5,5,5,83,49,49,27,36,77.41999999999992,0.47368421052631576,0.7368421052631579,1.0,3.5,2.5714285714285716,0.12051150000047528
traffic_disruption,ddqn_303,1002093,21,12,5,2,1,0,7,92,51,51,22,44,-45.330000000000005,0.23809523809523808,0.5714285714285714,0.0,4.25,3.6666666666666665,0.125619000016286
traffic_disruption,ddqn_303,1002094,32,13,5,11,6,2,8,89,53,53,24,100,-219.51000000000005,0.15625,0.40625,0.3333333333333333,4.076923076923077,7.6923076923076925,0.13338549999275529
traffic_disruption,ddqn_303,1002095,22,15,5,3,9,3,4,88,60,60,30,122,4.950000000000003,0.22727272727272727,0.6818181818181818,0.3333333333333333,4.0,8.133333333333333,0.13003649996790045
traffic_disruption,ddqn_303,1002096,30,15,7,8,7,1,7,88,49,49,36,99,-151.44,0.23333333333333334,0.5,0.14285714285714285,3.2666666666666666,6.6,0.13153899999451824
traffic_disruption,ddqn_303,1002097,41,15,7,19,14,5,7,89,58,58,33,119,-297.82000000000005,0.17073170731707318,0.36585365853658536,0.35714285714285715,3.8666666666666667,7.933333333333334,0.13218899999856148
traffic_disruption,ddqn_303,1002098,35,10,4,16,6,1,9,73,43,43,28,55,-362.67,0.11428571428571428,0.2857142857142857,0.16666666666666666,4.3,5.5,0.13193899999919267
traffic_disruption,ddqn_303,1002099,40,15,6,20,5,4,5,93,55,55,28,132,-204.9699999999999,0.15,0.375,0.8,3.6666666666666665,8.8,0.13123300001893767
traffic_disruption,ddqn_303,1002100,31,15,5,11,9,1,5,92,47,47,25,115,-120.80000000000003,0.16129032258064516,0.4838709677419355,0.1111111111111111,3.1333333333333333,7.666666666666667,0.13099200000965538
traffic_disruption,ddqn_303,1002101,27,14,7,8,7,1,5,89,51,51,21,87,-93.14,0.25925925925925924,0.5185185185185185,0.14285714285714285,3.642857142857143,6.214285714285714,0.12972099997909936
traffic_disruption,ddqn_303,1002102,41,13,4,20,1,1,8,88,49,49,27,99,-313.77999999999986,0.0975609756097561,0.3170731707317073,1.0,3.769230769230769,7.615384615384615,0.1295904999949471
traffic_disruption,ddqn_303,1002103,22,16,8,0,7,4,6,94,60,60,30,64,21.249999999999986,0.36363636363636365,0.7272727272727273,0.5714285714285714,3.75,4.0,0.12360099998431906
traffic_disruption,ddqn_303,1002104,34,18,6,12,6,1,4,93,57,57,30,111,-112.90000000000005,0.17647058823529413,0.5294117647058824,0.16666666666666666,3.1666666666666665,6.166666666666667,0.12915499999621716
traffic_disruption,ddqn_303,1002105,41,18,6,20,10,1,3,92,56,56,30,196,-211.85000000000002,0.14634146341463414,0.43902439024390244,0.1,3.111111111111111,10.88888888888889,0.1306519999957345
traffic_disruption,ddqn_303,1002106,29,16,7,9,6,5,4,90,52,52,35,155,-61.3,0.2413793103448276,0.5517241379310345,0.8333333333333334,3.25,9.6875,0.12966049996521178
traffic_disruption,ddqn_303,1002107,21,15,8,0,8,6,6,79,49,49,34,67,51.09000000000003,0.38095238095238093,0.7142857142857143,0.75,3.2666666666666666,4.466666666666667,0.12623050002957825
traffic_disruption,ddqn_303,1002108,26,13,5,8,3,1,5,92,53,53,28,54,-98.17,0.19230769230769232,0.5,0.3333333333333333,4.076923076923077,4.153846153846154,0.12220399997886489
traffic_disruption,ddqn_303,1002109,44,12,4,24,12,1,8,84,45,45,41,100,-481.48999999999995,0.09090909090909091,0.2727272727272727,0.08333333333333333,3.75,8.333333333333334,0.133390999991434
traffic_disruption,ddqn_303,1002110,29,13,5,9,8,2,7,95,52,52,21,107,-157.14000000000004,0.1724137931034483,0.4482758620689655,0.25,4.0,8.23076923076923,0.1296254999942903
traffic_disruption,ddqn_303,1002111,32,16,8,12,7,3,4,86,50,50,36,94,-138.83999999999997,0.25,0.5,0.42857142857142855,3.125,5.875,0.12695650002569892
traffic_disruption,ddqn_303,1002112,25,17,6,4,4,3,4,92,55,55,27,166,0.6200000000000259,0.24,0.68,0.75,3.235294117647059,9.764705882352942,0.12940499999558597
traffic_disruption,ddqn_303,1002113,29,14,4,8,7,0,7,87,45,45,24,109,-111.81,0.13793103448275862,0.4827586206896552,0.0,3.2142857142857144,7.785714285714286,0.1340569999968011
traffic_disruption,ddqn_303,1002114,26,16,8,6,9,3,4,91,53,53,37,105,-55.03,0.3076923076923077,0.6153846153846154,0.3333333333333333,3.3125,6.5625,0.12885949999486002
traffic_disruption,ddqn_303,1002115,28,18,8,5,6,2,5,92,53,53,28,105,-26.219999999999985,0.2857142857142857,0.6428571428571429,0.3333333333333333,2.9444444444444446,5.833333333333333,0.1296555000180888
traffic_disruption,ddqn_303,1002116,32,17,6,12,10,3,3,73,44,44,34,106,-111.51000000000002,0.1875,0.53125,0.3,2.588235294117647,6.235294117647059,0.1311729999997624
traffic_disruption,ddqn_303,1002117,30,11,5,9,9,2,10,70,37,37,31,66,-274.68999999999994,0.16666666666666666,0.36666666666666664,0.2222222222222222,3.3636363636363638,6.0,0.13070700001094337
traffic_disruption,ddqn_303,1002118,31,12,6,12,8,3,7,70,39,39,15,89,-232.09999999999988,0.1935483870967742,0.3870967741935484,0.375,3.25,7.416666666666667,0.12924999998631392
traffic_disruption,ddqn_303,1002119,33,15,6,13,7,3,5,95,53,53,27,134,-158.12999999999994,0.18181818181818182,0.45454545454545453,0.42857142857142855,3.533333333333333,8.933333333333334,0.13049149998778375
traffic_disruption,ddqn_303,1002120,33,15,5,11,9,3,7,92,57,57,39,123,-191.16,0.15151515151515152,0.45454545454545453,0.3333333333333333,3.8,8.2,0.136626500022885
traffic_disruption,ddqn_303,1002121,25,18,7,3,4,0,4,93,61,61,33,101,32.28,0.28,0.72,0.0,3.388888888888889,5.611111111111111,0.12620549998132446
traffic_disruption,ddqn_303,1002122,23,14,3,4,6,2,5,92,59,59,30,99,-26.000000000000036,0.13043478260869565,0.6086956521739131,0.3333333333333333,4.214285714285714,7.071428571428571,0.12503849998779515
traffic_disruption,ddqn_303,1002123,24,13,6,3,6,3,8,85,49,49,35,78,-88.50000000000001,0.25,0.5416666666666666,0.5,3.769230769230769,6.0,0.129870999984405
traffic_disruption,ddqn_303,1002124,32,12,4,12,2,0,8,91,51,51,24,104,-286.00999999999993,0.125,0.375,0.0,4.25,8.666666666666666,0.133390999991434
traffic_disruption,ddqn_303,1002125,33,14,5,13,8,3,6,91,54,54,21,126,-201.89,0.15151515151515152,0.42424242424242425,0.375,3.857142857142857,9.0,0.12868849998426413
traffic_disruption,ddqn_303,1002126,25,11,7,4,5,3,10,76,47,47,41,30,-190.54000000000002,0.28,0.44,0.6,4.2727272727272725,2.727272727272727,0.1342374999921958
traffic_disruption,ddqn_303,1002127,30,18,7,7,7,4,5,93,58,58,27,130,-57.57999999999998,0.23333333333333334,0.6,0.5714285714285714,3.2222222222222223,7.222222222222222,0.13056750000828288
traffic_disruption,ddqn_303,1002128,35,14,5,14,11,2,7,87,56,56,47,133,-254.38000000000005,0.14285714285714285,0.4,0.18181818181818182,4.0,9.5,0.13667100000702703
traffic_disruption,ddqn_303,1002129,29,13,5,9,5,1,7,85,43,43,28,147,-227.77000000000004,0.1724137931034483,0.4482758620689655,0.2,3.3076923076923075,11.307692307692308,0.12960499998371233
traffic_disruption,ddqn_303,1002130,29,13,7,10,4,0,6,82,43,43,28,84,-178.51999999999998,0.2413793103448276,0.4482758620689655,0.0,3.3076923076923075,6.461538461538462,0.13181399998529741
traffic_disruption,ddqn_303,1002131,32,14,5,12,10,2,6,97,54,54,24,103,-171.06000000000003,0.15625,0.4375,0.2,3.857142857142857,7.357142857142857,0.1307219999659992
traffic_disruption,ddqn_303,1002132,32,15,5,11,6,2,6,93,56,56,33,148,-158.96999999999997,0.15625,0.46875,0.3333333333333333,3.7333333333333334,9.866666666666667,0.13061700002481302
traffic_disruption,ddqn_303,1002133,33,15,4,14,5,1,4,92,53,53,26,173,-179.29000000000002,0.12121212121212122,0.45454545454545453,0.2,3.533333333333333,11.533333333333333,0.12834900002189897
traffic_disruption,ddqn_303,1002134,30,14,4,11,8,2,5,97,51,51,21,142,-153.33999999999997,0.13333333333333333,0.4666666666666667,0.25,3.642857142857143,10.142857142857142,0.12950500001807086
traffic_disruption,ddqn_303,1002135,22,11,5,3,6,1,8,67,34,34,23,80,-176.72,0.22727272727272727,0.5,0.16666666666666666,3.090909090909091,7.2727272727272725,0.13097250001692373
traffic_disruption,ddqn_303,1002136,26,14,8,8,12,4,4,80,47,47,33,88,-98.42000000000003,0.3076923076923077,0.5384615384615384,0.3333333333333333,3.357142857142857,6.285714285714286,0.1335315000119408
traffic_disruption,ddqn_303,1002137,33,16,6,12,3,1,5,94,54,54,30,150,-156.40000000000003,0.18181818181818182,0.48484848484848486,0.3333333333333333,3.375,9.375,0.1366910000228927
traffic_disruption,ddqn_303,1002138,23,14,6,4,7,2,5,93,55,55,25,96,-43.35000000000001,0.2608695652173913,0.6086956521739131,0.2857142857142857,3.9285714285714284,6.857142857142857,0.13141300001962009
traffic_disruption,ddqn_303,1002139,28,17,5,8,6,1,3,93,56,56,36,117,-68.39000000000001,0.17857142857142858,0.6071428571428571,0.16666666666666666,3.2941176470588234,6.882352941176471,0.13155350001170518
traffic_disruption,ddqn_303,1002140,31,16,3,10,5,0,5,92,55,55,30,186,-137.29999999999998,0.0967741935483871,0.5161290322580645,0.0,3.4375,11.625,0.13619550000498748
traffic_disruption,ddqn_303,1002141,30,16,7,8,8,1,6,87,56,56,24,129,-157.45999999999998,0.23333333333333334,0.5333333333333333,0.125,3.5,8.0625,0.13314600002445331
traffic_disruption,ddqn_303,1002142,36,16,4,14,9,3,6,94,57,57,25,161,-177.6,0.1111111111111111,0.4444444444444444,0.3333333333333333,3.5625,10.0625,0.1440069999887328
traffic_disruption,ddqn_303,1002143,23,12,6,3,6,2,8,79,47,47,29,60,-110.80999999999996,0.2608695652173913,0.5217391304347826,0.3333333333333333,3.9166666666666665,5.0,0.1289945000166881
traffic_disruption,ddqn_303,1002144,35,13,4,16,7,1,6,94,52,52,30,142,-276.95000000000005,0.11428571428571428,0.37142857142857144,0.14285714285714285,4.0,10.923076923076923,0.13466800001538104
traffic_disruption,ddqn_303,1002145,33,16,7,11,5,2,6,93,52,52,35,121,-169.45,0.21212121212121213,0.48484848484848486,0.4,3.25,7.5625,0.13258999999266052
traffic_disruption,ddqn_303,1002146,31,15,6,11,9,4,5,89,44,44,28,98,-158.77,0.1935483870967742,0.4838709677419355,0.4444444444444444,2.933333333333333,6.533333333333333,0.13974549997897157
traffic_disruption,ddqn_303,1002147,25,13,9,4,7,3,8,96,55,55,24,39,-105.91000000000003,0.36,0.52,0.42857142857142855,4.230769230769231,3.0,0.1277275000006739
traffic_disruption,ddqn_303,1002148,31,15,10,8,11,6,8,97,54,54,24,64,-121.46000000000001,0.3225806451612903,0.4838709677419355,0.5454545454545454,3.6,4.266666666666667,0.13514349998899888
traffic_disruption,ddqn_303,1002149,31,15,9,8,6,2,8,88,52,52,36,90,-155.28999999999996,0.2903225806451613,0.4838709677419355,0.3333333333333333,3.466666666666667,6.0,0.1296254999942903
energy_constraint,nearest,1003000,26,21,13,1,15,10,4,78,66,66,56,48,210.71000000000004,0.5,0.8076923076923077,0.6666666666666666,3.142857142857143,2.2857142857142856,0.0068204999763565866
energy_constraint,nearest,1003001,26,19,11,6,7,6,1,76,60,60,44,101,89.53999999999999,0.4230769230769231,0.7307692307692307,0.8571428571428571,3.1578947368421053,5.315789473684211,0.006449999972346632
energy_constraint,nearest,1003002,24,18,11,1,4,2,5,80,62,62,44,77,73.24000000000008,0.4583333333333333,0.75,0.5,3.4444444444444446,4.277777777777778,0.006529500012675271
energy_constraint,nearest,1003003,19,18,13,0,2,2,1,76,64,64,54,21,151.14000000000013,0.6842105263157895,0.9473684210526315,1.0,3.5555555555555554,1.1666666666666667,0.006385000006048358
energy_constraint,nearest,1003004,30,19,10,7,8,2,4,71,66,66,54,82,-24.909999999999982,0.3333333333333333,0.6333333333333333,0.25,3.473684210526316,4.315789473684211,0.006710000036491692
energy_constraint,nearest,1003005,26,19,5,3,8,3,4,75,65,65,52,157,68.72,0.19230769230769232,0.7307692307692307,0.375,3.4210526315789473,8.263157894736842,0.006955499969762968
energy_constraint,nearest,1003006,42,20,7,18,9,2,4,76,67,67,54,157,-165.71000000000004,0.16666666666666666,0.47619047619047616,0.2222222222222222,3.35,7.85,0.006869999992886733
energy_constraint,nearest,1003007,22,18,9,0,8,3,4,75,66,66,52,60,130.07000000000002,0.4090909090909091,0.8181818181818182,0.375,3.6666666666666665,3.3333333333333335,0.006479999996145125
energy_constraint,nearest,1003008,25,16,11,5,4,2,4,71,62,62,54,51,0.6900000000000119,0.44,0.64,0.5,3.875,3.1875,0.006379499978947933
energy_constraint,nearest,1003009,22,18,10,0,6,2,4,77,67,67,52,42,115.06999999999998,0.45454545454545453,0.8181818181818182,0.3333333333333333,3.7222222222222223,2.3333333333333335,0.006525000003421155
energy_constraint,nearest,1003010,28,17,12,6,6,2,5,78,59,59,48,26,-6.6700000000000585,0.42857142857142855,0.6071428571428571,0.3333333333333333,3.4705882352941178,1.5294117647058822,0.006695000024592446
energy_constraint,nearest,1003011,39,20,11,15,14,5,4,76,68,68,52,102,-121.82999999999994,0.28205128205128205,0.5128205128205128,0.35714285714285715,3.4,5.1,0.006869999992886733
energy_constraint,nearest,1003012,24,19,10,1,8,6,4,79,64,64,50,89,134.95000000000005,0.4166666666666667,0.7916666666666666,0.75,3.3684210526315788,4.684210526315789,0.00664499998492829
energy_constraint,nearest,1003013,25,19,9,3,11,6,3,74,73,73,56,137,104.21000000000001,0.36,0.76,0.5454545454545454,3.8421052631578947,7.2105263157894735,0.006799999994200334
energy_constraint,nearest,1003014,39,21,11,14,11,7,4,77,65,65,50,129,-44.84999999999998,0.28205128205128205,0.5384615384615384,0.6363636363636364,3.0952380952380953,6.142857142857143,0.006630000001450753
energy_constraint,nearest,1003015,28,19,8,4,7,0,5,76,66,66,54,72,41.38999999999993,0.2857142857142857,0.6785714285714286,0.0,3.473684210526316,3.789473684210526,0.007010500013393539
energy_constraint,nearest,1003016,31,21,11,7,10,2,3,76,69,69,52,92,37.169999999999995,0.3548387096774194,0.6774193548387096,0.2,3.2857142857142856,4.380952380952381,0.006609999985585091
energy_constraint,nearest,1003017,27,20,11,3,12,7,4,74,67,67,54,59,103.63999999999989,0.4074074074074074,0.7407407407407407,0.5833333333333334,3.35,2.95,0.006740000003446767
energy_constraint,nearest,1003018,35,18,8,14,10,2,3,78,70,70,54,135,-151.91000000000008,0.22857142857142856,0.5142857142857142,0.2,3.888888888888889,7.5,0.006735499994192651
energy_constraint,nearest,1003019,21,19,13,0,6,4,2,77,63,63,50,44,177.09999999999994,0.6190476190476191,0.9047619047619048,0.6666666666666666,3.3157894736842106,2.3157894736842106,0.006540000015320402
energy_constraint,nearest,1003020,34,20,12,11,12,5,3,79,65,65,52,89,-28.229999999999986,0.35294117647058826,0.5882352941176471,0.4166666666666667,3.25,4.45,0.006538999969052384
energy_constraint,nearest,1003021,33,19,7,9,7,3,5,75,66,66,58,112,3.480000000000011,0.21212121212121213,0.5757575757575758,0.42857142857142855,3.473684210526316,5.894736842105263,0.006870500016020742
energy_constraint,nearest,1003022,36,18,7,13,10,4,5,77,73,73,50,110,-107.54999999999998,0.19444444444444445,0.5,0.4,4.055555555555555,6.111111111111111,0.006670000004760368
energy_constraint,nearest,1003023,32,17,8,10,8,3,5,76,62,62,56,88,-90.98999999999995,0.25,0.53125,0.375,3.6470588235294117,5.176470588235294,0.006865000017342027
energy_constraint,nearest,1003024,34,17,7,12,4,1,5,77,68,68,48,108,-142.77,0.20588235294117646,0.5,0.25,4.0,6.352941176470588,0.006670000004760368
energy_constraint,nearest,1003025,33,20,13,9,8,4,4,75,68,68,48,83,16.68000000000002,0.3939393939393939,0.6060606060606061,0.5,3.4,4.15,0.006795500013367928
energy_constraint,nearest,1003026,25,19,10,2,6,6,4,75,66,66,54,44,124.29000000000005,0.4,0.76,1.0,3.473684210526316,2.3157894736842106,0.006635000033838878
energy_constraint,nearest,1003027,23,18,9,2,2,1,3,80,63,63,46,96,63.059999999999995,0.391304347826087,0.782608695652174,0.5,3.5,5.333333333333333,0.007035999999516207
energy_constraint,nearest,1003028,26,19,10,4,6,1,3,78,65,65,54,75,52.690000000000005,0.38461538461538464,0.7307692307692307,0.16666666666666666,3.4210526315789473,3.9473684210526314,0.006689999992204321
energy_constraint,nearest,1003029,29,21,7,5,8,4,3,78,69,69,46,141,55.46000000000005,0.2413793103448276,0.7241379310344828,0.5,3.2857142857142856,6.714285714285714,0.006901000006109825
energy_constraint,nearest,1003030,34,20,7,9,4,2,5,74,66,66,52,133,-35.88000000000002,0.20588235294117646,0.5882352941176471,0.5,3.3,6.65,0.0069305000067743094
energy_constraint,nearest,1003031,34,17,7,12,8,3,5,77,65,65,54,143,-129.61000000000004,0.20588235294117646,0.5,0.375,3.823529411764706,8.411764705882353,0.006605000010040385
energy_constraint,nearest,1003032,35,20,10,10,15,7,5,72,65,65,56,129,-60.390000000000015,0.2857142857142857,0.5714285714285714,0.4666666666666667,3.25,6.45,0.006745000007413182
energy_constraint,nearest,1003033,35,18,5,14,12,2,3,78,65,65,52,162,-152.42999999999995,0.14285714285714285,0.5142857142857142,0.16666666666666666,3.611111111111111,9.0,0.006864999988920317
energy_constraint,nearest,1003034,28,20,10,4,6,2,4,73,67,67,58,60,59.379999999999995,0.35714285714285715,0.7142857142857143,0.3333333333333333,3.35,3.0,0.006700500023271161
energy_constraint,nearest,1003035,30,18,12,6,8,3,6,73,69,69,60,48,-26.79999999999997,0.4,0.6,0.375,3.8333333333333335,2.6666666666666665,0.006484499976977531
energy_constraint,nearest,1003036,33,21,10,7,5,3,5,74,64,64,56,118,-6.340000000000032,0.30303030303030304,0.6363636363636364,0.6,3.0476190476190474,5.619047619047619,0.006654999992861121
energy_constraint,nearest,1003037,29,18,8,8,10,4,3,76,67,67,54,144,-59.110000000000014,0.27586206896551724,0.6206896551724138,0.4,3.7222222222222223,8.0,0.006775999963792856
energy_constraint,nearest,1003038,26,20,11,1,6,4,5,81,64,64,50,101,95.20000000000003,0.4230769230769231,0.7692307692307693,0.6666666666666666,3.2,5.05,0.006654999992861121
energy_constraint,nearest,1003039,22,17,7,1,4,1,4,80,60,60,50,122,4.750000000000014,0.3181818181818182,0.7727272727272727,0.25,3.5294117647058822,7.176470588235294,0.006590000026562848
energy_constraint,nearest,1003040,30,21,13,4,7,4,5,77,65,65,52,57,84.22000000000008,0.43333333333333335,0.7,0.5714285714285714,3.0952380952380953,2.7142857142857144,0.006890999969755285
energy_constraint,nearest,1003041,29,20,10,6,7,5,3,75,65,65,56,94,87.90999999999997,0.3448275862068966,0.6896551724137931,0.7142857142857143,3.25,4.7,0.00672549998625982
energy_constraint,nearest,1003042,26,21,11,1,14,6,4,75,63,63,56,55,188.6599999999999,0.4230769230769231,0.8076923076923077,0.42857142857142855,3.0,2.619047619047619,0.006560000031186064
energy_constraint,nearest,1003043,27,20,11,2,4,3,5,77,64,64,50,66,72.85000000000001,0.4074074074074074,0.7407407407407407,0.75,3.2,3.3,0.00656500000673077
energy_constraint,nearest,1003044,31,20,7,8,5,2,3,73,67,67,56,111,4.710000000000015,0.22580645161290322,0.6451612903225806,0.4,3.35,5.55,0.0066650000007939525
energy_constraint,nearest,1003045,37,22,10,11,12,6,4,75,67,67,56,129,25.46000000000003,0.2702702702702703,0.5945945945945946,0.5,3.0454545454545454,5.863636363636363,0.006915500023296772
energy_constraint,nearest,1003046,30,22,12,7,8,6,1,78,64,64,52,131,100.51999999999998,0.4,0.7333333333333333,0.75,2.909090909090909,5.954545454545454,0.006840499992222249
energy_constraint,nearest,1003047,30,18,9,7,9,5,5,75,66,66,54,55,9.039999999999957,0.3,0.6,0.5555555555555556,3.6666666666666665,3.0555555555555554,0.00697599998034093
energy_constraint,nearest,1003048,33,21,9,8,8,4,4,75,67,67,60,128,28.400000000000013,0.2727272727272727,0.6363636363636364,0.5,3.1904761904761907,6.095238095238095,0.006700000000137152
energy_constraint,nearest,1003049,32,19,8,8,8,2,5,76,68,68,56,111,-66.93999999999997,0.25,0.59375,0.25,3.5789473684210527,5.842105263157895,0.006619999993517922
energy_constraint,nearest,1003050,28,19,10,6,11,6,3,74,73,73,50,139,26.550000000000033,0.35714285714285715,0.6785714285714286,0.5454545454545454,3.8421052631578947,7.315789473684211,0.00664499998492829
energy_constraint,nearest,1003051,29,21,9,4,6,3,4,74,71,71,60,87,99.34999999999997,0.3103448275862069,0.7241379310344828,0.5,3.380952380952381,4.142857142857143,0.006569500015984886
energy_constraint,nearest,1003052,28,16,6,7,5,2,5,81,63,63,48,149,-78.42000000000002,0.21428571428571427,0.5714285714285714,0.4,3.9375,9.3125,0.006529999978965861
energy_constraint,nearest,1003053,27,22,15,1,10,8,4,73,70,70,54,63,198.48999999999998,0.5555555555555556,0.8148148148148148,0.8,3.1818181818181817,2.8636363636363638,0.006760000019312429
energy_constraint,nearest,1003054,20,19,9,0,3,2,1,75,68,68,54,85,144.13999999999996,0.45,0.95,0.6666666666666666,3.5789473684210527,4.473684210526316,0.006574999986241892
energy_constraint,nearest,1003055,28,22,11,4,4,2,2,78,63,63,48,148,100.03,0.39285714285714285,0.7857142857142857,0.5,2.8636363636363638,6.7272727272727275,0.006745000007413182
energy_constraint,nearest,1003056,20,19,6,0,2,1,1,80,68,68,46,81,141.36000000000004,0.3,0.95,0.5,3.5789473684210527,4.2631578947368425,0.006670000004760368
energy_constraint,nearest,1003057,25,18,10,5,6,3,2,71,63,63,54,85,44.09000000000005,0.4,0.72,0.5,3.5,4.722222222222222,0.006534499988219977
energy_constraint,nearest,1003058,32,19,9,9,9,5,4,77,67,67,52,119,-6.780000000000044,0.28125,0.59375,0.5555555555555556,3.526315789473684,6.2631578947368425,0.0067250000199692295
energy_constraint,nearest,1003059,27,21,11,2,4,2,4,76,68,68,52,60,121.97000000000003,0.4074074074074074,0.7777777777777778,0.5,3.238095238095238,2.857142857142857,0.006494499984910362
energy_constraint,nearest,1003060,36,18,9,13,9,4,5,73,66,66,52,74,-115.72999999999996,0.25,0.5,0.4444444444444444,3.6666666666666665,4.111111111111111,0.006585000022596432
energy_constraint,nearest,1003061,33,19,6,9,6,2,5,73,64,64,52,114,-42.67999999999999,0.18181818181818182,0.5757575757575758,0.3333333333333333,3.3684210526315788,6.0,0.006715000012036398
energy_constraint,nearest,1003062,32,19,8,8,7,2,5,76,69,69,52,103,-25.779999999999994,0.25,0.59375,0.2857142857142857,3.6315789473684212,5.421052631578948,0.006860999974378501
energy_constraint,nearest,1003063,27,21,8,3,5,4,3,73,65,65,56,111,116.96000000000001,0.2962962962962963,0.7777777777777778,0.8,3.0952380952380953,5.285714285714286,0.007116000006135437
energy_constraint,nearest,1003064,34,18,6,14,7,3,2,80,62,62,50,151,-99.80000000000004,0.17647058823529413,0.5294117647058824,0.42857142857142855,3.4444444444444446,8.38888888888889,0.006864999988920317
energy_constraint,nearest,1003065,27,19,10,4,6,4,4,76,66,66,56,114,63.85999999999997,0.37037037037037035,0.7037037037037037,0.6666666666666666,3.473684210526316,6.0,0.006980499989595046
energy_constraint,nearest,1003066,22,16,5,3,6,2,3,72,64,64,52,116,32.319999999999965,0.22727272727272727,0.7272727272727273,0.3333333333333333,4.0,7.25,0.006635000005417169
energy_constraint,nearest,1003067,26,19,9,5,7,3,2,79,62,62,46,139,73.50999999999993,0.34615384615384615,0.7307692307692307,0.42857142857142855,3.263157894736842,7.315789473684211,0.006664999972372243
energy_constraint,nearest,1003068,29,19,7,7,7,2,3,71,65,65,56,135,19.20999999999998,0.2413793103448276,0.6551724137931034,0.2857142857142857,3.4210526315789473,7.105263157894737,0.006715000012036398
energy_constraint,nearest,1003069,35,13,4,16,5,1,6,82,61,61,50,127,-249.79999999999995,0.11428571428571428,0.37142857142857144,0.2,4.6923076923076925,9.76923076923077,0.00697549998562863
energy_constraint,nearest,1003070,21,19,12,0,6,3,2,71,67,67,54,45,174.53999999999996,0.5714285714285714,0.9047619047619048,0.5,3.526315789473684,2.3684210526315788,0.006760499985603019
energy_constraint,nearest,1003071,24,19,8,1,5,4,4,77,66,66,46,71,107.81000000000006,0.3333333333333333,0.7916666666666666,0.8,3.473684210526316,3.736842105263158,0.007130499994900674
energy_constraint,nearest,1003072,25,19,11,2,3,3,4,74,64,64,58,75,81.83000000000007,0.44,0.76,1.0,3.3684210526315788,3.9473684210526314,0.006839999997509949
energy_constraint,nearest,1003073,25,20,10,3,5,3,2,80,66,66,46,70,134.06000000000006,0.4,0.8,0.6,3.3,3.5,0.006600000006073969
energy_constraint,nearest,1003074,28,19,9,7,9,2,2,76,62,62,48,105,41.33000000000001,0.32142857142857145,0.6785714285714286,0.2222222222222222,3.263157894736842,5.526315789473684,0.0066100000140068005
energy_constraint,nearest,1003075,35,20,6,11,8,4,4,74,71,71,60,142,-79.45000000000002,0.17142857142857143,0.5714285714285714,0.5,3.55,7.1,0.007275499996239887
energy_constraint,nearest,1003076,18,17,11,0,3,1,1,74,70,70,55,29,149.59999999999997,0.6111111111111112,0.9444444444444444,0.3333333333333333,4.117647058823529,1.7058823529411764,0.006434500022578504
energy_constraint,nearest,1003077,35,19,9,10,10,5,6,80,65,65,48,160,-98.86999999999999,0.2571428571428571,0.5428571428571428,0.5,3.4210526315789473,8.421052631578947,0.0069254999743861845
energy_constraint,nearest,1003078,30,20,10,5,6,1,5,78,62,62,44,80,-3.6599999999999397,0.3333333333333333,0.6666666666666666,0.16666666666666666,3.1,4.0,0.00669050001533833
energy_constraint,nearest,1003079,27,19,8,2,4,3,6,78,66,66,52,98,60.56999999999995,0.2962962962962963,0.7037037037037037,0.75,3.473684210526316,5.157894736842105,0.006609999985585091
energy_constraint,nearest,1003080,27,20,10,4,9,5,3,78,65,65,52,134,44.170000000000016,0.37037037037037035,0.7407407407407407,0.5555555555555556,3.25,6.7,0.006694999967749027
energy_constraint,nearest,1003081,32,19,11,10,9,4,3,75,63,63,48,70,10.079999999999991,0.34375,0.59375,0.4444444444444444,3.3157894736842106,3.6842105263157894,0.006524500008708856
energy_constraint,nearest,1003082,22,21,10,1,11,9,0,75,67,67,52,110,222.22000000000003,0.45454545454545453,0.9545454545454546,0.8181818181818182,3.1904761904761907,5.238095238095238,0.006785500005435097
energy_constraint,nearest,1003083,30,21,9,5,8,3,4,75,66,66,56,91,38.76000000000002,0.3,0.7,0.375,3.142857142857143,4.333333333333333,0.006745500002125482
energy_constraint,nearest,1003084,27,21,9,4,10,6,2,75,69,69,52,133,102.92000000000002,0.3333333333333333,0.7777777777777778,0.6,3.2857142857142856,6.333333333333333,0.006839999997509949
energy_constraint,nearest,1003085,27,19,10,5,3,0,3,74,67,67,60,69,34.699999999999996,0.37037037037037035,0.7037037037037037,0.0,3.526315789473684,3.6315789473684212,0.006705000004103567
energy_constraint,nearest,1003086,31,16,6,10,9,5,5,74,63,63,56,111,-72.99000000000001,0.1935483870967742,0.5161290322580645,0.5555555555555556,3.9375,6.9375,0.007451000016089893
energy_constraint,nearest,1003087,26,20,8,3,6,3,3,79,69,69,48,77,101.17999999999998,0.3076923076923077,0.7692307692307693,0.5,3.45,3.85,0.006745000007413182
energy_constraint,nearest,1003088,31,20,6,7,6,2,4,78,66,66,50,142,11.299999999999969,0.1935483870967742,0.6451612903225806,0.3333333333333333,3.3,7.1,0.007230999983676156
energy_constraint,nearest,1003089,31,19,7,9,10,3,3,75,65,65,54,125,-4.160000000000025,0.22580645161290322,0.6129032258064516,0.3,3.4210526315789473,6.578947368421052,0.0072559999750865245
energy_constraint,nearest,1003090,33,20,7,9,7,2,4,76,67,67,54,161,-48.36000000000003,0.21212121212121213,0.6060606060606061,0.2857142857142857,3.35,8.05,0.006779999978334672
energy_constraint,nearest,1003091,35,17,5,14,8,1,4,77,67,67,56,120,-118.63999999999997,0.14285714285714285,0.4857142857142857,0.125,3.9411764705882355,7.0588235294117645,0.006699999971715442
energy_constraint,nearest,1003092,32,17,8,9,7,2,6,74,69,69,58,134,-132.32,0.25,0.53125,0.2857142857142857,4.0588235294117645,7.882352941176471,0.006830500012711127
energy_constraint,nearest,1003093,32,19,7,9,7,2,4,77,63,63,50,158,-60.95000000000003,0.21875,0.59375,0.2857142857142857,3.3157894736842106,8.31578947368421,0.006680500007405499
energy_constraint,nearest,1003094,25,22,13,0,7,7,3,75,69,69,54,47,206.93999999999997,0.52,0.88,1.0,3.1363636363636362,2.1363636363636362,0.006654999992861121
energy_constraint,nearest,1003095,36,20,10,11,7,4,5,74,66,66,56,101,-68.44000000000001,0.2777777777777778,0.5555555555555556,0.5714285714285714,3.3,5.05,0.006624999997484338
energy_constraint,nearest,1003096,26,21,11,1,4,2,4,77,65,65,52,78,104.32,0.4230769230769231,0.8076923076923077,0.5,3.0952380952380953,3.7142857142857144,0.006584999994174723
energy_constraint,nearest,1003097,26,18,8,3,10,5,5,73,70,70,60,123,46.400000000000006,0.3076923076923077,0.6923076923076923,0.5,3.888888888888889,6.833333333333333,0.0070759999744041124
energy_constraint,nearest,1003098,28,19,8,5,10,6,4,74,65,65,54,163,51.98999999999996,0.2857142857142857,0.6785714285714286,0.6,3.4210526315789473,8.578947368421053,0.0069050000206516415
energy_constraint,nearest,1003099,27,19,9,4,6,4,4,78,65,65,48,102,74.07999999999998,0.3333333333333333,0.7037037037037037,0.6666666666666666,3.4210526315789473,5.368421052631579,0.007005500009427124
energy_constraint,nearest,1003100,31,20,8,9,9,4,2,74,64,64,56,154,15.710000000000043,0.25806451612903225,0.6451612903225806,0.4444444444444444,3.2,7.7,0.006835499988255833
energy_constraint,nearest,1003101,35,22,9,10,6,2,3,76,67,67,48,156,-17.869999999999997,0.2571428571428571,0.6285714285714286,0.3333333333333333,3.0454545454545454,7.090909090909091,0.006890500003464695
energy_constraint,nearest,1003102,30,18,12,8,5,3,4,77,60,60,44,83,-30.460000000000022,0.4,0.6,0.6,3.3333333333333335,4.611111111111111,0.0066100000140068005
energy_constraint,nearest,1003103,33,20,6,11,10,3,2,75,65,65,50,153,29.249999999999982,0.18181818181818182,0.6060606060606061,0.3,3.25,7.65,0.006785000010722797
energy_constraint,nearest,1003104,27,21,8,3,10,2,3,74,69,69,54,107,130.03999999999994,0.2962962962962963,0.7777777777777778,0.2,3.2857142857142856,5.095238095238095,0.006740499998159066
energy_constraint,nearest,1003105,27,19,15,4,5,3,4,72,68,68,58,27,69.38000000000012,0.5555555555555556,0.7037037037037037,0.6,3.5789473684210527,1.4210526315789473,0.006464499989533579
energy_constraint,nearest,1003106,38,20,6,14,7,2,4,73,64,64,54,127,-100.45999999999995,0.15789473684210525,0.5263157894736842,0.2857142857142857,3.2,6.35,0.007045499984315029
energy_constraint,nearest,1003107,33,21,9,8,9,6,4,74,70,70,56,166,-1.6399999999999864,0.2727272727272727,0.6363636363636364,0.6666666666666666,3.3333333333333335,7.904761904761905,0.006880000000819564
energy_constraint,nearest,1003108,26,19,7,4,4,2,3,74,72,72,56,115,46.70999999999997,0.2692307692307692,0.7307692307692307,0.5,3.789473684210526,6.052631578947368,0.006584999994174723
energy_constraint,nearest,1003109,23,18,11,0,3,0,5,72,66,66,56,27,59.41,0.4782608695652174,0.782608695652174,0.0,3.6666666666666665,1.5,0.006560000002764355
energy_constraint,nearest,1003110,25,19,12,2,8,4,4,76,64,64,52,27,147.9200000000001,0.48,0.76,0.5,3.3684210526315788,1.4210526315789473,0.006710500031203992
energy_constraint,nearest,1003111,27,18,7,5,7,4,4,73,67,67,58,111,51.97999999999999,0.25925925925925924,0.6666666666666666,0.5714285714285714,3.7222222222222223,6.166666666666667,0.00672499999154752
energy_constraint,nearest,1003112,24,19,9,2,2,0,3,75,71,71,48,107,76.93,0.375,0.7916666666666666,0.0,3.736842105263158,5.631578947368421,0.006720000016002814
energy_constraint,nearest,1003113,22,16,9,1,4,1,5,74,60,60,50,46,22.34999999999995,0.4090909090909091,0.7272727272727273,0.25,3.75,2.875,0.006835500016677543
energy_constraint,nearest,1003114,35,18,7,14,6,1,3,74,66,66,54,141,-142.5099999999999,0.2,0.5142857142857142,0.16666666666666666,3.6666666666666665,7.833333333333333,0.006980000023304456
energy_constraint,nearest,1003115,34,19,10,10,9,3,5,76,67,67,52,116,-74.17999999999999,0.29411764705882354,0.5588235294117647,0.3333333333333333,3.526315789473684,6.105263157894737,0.006765000023278844
energy_constraint,nearest,1003116,25,19,12,4,4,4,2,77,63,63,56,83,86.80999999999997,0.48,0.76,1.0,3.3157894736842106,4.368421052631579,0.0065949999736858445
energy_constraint,nearest,1003117,40,23,13,14,11,9,3,75,69,69,52,137,5.470000000000013,0.325,0.575,0.8181818181818182,3.0,5.956521739130435,0.0068349999935435335
energy_constraint,nearest,1003118,27,18,9,5,6,2,4,77,67,67,54,66,59.13999999999999,0.3333333333333333,0.6666666666666666,0.3333333333333333,3.7222222222222223,3.6666666666666665,0.006865500012054326
energy_constraint,nearest,1003119,21,20,12,0,5,3,1,76,62,62,54,29,196.94,0.5714285714285714,0.9523809523809523,0.6,3.1,1.45,0.006575000014663601
energy_constraint,nearest,1003120,28,19,9,5,7,4,4,75,66,66,54,108,52.490000000000016,0.32142857142857145,0.6785714285714286,0.5714285714285714,3.473684210526316,5.684210526315789,0.006699999971715442
energy_constraint,nearest,1003121,34,18,9,11,10,3,5,77,66,66,52,119,-85.08000000000001,0.2647058823529412,0.5294117647058824,0.3,3.6666666666666665,6.611111111111111,0.0070360000279379165
energy_constraint,nearest,1003122,23,18,12,1,6,3,4,77,61,61,44,32,132.74000000000007,0.5217391304347826,0.782608695652174,0.5,3.388888888888889,1.7777777777777777,0.006469999959790584
energy_constraint,nearest,1003123,31,19,11,8,5,3,4,76,66,66,56,58,16.410000000000004,0.3548387096774194,0.6129032258064516,0.6,3.473684210526316,3.0526315789473686,0.006600000006073969
energy_constraint,nearest,1003124,22,20,12,0,5,4,2,75,60,60,48,51,174.98,0.5454545454545454,0.9090909090909091,0.8,3.0,2.55,0.0067250000199692295
energy_constraint,nearest,1003125,23,19,8,1,6,3,3,77,68,68,56,74,116.16,0.34782608695652173,0.8260869565217391,0.5,3.5789473684210527,3.8947368421052633,0.006590000026562848
energy_constraint,nearest,1003126,30,18,10,7,11,3,5,77,63,63,46,91,-58.93999999999991,0.3333333333333333,0.6,0.2727272727272727,3.5,5.055555555555555,0.006529500012675271
energy_constraint,nearest,1003127,28,20,13,3,5,4,5,79,65,65,46,66,57.810000000000045,0.4642857142857143,0.7142857142857143,0.8,3.25,3.3,0.007235999987642572
energy_constraint,nearest,1003128,25,18,8,2,8,4,5,78,64,64,48,112,79.98,0.32,0.72,0.5,3.5555555555555554,6.222222222222222,0.00718100000085542
energy_constraint,nearest,1003129,29,16,8,7,5,3,6,78,63,63,52,129,-84.83000000000001,0.27586206896551724,0.5517241379310345,0.6,3.9375,8.0625,0.006904999992229932
energy_constraint,nearest,1003130,28,18,11,4,7,5,6,77,66,66,52,54,20.569999999999922,0.39285714285714285,0.6428571428571429,0.7142857142857143,3.6666666666666665,3.0,0.006760000019312429
energy_constraint,nearest,1003131,28,19,11,4,8,4,5,75,65,65,52,70,42.32000000000001,0.39285714285714285,0.6785714285714286,0.5,3.4210526315789473,3.6842105263157894,0.006760000019312429
energy_constraint,nearest,1003132,32,21,9,7,3,1,4,79,69,69,50,115,2.549999999999997,0.28125,0.65625,0.3333333333333333,3.2857142857142856,5.476190476190476,0.007250999999541818
energy_constraint,nearest,1003133,29,22,9,4,8,6,3,80,61,61,48,153,121.48000000000005,0.3103448275862069,0.7586206896551724,0.75,2.772727272727273,6.954545454545454,0.0068804999955318635
energy_constraint,nearest,1003134,26,17,7,4,6,3,5,79,66,66,56,103,8.959999999999987,0.2692307692307692,0.6538461538461539,0.5,3.8823529411764706,6.0588235294117645,0.006559999974342645
energy_constraint,nearest,1003135,35,19,6,13,6,0,3,77,65,65,44,145,-97.25999999999999,0.17142857142857143,0.5428571428571428,0.0,3.4210526315789473,7.631578947368421,0.007170999992922589
energy_constraint,nearest,1003136,33,17,8,11,11,7,5,77,65,65,50,125,-77.65,0.24242424242424243,0.5151515151515151,0.6363636363636364,3.823529411764706,7.352941176470588,0.006755000015346013
energy_constraint,nearest,1003137,30,19,5,6,8,3,5,79,62,62,48,139,-28.869999999999997,0.16666666666666666,0.6333333333333333,0.375,3.263157894736842,7.315789473684211,0.007171000021344298
energy_constraint,nearest,1003138,25,19,10,3,5,3,3,77,68,68,50,100,93.55000000000004,0.4,0.76,0.6,3.5789473684210527,5.2631578947368425,0.007016000012072254
energy_constraint,nearest,1003139,37,22,6,11,9,2,4,76,67,67,46,179,-39.39000000000001,0.16216216216216217,0.5945945945945946,0.2222222222222222,3.0454545454545454,8.136363636363637,0.007160999984989758
energy_constraint,nearest,1003140,39,22,11,16,13,6,1,76,66,66,54,126,16.840000000000003,0.28205128205128205,0.5641025641025641,0.46153846153846156,3.0,5.7272727272727275,0.006715499978326989
energy_constraint,nearest,1003141,32,22,7,9,10,3,1,78,72,72,48,168,52.63000000000001,0.21875,0.6875,0.3,3.272727272727273,7.636363636363637,0.007025999991583376
energy_constraint,nearest,1003142,30,19,8,10,9,3,1,76,66,66,54,146,-13.66000000000004,0.26666666666666666,0.6333333333333333,0.3333333333333333,3.473684210526316,7.684210526315789,0.007235499992930272
energy_constraint,nearest,1003143,34,19,8,11,5,3,4,78,67,67,56,144,-66.03999999999996,0.23529411764705882,0.5588235294117647,0.6,3.526315789473684,7.578947368421052,0.00710099999423619
energy_constraint,nearest,1003144,31,20,7,8,9,3,3,78,68,68,52,122,1.7699999999999818,0.22580645161290322,0.6451612903225806,0.3333333333333333,3.4,6.1,0.006880999990244163
energy_constraint,nearest,1003145,31,16,7,10,9,2,5,79,62,62,46,92,-104.14,0.22580645161290322,0.5161290322580645,0.2222222222222222,3.875,5.75,0.006946000013385856
energy_constraint,nearest,1003146,21,20,10,0,3,1,1,74,68,68,54,70,165.28999999999985,0.47619047619047616,0.9523809523809523,0.3333333333333333,3.4,3.5,0.00659999997765226
energy_constraint,nearest,1003147,27,19,9,6,6,4,2,79,66,66,50,104,83.85000000000001,0.3333333333333333,0.7037037037037037,0.6666666666666666,3.473684210526316,5.473684210526316,0.006670500027894377
energy_constraint,nearest,1003148,28,19,12,5,5,3,4,78,64,64,52,77,55.42000000000002,0.42857142857142855,0.6785714285714286,0.6,3.3684210526315788,4.052631578947368,0.006756000004770613
energy_constraint,nearest,1003149,23,17,9,1,2,1,5,73,67,67,62,69,49.869999999999976,0.391304347826087,0.7391304347826086,0.5,3.9411764705882355,4.0588235294117645,0.006659999996827537
energy_constraint,deadline,1003000,26,19,12,2,15,9,5,79,63,63,54,60,122.44000000000004,0.46153846153846156,0.7307692307692307,0.6,3.3157894736842106,3.1578947368421053,0.006635000005417169
energy_constraint,deadline,1003001,26,19,9,6,7,3,1,75,63,63,44,101,109.39000000000007,0.34615384615384615,0.7307692307692307,0.42857142857142855,3.3157894736842106,5.315789473684211,0.006700000000137152
energy_constraint,deadline,1003002,24,17,10,2,4,2,5,80,66,66,46,68,54.31000000000002,0.4166666666666667,0.7083333333333334,0.5,3.8823529411764706,4.0,0.006499999983589078
energy_constraint,deadline,1003003,19,18,15,0,2,2,1,76,64,64,54,15,153.2400000000001,0.7894736842105263,0.9473684210526315,1.0,3.5555555555555554,0.8333333333333334,0.006309499980261535
energy_constraint,deadline,1003004,30,18,9,6,8,4,6,74,65,65,50,73,-45.54999999999996,0.3,0.6,0.5,3.611111111111111,4.055555555555555,0.006835500016677543
energy_constraint,deadline,1003005,26,19,5,3,8,3,4,75,66,66,54,117,99.39000000000006,0.19230769230769232,0.7307692307692307,0.375,3.473684210526316,6.157894736842105,0.006965999972408099
energy_constraint,deadline,1003006,42,20,6,17,9,1,5,76,70,70,54,151,-165.35999999999999,0.14285714285714285,0.47619047619047616,0.1111111111111111,3.5,7.55,0.007130500023322384
energy_constraint,deadline,1003007,22,17,7,1,8,2,4,76,66,66,52,80,83.62000000000003,0.3181818181818182,0.7727272727272727,0.25,3.8823529411764706,4.705882352941177,0.007080000017367638
energy_constraint,deadline,1003008,25,18,10,5,4,1,2,71,69,69,54,90,39.09,0.4,0.72,0.25,3.8333333333333335,5.0,0.006699999971715442
energy_constraint,deadline,1003009,22,16,10,0,6,2,6,75,70,70,58,38,43.83000000000001,0.45454545454545453,0.7272727272727273,0.3333333333333333,4.375,2.375,0.006630000001450753
energy_constraint,deadline,1003010,28,19,14,4,6,2,5,76,64,64,48,28,56.77999999999999,0.5,0.6785714285714286,0.3333333333333333,3.3684210526315788,1.4736842105263157,0.006595000002107554
energy_constraint,deadline,1003011,39,19,8,16,14,2,4,74,71,71,58,104,-148.71999999999997,0.20512820512820512,0.48717948717948717,0.14285714285714285,3.736842105263158,5.473684210526316,0.0069305000067743094
energy_constraint,deadline,1003012,24,20,9,1,8,5,3,79,65,65,50,81,159.75000000000009,0.375,0.8333333333333334,0.625,3.25,4.05,0.006689999992204321
energy_constraint,deadline,1003013,25,19,9,3,11,6,3,78,66,66,52,135,109.11999999999995,0.36,0.76,0.5454545454545454,3.473684210526316,7.105263157894737,0.006705000004103567
energy_constraint,deadline,1003014,39,20,11,15,11,8,4,74,70,70,58,118,-68.36999999999998,0.28205128205128205,0.5128205128205128,0.7272727272727273,3.5,5.9,0.007159999995565158
energy_constraint,deadline,1003015,28,14,8,7,7,1,7,76,65,65,58,59,-140.42000000000004,0.2857142857142857,0.5,0.14285714285714285,4.642857142857143,4.214285714285714,0.00689550000743111
energy_constraint,deadline,1003016,31,18,10,10,10,4,3,76,70,70,56,98,-50.63999999999998,0.3225806451612903,0.5806451612903226,0.4,3.888888888888889,5.444444444444445,0.00669000002062603
energy_constraint,deadline,1003017,27,19,10,4,12,6,4,75,68,68,54,55,62.84000000000002,0.37037037037037035,0.7037037037037037,0.5,3.5789473684210527,2.8947368421052633,0.007095999990269775
energy_constraint,deadline,1003018,35,19,10,13,10,5,3,78,68,68,56,130,-79.69000000000003,0.2857142857142857,0.5428571428571428,0.5,3.5789473684210527,6.842105263157895,0.00697599998034093
energy_constraint,deadline,1003019,21,17,9,0,6,5,4,76,67,67,54,46,132.19000000000005,0.42857142857142855,0.8095238095238095,0.8333333333333334,3.9411764705882355,2.7058823529411766,0.006579999990208307
energy_constraint,deadline,1003020,34,23,10,9,12,5,2,79,65,65,50,87,49.40000000000001,0.29411764705882354,0.6764705882352942,0.4166666666666667,2.8260869565217392,3.782608695652174,0.006560000002764355
energy_constraint,deadline,1003021,33,20,8,9,7,4,4,75,68,68,58,106,33.53,0.24242424242424243,0.6060606060606061,0.5714285714285714,3.4,5.3,0.006764999994857135
energy_constraint,deadline,1003022,36,18,6,13,10,4,5,77,67,67,50,135,-108.94999999999995,0.16666666666666666,0.5,0.4,3.7222222222222223,7.5,0.006859999984953902
energy_constraint,deadline,1003023,32,17,8,10,8,3,5,78,62,62,52,84,-90.02999999999994,0.25,0.53125,0.375,3.6470588235294117,4.9411764705882355,0.00676999999882355
energy_constraint,deadline,1003024,34,18,8,13,4,1,3,73,71,71,56,119,-121.63999999999996,0.23529411764705882,0.5294117647058824,0.25,3.9444444444444446,6.611111111111111,0.006715000012036398
energy_constraint,deadline,1003025,33,18,11,10,8,4,5,77,67,67,48,92,-64.61999999999999,0.3333333333333333,0.5454545454545454,0.5,3.7222222222222223,5.111111111111111,0.006630000029872463
energy_constraint,deadline,1003026,25,20,11,2,6,6,3,74,67,67,56,55,148.25999999999993,0.44,0.8,1.0,3.35,2.75,0.006534999982932277
energy_constraint,deadline,1003027,23,15,7,2,2,0,6,75,63,63,58,90,-39.67000000000001,0.30434782608695654,0.6521739130434783,0.0,4.2,6.0,0.006720000016002814
energy_constraint,deadline,1003028,26,19,8,6,6,1,1,80,66,66,52,97,47.62000000000002,0.3076923076923077,0.7307692307692307,0.16666666666666666,3.473684210526316,5.105263157894737,0.006429500018612089
energy_constraint,deadline,1003029,29,18,6,8,8,3,3,79,63,63,50,159,-44.899999999999956,0.20689655172413793,0.6206896551724138,0.375,3.5,8.833333333333334,0.0070309999955497915
energy_constraint,deadline,1003030,34,19,5,11,4,2,4,77,64,64,52,176,-68.93,0.14705882352941177,0.5588235294117647,0.5,3.3684210526315788,9.263157894736842,0.006939999991573131
energy_constraint,deadline,1003031,34,17,7,12,8,3,5,75,69,69,54,147,-123.05999999999997,0.20588235294117646,0.5,0.375,4.0588235294117645,8.647058823529411,0.006735499994192651
energy_constraint,deadline,1003032,35,20,11,10,15,8,5,74,70,70,56,156,-27.140000000000022,0.3142857142857143,0.5714285714285714,0.5333333333333333,3.5,7.8,0.006795500013367928
energy_constraint,deadline,1003033,35,18,5,16,12,2,1,79,66,66,48,201,-168.67000000000004,0.14285714285714285,0.5142857142857142,0.16666666666666666,3.6666666666666665,11.166666666666666,0.006614999989551507
energy_constraint,deadline,1003034,28,19,11,5,6,2,4,76,66,66,54,78,24.39000000000007,0.39285714285714285,0.6785714285714286,0.3333333333333333,3.473684210526316,4.105263157894737,0.0066100000140068005
energy_constraint,deadline,1003035,30,18,11,6,8,2,6,73,69,69,60,45,-26.09999999999998,0.36666666666666664,0.6,0.25,3.8333333333333335,2.5,0.006624999997484338
energy_constraint,deadline,1003036,33,22,10,8,5,3,3,76,69,69,52,141,30.219999999999978,0.30303030303030304,0.6666666666666666,0.6,3.1363636363636362,6.409090909090909,0.0068155000008118805
energy_constraint,deadline,1003037,29,18,5,8,10,3,3,77,66,66,52,172,-68.03,0.1724137931034483,0.6206896551724138,0.3,3.6666666666666665,9.555555555555555,0.006750000011379598
energy_constraint,deadline,1003038,26,21,11,2,6,3,3,78,66,66,54,132,121.79000000000003,0.4230769230769231,0.8076923076923077,0.5,3.142857142857143,6.285714285714286,0.006660000025249246
energy_constraint,deadline,1003039,22,16,7,0,4,1,6,78,67,67,56,102,3.0100000000000335,0.3181818181818182,0.7272727272727273,0.25,4.1875,6.375,0.006640000037805294
energy_constraint,deadline,1003040,30,21,12,5,7,3,4,75,65,65,52,80,62.8200000000001,0.4,0.7,0.42857142857142855,3.0952380952380953,3.8095238095238093,0.006560000002764355
energy_constraint,deadline,1003041,29,17,5,8,7,3,4,77,70,70,54,135,-1.710000000000008,0.1724137931034483,0.5862068965517241,0.42857142857142855,4.117647058823529,7.9411764705882355,0.006725999980972119
energy_constraint,deadline,1003042,26,20,10,2,14,6,4,75,66,66,54,44,147.19000000000003,0.38461538461538464,0.7692307692307693,0.42857142857142855,3.3,2.2,0.0067199999875811045
energy_constraint,deadline,1003043,27,22,11,2,4,2,3,74,67,67,56,74,119.95999999999995,0.4074074074074074,0.8148148148148148,0.5,3.0454545454545454,3.3636363636363638,0.006745500002125482
energy_constraint,deadline,1003044,31,19,7,8,5,2,4,74,66,66,54,119,-24.85999999999997,0.22580645161290322,0.6129032258064516,0.4,3.473684210526316,6.2631578947368425,0.007020499992904661
energy_constraint,deadline,1003045,37,21,9,12,12,5,4,76,67,67,56,124,-3.490000000000002,0.24324324324324326,0.5675675675675675,0.4166666666666667,3.1904761904761907,5.904761904761905,0.007631499983062895
energy_constraint,deadline,1003046,30,23,10,5,8,6,2,76,64,64,56,131,124.00999999999999,0.3333333333333333,0.7666666666666667,0.75,2.782608695652174,5.695652173913044,0.006720000016002814
energy_constraint,deadline,1003047,30,16,8,9,9,4,5,77,64,64,52,84,-66.22999999999998,0.26666666666666666,0.5333333333333333,0.4444444444444444,4.0,5.25,0.007000999971751298
energy_constraint,deadline,1003048,33,20,8,9,8,3,4,76,67,67,58,122,4.4299999999999855,0.24242424242424243,0.6060606060606061,0.375,3.35,6.1,0.006934999987606716
energy_constraint,deadline,1003049,32,21,7,7,8,1,4,76,68,68,58,130,-2.4199999999999875,0.21875,0.65625,0.125,3.238095238095238,6.190476190476191,0.007266000011441065
energy_constraint,deadline,1003050,28,17,7,6,11,4,5,75,73,73,50,117,-86.19999999999993,0.25,0.6071428571428571,0.36363636363636365,4.294117647058823,6.882352941176471,0.006900500011397526
energy_constraint,deadline,1003051,29,21,8,4,6,2,4,74,68,68,60,88,98.65,0.27586206896551724,0.7241379310344828,0.3333333333333333,3.238095238095238,4.190476190476191,0.006720000016002814
energy_constraint,deadline,1003052,28,19,4,5,5,1,4,82,62,62,46,129,42.91000000000002,0.14285714285714285,0.6785714285714286,0.2,3.263157894736842,6.7894736842105265,0.006509999991521909
energy_constraint,deadline,1003053,27,21,14,1,10,7,5,74,70,70,54,57,148.94,0.5185185185185185,0.7777777777777778,0.7,3.3333333333333335,2.7142857142857144,0.006629999973029044
energy_constraint,deadline,1003054,20,19,9,0,3,1,1,71,68,68,59,69,148.64,0.45,0.95,0.3333333333333333,3.5789473684210527,3.6315789473684212,0.006575000014663601
energy_constraint,deadline,1003055,28,20,10,4,4,1,4,79,63,63,48,127,44.880000000000024,0.35714285714285715,0.7142857142857143,0.25,3.15,6.35,0.006580000018630017
energy_constraint,deadline,1003056,20,19,6,0,2,1,1,79,68,68,50,85,140.09999999999994,0.3,0.95,0.5,3.5789473684210527,4.473684210526316,0.006650000017316415
energy_constraint,deadline,1003057,25,18,9,6,6,4,1,74,62,62,50,79,70.94999999999997,0.36,0.72,0.6666666666666666,3.4444444444444446,4.388888888888889,0.006570000010697186
energy_constraint,deadline,1003058,32,18,8,9,9,5,5,77,66,66,56,93,-10.090000000000025,0.25,0.5625,0.5555555555555556,3.6666666666666665,5.166666666666667,0.006915000000162763
energy_constraint,deadline,1003059,27,18,9,3,4,1,6,77,65,65,52,56,42.02000000000004,0.3333333333333333,0.6666666666666666,0.25,3.611111111111111,3.111111111111111,0.0067199999875811045
energy_constraint,deadline,1003060,36,17,8,14,9,3,5,75,63,63,50,103,-142.79999999999998,0.2222222222222222,0.4722222222222222,0.3333333333333333,3.7058823529411766,6.0588235294117645,0.007270999986985771
energy_constraint,deadline,1003061,33,16,4,11,6,1,6,72,62,62,54,110,-139.56,0.12121212121212122,0.48484848484848486,0.16666666666666666,3.875,6.875,0.006794999990233919
energy_constraint,deadline,1003062,32,19,7,9,7,1,4,78,70,70,50,117,-31.89999999999998,0.21875,0.59375,0.14285714285714285,3.6842105263157894,6.157894736842105,0.006775000002789966
energy_constraint,deadline,1003063,27,19,9,4,5,4,4,76,64,64,50,123,44.7,0.3333333333333333,0.7037037037037037,0.8,3.3684210526315788,6.473684210526316,0.006876000014699457
energy_constraint,deadline,1003064,34,17,6,14,7,3,3,80,63,63,50,136,-121.80000000000004,0.17647058823529413,0.5,0.42857142857142855,3.7058823529411766,8.0,0.006680499978983789
energy_constraint,deadline,1003065,27,19,10,4,6,4,4,76,66,66,56,110,65.25999999999998,0.37037037037037035,0.7037037037037037,0.6666666666666666,3.473684210526316,5.7894736842105265,0.006839999997509949
energy_constraint,deadline,1003066,22,14,5,3,6,2,5,73,63,63,50,108,-24.850000000000023,0.22727272727272727,0.6363636363636364,0.3333333333333333,4.5,7.714285714285714,0.006785500005435097
energy_constraint,deadline,1003067,26,21,7,4,7,1,1,80,66,66,46,150,89.25999999999999,0.2692307692307692,0.8076923076923077,0.14285714285714285,3.142857142857143,7.142857142857143,0.006740499998159066
energy_constraint,deadline,1003068,29,18,5,10,7,2,1,77,69,69,50,203,-33.349999999999994,0.1724137931034483,0.6206896551724138,0.2857142857142857,3.8333333333333335,11.277777777777779,0.006570000010697186
energy_constraint,deadline,1003069,35,18,5,13,5,2,4,78,70,70,52,186,-122.57999999999996,0.14285714285714285,0.5142857142857142,0.4,3.888888888888889,10.333333333333334,0.006925999997520194
energy_constraint,deadline,1003070,21,18,10,0,6,2,3,72,66,66,56,51,147.2599999999999,0.47619047619047616,0.8571428571428571,0.3333333333333333,3.6666666666666665,2.8333333333333335,0.006800499988912634
energy_constraint,deadline,1003071,24,17,5,1,5,2,6,74,63,63,56,74,32.50999999999999,0.20833333333333334,0.7083333333333334,0.4,3.7058823529411766,4.352941176470588,0.006890000008752395
energy_constraint,deadline,1003072,25,17,9,2,3,2,6,80,68,68,46,78,24.610000000000014,0.36,0.68,0.6666666666666666,4.0,4.588235294117647,0.006789999986267503
energy_constraint,deadline,1003073,25,19,10,3,5,3,3,79,67,67,50,60,112.2000000000001,0.4,0.76,0.6,3.526315789473684,3.1578947368421053,0.006764999994857135
energy_constraint,deadline,1003074,28,18,9,7,9,2,3,77,63,63,48,111,25.62999999999999,0.32142857142857145,0.6428571428571429,0.2222222222222222,3.5,6.166666666666667,0.006670000004760368
energy_constraint,deadline,1003075,35,19,6,11,8,4,5,74,72,72,60,158,-102.15,0.17142857142857143,0.5428571428571428,0.5,3.789473684210526,8.31578947368421,0.00680499999816675
energy_constraint,deadline,1003076,18,16,12,0,3,1,2,77,69,69,54,21,102.63999999999996,0.6666666666666666,0.8888888888888888,0.3333333333333333,4.3125,1.3125,0.006504500021264903
energy_constraint,deadline,1003077,35,20,8,11,10,4,4,78,68,68,54,178,-74.41000000000001,0.22857142857142856,0.5714285714285714,0.4,3.4,8.9,0.006684999988237905
energy_constraint,deadline,1003078,30,18,10,7,6,1,5,78,61,61,46,67,-7.589999999999947,0.3333333333333333,0.6,0.16666666666666666,3.388888888888889,3.7222222222222223,0.006650000017316415
energy_constraint,deadline,1003079,27,17,7,4,4,2,6,81,65,65,48,131,-9.369999999999962,0.25925925925925924,0.6296296296296297,0.5,3.823529411764706,7.705882352941177,0.006619999965096213
energy_constraint,deadline,1003080,27,18,9,5,9,4,4,78,67,67,54,107,-18.75999999999995,0.3333333333333333,0.6666666666666666,0.4444444444444444,3.7222222222222223,5.944444444444445,0.006689999992204321
energy_constraint,deadline,1003081,32,19,12,9,9,5,4,76,66,66,50,68,-10.200000000000014,0.375,0.59375,0.5555555555555556,3.473684210526316,3.5789473684210527,0.006630000001450753
energy_constraint,deadline,1003082,22,18,7,2,11,6,2,77,64,64,50,96,129.14999999999992,0.3181818181818182,0.8181818181818182,0.5454545454545454,3.5555555555555554,5.333333333333333,0.006530000007387571
energy_constraint,deadline,1003083,30,18,7,7,8,4,5,76,67,67,56,118,-43.99000000000001,0.23333333333333334,0.6,0.5,3.7222222222222223,6.555555555555555,0.0065050000159772026
energy_constraint,deadline,1003084,27,21,8,4,10,6,2,77,65,65,50,129,106.59999999999994,0.2962962962962963,0.7777777777777778,0.6,3.0952380952380953,6.142857142857143,0.007015999983650545
energy_constraint,deadline,1003085,27,18,10,5,3,0,4,75,73,73,60,68,7.149999999999977,0.37037037037037035,0.6666666666666666,0.0,4.055555555555555,3.7777777777777777,0.0078770000015993
energy_constraint,deadline,1003086,31,16,5,10,9,4,5,78,64,64,48,112,-75.97,0.16129032258064516,0.5161290322580645,0.4444444444444444,4.0,7.0,0.007596500012141405
energy_constraint,deadline,1003087,26,17,4,6,6,1,3,77,74,74,54,101,19.089999999999982,0.15384615384615385,0.6538461538461539,0.16666666666666666,4.352941176470588,5.9411764705882355,0.007936999992352867
energy_constraint,deadline,1003088,31,19,6,8,6,2,4,76,65,65,56,133,-28.14,0.1935483870967742,0.6129032258064516,0.3333333333333333,3.4210526315789473,7.0,0.00689500004114052
energy_constraint,deadline,1003089,31,17,6,10,10,2,4,78,64,64,50,107,-73.69999999999997,0.1935483870967742,0.5483870967741935,0.2,3.764705882352941,6.294117647058823,0.00676999999882355
energy_constraint,deadline,1003090,33,19,5,10,7,1,4,76,65,65,54,166,-56.06000000000002,0.15151515151515152,0.5757575757575758,0.14285714285714285,3.4210526315789473,8.736842105263158,0.00680499996974504
energy_constraint,deadline,1003091,35,17,5,13,8,1,5,77,65,65,54,139,-147.56,0.14285714285714285,0.4857142857142857,0.125,3.823529411764706,8.176470588235293,0.006799999994200334
energy_constraint,deadline,1003092,32,18,6,10,7,0,4,74,68,68,58,158,-111.37,0.1875,0.5625,0.0,3.7777777777777777,8.777777777777779,0.006995499973072583
energy_constraint,deadline,1003093,32,21,7,9,7,2,2,77,67,67,52,158,-4.430000000000022,0.21875,0.65625,0.2857142857142857,3.1904761904761907,7.523809523809524,0.006694999996170736
energy_constraint,deadline,1003094,25,19,8,2,7,3,4,77,70,70,52,98,87.61999999999998,0.32,0.76,0.42857142857142855,3.6842105263157894,5.157894736842105,0.006720000016002814
energy_constraint,deadline,1003095,36,19,9,12,7,3,5,77,66,66,52,112,-91.18,0.25,0.5277777777777778,0.42857142857142855,3.473684210526316,5.894736842105263,0.0067900000146892125
energy_constraint,deadline,1003096,26,19,9,3,4,1,4,72,68,68,58,90,52.83000000000003,0.34615384615384615,0.7307692307692307,0.25,3.5789473684210527,4.7368421052631575,0.006925500002807894
energy_constraint,deadline,1003097,26,18,8,4,10,4,4,74,67,67,58,134,55.92999999999999,0.3076923076923077,0.6923076923076923,0.4,3.7222222222222223,7.444444444444445,0.006734999999480351
energy_constraint,deadline,1003098,28,17,7,6,10,5,5,76,65,65,52,135,-8.980000000000018,0.25,0.6071428571428571,0.5,3.823529411764706,7.9411764705882355,0.006795000018655628
energy_constraint,deadline,1003099,27,18,9,4,6,5,5,77,63,63,50,115,50.900000000000006,0.3333333333333333,0.6666666666666666,0.8333333333333334,3.5,6.388888888888889,0.006680000012693199
energy_constraint,deadline,1003100,31,19,7,9,9,3,3,76,67,67,54,143,12.039999999999985,0.22580645161290322,0.6129032258064516,0.3333333333333333,3.526315789473684,7.526315789473684,0.006845500024610374
energy_constraint,deadline,1003101,35,21,8,12,6,1,2,78,64,64,46,147,-58.19,0.22857142857142856,0.6,0.16666666666666666,3.0476190476190474,7.0,0.007080000017367638
energy_constraint,deadline,1003102,30,19,10,8,5,1,3,75,61,61,48,98,-9.070000000000018,0.3333333333333333,0.6333333333333333,0.2,3.210526315789474,5.157894736842105,0.0068899999803306855
energy_constraint,deadline,1003103,33,18,5,12,10,2,3,77,63,63,50,188,-76.84999999999998,0.15151515151515152,0.5454545454545454,0.2,3.5,10.444444444444445,0.006960999996863393
energy_constraint,deadline,1003104,27,20,8,4,10,2,3,76,62,62,54,110,97.63999999999996,0.2962962962962963,0.7407407407407407,0.2,3.1,5.5,0.006955500026606387
energy_constraint,deadline,1003105,27,18,14,4,5,3,5,76,65,65,52,27,22.6700000000001,0.5185185185185185,0.6666666666666666,0.6,3.611111111111111,1.5,0.0069159999895873625
energy_constraint,deadline,1003106,38,20,9,16,7,3,2,77,63,63,52,133,-80.97999999999998,0.23684210526315788,0.5263157894736842,0.42857142857142855,3.15,6.65,0.007210999967810494
energy_constraint,deadline,1003107,33,19,7,9,9,4,5,76,73,73,54,156,-94.01000000000002,0.21212121212121213,0.5757575757575758,0.4444444444444444,3.8421052631578947,8.210526315789474,0.0070404999803486135
energy_constraint,deadline,1003108,26,16,7,4,4,2,6,78,66,66,52,95,-29.43000000000002,0.2692307692307692,0.6153846153846154,0.5,4.125,5.9375,0.006635000005417169
energy_constraint,deadline,1003109,23,19,10,0,3,0,4,73,65,65,54,20,85.39000000000009,0.43478260869565216,0.8260869565217391,0.0,3.4210526315789473,1.0526315789473684,0.006625000025906047
energy_constraint,deadline,1003110,25,17,10,3,8,3,5,77,65,65,52,38,71.82000000000004,0.4,0.68,0.375,3.823529411764706,2.235294117647059,0.006659999996827537
energy_constraint,deadline,1003111,27,19,7,6,7,5,2,78,66,66,50,140,73.84999999999997,0.25925925925925924,0.7037037037037037,0.7142857142857143,3.473684210526316,7.368421052631579,0.006715499978326989
energy_constraint,deadline,1003112,24,17,6,4,2,0,3,74,68,68,54,115,29.140000000000008,0.25,0.7083333333333334,0.0,4.0,6.764705882352941,0.007621999998264073
energy_constraint,deadline,1003113,22,16,6,1,4,0,5,76,64,64,48,81,8.879999999999967,0.2727272727272727,0.7272727272727273,0.0,4.0,5.0625,0.014481500016927384
energy_constraint,deadline,1003114,35,18,8,13,6,2,4,73,63,63,56,109,-111.88999999999999,0.22857142857142856,0.5142857142857142,0.3333333333333333,3.5,6.055555555555555,0.006785500005435097
energy_constraint,deadline,1003115,34,20,10,9,9,3,5,76,69,69,52,130,-56.379999999999974,0.29411764705882354,0.5882352941176471,0.3333333333333333,3.45,6.5,0.006835500016677543
energy_constraint,deadline,1003116,25,18,11,4,4,3,3,80,63,63,48,103,28.930000000000035,0.44,0.72,0.75,3.5,5.722222222222222,0.006705000004103567
energy_constraint,deadline,1003117,40,23,12,15,11,8,2,74,66,66,54,152,6.040000000000022,0.3,0.575,0.7272727272727273,2.869565217391304,6.608695652173913,0.006765000023278844
energy_constraint,deadline,1003118,27,17,9,5,6,1,5,78,68,68,54,75,7.4900000000000375,0.3333333333333333,0.6296296296296297,0.16666666666666666,4.0,4.411764705882353,0.006745500002125482
energy_constraint,deadline,1003119,21,20,11,0,5,2,1,76,66,66,54,34,195.88999999999993,0.5238095238095238,0.9523809523809523,0.4,3.3,1.7,0.006749999982957888
energy_constraint,deadline,1003120,28,16,7,7,7,3,5,76,66,66,56,112,-39.78999999999999,0.25,0.5714285714285714,0.42857142857142855,4.125,7.0,0.006730499961804526
energy_constraint,deadline,1003121,34,17,6,13,10,2,4,73,73,73,60,141,-142.84999999999997,0.17647058823529413,0.5,0.2,4.294117647058823,8.294117647058824,0.006950999988930562
energy_constraint,deadline,1003122,23,15,8,3,6,2,5,78,62,62,48,65,18.72999999999996,0.34782608695652173,0.6521739130434783,0.3333333333333333,4.133333333333334,4.333333333333333,0.006819999981644287
energy_constraint,deadline,1003123,31,19,11,8,5,3,4,79,68,68,50,51,23.10000000000001,0.3548387096774194,0.6129032258064516,0.6,3.5789473684210527,2.6842105263157894,0.006544500024574518
energy_constraint,deadline,1003124,22,21,13,0,5,4,1,74,61,61,48,59,202.17999999999998,0.5909090909090909,0.9545454545454546,0.8,2.9047619047619047,2.8095238095238093,0.0067199999875811045
energy_constraint,deadline,1003125,23,21,11,1,6,3,1,77,67,67,54,60,147.33999999999995,0.4782608695652174,0.9130434782608695,0.5,3.1904761904761907,2.857142857142857,0.006619999993517922
energy_constraint,deadline,1003126,30,21,10,7,11,3,2,77,62,62,46,127,58.76000000000012,0.3333333333333333,0.7,0.2727272727272727,2.9523809523809526,6.0476190476190474,0.006940499986285431
energy_constraint,deadline,1003127,28,20,10,4,5,2,4,80,66,66,46,88,49.11000000000003,0.35714285714285715,0.7142857142857143,0.4,3.3,4.4,0.0067800000067563815
energy_constraint,deadline,1003128,25,17,6,3,8,2,5,78,63,63,52,117,55.720000000000056,0.24,0.68,0.25,3.7058823529411766,6.882352941176471,0.006855999998833795
energy_constraint,deadline,1003129,29,19,5,8,5,1,2,78,70,70,56,178,0.609999999999979,0.1724137931034483,0.6551724137931034,0.2,3.6842105263157894,9.368421052631579,0.006740499998159066
energy_constraint,deadline,1003130,28,19,8,5,7,4,4,79,67,67,50,93,38.550000000000004,0.2857142857142857,0.6785714285714286,0.5714285714285714,3.526315789473684,4.894736842105263,0.006745000007413182
energy_constraint,deadline,1003131,28,21,10,5,8,3,2,75,65,65,50,91,113.3,0.35714285714285715,0.75,0.375,3.0952380952380953,4.333333333333333,0.006710000008069983
energy_constraint,deadline,1003132,32,19,8,8,3,0,5,75,70,70,58,128,-29.77000000000001,0.25,0.59375,0.0,3.6842105263157894,6.7368421052631575,0.006714999983614689
energy_constraint,deadline,1003133,29,20,6,6,8,3,3,82,63,63,50,154,40.79999999999999,0.20689655172413793,0.6896551724137931,0.375,3.15,7.7,0.007301000010784264
energy_constraint,deadline,1003134,26,17,7,5,6,2,4,80,66,66,52,96,-10.380000000000003,0.2692307692307692,0.6538461538461539,0.3333333333333333,3.8823529411764706,5.647058823529412,0.006770499965114141
energy_constraint,deadline,1003135,35,19,5,12,6,0,4,74,66,66,50,141,-114.39999999999998,0.14285714285714285,0.5428571428571428,0.0,3.473684210526316,7.421052631578948,0.007074999984979513
energy_constraint,deadline,1003136,33,17,7,12,11,6,4,78,68,68,48,145,-76.82000000000001,0.21212121212121213,0.5151515151515151,0.5454545454545454,4.0,8.529411764705882,0.006765000023278844
energy_constraint,deadline,1003137,30,19,3,6,8,1,5,78,62,62,48,159,-50.57,0.1,0.6333333333333333,0.125,3.263157894736842,8.368421052631579,0.006699999971715442
energy_constraint,deadline,1003138,25,18,9,4,5,3,3,79,61,61,48,103,67.88000000000002,0.36,0.72,0.6,3.388888888888889,5.722222222222222,0.006495000036466081
energy_constraint,deadline,1003139,37,19,7,13,9,3,5,77,64,64,52,182,-156.23000000000002,0.1891891891891892,0.5135135135135135,0.3333333333333333,3.3684210526315788,9.578947368421053,0.006795000018655628
energy_constraint,deadline,1003140,39,21,13,14,13,9,4,76,66,66,52,83,-17.629999999999995,0.3333333333333333,0.5384615384615384,0.6923076923076923,3.142857142857143,3.9523809523809526,0.006820500004778296
energy_constraint,deadline,1003141,32,18,5,11,10,2,3,75,67,67,60,179,-95.40000000000005,0.15625,0.5625,0.2,3.7222222222222223,9.944444444444445,0.006824999985610702
energy_constraint,deadline,1003142,30,19,7,10,9,2,1,77,69,69,56,173,-49.34000000000003,0.23333333333333334,0.6333333333333333,0.2222222222222222,3.6315789473684212,9.105263157894736,0.006865499983632617
energy_constraint,deadline,1003143,34,18,7,12,5,3,4,81,66,66,52,136,-83.17999999999999,0.20588235294117646,0.5294117647058824,0.6,3.6666666666666665,7.555555555555555,0.006810000002133165
energy_constraint,deadline,1003144,31,20,7,7,9,3,4,78,68,68,52,114,3.1699999999999733,0.22580645161290322,0.6451612903225806,0.3333333333333333,3.4,5.7,0.006880000000819564
energy_constraint,deadline,1003145,31,16,6,9,9,1,6,76,67,67,50,102,-132.05,0.1935483870967742,0.5161290322580645,0.1111111111111111,4.1875,6.375,0.006640000009383584
energy_constraint,deadline,1003146,21,17,6,0,3,0,4,77,66,66,52,107,60.67,0.2857142857142857,0.8095238095238095,0.0,3.8823529411764706,6.294117647058823,0.006910500019330357
energy_constraint,deadline,1003147,27,16,5,7,6,1,4,77,67,67,58,155,-41.31999999999998,0.18518518518518517,0.5925925925925926,0.16666666666666666,4.1875,9.6875,0.007110000012744422
energy_constraint,deadline,1003148,28,19,11,4,5,3,5,78,64,64,52,71,35.51999999999998,0.39285714285714285,0.6785714285714286,0.6,3.3684210526315788,3.736842105263158,0.006951000017352271
energy_constraint,deadline,1003149,23,15,8,1,2,0,7,75,68,68,62,64,-27.579999999999984,0.34782608695652173,0.6521739130434783,0.0,4.533333333333333,4.266666666666667,0.00680499999816675
energy_constraint,planner,1003000,26,19,14,2,15,10,5,74,60,60,55,19,184.35000000000014,0.5384615384615384,0.7307692307692307,0.6666666666666666,3.1578947368421053,1.0,0.006794999990233919
energy_constraint,planner,1003001,26,20,11,6,7,5,0,68,59,59,49,69,107.49000000000001,0.4230769230769231,0.7692307692307693,0.7142857142857143,2.95,3.45,0.0066650000007939525
energy_constraint,planner,1003002,24,15,9,2,4,2,7,54,51,51,41,61,7.110000000000042,0.375,0.625,0.5,3.4,4.066666666666666,0.02035600002159299
energy_constraint,planner,1003003,19,19,11,0,2,1,0,74,58,58,48,33,173.9800000000001,0.5789473684210527,1.0,0.5,3.0526315789473686,1.736842105263158,0.006525000003421155
energy_constraint,planner,1003004,30,14,8,9,8,1,7,61,51,51,45,68,-202.5,0.26666666666666666,0.4666666666666667,0.125,3.642857142857143,4.857142857142857,0.008917999991808756
energy_constraint,planner,1003005,26,11,4,8,8,3,7,47,41,41,37,75,-132.57999999999998,0.15384615384615385,0.4230769230769231,0.375,3.727272727272727,6.818181818181818,0.020906999992575948
energy_constraint,planner,1003006,42,18,6,17,9,1,7,66,57,57,52,128,-212.57999999999998,0.14285714285714285,0.42857142857142855,0.1111111111111111,3.1666666666666665,7.111111111111111,0.008487999991757533
energy_constraint,planner,1003007,22,19,12,0,8,5,3,73,66,66,52,27,169.46999999999997,0.5454545454545454,0.8636363636363636,0.625,3.473684210526316,1.4210526315789473,0.006865500012054326
energy_constraint,planner,1003008,25,17,11,4,4,2,4,66,58,58,48,63,45.38000000000003,0.44,0.68,0.5,3.411764705882353,3.7058823529411766,0.006969999986949915
energy_constraint,planner,1003009,22,19,16,0,6,4,3,76,68,68,52,11,179.32000000000002,0.7272727272727273,0.8636363636363636,0.6666666666666666,3.5789473684210527,0.5789473684210527,0.006759999990890719
energy_constraint,planner,1003010,28,17,14,4,6,1,7,56,50,50,41,15,-34.039999999999935,0.5,0.6071428571428571,0.16666666666666666,2.9411764705882355,0.8823529411764706,0.009964500009118638
energy_constraint,planner,1003011,39,20,8,14,14,2,5,74,62,62,53,85,-116.02000000000001,0.20512820512820512,0.5128205128205128,0.14285714285714285,3.1,4.25,0.006980999984307346
energy_constraint,planner,1003012,24,19,10,1,8,6,4,74,60,60,51,84,137.81,0.4166666666666667,0.7916666666666666,0.75,3.1578947368421053,4.421052631578948,0.006995999996206592
energy_constraint,planner,1003013,25,13,8,5,11,5,7,46,47,47,38,64,-147.67,0.32,0.52,0.45454545454545453,3.6153846153846154,4.923076923076923,0.02128200000584002
energy_constraint,planner,1003014,39,17,10,15,11,7,7,61,51,51,45,49,-128.95,0.2564102564102564,0.4358974358974359,0.6363636363636364,3.0,2.8823529411764706,0.01029100002369887
energy_constraint,planner,1003015,28,16,12,5,7,4,7,60,56,56,47,33,-55.53000000000003,0.42857142857142855,0.5714285714285714,0.5714285714285714,3.5,2.0625,0.0093589999607957
energy_constraint,planner,1003016,31,20,8,8,10,2,3,74,62,62,46,115,-10.54000000000002,0.25806451612903225,0.6451612903225806,0.2,3.1,5.75,0.007035500004803907
energy_constraint,planner,1003017,27,17,9,6,12,5,4,69,60,60,55,66,-7.0,0.3333333333333333,0.6296296296296297,0.4166666666666667,3.5294117647058822,3.8823529411764706,0.007019999998192361
energy_constraint,planner,1003018,35,19,10,13,10,3,3,76,65,65,54,102,-111.46000000000001,0.2857142857142857,0.5428571428571428,0.3,3.4210526315789473,5.368421052631579,0.006830499984289418
energy_constraint,planner,1003019,21,19,13,0,6,5,2,76,62,62,46,34,185.26,0.6190476190476191,0.9047619047619048,0.8333333333333334,3.263157894736842,1.7894736842105263,0.006615000017973216
energy_constraint,planner,1003020,34,13,7,15,12,3,6,50,47,47,38,55,-244.62,0.20588235294117646,0.38235294117647056,0.25,3.6153846153846154,4.230769230769231,0.02106200000184799
energy_constraint,planner,1003021,33,5,5,18,7,2,10,19,17,17,17,0,-512.63,0.15151515151515152,0.15151515151515152,0.2857142857142857,3.4,0.0,0.03494749998367297
energy_constraint,planner,1003022,36,18,11,13,10,6,5,75,63,63,55,80,-99.44999999999995,0.3055555555555556,0.5,0.6,3.5,4.444444444444445,0.006849999977021071
energy_constraint,planner,1003023,32,17,7,11,8,2,4,77,62,62,50,95,-78.50000000000003,0.21875,0.53125,0.25,3.6470588235294117,5.588235294117647,0.00685050000015508
energy_constraint,planner,1003024,34,12,4,17,4,0,5,50,40,40,37,114,-274.3299999999999,0.11764705882352941,0.35294117647058826,0.0,3.3333333333333335,9.5,0.020876999997199164
energy_constraint,planner,1003025,33,8,8,15,8,3,10,32,28,28,28,0,-363.9699999999998,0.24242424242424243,0.24242424242424243,0.375,3.5,0.0,0.03432700003713762
energy_constraint,planner,1003026,25,19,16,0,6,5,6,67,55,55,46,12,107.11000000000007,0.64,0.76,0.8333333333333334,2.8947368421052633,0.631578947368421,0.008528500018201157
energy_constraint,planner,1003027,23,18,6,2,2,1,3,76,63,63,48,120,60.679999999999986,0.2608695652173913,0.782608695652174,0.5,3.5,6.666666666666667,0.006925000008095594
energy_constraint,planner,1003028,26,5,5,11,6,0,10,19,19,19,19,0,-409.96000000000015,0.19230769230769232,0.19230769230769232,0.0,3.8,0.0,0.034747999990258904
energy_constraint,planner,1003029,29,8,5,11,8,2,10,36,30,30,30,17,-285.5,0.1724137931034483,0.27586206896551724,0.25,3.75,2.125,0.02182749997814426
energy_constraint,planner,1003030,34,14,5,13,4,2,7,47,43,43,33,109,-193.32000000000002,0.14705882352941177,0.4117647058823529,0.5,3.0714285714285716,7.785714285714286,0.021346999972138292
energy_constraint,planner,1003031,34,12,7,14,8,4,8,46,39,39,30,62,-243.70000000000002,0.20588235294117646,0.35294117647058826,0.5,3.25,5.166666666666667,0.021772999986069408
energy_constraint,planner,1003032,35,18,10,11,15,7,6,71,63,63,57,110,-67.12999999999995,0.2857142857142857,0.5142857142857142,0.4666666666666667,3.5,6.111111111111111,0.0069499999995059625
energy_constraint,planner,1003033,35,10,6,18,12,1,7,44,37,37,34,71,-448.26,0.17142857142857143,0.2857142857142857,0.08333333333333333,3.7,7.1,0.022098000016512742
energy_constraint,planner,1003034,28,7,6,11,6,1,10,34,28,28,28,3,-337.81999999999994,0.21428571428571427,0.25,0.16666666666666666,4.0,0.42857142857142855,0.022148999988758078
energy_constraint,planner,1003035,30,19,9,6,8,2,5,75,66,66,54,53,37.49,0.3,0.6333333333333333,0.25,3.473684210526316,2.789473684210526,0.006710000008069983
energy_constraint,planner,1003036,33,15,10,10,5,1,8,54,46,46,43,63,-193.36999999999998,0.30303030303030304,0.45454545454545453,0.2,3.066666666666667,4.2,0.020996499983994
energy_constraint,planner,1003037,29,11,6,11,10,3,7,51,43,43,31,73,-288.24,0.20689655172413793,0.3793103448275862,0.3,3.909090909090909,6.636363636363637,0.02107600002432264
energy_constraint,planner,1003038,26,14,10,6,6,4,6,49,41,41,35,75,-46.549999999999955,0.38461538461538464,0.5384615384615384,0.6666666666666666,2.9285714285714284,5.357142857142857,0.02097149996416192
energy_constraint,planner,1003039,22,19,7,1,4,1,2,77,69,69,52,104,93.96999999999998,0.3181818181818182,0.8636363636363636,0.25,3.6315789473684212,5.473684210526316,0.006890000008752395
energy_constraint,planner,1003040,30,13,10,7,7,3,10,50,40,40,40,13,-151.69999999999996,0.3333333333333333,0.43333333333333335,0.42857142857142855,3.076923076923077,1.0,0.011992999986887298
energy_constraint,planner,1003041,29,16,6,9,7,3,4,76,60,60,56,108,-22.440000000000023,0.20689655172413793,0.5517241379310345,0.42857142857142855,3.75,6.75,0.006905500015363941
energy_constraint,planner,1003042,26,16,10,3,14,6,7,64,50,50,43,36,-26.519999999999968,0.38461538461538464,0.6153846153846154,0.42857142857142855,3.125,2.25,0.00916350003876687
energy_constraint,planner,1003043,27,19,9,3,4,3,5,74,62,62,51,72,49.60999999999994,0.3333333333333333,0.7037037037037037,0.75,3.263157894736842,3.789473684210526,0.007175500002176705
energy_constraint,planner,1003044,31,19,8,7,5,3,5,71,61,61,57,86,-13.230000000000011,0.25806451612903225,0.6129032258064516,0.6,3.210526315789474,4.526315789473684,0.006695000024592446
energy_constraint,planner,1003045,37,21,10,11,12,6,5,77,71,71,53,104,0.5300000000000011,0.2702702702702703,0.5675675675675675,0.5,3.380952380952381,4.9523809523809526,0.007151000005478636
energy_constraint,planner,1003046,30,20,11,6,8,4,4,77,62,62,51,80,35.90999999999999,0.36666666666666664,0.6666666666666666,0.5,3.1,4.0,0.007561500012798206
energy_constraint,planner,1003047,30,13,7,11,9,3,6,48,40,40,33,40,-179.76999999999992,0.23333333333333334,0.43333333333333335,0.3333333333333333,3.076923076923077,3.076923076923077,0.02141700002766811
energy_constraint,planner,1003048,33,11,5,15,8,2,7,45,37,37,37,77,-329.88,0.15151515151515152,0.3333333333333333,0.25,3.3636363636363638,7.0,0.021682999999939057
energy_constraint,planner,1003049,32,16,9,9,8,3,7,61,54,54,50,68,-164.19999999999996,0.28125,0.5,0.375,3.375,4.25,0.01144250001061664
energy_constraint,planner,1003050,28,8,6,10,11,4,10,41,31,31,31,17,-333.3899999999998,0.21428571428571427,0.2857142857142857,0.36363636363636365,3.875,2.125,0.02243349999275779
energy_constraint,planner,1003051,29,16,7,7,6,3,6,61,53,53,44,85,-91.35999999999999,0.2413793103448276,0.5517241379310345,0.5,3.3125,5.3125,0.016895500010605247
energy_constraint,planner,1003052,28,13,7,8,5,1,7,48,41,41,29,57,-192.86,0.25,0.4642857142857143,0.2,3.1538461538461537,4.384615384615385,0.021071999981359113
energy_constraint,planner,1003053,27,21,14,2,10,7,4,70,65,65,52,54,159.3200000000001,0.5185185185185185,0.7777777777777778,0.7,3.0952380952380953,2.5714285714285716,0.007290999974429724
energy_constraint,planner,1003054,20,19,9,0,3,2,1,75,68,68,54,85,144.13999999999996,0.45,0.95,0.6666666666666666,3.5789473684210527,4.473684210526316,0.006980500018016755
energy_constraint,planner,1003055,28,17,10,7,4,2,4,52,44,44,38,120,-83.91999999999996,0.35714285714285715,0.6071428571428571,0.5,2.588235294117647,7.0588235294117645,0.021102000005157606
energy_constraint,planner,1003056,20,20,10,0,2,1,0,77,65,65,50,74,166.89999999999995,0.5,1.0,0.5,3.25,3.7,0.006775499997502266
energy_constraint,planner,1003057,25,17,7,6,6,3,2,74,65,65,44,83,44.989999999999995,0.28,0.68,0.5,3.823529411764706,4.882352941176471,0.006775000002789966
energy_constraint,planner,1003058,32,9,4,16,9,4,7,36,28,28,24,83,-282.60999999999996,0.125,0.28125,0.4444444444444444,3.111111111111111,9.222222222222221,0.021306999997250387
energy_constraint,planner,1003059,27,22,11,2,4,2,3,75,65,65,49,88,139.49000000000007,0.4074074074074074,0.8148148148148148,0.5,2.9545454545454546,4.0,0.007060000001501976
energy_constraint,planner,1003060,36,14,8,15,9,3,7,49,37,37,29,55,-252.25999999999993,0.2222222222222222,0.3888888888888889,0.3333333333333333,2.642857142857143,3.9285714285714284,0.021377500019070794
energy_constraint,planner,1003061,33,20,8,9,6,2,4,74,58,58,44,107,-37.75999999999996,0.24242424242424243,0.6060606060606061,0.3333333333333333,2.9,5.35,0.007006000004139423
energy_constraint,planner,1003062,32,10,8,12,7,1,10,42,38,38,38,2,-329.4200000000002,0.25,0.3125,0.14285714285714285,3.8,0.2,0.021432500005857946
energy_constraint,planner,1003063,27,12,7,8,5,4,7,44,41,41,33,79,-137.17000000000002,0.25925925925925924,0.4444444444444444,0.8,3.4166666666666665,6.583333333333333,0.021277000001873603
energy_constraint,planner,1003064,34,10,4,17,7,1,7,51,43,43,33,104,-400.67000000000013,0.11764705882352941,0.29411764705882354,0.14285714285714285,4.3,10.4,0.020876999997199164
energy_constraint,planner,1003065,27,15,7,6,6,2,6,62,50,50,47,105,-108.68,0.25925925925925924,0.5555555555555556,0.3333333333333333,3.3333333333333335,7.0,0.010140499995259233
energy_constraint,planner,1003066,22,4,4,8,6,1,10,22,20,20,20,0,-384.9500000000002,0.18181818181818182,0.18181818181818182,0.16666666666666666,5.0,0.0,0.03461700001139434
energy_constraint,planner,1003067,26,12,5,7,7,3,7,37,34,34,22,86,-149.43,0.19230769230769232,0.46153846153846156,0.42857142857142855,2.8333333333333335,7.166666666666667,0.02147250000916756
energy_constraint,planner,1003068,29,8,5,11,7,1,10,37,31,31,31,23,-306.68999999999994,0.1724137931034483,0.27586206896551724,0.14285714285714285,3.875,2.875,0.0219425000125284
energy_constraint,planner,1003069,35,7,4,18,5,1,10,41,29,29,29,22,-396.66,0.11428571428571428,0.2,0.2,4.142857142857143,3.142857142857143,0.02138300001774951
energy_constraint,planner,1003070,21,7,7,4,6,1,10,33,29,29,29,0,-238.86,0.3333333333333333,0.3333333333333333,0.16666666666666666,4.142857142857143,0.0,0.021251999982041525
energy_constraint,planner,1003071,24,13,8,4,5,2,7,57,49,49,44,35,-66.70999999999998,0.3333333333333333,0.5416666666666666,0.4,3.769230769230769,2.6923076923076925,0.012793999985660776
energy_constraint,planner,1003072,25,17,7,3,3,2,5,77,62,62,46,84,25.510000000000026,0.28,0.68,0.6666666666666666,3.6470588235294117,4.9411764705882355,0.007295999978396139
energy_constraint,planner,1003073,25,21,12,1,5,5,3,75,62,62,50,73,158.10000000000002,0.48,0.84,1.0,2.9523809523809526,3.4761904761904763,0.006959999979017084
energy_constraint,planner,1003074,28,19,9,6,9,2,3,74,62,62,50,108,79.89999999999996,0.32142857142857145,0.6785714285714286,0.2222222222222222,3.263157894736842,5.684210526315789,0.006705499998815867
energy_constraint,planner,1003075,35,14,6,14,8,4,7,61,51,51,42,100,-235.87999999999997,0.17142857142857143,0.4,0.5,3.642857142857143,7.142857142857143,0.018332999985659626
energy_constraint,planner,1003076,18,11,7,0,3,0,7,55,45,45,41,13,-82.03999999999996,0.3888888888888889,0.6111111111111112,0.0,4.090909090909091,1.1818181818181819,0.009499000015011916
energy_constraint,planner,1003077,35,17,10,11,10,6,7,60,54,54,48,49,-117.32000000000001,0.2857142857142857,0.4857142857142857,0.6,3.176470588235294,2.8823529411764706,0.010696000003918016
energy_constraint,planner,1003078,30,17,11,6,6,3,7,65,57,57,54,29,-14.110000000000014,0.36666666666666664,0.5666666666666667,0.5,3.3529411764705883,1.7058823529411764,0.006865500012054326
energy_constraint,planner,1003079,27,2,2,15,4,0,10,10,10,10,10,0,-515.4999999999995,0.07407407407407407,0.07407407407407407,0.0,5.0,0.0,0.03459699999552868
energy_constraint,planner,1003080,27,13,7,8,9,3,6,42,42,42,36,84,-158.89,0.25925925925925924,0.48148148148148145,0.3333333333333333,3.230769230769231,6.461538461538462,0.021117000017056853
energy_constraint,planner,1003081,32,12,7,13,9,1,7,37,33,33,31,41,-257.34,0.21875,0.375,0.1111111111111111,2.75,3.4166666666666665,0.020851500011076496
energy_constraint,planner,1003082,22,15,10,2,11,6,5,48,43,43,34,67,-30.310000000000016,0.45454545454545453,0.6818181818181818,0.5454545454545454,2.8666666666666667,4.466666666666667,0.021933000027729577
energy_constraint,planner,1003083,30,11,5,11,8,2,8,37,31,31,25,62,-278.0499999999999,0.16666666666666666,0.36666666666666664,0.25,2.8181818181818183,5.636363636363637,0.02211299999999028
energy_constraint,planner,1003084,27,11,7,9,10,4,7,43,37,37,31,54,-228.99,0.25925925925925924,0.4074074074074074,0.4,3.3636363636363638,4.909090909090909,0.02170249999267071
energy_constraint,planner,1003085,27,16,8,4,3,1,7,68,56,56,50,63,-44.150000000000006,0.2962962962962963,0.5925925925925926,0.3333333333333333,3.5,3.9375,0.007696000011492288
energy_constraint,planner,1003086,31,15,9,10,9,6,6,68,54,54,48,93,-94.61999999999996,0.2903225806451613,0.4838709677419355,0.6666666666666666,3.6,6.2,0.0083325000161949
energy_constraint,planner,1003087,26,18,6,4,6,2,4,81,68,68,48,97,42.58,0.23076923076923078,0.6923076923076923,0.3333333333333333,3.7777777777777777,5.388888888888889,0.007025000002158777
energy_constraint,planner,1003088,31,22,6,7,6,0,2,78,64,64,48,117,32.03,0.1935483870967742,0.7096774193548387,0.0,2.909090909090909,5.318181818181818,0.007185499981687826
energy_constraint,planner,1003089,31,17,8,10,10,5,4,75,59,59,44,99,-62.06000000000001,0.25806451612903225,0.5483870967741935,0.5,3.4705882352941178,5.823529411764706,0.0073159999942618015
energy_constraint,planner,1003090,33,11,5,12,7,1,10,49,37,37,37,33,-269.42999999999995,0.15151515151515152,0.3333333333333333,0.14285714285714285,3.3636363636363638,3.0,0.012348499978998007
energy_constraint,planner,1003091,35,13,5,15,8,1,7,67,51,51,45,61,-228.70000000000005,0.14285714285714285,0.37142857142857144,0.125,3.923076923076923,4.6923076923076925,0.009158499977957035
energy_constraint,planner,1003092,32,20,8,9,7,2,3,71,67,67,60,143,-39.3,0.25,0.625,0.2857142857142857,3.35,7.15,0.006945499990251847
energy_constraint,planner,1003093,32,8,3,14,7,0,10,32,26,26,26,52,-413.2900000000001,0.09375,0.25,0.0,3.25,6.5,0.021652500009849973
energy_constraint,planner,1003094,25,18,10,2,7,4,5,76,60,60,50,79,76.15000000000002,0.4,0.72,0.5714285714285714,3.3333333333333335,4.388888888888889,0.0072610000074746495
energy_constraint,planner,1003095,36,21,10,11,7,4,4,75,59,59,50,110,-39.85000000000001,0.2777777777777778,0.5833333333333334,0.5714285714285714,2.8095238095238093,5.238095238095238,0.007265999983019356
energy_constraint,planner,1003096,26,21,11,1,4,2,4,76,68,68,50,98,96.64999999999995,0.4230769230769231,0.8076923076923077,0.5,3.238095238095238,4.666666666666667,0.0067654999895694345
energy_constraint,planner,1003097,26,19,8,4,10,4,3,74,60,60,52,136,92.16999999999996,0.3076923076923077,0.7307692307692307,0.4,3.1578947368421053,7.157894736842105,0.006890999998176994
energy_constraint,planner,1003098,28,20,9,5,10,6,3,77,67,67,50,142,87.95000000000006,0.32142857142857145,0.7142857142857143,0.6,3.35,7.1,0.006990999992240177
energy_constraint,planner,1003099,27,13,9,7,6,4,7,48,38,38,35,55,-129.14999999999998,0.3333333333333333,0.48148148148148145,0.6666666666666666,2.923076923076923,4.230769230769231,0.02071149998528199
energy_constraint,planner,1003100,31,12,7,12,9,3,7,47,39,39,33,73,-284.82,0.22580645161290322,0.3870967741935484,0.3333333333333333,3.25,6.083333333333333,0.020941499968785138
energy_constraint,planner,1003101,35,20,10,8,6,1,7,59,53,53,52,68,-89.38,0.2857142857142857,0.5714285714285714,0.16666666666666666,2.65,3.4,0.009634500031552307
energy_constraint,planner,1003102,30,19,11,7,5,3,4,72,64,64,50,107,-11.749999999999986,0.36666666666666664,0.6333333333333333,0.6,3.3684210526315788,5.631578947368421,0.006579999990208307
energy_constraint,planner,1003103,33,16,8,12,10,5,5,72,60,60,58,91,-58.52000000000002,0.24242424242424243,0.48484848484848486,0.5,3.75,5.6875,0.006705499970394158
energy_constraint,planner,1003104,27,19,9,4,10,3,4,75,62,62,49,97,76.83999999999997,0.3333333333333333,0.7037037037037037,0.3,3.263157894736842,5.105263157894737,0.006755000015346013
energy_constraint,planner,1003105,27,11,10,6,5,1,10,46,36,36,36,1,-203.49,0.37037037037037035,0.4074074074074074,0.2,3.272727272727273,0.09090909090909091,0.013135000017427956
energy_constraint,planner,1003106,38,12,8,19,7,3,7,49,39,39,39,62,-329.5099999999998,0.21052631578947367,0.3157894736842105,0.42857142857142855,3.25,5.166666666666667,0.020931499989274016
energy_constraint,planner,1003107,33,20,7,9,9,3,4,72,64,64,55,158,-47.800000000000004,0.21212121212121213,0.6060606060606061,0.3333333333333333,3.2,7.9,0.006960999996863393
energy_constraint,planner,1003108,26,12,6,7,4,1,7,47,43,43,34,60,-170.01,0.23076923076923078,0.46153846153846156,0.25,3.5833333333333335,5.0,0.02104199998598233
energy_constraint,planner,1003109,23,15,10,0,3,1,8,61,49,49,43,27,0.3300000000000267,0.43478260869565216,0.6521739130434783,0.3333333333333333,3.2666666666666666,1.8,0.008393000001660766
energy_constraint,planner,1003110,25,22,13,1,8,5,2,75,61,61,48,50,214.0300000000001,0.52,0.88,0.625,2.772727272727273,2.272727272727273,0.006715000012036398
energy_constraint,planner,1003111,27,12,6,8,7,2,7,42,40,40,34,54,-191.41000000000003,0.2222222222222222,0.4444444444444444,0.2857142857142857,3.3333333333333335,4.5,0.020922000004475194
energy_constraint,planner,1003112,24,8,4,8,2,1,8,37,29,29,22,55,-225.02999999999997,0.16666666666666666,0.3333333333333333,0.5,3.625,6.875,0.02132700001311605
energy_constraint,planner,1003113,22,8,7,4,4,0,10,36,30,30,30,2,-202.3,0.3181818181818182,0.36363636363636365,0.0,3.75,0.25,0.02115649996881075
energy_constraint,planner,1003114,35,18,8,12,6,0,5,68,58,58,54,94,-133.71000000000004,0.22857142857142856,0.5142857142857142,0.0,3.2222222222222223,5.222222222222222,0.006760000019312429
energy_constraint,planner,1003115,34,13,8,14,9,2,7,49,45,45,40,59,-278.29999999999995,0.23529411764705882,0.38235294117647056,0.2222222222222222,3.4615384615384617,4.538461538461538,0.02096200000778481
energy_constraint,planner,1003116,25,19,11,4,4,3,2,79,63,63,51,93,81.85999999999999,0.44,0.76,0.75,3.3157894736842106,4.894736842105263,0.006494499984910362
energy_constraint,planner,1003117,40,22,13,14,11,8,4,73,67,67,56,117,-13.989999999999988,0.325,0.55,0.7272727272727273,3.0454545454545454,5.318181818181818,0.00680499996974504
energy_constraint,planner,1003118,27,18,9,4,6,2,5,69,68,68,59,59,65.19000000000003,0.3333333333333333,0.6666666666666666,0.3333333333333333,3.7777777777777777,3.2777777777777777,0.00672549998625982
energy_constraint,planner,1003119,21,16,10,0,5,4,5,69,54,54,46,43,63.80999999999992,0.47619047619047616,0.7619047619047619,0.8,3.375,2.6875,0.007235999959220862
energy_constraint,planner,1003120,28,20,10,4,7,4,4,75,67,67,54,97,85.34,0.35714285714285715,0.7142857142857143,0.5714285714285714,3.35,4.85,0.0071004999995238904
energy_constraint,planner,1003121,34,9,3,18,10,1,7,36,31,31,28,55,-383.41999999999996,0.08823529411764706,0.2647058823529412,0.1,3.4444444444444446,6.111111111111111,0.021396999983380738
energy_constraint,planner,1003122,23,18,13,0,6,4,5,72,65,65,54,26,135.59,0.5652173913043478,0.782608695652174,0.6666666666666666,3.611111111111111,1.4444444444444444,0.0067250000199692295
energy_constraint,planner,1003123,31,19,14,8,5,5,4,76,67,67,52,49,36.469999999999956,0.45161290322580644,0.6129032258064516,1.0,3.526315789473684,2.5789473684210527,0.006560000002764355
energy_constraint,planner,1003124,22,13,10,2,5,2,7,51,41,41,29,36,-20.05999999999996,0.45454545454545453,0.5909090909090909,0.4,3.1538461538461537,2.769230769230769,0.020841999997855964
energy_constraint,planner,1003125,23,19,9,2,6,3,2,76,67,67,54,49,105.04000000000003,0.391304347826087,0.8260869565217391,0.5,3.526315789473684,2.5789473684210527,0.006655000021282831
energy_constraint,planner,1003126,30,12,8,10,11,3,8,46,41,41,32,23,-250.67999999999998,0.26666666666666666,0.4,0.2727272727272727,3.4166666666666665,1.9166666666666667,0.021067000005814407
energy_constraint,planner,1003127,28,22,12,3,5,3,3,77,65,65,46,102,120.91000000000003,0.42857142857142855,0.7857142857142857,0.6,2.9545454545454546,4.636363636363637,0.006624999969062628
energy_constraint,planner,1003128,25,13,9,5,8,4,7,48,44,44,41,62,-121.38999999999999,0.36,0.52,0.5,3.3846153846153846,4.769230769230769,0.020860999995875318
energy_constraint,planner,1003129,29,13,6,10,5,0,6,43,39,39,35,100,-257.75000000000006,0.20689655172413793,0.4482758620689655,0.0,3.0,7.6923076923076925,0.02071149998528199
energy_constraint,planner,1003130,28,19,12,4,7,4,5,76,63,63,52,41,70.12,0.42857142857142855,0.6785714285714286,0.5714285714285714,3.3157894736842106,2.1578947368421053,0.006705500027237576
energy_constraint,planner,1003131,28,19,11,6,8,5,3,74,62,62,49,77,77.69,0.39285714285714285,0.6785714285714286,0.625,3.263157894736842,4.052631578947368,0.007140500002833505
energy_constraint,planner,1003132,32,8,6,14,3,1,10,33,29,29,29,17,-368.8599999999999,0.1875,0.25,0.3333333333333333,3.625,2.125,0.021562999990010212
energy_constraint,planner,1003133,29,17,5,8,8,2,4,73,57,57,54,135,-39.75999999999997,0.1724137931034483,0.5862068965517241,0.25,3.3529411764705883,7.9411764705882355,0.006940999980997731
energy_constraint,planner,1003134,26,8,7,8,6,2,10,38,34,34,34,2,-282.11,0.2692307692307692,0.3076923076923077,0.3333333333333333,4.25,0.25,0.02140699999131357
energy_constraint,planner,1003135,35,20,10,11,6,4,4,75,65,65,47,127,-20.979999999999983,0.2857142857142857,0.5714285714285714,0.6666666666666666,3.25,6.35,0.006860999974378501
energy_constraint,planner,1003136,33,20,10,11,11,8,2,76,68,68,48,150,22.97999999999997,0.30303030303030304,0.6060606060606061,0.7272727272727273,3.4,7.5,0.0070504999882814445
energy_constraint,planner,1003137,30,20,7,6,8,2,4,74,66,66,53,164,-22.32,0.23333333333333334,0.6666666666666666,0.25,3.3,8.2,0.006909999996196348
energy_constraint,planner,1003138,25,21,11,3,5,3,1,72,66,66,54,100,145.54000000000013,0.44,0.84,0.6,3.142857142857143,4.761904761904762,0.007175999996889004
energy_constraint,planner,1003139,37,10,4,18,9,1,9,38,31,31,26,63,-392.59,0.10810810810810811,0.2702702702702703,0.1111111111111111,3.1,6.3,0.021537999998599844
energy_constraint,planner,1003140,39,17,11,17,13,7,5,54,50,50,45,70,-146.2999999999999,0.28205128205128205,0.4358974358974359,0.5384615384615384,2.9411764705882355,4.117647058823529,0.02006049999181414
energy_constraint,planner,1003141,32,15,7,10,10,3,7,64,52,52,46,78,-142.18999999999994,0.21875,0.46875,0.3,3.466666666666667,5.2,0.009249000015643105
energy_constraint,planner,1003142,30,10,6,13,9,2,7,44,38,38,37,60,-330.67999999999995,0.2,0.3333333333333333,0.2222222222222222,3.8,6.0,0.02063099998395046
energy_constraint,planner,1003143,34,8,6,16,5,2,10,29,29,29,29,4,-390.8599999999999,0.17647058823529413,0.23529411764705882,0.4,3.625,0.5,0.030836999968641976
energy_constraint,planner,1003144,31,16,11,7,9,3,8,54,50,50,42,36,-170.17999999999995,0.3548387096774194,0.5161290322580645,0.3333333333333333,3.125,2.25,0.020806000009088166
energy_constraint,planner,1003145,31,7,6,14,9,2,10,28,26,26,26,1,-378.99,0.1935483870967742,0.22580645161290322,0.2222222222222222,3.7142857142857144,0.14285714285714285,0.023655499973074257
energy_constraint,planner,1003146,21,16,13,0,3,2,5,52,52,52,43,18,38.880000000000024,0.6190476190476191,0.7619047619047619,0.6666666666666666,3.25,1.125,0.020320499999115782
energy_constraint,planner,1003147,27,11,6,9,6,3,7,45,37,37,35,45,-131.74999999999997,0.2222222222222222,0.4074074074074074,0.5,3.3636363636363638,4.090909090909091,0.020831499995210834
energy_constraint,planner,1003148,28,17,7,5,5,3,6,74,58,58,48,76,-8.170000000000016,0.25,0.6071428571428571,0.6,3.411764705882353,4.470588235294118,0.006936000005453025
energy_constraint,planner,1003149,23,16,6,3,2,1,4,81,68,68,46,114,12.109999999999971,0.2608695652173913,0.6956521739130435,0.5,4.25,7.125,0.006639999980961875
energy_constraint,ddqn_101,1003000,26,21,17,0,15,12,5,75,71,71,52,41,205.82000000000008,0.6538461538461539,0.8076923076923077,0.8,3.380952380952381,1.9523809523809523,0.12059150000709451
energy_constraint,ddqn_101,1003001,26,13,6,10,7,3,3,71,49,49,32,87,-151.63000000000002,0.23076923076923078,0.5,0.42857142857142855,3.769230769230769,6.6923076923076925,0.12580450001564714
energy_constraint,ddqn_101,1003002,24,21,15,0,4,4,3,70,62,62,48,44,167.62999999999997,0.625,0.875,1.0,2.9523809523809526,2.0952380952380953,0.11560899997675733
energy_constraint,ddqn_101,1003003,19,15,13,0,2,1,4,56,52,52,43,6,82.13,0.6842105263157895,0.7894736842105263,0.5,3.466666666666667,0.4,0.10876899997924738
energy_constraint,ddqn_101,1003004,30,14,8,10,8,2,6,62,48,48,32,67,-202.27999999999997,0.26666666666666666,0.4666666666666667,0.25,3.4285714285714284,4.785714285714286,0.1280080000185535
energy_constraint,ddqn_101,1003005,26,15,8,4,8,4,7,73,58,58,44,65,-73.20999999999998,0.3076923076923077,0.5769230769230769,0.5,3.8666666666666667,4.333333333333333,0.1280085000132658
energy_constraint,ddqn_101,1003006,42,20,11,16,9,4,6,73,69,69,48,92,-154.06999999999996,0.2619047619047619,0.47619047619047616,0.4444444444444444,3.45,4.6,0.13216450000186342
energy_constraint,ddqn_101,1003007,22,18,10,0,8,3,4,73,63,63,40,44,128.35000000000008,0.45454545454545453,0.8181818181818182,0.375,3.5,2.4444444444444446,0.11926950000429315
energy_constraint,ddqn_101,1003008,25,15,8,7,4,1,3,62,54,54,36,59,-63.99,0.32,0.6,0.25,3.6,3.933333333333333,0.11790849998760677
energy_constraint,ddqn_101,1003009,22,18,14,1,6,3,3,69,63,63,46,62,60.06000000000003,0.6363636363636364,0.8181818181818182,0.5,3.5,3.4444444444444446,0.11245449999819357
energy_constraint,ddqn_101,1003010,28,15,10,6,6,2,7,71,57,57,42,38,-68.28000000000006,0.35714285714285715,0.5357142857142857,0.3333333333333333,3.8,2.533333333333333,0.12721199999532473
energy_constraint,ddqn_101,1003011,39,19,12,15,14,7,5,69,65,65,48,64,-127.27,0.3076923076923077,0.48717948717948717,0.5,3.4210526315789473,3.3684210526315788,0.13147799998591836
energy_constraint,ddqn_101,1003012,24,17,9,1,8,5,6,68,53,53,34,57,93.84000000000009,0.375,0.7083333333333334,0.625,3.1176470588235294,3.3529411764705883,0.14697650001949114
energy_constraint,ddqn_101,1003013,25,14,7,5,11,5,6,74,64,64,48,132,-112.76999999999998,0.28,0.56,0.45454545454545453,4.571428571428571,9.428571428571429,0.1437969999926736
energy_constraint,ddqn_101,1003014,39,18,9,15,11,4,6,67,58,58,42,95,-161.03,0.23076923076923078,0.46153846153846156,0.36363636363636365,3.2222222222222223,5.277777777777778,0.1567814999816619
energy_constraint,ddqn_101,1003015,28,16,11,6,7,2,6,72,60,60,40,82,-85.45000000000003,0.39285714285714285,0.5714285714285714,0.2857142857142857,3.75,5.125,0.1385644999629676
energy_constraint,ddqn_101,1003016,31,14,10,10,10,3,7,67,59,59,44,38,-198.35999999999996,0.3225806451612903,0.45161290322580644,0.3,4.214285714285714,2.7142857142857144,0.1457694999942305
energy_constraint,ddqn_101,1003017,27,15,10,5,12,5,7,67,58,58,41,43,-125.68999999999997,0.37037037037037035,0.5555555555555556,0.4166666666666667,3.8666666666666667,2.8666666666666667,0.13737749998199433
energy_constraint,ddqn_101,1003018,35,15,8,15,10,2,5,69,59,59,45,88,-205.8,0.22857142857142856,0.42857142857142855,0.2,3.933333333333333,5.866666666666666,0.14044149997971545
energy_constraint,ddqn_101,1003019,21,18,12,0,6,5,3,71,60,60,39,48,159.44,0.5714285714285714,0.8571428571428571,0.8333333333333334,3.3333333333333335,2.6666666666666665,0.12197350000064944
energy_constraint,ddqn_101,1003020,34,16,7,13,12,3,5,76,59,59,40,104,-190.0,0.20588235294117646,0.47058823529411764,0.25,3.6875,6.5,0.12817350000204897
energy_constraint,ddqn_101,1003021,33,15,7,12,7,4,6,63,55,55,34,114,-106.91000000000001,0.21212121212121213,0.45454545454545453,0.5714285714285714,3.6666666666666665,7.6,0.13882999999736967
energy_constraint,ddqn_101,1003022,36,15,9,15,10,5,6,68,54,54,38,67,-175.61999999999998,0.25,0.4166666666666667,0.5,3.6,4.466666666666667,0.12903500001471002
energy_constraint,ddqn_101,1003023,32,14,7,12,8,2,6,74,65,65,46,56,-226.94,0.21875,0.4375,0.25,4.642857142857143,4.0,0.14229949999844393
energy_constraint,ddqn_101,1003024,34,15,7,13,4,0,6,65,57,57,42,79,-201.13000000000005,0.20588235294117646,0.4411764705882353,0.0,3.8,5.266666666666667,0.1334314999610342
energy_constraint,ddqn_101,1003025,33,19,8,10,8,2,4,75,63,63,48,99,-66.42000000000004,0.24242424242424243,0.5757575757575758,0.25,3.3157894736842106,5.2105263157894735,0.1315985000189812
energy_constraint,ddqn_101,1003026,25,15,12,2,6,5,8,65,51,51,36,31,-0.5399999999999778,0.48,0.6,0.8333333333333334,3.4,2.066666666666667,0.12293550000208597
energy_constraint,ddqn_101,1003027,23,16,9,2,2,0,5,72,62,62,42,120,-14.379999999999995,0.391304347826087,0.6956521739130435,0.0,3.875,7.5,0.12823349999280254
energy_constraint,ddqn_101,1003028,26,18,12,3,6,3,5,67,61,61,50,72,36.90000000000002,0.46153846153846156,0.6923076923076923,0.5,3.388888888888889,4.0,0.12558949998719982
energy_constraint,ddqn_101,1003029,29,16,8,7,8,3,6,72,56,56,38,117,-92.61999999999998,0.27586206896551724,0.5517241379310345,0.375,3.5,7.3125,0.12893450002593454
energy_constraint,ddqn_101,1003030,34,13,5,14,4,3,7,64,52,52,34,120,-226.76,0.14705882352941177,0.38235294117647056,0.75,4.0,9.23076923076923,0.13469799998233611
energy_constraint,ddqn_101,1003031,34,15,8,14,8,2,5,57,47,47,30,147,-247.74999999999991,0.23529411764705882,0.4411764705882353,0.25,3.1333333333333333,9.8,0.16382649999968635
energy_constraint,ddqn_101,1003032,35,14,10,13,15,7,8,63,62,62,42,63,-274.13,0.2857142857142857,0.4,0.4666666666666667,4.428571428571429,4.5,0.13594000000693995
energy_constraint,ddqn_101,1003033,35,17,6,14,12,1,4,76,60,60,52,153,-202.12999999999994,0.17142857142857143,0.4857142857142857,0.08333333333333333,3.5294117647058822,9.0,0.15489849999994476
energy_constraint,ddqn_101,1003034,28,15,8,8,6,1,5,81,61,61,42,88,-106.23000000000002,0.2857142857142857,0.5357142857142857,0.16666666666666666,4.066666666666666,5.866666666666666,0.13239049999924646
energy_constraint,ddqn_101,1003035,30,17,8,7,8,3,6,72,66,66,56,55,-47.98999999999994,0.26666666666666666,0.5666666666666667,0.375,3.8823529411764706,3.235294117647059,0.1368010000248887
energy_constraint,ddqn_101,1003036,33,16,9,10,5,2,7,75,63,63,50,72,-177.6,0.2727272727272727,0.48484848484848486,0.4,3.9375,4.5,0.14706149997323337
energy_constraint,ddqn_101,1003037,29,17,8,8,10,4,4,73,58,58,38,107,-46.71999999999997,0.27586206896551724,0.5862068965517241,0.4,3.411764705882353,6.294117647058823,0.15249449998577802
energy_constraint,ddqn_101,1003038,26,17,10,3,6,4,6,71,60,60,44,105,-34.31000000000003,0.38461538461538464,0.6538461538461539,0.6666666666666666,3.5294117647058822,6.176470588235294,0.1279730000192103
energy_constraint,ddqn_101,1003039,22,15,7,1,4,2,6,61,49,49,34,114,-34.30999999999998,0.3181818181818182,0.6818181818181818,0.5,3.2666666666666666,7.6,0.13490899999624162
energy_constraint,ddqn_101,1003040,30,18,12,7,7,4,5,78,57,57,36,77,0.010000000000069065,0.4,0.6,0.5714285714285714,3.1666666666666665,4.277777777777778,0.12571450000109508
energy_constraint,ddqn_101,1003041,29,13,7,10,7,3,6,64,59,59,38,119,-143.57,0.2413793103448276,0.4482758620689655,0.42857142857142855,4.538461538461538,9.153846153846153,0.1307475000089653
energy_constraint,ddqn_101,1003042,26,21,14,3,14,10,2,73,63,63,48,80,162.03,0.5384615384615384,0.8076923076923077,0.7142857142857143,3.0,3.8095238095238093,0.13255999999728374
energy_constraint,ddqn_101,1003043,27,14,11,6,4,2,7,64,58,58,38,43,-108.96999999999998,0.4074074074074074,0.5185185185185185,0.5,4.142857142857143,3.0714285714285716,0.13562500001285116
energy_constraint,ddqn_101,1003044,31,15,7,8,5,1,8,69,58,58,38,69,-131.01999999999998,0.22580645161290322,0.4838709677419355,0.2,3.8666666666666667,4.6,0.13698200001499572
energy_constraint,ddqn_101,1003045,37,18,11,12,12,6,7,67,61,61,53,73,-102.66999999999996,0.2972972972972973,0.4864864864864865,0.5,3.388888888888889,4.055555555555555,0.13105799999379997
energy_constraint,ddqn_101,1003046,30,15,9,9,8,4,6,70,57,57,36,91,-150.74,0.3,0.5,0.5,3.8,6.066666666666666,0.13302600001452447
energy_constraint,ddqn_101,1003047,30,15,7,7,9,3,8,58,48,48,39,21,-98.41000000000001,0.23333333333333334,0.5,0.3333333333333333,3.2,1.4,0.1296659999923122
energy_constraint,ddqn_101,1003048,33,15,6,11,8,2,7,74,56,56,39,83,-198.20999999999998,0.18181818181818182,0.45454545454545453,0.25,3.7333333333333334,5.533333333333333,0.1372924999998304
energy_constraint,ddqn_101,1003049,32,19,11,8,8,4,5,72,62,62,44,124,-82.40999999999998,0.34375,0.59375,0.5,3.263157894736842,6.526315789473684,0.17472400000428934
energy_constraint,ddqn_101,1003050,28,15,7,7,11,3,6,73,64,64,46,108,-123.53999999999999,0.25,0.5357142857142857,0.2727272727272727,4.266666666666667,7.2,0.1397860000338369
energy_constraint,ddqn_101,1003051,29,18,13,5,6,3,6,74,69,69,46,87,-26.19000000000004,0.4482758620689655,0.6206896551724138,0.5,3.8333333333333335,4.833333333333333,0.14410200000725126
energy_constraint,ddqn_101,1003052,28,14,7,8,5,2,6,68,55,55,36,96,-136.23999999999998,0.25,0.5,0.4,3.9285714285714284,6.857142857142857,0.13812849996952536
energy_constraint,ddqn_101,1003053,27,22,12,3,10,4,2,72,65,65,46,105,156.8100000000001,0.4444444444444444,0.8148148148148148,0.4,2.9545454545454546,4.7727272727272725,0.12495350000563121
energy_constraint,ddqn_101,1003054,20,19,9,0,3,2,1,68,67,67,54,97,140.29000000000005,0.45,0.95,0.6666666666666666,3.526315789473684,5.105263157894737,0.1329605000250922
energy_constraint,ddqn_101,1003055,28,17,9,5,4,1,6,77,62,62,40,96,-68.44999999999999,0.32142857142857145,0.6071428571428571,0.25,3.6470588235294117,5.647058823529412,0.1390550000053281
energy_constraint,ddqn_101,1003056,20,17,13,0,2,1,3,60,54,54,36,21,83.85999999999999,0.65,0.85,0.5,3.176470588235294,1.2352941176470589,0.12144899997679204
energy_constraint,ddqn_101,1003057,25,16,10,3,6,2,6,66,65,65,48,45,3.180000000000021,0.4,0.64,0.3333333333333333,4.0625,2.8125,0.12659099999723367
energy_constraint,ddqn_101,1003058,32,13,6,13,9,3,6,64,58,58,38,83,-207.72000000000003,0.1875,0.40625,0.3333333333333333,4.461538461538462,6.384615384615385,0.15059250003446323
energy_constraint,ddqn_101,1003059,27,17,12,3,4,2,7,73,63,63,48,32,-6.5699999999999505,0.4444444444444444,0.6296296296296297,0.5,3.7058823529411766,1.8823529411764706,0.1323744999979226
energy_constraint,ddqn_101,1003060,36,20,15,10,9,5,6,68,60,60,38,72,-55.01999999999996,0.4166666666666667,0.5555555555555556,0.5555555555555556,3.0,3.6,0.12707149997481793
energy_constraint,ddqn_101,1003061,33,18,11,9,6,3,6,72,60,60,36,63,-92.73999999999998,0.3333333333333333,0.5454545454545454,0.5,3.3333333333333335,3.5,0.19730799999706505
energy_constraint,ddqn_101,1003062,32,17,9,10,7,3,5,71,61,61,39,156,-97.16000000000001,0.28125,0.53125,0.42857142857142855,3.588235294117647,9.176470588235293,0.1470720000043002
energy_constraint,ddqn_101,1003063,27,17,9,4,5,4,6,66,60,60,44,76,-9.359999999999943,0.3333333333333333,0.6296296296296297,0.8,3.5294117647058822,4.470588235294118,0.12677099996949437
energy_constraint,ddqn_101,1003064,34,14,3,16,7,1,4,61,51,51,34,169,-246.8600000000001,0.08823529411764706,0.4117647058823529,0.14285714285714285,3.642857142857143,12.071428571428571,0.12824300000602307
energy_constraint,ddqn_101,1003065,27,17,10,4,6,2,6,69,61,61,38,75,-2.1199999999999193,0.37037037037037035,0.6296296296296297,0.3333333333333333,3.588235294117647,4.411764705882353,0.1269164999939676
energy_constraint,ddqn_101,1003066,22,12,6,2,6,2,8,65,59,59,38,75,-131.67,0.2727272727272727,0.5454545454545454,0.3333333333333333,4.916666666666667,6.25,0.12967050000156632
energy_constraint,ddqn_101,1003067,26,18,10,4,7,4,4,71,59,59,48,127,19.22999999999996,0.38461538461538464,0.6923076923076923,0.5714285714285714,3.2777777777777777,7.055555555555555,0.16357650000031754
energy_constraint,ddqn_101,1003068,29,13,7,8,7,3,8,65,57,57,36,73,-212.59000000000003,0.2413793103448276,0.4482758620689655,0.42857142857142855,4.384615384615385,5.615384615384615,0.4577849999805039
energy_constraint,ddqn_101,1003069,35,16,5,14,5,2,5,76,68,68,51,179,-155.18999999999997,0.14285714285714285,0.45714285714285713,0.4,4.25,11.1875,0.13404250000803586
energy_constraint,ddqn_101,1003070,21,14,9,0,6,2,7,68,62,62,44,47,-19.760000000000005,0.42857142857142855,0.6666666666666666,0.3333333333333333,4.428571428571429,3.357142857142857,0.1288840000199798
energy_constraint,ddqn_101,1003071,24,17,13,2,5,3,5,73,65,65,44,69,-10.060000000000002,0.5416666666666666,0.7083333333333334,0.6,3.823529411764706,4.0588235294117645,0.17317050000542622
energy_constraint,ddqn_101,1003072,25,19,11,2,3,2,4,76,62,62,46,74,56.210000000000015,0.44,0.76,0.6666666666666666,3.263157894736842,3.8947368421052633,0.1453090000040902
energy_constraint,ddqn_101,1003073,25,20,10,2,5,2,3,80,63,63,44,62,134.48999999999987,0.4,0.8,0.4,3.15,3.1,0.12002049999182418
energy_constraint,ddqn_101,1003074,28,14,7,9,9,3,5,75,61,61,42,92,-68.53,0.25,0.5,0.3333333333333333,4.357142857142857,6.571428571428571,0.13680600000043341
energy_constraint,ddqn_101,1003075,35,16,8,13,8,3,6,71,59,59,42,153,-203.63,0.22857142857142856,0.45714285714285713,0.375,3.6875,9.5625,0.13953049997894595
energy_constraint,ddqn_101,1003076,18,16,13,0,3,2,2,69,63,63,44,19,98.44000000000007,0.7222222222222222,0.8888888888888888,0.6666666666666666,3.9375,1.1875,0.11862400000950402
energy_constraint,ddqn_101,1003077,35,22,10,8,10,4,5,75,65,65,52,148,-3.57999999999997,0.2857142857142857,0.6285714285714286,0.4,2.9545454545454546,6.7272727272727275,0.1379280000151084
energy_constraint,ddqn_101,1003078,30,16,12,7,6,4,7,67,55,55,40,52,-60.65,0.4,0.5333333333333333,0.6666666666666666,3.4375,3.25,0.13217449998137454
energy_constraint,ddqn_101,1003079,27,16,8,7,4,4,4,70,56,56,40,161,-36.14999999999998,0.2962962962962963,0.5925925925925926,1.0,3.5,10.0625,0.13238400001114314
energy_constraint,ddqn_101,1003080,27,22,12,2,9,6,3,72,66,66,46,108,124.46000000000006,0.4444444444444444,0.8148148148148148,0.6666666666666666,3.0,4.909090909090909,0.12932550001210075
energy_constraint,ddqn_101,1003081,32,18,12,10,9,5,4,76,63,63,44,69,-8.609999999999989,0.375,0.5625,0.5555555555555556,3.5,3.8333333333333335,0.12293999998291838
energy_constraint,ddqn_101,1003082,22,10,7,4,11,6,8,45,37,37,24,74,-154.76,0.3181818181818182,0.45454545454545453,0.5454545454545454,3.7,7.4,0.13935000001197295
energy_constraint,ddqn_101,1003083,30,17,10,7,8,4,6,74,61,61,47,108,-75.52999999999999,0.3333333333333333,0.5666666666666667,0.5,3.588235294117647,6.352941176470588,0.15053199999215394
energy_constraint,ddqn_101,1003084,27,10,8,7,10,4,10,44,41,41,24,14,-242.96,0.2962962962962963,0.37037037037037035,0.4,4.1,1.4,0.17646099999524267
energy_constraint,ddqn_101,1003085,27,18,11,4,3,2,5,78,63,63,42,96,-3.5300000000000438,0.4074074074074074,0.6666666666666666,0.6666666666666666,3.5,5.333333333333333,0.1254094999865174
energy_constraint,ddqn_101,1003086,31,13,7,12,9,3,6,68,62,62,44,97,-213.26,0.22580645161290322,0.41935483870967744,0.3333333333333333,4.769230769230769,7.461538461538462,0.13511900002072252
energy_constraint,ddqn_101,1003087,26,17,7,5,6,2,4,73,63,63,42,92,-19.77999999999998,0.2692307692307692,0.6538461538461539,0.3333333333333333,3.7058823529411766,5.411764705882353,0.3058814999974402
energy_constraint,ddqn_101,1003088,31,16,6,11,6,3,4,66,58,58,43,187,-107.82000000000005,0.1935483870967742,0.5161290322580645,0.5,3.625,11.6875,0.13887950001389981
energy_constraint,ddqn_101,1003089,31,12,6,13,10,2,6,61,51,51,28,95,-265.47,0.1935483870967742,0.3870967741935484,0.2,4.25,7.916666666666667,0.18531400002075316
energy_constraint,ddqn_101,1003090,33,20,11,8,7,4,5,78,68,68,50,109,-9.699999999999982,0.3333333333333333,0.6060606060606061,0.5714285714285714,3.4,5.45,0.1315334999674178
energy_constraint,ddqn_101,1003091,35,17,7,15,8,2,3,68,62,62,48,185,-167.32000000000014,0.2,0.4857142857142857,0.25,3.6470588235294117,10.882352941176471,0.14708149998909903
energy_constraint,ddqn_101,1003092,32,15,6,12,7,0,5,67,59,59,40,186,-224.8999999999999,0.1875,0.46875,0.0,3.933333333333333,12.4,0.26257100000748324
energy_constraint,ddqn_101,1003093,32,17,7,11,7,1,4,74,63,63,44,120,-149.21000000000004,0.21875,0.53125,0.14285714285714285,3.7058823529411766,7.0588235294117645,0.1314579999984744
energy_constraint,ddqn_101,1003094,25,15,8,4,7,4,6,71,61,61,44,83,-62.55999999999999,0.32,0.6,0.5714285714285714,4.066666666666666,5.533333333333333,0.14487900000403897
energy_constraint,ddqn_101,1003095,36,20,10,13,7,4,3,78,64,64,46,123,-60.839999999999996,0.2777777777777778,0.5555555555555556,0.5714285714285714,3.2,6.15,0.12810350000336257
energy_constraint,ddqn_101,1003096,26,18,13,3,4,0,5,64,50,50,32,88,-11.879999999999953,0.5,0.6923076923076923,0.0,2.7777777777777777,4.888888888888889,0.1348330000041642
energy_constraint,ddqn_101,1003097,26,17,8,4,10,4,5,68,60,60,41,112,5.309999999999988,0.3076923076923077,0.6538461538461539,0.4,3.5294117647058822,6.588235294117647,0.13438250002195673
energy_constraint,ddqn_101,1003098,28,21,10,2,10,6,5,74,66,66,48,122,83.6799999999999,0.35714285714285715,0.75,0.6,3.142857142857143,5.809523809523809,0.13452799998958653
energy_constraint,ddqn_101,1003099,27,19,10,3,6,4,5,72,68,68,52,53,48.469999999999985,0.37037037037037035,0.7037037037037037,0.6666666666666666,3.5789473684210527,2.789473684210526,0.1269264999734787
energy_constraint,ddqn_101,1003100,31,15,11,9,9,4,7,40,40,40,24,68,-99.66000000000011,0.3548387096774194,0.4838709677419355,0.4444444444444444,2.6666666666666665,4.533333333333333,0.13027199997850403
energy_constraint,ddqn_101,1003101,35,20,12,10,6,5,5,73,66,66,46,97,-33.640000000000015,0.34285714285714286,0.5714285714285714,0.8333333333333334,3.3,4.85,0.1306519999957345
energy_constraint,ddqn_101,1003102,30,15,10,9,5,3,6,66,58,58,42,54,-106.37999999999998,0.3333333333333333,0.5,0.6,3.8666666666666667,3.6,0.12721699999929115
energy_constraint,ddqn_101,1003103,33,17,7,11,10,4,5,75,62,62,44,100,-119.65999999999997,0.21212121212121213,0.5151515151515151,0.4,3.6470588235294117,5.882352941176471,0.1279779999663333
energy_constraint,ddqn_101,1003104,27,13,8,9,10,4,5,58,48,48,30,100,-187.34999999999997,0.2962962962962963,0.48148148148148145,0.4,3.6923076923076925,7.6923076923076925,0.13136299997995593
energy_constraint,ddqn_101,1003105,27,17,13,5,5,2,5,68,62,62,43,72,-44.11999999999997,0.48148148148148145,0.6296296296296297,0.4,3.6470588235294117,4.235294117647059,0.1269514999933108
energy_constraint,ddqn_101,1003106,38,20,10,15,7,5,3,68,60,60,44,106,-50.359999999999935,0.2631578947368421,0.5263157894736842,0.7142857142857143,3.0,5.3,0.13118300000769523
energy_constraint,ddqn_101,1003107,33,17,7,11,9,3,5,71,64,64,48,158,-127.96999999999997,0.21212121212121213,0.5151515151515151,0.3333333333333333,3.764705882352941,9.294117647058824,0.13400250000472624
energy_constraint,ddqn_101,1003108,26,12,7,7,4,2,7,72,56,56,36,107,-138.44,0.2692307692307692,0.46153846153846156,0.5,4.666666666666667,8.916666666666666,0.12953550000815994
energy_constraint,ddqn_101,1003109,23,14,10,1,3,0,8,69,59,59,42,66,-84.48000000000008,0.43478260869565216,0.6086956521739131,0.0,4.214285714285714,4.714285714285714,0.12915500002463887
energy_constraint,ddqn_101,1003110,25,13,8,5,8,2,7,66,54,54,38,58,-121.67000000000007,0.32,0.52,0.25,4.153846153846154,4.461538461538462,0.12779299999010618
energy_constraint,ddqn_101,1003111,27,10,7,8,7,3,9,38,35,35,14,19,-241.45999999999995,0.25925925925925924,0.37037037037037035,0.42857142857142855,3.5,1.9,0.13013099999170663
energy_constraint,ddqn_101,1003112,24,14,9,4,2,2,6,68,62,62,42,96,-42.980000000000004,0.375,0.5833333333333334,1.0,4.428571428571429,6.857142857142857,0.1493204999860609
energy_constraint,ddqn_101,1003113,22,18,12,0,4,1,4,66,56,56,36,45,89.21,0.5454545454545454,0.8181818181818182,0.25,3.111111111111111,2.5,0.12350649998893459
energy_constraint,ddqn_101,1003114,35,16,7,13,6,2,6,73,69,69,52,116,-186.48,0.2,0.45714285714285713,0.3333333333333333,4.3125,7.25,0.13096700001824502
energy_constraint,ddqn_101,1003115,34,15,10,12,9,4,7,76,59,59,42,105,-214.18000000000004,0.29411764705882354,0.4411764705882353,0.4444444444444444,3.933333333333333,7.0,0.13133299998457915
energy_constraint,ddqn_101,1003116,25,12,8,7,4,2,6,58,46,46,28,54,-134.47,0.32,0.48,0.5,3.8333333333333335,4.5,0.12840349998555212
energy_constraint,ddqn_101,1003117,40,19,12,16,11,8,5,71,59,59,44,117,-127.15999999999997,0.3,0.475,0.7272727272727273,3.1052631578947367,6.157894736842105,0.1302265000049374
energy_constraint,ddqn_101,1003118,27,14,8,5,6,0,8,72,52,52,36,58,-93.73999999999998,0.2962962962962963,0.5185185185185185,0.0,3.7142857142857144,4.142857142857143,0.12741700001583922
energy_constraint,ddqn_101,1003119,21,15,11,0,5,3,6,75,61,61,41,64,18.859999999999985,0.5238095238095238,0.7142857142857143,0.6,4.066666666666666,4.266666666666667,0.12338100000874874
energy_constraint,ddqn_101,1003120,28,14,8,8,7,3,6,70,59,59,44,72,-167.45999999999998,0.2857142857142857,0.5,0.42857142857142855,4.214285714285714,5.142857142857143,0.13439250000146785
energy_constraint,ddqn_101,1003121,34,15,9,13,10,4,6,68,53,53,41,122,-205.59000000000003,0.2647058823529412,0.4411764705882353,0.4,3.533333333333333,8.133333333333333,0.13171850000048835
energy_constraint,ddqn_101,1003122,23,14,9,3,6,3,6,61,49,49,39,40,-32.76,0.391304347826087,0.6086956521739131,0.5,3.5,2.857142857142857,0.1290294999876096
energy_constraint,ddqn_101,1003123,31,16,11,8,5,1,7,73,64,64,46,20,-86.39000000000001,0.3548387096774194,0.5161290322580645,0.2,4.0,1.25,0.1302260000102251
energy_constraint,ddqn_101,1003124,22,19,17,0,5,5,3,75,59,59,46,47,148.15999999999994,0.7727272727272727,0.8636363636363636,1.0,3.1052631578947367,2.473684210526316,0.11967049999839219
energy_constraint,ddqn_101,1003125,23,14,12,1,6,2,8,73,58,58,40,10,-54.54999999999998,0.5217391304347826,0.6086956521739131,0.3333333333333333,4.142857142857143,0.7142857142857143,0.12749199999007033
energy_constraint,ddqn_101,1003126,30,18,12,7,11,6,5,77,62,62,44,81,-43.15999999999996,0.4,0.6,0.5454545454545454,3.4444444444444446,4.5,0.13132750001432214
energy_constraint,ddqn_101,1003127,28,16,10,6,5,2,6,67,47,47,34,57,-75.40999999999998,0.35714285714285715,0.5714285714285714,0.4,2.9375,3.5625,0.13223450000054982
energy_constraint,ddqn_101,1003128,25,14,10,4,8,6,7,70,54,54,38,102,-54.870000000000054,0.4,0.56,0.75,3.857142857142857,7.285714285714286,0.12934000000086598
energy_constraint,ddqn_101,1003129,29,15,11,7,5,5,7,65,61,61,52,51,-77.78,0.3793103448275862,0.5172413793103449,1.0,4.066666666666666,3.4,0.13294049998080482
energy_constraint,ddqn_101,1003130,28,19,13,5,7,4,4,73,63,63,45,91,34.94999999999997,0.4642857142857143,0.6785714285714286,0.5714285714285714,3.3157894736842106,4.7894736842105265,0.13280550001582014
energy_constraint,ddqn_101,1003131,28,16,11,7,8,5,5,70,60,60,42,97,-39.28000000000003,0.39285714285714285,0.5714285714285714,0.625,3.75,6.0625,0.12939549998236544
energy_constraint,ddqn_101,1003132,32,21,12,6,3,2,5,77,65,65,50,70,25.50000000000003,0.375,0.65625,0.6666666666666666,3.0952380952380953,3.3333333333333335,0.13310049999404328
energy_constraint,ddqn_101,1003133,29,20,11,3,8,6,6,69,57,57,42,39,48.569999999999865,0.3793103448275862,0.6896551724137931,0.75,2.85,1.95,0.13495400000351765
energy_constraint,ddqn_101,1003134,26,12,7,6,6,2,8,58,48,48,34,70,-174.25999999999996,0.2692307692307692,0.46153846153846156,0.3333333333333333,4.0,5.833333333333333,0.13533950001942685
energy_constraint,ddqn_101,1003135,35,20,9,11,6,3,4,73,69,69,50,116,-41.45,0.2571428571428571,0.5714285714285714,0.5,3.45,5.8,0.13038649998975416
energy_constraint,ddqn_101,1003136,33,17,8,10,11,4,6,75,62,62,44,77,-54.809999999999974,0.24242424242424243,0.5151515151515151,0.36363636363636365,3.6470588235294117,4.529411764705882,0.12965000001941007
energy_constraint,ddqn_101,1003137,30,14,7,9,8,2,7,75,64,64,46,111,-194.54000000000008,0.23333333333333334,0.4666666666666667,0.25,4.571428571428571,7.928571428571429,0.13417200000276353
energy_constraint,ddqn_101,1003138,25,16,10,4,5,4,5,63,49,49,42,116,-15.13000000000001,0.4,0.64,0.8,3.0625,7.25,0.12717700002440324
energy_constraint,ddqn_101,1003139,37,14,7,16,9,3,7,66,54,54,38,108,-276.71999999999997,0.1891891891891892,0.3783783783783784,0.3333333333333333,3.857142857142857,7.714285714285714,0.12997049998375587
energy_constraint,ddqn_101,1003140,39,20,11,15,13,6,4,67,59,59,41,114,-99.73999999999997,0.28205128205128205,0.5128205128205128,0.46153846153846156,2.95,5.7,0.12672100001509534
energy_constraint,ddqn_101,1003141,32,17,6,11,10,2,4,75,61,61,40,113,-100.85000000000002,0.1875,0.53125,0.2,3.588235294117647,6.647058823529412,0.12907950002727375
energy_constraint,ddqn_101,1003142,30,14,11,8,9,6,8,64,54,54,45,34,-149.10000000000002,0.36666666666666664,0.4666666666666667,0.6666666666666666,3.857142857142857,2.4285714285714284,0.15205449997779397
energy_constraint,ddqn_101,1003143,34,18,9,11,5,3,5,79,67,67,46,105,-117.99,0.2647058823529412,0.5294117647058824,0.6,3.7222222222222223,5.833333333333333,0.1366964999931497
energy_constraint,ddqn_101,1003144,31,20,10,5,9,5,6,72,66,66,49,60,23.289999999999935,0.3225806451612903,0.6451612903225806,0.5555555555555556,3.3,3.0,0.13253000000190696
energy_constraint,ddqn_101,1003145,31,15,7,10,9,3,6,75,60,60,43,80,-152.07,0.22580645161290322,0.4838709677419355,0.3333333333333333,4.0,5.333333333333333,0.12946500001476124
energy_constraint,ddqn_101,1003146,21,17,11,0,3,3,4,73,58,58,38,85,77.47999999999993,0.5238095238095238,0.8095238095238095,1.0,3.411764705882353,5.0,0.12495350000563121
energy_constraint,ddqn_101,1003147,27,14,8,6,6,5,7,65,57,57,36,93,-81.88999999999999,0.2962962962962963,0.5185185185185185,0.8333333333333334,4.071428571428571,6.642857142857143,0.13115849998257545
energy_constraint,ddqn_101,1003148,28,17,12,5,5,4,6,69,61,61,40,66,-21.399999999999977,0.42857142857142855,0.6071428571428571,0.8,3.588235294117647,3.8823529411764706,0.13269549998540242
energy_constraint,ddqn_101,1003149,23,16,6,2,2,2,5,66,62,62,48,100,16.880000000000024,0.2608695652173913,0.6956521739130435,1.0,3.875,6.25,0.1300405000392857
energy_constraint,ddqn_202,1003000,26,17,9,4,15,7,5,72,62,62,43,88,15.28000000000003,0.34615384615384615,0.6538461538461539,0.4666666666666667,3.6470588235294117,5.176470588235294,0.1279385000145794
energy_constraint,ddqn_202,1003001,26,18,8,6,7,4,2,71,55,55,38,69,67.18,0.3076923076923077,0.6923076923076923,0.5714285714285714,3.0555555555555554,3.8333333333333335,0.12141299998802424
energy_constraint,ddqn_202,1003002,24,16,11,1,4,3,7,74,66,66,51,60,-11.540000000000006,0.4583333333333333,0.6666666666666666,0.75,4.125,3.75,0.12959550002733522
energy_constraint,ddqn_202,1003003,19,19,13,0,2,1,0,71,64,64,52,45,168.76999999999995,0.6842105263157895,1.0,0.5,3.3684210526315788,2.3684210526315788,0.11399700002812096
energy_constraint,ddqn_202,1003004,30,14,9,9,8,2,7,71,60,60,40,65,-157.45,0.3,0.4666666666666667,0.25,4.285714285714286,4.642857142857143,0.12961049998239105
energy_constraint,ddqn_202,1003005,26,11,9,7,8,7,8,59,47,47,39,31,-129.95999999999998,0.34615384615384615,0.4230769230769231,0.875,4.2727272727272725,2.8181818181818183,0.13016599999104983
energy_constraint,ddqn_202,1003006,42,16,7,19,9,2,7,73,63,63,45,162,-296.1500000000001,0.16666666666666666,0.38095238095238093,0.2222222222222222,3.9375,10.125,0.13163800002757853
energy_constraint,ddqn_202,1003007,22,18,12,0,8,4,4,75,63,63,45,35,117.44999999999985,0.5454545454545454,0.8181818181818182,0.5,3.5,1.9444444444444444,0.11652050000066083
energy_constraint,ddqn_202,1003008,25,18,11,3,4,2,4,73,65,65,46,62,49.31000000000002,0.44,0.72,0.5,3.611111111111111,3.4444444444444446,0.12549450002552476
energy_constraint,ddqn_202,1003009,22,18,13,0,6,3,4,79,66,66,47,39,111.52000000000001,0.5909090909090909,0.8181818181818182,0.5,3.6666666666666665,2.1666666666666665,0.11533449998069045
energy_constraint,ddqn_202,1003010,28,16,11,6,6,3,6,72,62,62,44,52,-39.310000000000066,0.39285714285714285,0.5714285714285714,0.5,3.875,3.25,0.12560449999909906
energy_constraint,ddqn_202,1003011,39,15,9,19,14,3,5,63,53,53,39,66,-285.81000000000006,0.23076923076923078,0.38461538461538464,0.21428571428571427,3.533333333333333,4.4,0.12605550000444055
energy_constraint,ddqn_202,1003012,24,13,9,3,8,6,8,70,56,56,43,58,-62.22,0.375,0.5416666666666666,0.75,4.3076923076923075,4.461538461538462,0.13003550000689756
energy_constraint,ddqn_202,1003013,25,17,10,2,11,7,6,78,66,66,48,70,60.730000000000146,0.4,0.68,0.6363636363636364,3.8823529411764706,4.117647058823529,0.13259450000191464
energy_constraint,ddqn_202,1003014,39,20,13,12,11,8,7,74,64,64,48,91,-83.36999999999996,0.3333333333333333,0.5128205128205128,0.7272727272727273,3.2,4.55,0.12960500001213404
energy_constraint,ddqn_202,1003015,28,16,8,6,7,1,6,68,62,62,42,95,-61.92999999999997,0.2857142857142857,0.5714285714285714,0.14285714285714285,3.875,5.9375,0.12570949999712866
energy_constraint,ddqn_202,1003016,31,12,7,13,10,1,6,73,58,58,48,76,-324.36999999999995,0.22580645161290322,0.3870967741935484,0.1,4.833333333333333,6.333333333333333,0.12795799997888935
energy_constraint,ddqn_202,1003017,27,9,7,10,12,3,8,43,35,35,27,40,-307.28000000000003,0.25925925925925924,0.3333333333333333,0.25,3.888888888888889,4.444444444444445,0.12399150003261639
energy_constraint,ddqn_202,1003018,35,17,7,16,10,1,2,66,58,58,40,152,-201.20000000000002,0.2,0.4857142857142857,0.1,3.411764705882353,8.941176470588236,0.12494349999769838
energy_constraint,ddqn_202,1003019,21,19,14,0,6,5,2,70,64,64,52,40,182.62000000000006,0.6666666666666666,0.9047619047619048,0.8333333333333334,3.3684210526315788,2.1052631578947367,0.11296549999428862
energy_constraint,ddqn_202,1003020,34,18,11,10,12,6,6,74,65,65,46,57,-86.59,0.3235294117647059,0.5294117647058824,0.5,3.611111111111111,3.1666666666666665,0.12598500001104185
energy_constraint,ddqn_202,1003021,33,17,7,12,7,5,4,78,62,62,40,108,-84.75,0.21212121212121213,0.5151515151515151,0.7142857142857143,3.6470588235294117,6.352941176470588,0.1285394999968048
energy_constraint,ddqn_202,1003022,36,16,10,13,10,4,7,73,60,60,46,76,-150.23999999999995,0.2777777777777778,0.4444444444444444,0.4,3.75,4.75,0.13055700000563775
energy_constraint,ddqn_202,1003023,32,15,7,10,8,2,7,76,62,62,47,68,-169.28,0.21875,0.46875,0.25,4.133333333333334,4.533333333333333,0.12975100000289785
energy_constraint,ddqn_202,1003024,34,13,6,16,4,0,5,61,55,55,34,122,-287.6599999999999,0.17647058823529413,0.38235294117647056,0.0,4.230769230769231,9.384615384615385,0.13340099997094512
energy_constraint,ddqn_202,1003025,33,18,9,9,8,2,6,72,68,68,53,76,-98.22,0.2727272727272727,0.5454545454545454,0.25,3.7777777777777777,4.222222222222222,0.12946549998105183
energy_constraint,ddqn_202,1003026,25,13,8,5,6,4,7,61,54,54,36,57,-48.64000000000006,0.32,0.52,0.6666666666666666,4.153846153846154,4.384615384615385,0.12708200000588477
energy_constraint,ddqn_202,1003027,23,15,11,1,2,1,7,70,61,61,48,83,-31.120000000000005,0.4782608695652174,0.6521739130434783,0.5,4.066666666666666,5.533333333333333,0.1296954999929767
energy_constraint,ddqn_202,1003028,26,17,10,4,6,0,5,72,66,66,50,42,-19.750000000000007,0.38461538461538464,0.6538461538461539,0.0,3.8823529411764706,2.4705882352941178,0.12922500002332526
energy_constraint,ddqn_202,1003029,29,12,10,8,8,4,9,61,50,50,34,29,-199.20999999999992,0.3448275862068966,0.41379310344827586,0.5,4.166666666666667,2.4166666666666665,0.1311780000037288
energy_constraint,ddqn_202,1003030,34,16,8,12,4,2,6,66,57,57,44,126,-154.41000000000005,0.23529411764705882,0.47058823529411764,0.5,3.5625,7.875,0.130862499986506
energy_constraint,ddqn_202,1003031,34,15,6,14,8,2,5,73,65,65,46,174,-201.44000000000003,0.17647058823529413,0.4411764705882353,0.25,4.333333333333333,11.6,0.13900950000333978
energy_constraint,ddqn_202,1003032,35,11,7,15,15,4,9,55,50,50,32,57,-369.48,0.2,0.3142857142857143,0.26666666666666666,4.545454545454546,5.181818181818182,0.13768750002896013
energy_constraint,ddqn_202,1003033,35,11,8,16,12,4,8,62,46,46,32,75,-346.3299999999998,0.22857142857142856,0.3142857142857143,0.3333333333333333,4.181818181818182,6.818181818181818,0.139089500009959
energy_constraint,ddqn_202,1003034,28,19,11,5,6,2,4,78,70,70,50,71,10.699999999999989,0.39285714285714285,0.6785714285714286,0.3333333333333333,3.6842105263157894,3.736842105263158,0.1300865000075646
energy_constraint,ddqn_202,1003035,30,17,10,6,8,3,7,74,64,64,45,58,-53.40000000000005,0.3333333333333333,0.5666666666666667,0.375,3.764705882352941,3.411764705882353,0.12875400000211812
energy_constraint,ddqn_202,1003036,33,19,9,9,5,3,5,77,67,67,48,137,-51.669999999999995,0.2727272727272727,0.5757575757575758,0.6,3.526315789473684,7.2105263157894735,0.13781250001443368
energy_constraint,ddqn_202,1003037,29,18,8,9,10,4,2,76,60,60,38,174,-34.020000000000024,0.27586206896551724,0.6206896551724138,0.4,3.3333333333333335,9.666666666666666,0.12905449997901997
energy_constraint,ddqn_202,1003038,26,10,9,7,6,3,9,46,38,38,20,24,-212.04999999999995,0.34615384615384615,0.38461538461538464,0.5,3.8,2.4,0.13077200003408507
energy_constraint,ddqn_202,1003039,22,16,8,1,4,1,5,72,65,65,46,95,-20.289999999999992,0.36363636363636365,0.7272727272727273,0.25,4.0625,5.9375,0.1281534999861833
energy_constraint,ddqn_202,1003040,30,20,12,5,7,5,5,74,66,66,50,49,33.50000000000004,0.4,0.6666666666666666,0.7142857142857143,3.3,2.45,0.12588950002623278
energy_constraint,ddqn_202,1003041,29,13,6,9,7,3,7,80,64,64,42,102,-162.13,0.20689655172413793,0.4482758620689655,0.42857142857142855,4.923076923076923,7.846153846153846,0.13002100001813233
energy_constraint,ddqn_202,1003042,26,18,9,4,14,6,4,79,59,59,40,91,47.649999999999935,0.34615384615384615,0.6923076923076923,0.42857142857142855,3.2777777777777777,5.055555555555555,0.1260049999984858
energy_constraint,ddqn_202,1003043,27,20,13,2,4,3,5,72,65,65,54,55,66.49,0.48148148148148145,0.7407407407407407,0.75,3.25,2.75,0.1252289999911227
energy_constraint,ddqn_202,1003044,31,14,8,8,5,2,9,62,57,57,42,48,-150.03000000000003,0.25806451612903225,0.45161290322580644,0.4,4.071428571428571,3.4285714285714284,0.12982100000158425
energy_constraint,ddqn_202,1003045,37,22,11,11,12,6,4,76,66,66,52,126,-8.579999999999988,0.2972972972972973,0.5945945945945946,0.5,3.0,5.7272727272727275,0.12889399999949092
energy_constraint,ddqn_202,1003046,30,18,8,7,8,2,5,78,62,62,41,109,-24.789999999999985,0.26666666666666666,0.6,0.25,3.4444444444444446,6.055555555555555,0.12928500001407883
energy_constraint,ddqn_202,1003047,30,16,9,8,9,4,6,70,58,58,46,94,-83.84,0.3,0.5333333333333333,0.4444444444444444,3.625,5.875,0.12812899998948524
energy_constraint,ddqn_202,1003048,33,18,10,12,8,3,3,65,57,57,40,138,-98.45000000000003,0.30303030303030304,0.5454545454545454,0.375,3.1666666666666665,7.666666666666667,0.13111800001297524
energy_constraint,ddqn_202,1003049,32,17,12,7,8,3,8,62,54,54,54,34,-118.56000000000002,0.375,0.53125,0.375,3.176470588235294,2.0,0.13278499997682047
energy_constraint,ddqn_202,1003050,28,16,9,7,11,5,5,63,55,55,44,83,-54.059999999999974,0.32142857142857145,0.5714285714285714,0.45454545454545453,3.4375,5.1875,0.12925000001473563
energy_constraint,ddqn_202,1003051,29,11,3,13,6,1,5,52,46,46,37,101,-227.0799999999999,0.10344827586206896,0.3793103448275862,0.16666666666666666,4.181818181818182,9.181818181818182,0.13133849998325786
energy_constraint,ddqn_202,1003052,28,19,11,4,5,3,5,78,64,64,44,83,35.14000000000004,0.39285714285714285,0.6785714285714286,0.6,3.3684210526315788,4.368421052631579,0.12827350002453386
energy_constraint,ddqn_202,1003053,27,16,9,5,10,3,6,74,61,61,46,65,-15.639999999999986,0.3333333333333333,0.5925925925925926,0.3,3.8125,4.0625,0.1301160000082291
energy_constraint,ddqn_202,1003054,20,14,6,3,3,1,3,59,55,55,39,132,-23.410000000000014,0.3,0.7,0.3333333333333333,3.9285714285714284,9.428571428571429,0.12958100001014827
energy_constraint,ddqn_202,1003055,28,19,9,5,4,1,4,71,59,59,40,117,-37.649999999999984,0.32142857142857145,0.6785714285714286,0.25,3.1052631578947367,6.157894736842105,0.13333100000068043
energy_constraint,ddqn_202,1003056,20,16,8,2,2,1,2,61,57,57,40,119,31.999999999999957,0.4,0.8,0.5,3.5625,7.4375,0.12641600000051767
energy_constraint,ddqn_202,1003057,25,16,11,3,6,3,6,63,60,60,42,50,5.020000000000024,0.44,0.64,0.5,3.75,3.125,0.1282535000086682
energy_constraint,ddqn_202,1003058,32,15,8,10,9,4,7,71,62,62,44,84,-140.90999999999997,0.25,0.46875,0.4444444444444444,4.133333333333334,5.6,0.12963499997908912
energy_constraint,ddqn_202,1003059,27,20,11,3,4,3,4,76,68,68,48,66,65.52999999999992,0.4074074074074074,0.7407407407407407,0.75,3.4,3.3,0.12211399996431282
energy_constraint,ddqn_202,1003060,36,18,9,14,9,4,4,72,65,65,44,102,-99.40999999999997,0.25,0.5,0.4444444444444444,3.611111111111111,5.666666666666667,0.1308925000103045
energy_constraint,ddqn_202,1003061,33,20,12,9,6,3,4,70,58,58,36,87,-41.13999999999998,0.36363636363636365,0.6060606060606061,0.5,2.9,4.35,0.12887950001072568
energy_constraint,ddqn_202,1003062,32,14,7,11,7,2,7,71,63,63,44,93,-199.70999999999998,0.21875,0.4375,0.2857142857142857,4.5,6.642857142857143,0.12910999998894113
energy_constraint,ddqn_202,1003063,27,19,9,4,5,3,4,68,65,65,48,89,35.98000000000002,0.3333333333333333,0.7037037037037037,0.6,3.4210526315789473,4.684210526315789,0.12754249999602507
energy_constraint,ddqn_202,1003064,34,12,3,16,7,2,6,63,48,48,34,154,-309.66,0.08823529411764706,0.35294117647058826,0.2857142857142857,4.0,12.833333333333334,0.13100750001626693
energy_constraint,ddqn_202,1003065,27,17,7,6,6,2,4,78,64,64,46,150,-50.93999999999998,0.25925925925925924,0.6296296296296297,0.3333333333333333,3.764705882352941,8.823529411764707,0.12812349999080652
energy_constraint,ddqn_202,1003066,22,13,5,2,6,2,7,69,58,58,40,82,-66.55000000000001,0.22727272727272727,0.5909090909090909,0.3333333333333333,4.461538461538462,6.3076923076923075,0.13280050001185373
energy_constraint,ddqn_202,1003067,26,17,8,5,7,4,4,70,61,61,42,154,-36.48,0.3076923076923077,0.6538461538461539,0.5714285714285714,3.588235294117647,9.058823529411764,0.1312780000262137
energy_constraint,ddqn_202,1003068,29,13,7,10,7,3,6,64,52,52,32,123,-178.63,0.2413793103448276,0.4482758620689655,0.42857142857142855,4.0,9.461538461538462,0.1330709999933788
energy_constraint,ddqn_202,1003069,35,13,5,16,5,3,6,74,56,56,44,147,-253.1100000000001,0.14285714285714285,0.37142857142857144,0.6,4.3076923076923075,11.307692307692308,0.1345530000094186
energy_constraint,ddqn_202,1003070,21,15,11,0,6,3,6,78,61,61,42,19,33.21999999999994,0.5238095238095238,0.7142857142857143,0.5,4.066666666666666,1.2666666666666666,0.12056700001039644
energy_constraint,ddqn_202,1003071,24,17,7,1,5,3,6,81,59,59,40,66,30.69999999999996,0.2916666666666667,0.7083333333333334,0.6,3.4705882352941178,3.8823529411764706,0.12892950002196812
energy_constraint,ddqn_202,1003072,25,18,9,2,3,1,5,72,64,64,42,51,33.12000000000006,0.36,0.72,0.3333333333333333,3.5555555555555554,2.8333333333333335,0.12979099997778576
energy_constraint,ddqn_202,1003073,25,15,8,4,5,2,6,68,61,61,42,51,-21.479999999999976,0.32,0.6,0.4,4.066666666666666,3.4,0.12806799998088536
energy_constraint,ddqn_202,1003074,28,15,8,9,9,2,4,77,63,63,42,105,-112.13,0.2857142857142857,0.5357142857142857,0.2222222222222222,4.2,7.0,0.1301969999758512
energy_constraint,ddqn_202,1003075,35,17,7,13,8,2,5,75,62,62,43,153,-150.02,0.2,0.4857142857142857,0.25,3.6470588235294117,9.0,0.13171349999652193
energy_constraint,ddqn_202,1003076,18,14,10,0,3,1,4,70,59,59,42,25,42.67000000000005,0.5555555555555556,0.7777777777777778,0.3333333333333333,4.214285714285714,1.7857142857142858,0.11437800000635434
energy_constraint,ddqn_202,1003077,35,11,8,14,10,3,10,48,38,38,20,28,-371.1,0.22857142857142856,0.3142857142857143,0.3,3.4545454545454546,2.5454545454545454,0.13579000000163433
energy_constraint,ddqn_202,1003078,30,15,11,8,6,2,7,67,64,64,46,67,-131.79000000000002,0.36666666666666664,0.5,0.3333333333333333,4.266666666666667,4.466666666666667,0.12897999999950116
energy_constraint,ddqn_202,1003079,27,16,8,5,4,4,6,76,64,64,44,112,-23.409999999999997,0.2962962962962963,0.5925925925925926,1.0,4.0,7.0,0.12747699997817108
energy_constraint,ddqn_202,1003080,27,14,9,5,9,5,8,65,56,56,38,72,-129.17000000000002,0.3333333333333333,0.5185185185185185,0.5555555555555556,4.0,5.142857142857143,0.13087749999840526
energy_constraint,ddqn_202,1003081,32,16,10,12,9,5,4,68,56,56,34,74,-68.30999999999999,0.3125,0.5,0.5555555555555556,3.5,4.625,0.13442299999155694
energy_constraint,ddqn_202,1003082,22,16,9,1,11,7,5,72,59,59,40,94,37.35000000000001,0.4090909090909091,0.7272727272727273,0.6363636363636364,3.6875,5.875,0.12785299998085975
energy_constraint,ddqn_202,1003083,30,18,10,8,8,3,4,74,63,63,44,94,-67.35999999999999,0.3333333333333333,0.6,0.375,3.5,5.222222222222222,0.12967600000024504
energy_constraint,ddqn_202,1003084,27,8,7,9,10,3,10,38,37,37,23,4,-348.0199999999998,0.25925925925925924,0.2962962962962963,0.3,4.625,0.5,0.14208449999841832
energy_constraint,ddqn_202,1003085,27,15,7,6,3,0,6,77,59,59,40,85,-131.0,0.25925925925925924,0.5555555555555556,0.0,3.933333333333333,5.666666666666667,0.12831899999810048
energy_constraint,ddqn_202,1003086,31,16,9,11,9,5,4,71,61,61,46,97,-89.14000000000006,0.2903225806451613,0.5161290322580645,0.5555555555555556,3.8125,6.0625,0.12812350001922823
energy_constraint,ddqn_202,1003087,26,14,9,6,6,3,6,69,59,59,50,49,-86.65,0.34615384615384615,0.5384615384615384,0.5,4.214285714285714,3.5,0.1288895000186585
energy_constraint,ddqn_202,1003088,31,17,9,7,6,4,7,77,66,66,46,70,-34.33999999999996,0.2903225806451613,0.5483870967741935,0.6666666666666666,3.8823529411764706,4.117647058823529,0.1363859999798933
energy_constraint,ddqn_202,1003089,31,15,7,12,10,4,4,69,55,55,36,93,-132.99000000000007,0.22580645161290322,0.4838709677419355,0.4,3.6666666666666665,6.2,0.12889999999288193
energy_constraint,ddqn_202,1003090,33,22,10,10,7,3,1,73,67,67,44,155,12.289999999999996,0.30303030303030304,0.6666666666666666,0.42857142857142855,3.0454545454545454,7.045454545454546,0.12759700001652163
energy_constraint,ddqn_202,1003091,35,18,8,12,8,3,5,77,68,68,46,110,-127.64000000000004,0.22857142857142856,0.5142857142857142,0.375,3.7777777777777777,6.111111111111111,0.1293499999803771
energy_constraint,ddqn_202,1003092,32,15,8,11,7,2,6,70,61,61,40,126,-222.64999999999995,0.25,0.46875,0.2857142857142857,4.066666666666666,8.4,0.13230950000320263
energy_constraint,ddqn_202,1003093,32,13,8,12,7,2,7,66,51,51,34,83,-244.91000000000005,0.25,0.40625,0.2857142857142857,3.923076923076923,6.384615384615385,0.13020150001352704
energy_constraint,ddqn_202,1003094,25,15,7,5,7,2,5,66,59,59,46,84,-47.54000000000002,0.28,0.6,0.2857142857142857,3.933333333333333,5.6,0.1279379999914454
energy_constraint,ddqn_202,1003095,36,17,9,12,7,4,7,74,66,66,48,70,-144.26999999999995,0.25,0.4722222222222222,0.5714285714285714,3.8823529411764706,4.117647058823529,0.12880450000807286
energy_constraint,ddqn_202,1003096,26,18,9,4,4,1,4,66,60,60,40,126,-33.749999999999964,0.34615384615384615,0.6923076923076923,0.25,3.3333333333333335,7.0,0.13394699999480508
energy_constraint,ddqn_202,1003097,26,15,8,6,10,4,5,77,64,64,50,130,-84.39999999999998,0.3076923076923077,0.5769230769230769,0.4,4.266666666666667,8.666666666666666,0.12982599997712896
energy_constraint,ddqn_202,1003098,28,15,10,5,10,6,8,58,52,52,42,63,-58.32999999999989,0.35714285714285715,0.5357142857142857,0.6,3.466666666666667,4.2,0.13506900000948008
energy_constraint,ddqn_202,1003099,27,14,9,4,6,3,9,61,47,47,40,33,-42.0499999999999,0.3333333333333333,0.5185185185185185,0.5,3.357142857142857,2.357142857142857,0.1353595000068708
energy_constraint,ddqn_202,1003100,31,20,10,9,9,5,2,73,69,69,48,133,35.88000000000001,0.3225806451612903,0.6451612903225806,0.5555555555555556,3.45,6.65,0.1305474999639955
energy_constraint,ddqn_202,1003101,35,18,11,12,6,3,5,62,54,54,34,140,-144.10999999999996,0.3142857142857143,0.5142857142857142,0.5,3.0,7.777777777777778,0.1309630000037032
energy_constraint,ddqn_202,1003102,30,21,12,7,5,4,2,74,64,64,50,88,63.80000000000001,0.4,0.7,0.8,3.0476190476190474,4.190476190476191,0.1284690000034061
energy_constraint,ddqn_202,1003103,33,12,8,12,10,5,9,61,54,54,40,37,-229.55,0.24242424242424243,0.36363636363636365,0.5,4.5,3.0833333333333335,0.13877899996828091
energy_constraint,ddqn_202,1003104,27,17,9,5,10,6,5,69,60,60,42,125,1.7199999999999847,0.3333333333333333,0.6296296296296297,0.6,3.5294117647058822,7.352941176470588,0.1302265000049374
energy_constraint,ddqn_202,1003105,27,19,12,4,5,1,4,75,62,62,44,71,4.0400000000000205,0.4444444444444444,0.7037037037037037,0.2,3.263157894736842,3.736842105263158,0.12088249999919753
energy_constraint,ddqn_202,1003106,38,16,8,17,7,3,5,73,62,62,48,140,-220.07,0.21052631578947367,0.42105263157894735,0.42857142857142855,3.875,8.75,0.1315230000216161
energy_constraint,ddqn_202,1003107,33,15,7,12,9,3,6,66,59,59,42,91,-160.78000000000006,0.21212121212121213,0.45454545454545453,0.3333333333333333,3.933333333333333,6.066666666666666,0.13520400000288646
energy_constraint,ddqn_202,1003108,26,15,7,5,4,2,6,77,69,69,50,83,-51.04999999999998,0.2692307692307692,0.5769230769230769,0.5,4.6,5.533333333333333,0.1324345000170979
energy_constraint,ddqn_202,1003109,23,18,12,1,3,2,4,78,66,66,48,39,85.47999999999993,0.5217391304347826,0.782608695652174,0.6666666666666666,3.6666666666666665,2.1666666666666665,0.1191450000135319
energy_constraint,ddqn_202,1003110,25,14,10,4,8,3,7,71,63,63,44,25,-51.11000000000003,0.4,0.56,0.375,4.5,1.7857142857142858,0.12347649999355781
energy_constraint,ddqn_202,1003111,27,15,8,7,7,4,5,58,53,53,32,117,-113.67999999999998,0.2962962962962963,0.5555555555555556,0.5714285714285714,3.533333333333333,7.8,0.1329605000250922
energy_constraint,ddqn_202,1003112,24,12,6,6,2,1,6,63,55,55,38,98,-116.77000000000001,0.25,0.5,0.5,4.583333333333333,8.166666666666666,0.12601049999716452
energy_constraint,ddqn_202,1003113,22,18,14,0,4,4,4,72,64,64,44,17,120.6399999999999,0.6363636363636364,0.8181818181818182,1.0,3.5555555555555554,0.9444444444444444,0.12175300000194511
energy_constraint,ddqn_202,1003114,35,13,8,15,6,1,7,68,61,61,44,91,-302.06,0.22857142857142856,0.37142857142857144,0.16666666666666666,4.6923076923076925,7.0,0.13600500000165994
energy_constraint,ddqn_202,1003115,34,14,8,10,9,2,10,56,44,44,44,37,-262.40999999999997,0.23529411764705882,0.4117647058823529,0.2222222222222222,3.142857142857143,2.642857142857143,0.13614049998977862
energy_constraint,ddqn_202,1003116,25,17,9,5,4,2,3,74,63,63,44,91,28.090000000000025,0.36,0.68,0.5,3.7058823529411766,5.352941176470588,0.12732700000128716
energy_constraint,ddqn_202,1003117,40,22,11,16,11,7,2,76,65,65,46,167,-60.63999999999996,0.275,0.55,0.6363636363636364,2.9545454545454546,7.590909090909091,0.1336365000099704
energy_constraint,ddqn_202,1003118,27,17,10,6,6,4,4,68,66,66,48,104,33.42999999999998,0.37037037037037035,0.6296296296296297,0.6666666666666666,3.8823529411764706,6.117647058823529,0.1288190000252598
energy_constraint,ddqn_202,1003119,21,14,9,1,5,2,6,69,57,57,40,39,-13.899999999999977,0.42857142857142855,0.6666666666666666,0.4,4.071428571428571,2.7857142857142856,0.13077250000037566
energy_constraint,ddqn_202,1003120,28,19,10,3,7,5,6,75,64,64,43,79,67.92999999999998,0.35714285714285715,0.6785714285714286,0.7142857142857143,3.3684210526315788,4.157894736842105,0.12851900001464855
energy_constraint,ddqn_202,1003121,34,17,9,12,10,3,5,66,54,54,44,110,-140.86000000000004,0.2647058823529412,0.5,0.3,3.176470588235294,6.470588235294118,0.13028199998643686
energy_constraint,ddqn_202,1003122,23,8,5,6,6,2,9,53,43,43,28,37,-238.82000000000005,0.21739130434782608,0.34782608695652173,0.3333333333333333,5.375,4.625,0.12981100002207313
energy_constraint,ddqn_202,1003123,31,17,12,9,5,3,5,73,65,65,45,64,-66.44999999999999,0.3870967741935484,0.5483870967741935,0.6,3.823529411764706,3.764705882352941,0.13060749998317078
energy_constraint,ddqn_202,1003124,22,16,12,0,5,2,6,69,55,55,40,45,40.50000000000003,0.5454545454545454,0.7272727272727273,0.4,3.4375,2.8125,0.12085699998465316
energy_constraint,ddqn_202,1003125,23,15,5,6,6,0,2,67,60,60,42,145,-44.13000000000004,0.21739130434782608,0.6521739130434783,0.0,4.0,9.666666666666666,0.12373199999160533
energy_constraint,ddqn_202,1003126,30,20,10,7,11,5,3,76,60,60,40,110,33.45000000000004,0.3333333333333333,0.6666666666666666,0.45454545454545453,3.0,5.5,0.132930999996006
energy_constraint,ddqn_202,1003127,28,20,12,4,5,3,4,72,65,65,48,78,23.129999999999995,0.42857142857142855,0.7142857142857143,0.6,3.25,3.9,0.12849349997168247
energy_constraint,ddqn_202,1003128,25,17,10,3,8,5,5,73,63,63,44,81,25.03999999999995,0.4,0.68,0.625,3.7058823529411766,4.764705882352941,0.12803299998154216
energy_constraint,ddqn_202,1003129,29,12,7,9,5,1,8,64,53,53,34,78,-237.46,0.2413793103448276,0.41379310344827586,0.2,4.416666666666667,6.5,0.13334650000729198
energy_constraint,ddqn_202,1003130,28,17,11,6,7,3,5,72,66,66,46,60,-15.43999999999992,0.39285714285714285,0.6071428571428571,0.42857142857142855,3.8823529411764706,3.5294117647058822,0.1309674999845356
energy_constraint,ddqn_202,1003131,28,16,9,6,8,4,6,74,62,62,44,77,-47.20999999999998,0.32142857142857145,0.5714285714285714,0.5,3.875,4.8125,0.12479849999635917
energy_constraint,ddqn_202,1003132,32,19,8,9,3,1,4,78,65,65,46,187,-46.29,0.25,0.59375,0.3333333333333333,3.4210526315789473,9.842105263157896,0.1302309999857698
energy_constraint,ddqn_202,1003133,29,20,8,3,8,6,6,79,60,60,44,122,54.889999999999944,0.27586206896551724,0.6896551724137931,0.75,3.0,6.1,0.13105799999379997
energy_constraint,ddqn_202,1003134,26,15,5,6,6,1,5,77,69,69,52,142,-99.28000000000002,0.19230769230769232,0.5769230769230769,0.16666666666666666,4.6,9.466666666666667,0.13724249998858795
energy_constraint,ddqn_202,1003135,35,16,8,14,6,2,5,71,59,59,45,96,-152.45,0.22857142857142856,0.45714285714285713,0.3333333333333333,3.6875,6.0,0.1328259999979764
energy_constraint,ddqn_202,1003136,33,13,7,14,11,3,6,64,53,53,36,92,-238.79000000000008,0.21212121212121213,0.3939393939393939,0.2727272727272727,4.076923076923077,7.076923076923077,0.13016099998708341
energy_constraint,ddqn_202,1003137,30,18,8,7,8,3,5,72,64,64,48,139,-72.86999999999998,0.26666666666666666,0.6,0.375,3.5555555555555554,7.722222222222222,0.13144299998657516
energy_constraint,ddqn_202,1003138,25,19,11,2,5,3,4,75,71,71,50,98,57.800000000000004,0.44,0.76,0.6,3.736842105263158,5.157894736842105,0.1257954999971389
energy_constraint,ddqn_202,1003139,37,17,6,16,9,2,4,68,54,54,36,145,-235.68999999999994,0.16216216216216217,0.4594594594594595,0.2222222222222222,3.176470588235294,8.529411764705882,0.13108250001891975
energy_constraint,ddqn_202,1003140,39,20,11,17,13,8,2,77,65,65,46,125,-61.74,0.28205128205128205,0.5128205128205128,0.6153846153846154,3.25,6.25,0.13102799999842318
energy_constraint,ddqn_202,1003141,32,13,6,14,10,2,5,47,43,43,26,174,-243.24,0.1875,0.40625,0.2,3.3076923076923075,13.384615384615385,0.1307475000089653
energy_constraint,ddqn_202,1003142,30,11,6,11,9,2,8,61,49,49,39,41,-312.8100000000002,0.2,0.36666666666666664,0.2222222222222222,4.454545454545454,3.727272727272727,0.13357200000996272
energy_constraint,ddqn_202,1003143,34,13,8,14,5,0,7,60,49,49,32,96,-284.98,0.23529411764705882,0.38235294117647056,0.0,3.769230769230769,7.384615384615385,0.13136850000705635
energy_constraint,ddqn_202,1003144,31,15,9,11,9,2,5,68,58,58,42,102,-115.73000000000003,0.2903225806451613,0.4838709677419355,0.2222222222222222,3.8666666666666667,6.8,0.1453845000014553
energy_constraint,ddqn_202,1003145,31,16,8,11,9,4,4,68,60,60,40,156,-111.80000000000001,0.25806451612903225,0.5161290322580645,0.4444444444444444,3.75,9.75,0.13260549999927207
energy_constraint,ddqn_202,1003146,21,19,16,0,3,2,2,67,60,60,42,47,143.41999999999993,0.7619047619047619,0.9047619047619048,0.6666666666666666,3.1578947368421053,2.473684210526316,0.11402200001953133
energy_constraint,ddqn_202,1003147,27,12,8,7,6,3,8,59,49,49,32,51,-137.93,0.2962962962962963,0.4444444444444444,0.5,4.083333333333333,4.25,0.13301050000791292
energy_constraint,ddqn_202,1003148,28,17,12,5,5,4,6,75,62,62,48,75,6.53000000000003,0.42857142857142855,0.6071428571428571,0.8,3.6470588235294117,4.411764705882353,0.13084749997460676
energy_constraint,ddqn_202,1003149,23,16,9,1,2,1,6,75,68,68,44,50,2.840000000000032,0.391304347826087,0.6956521739130435,0.5,4.25,3.125,0.12624549998463408
energy_constraint,ddqn_303,1003000,26,16,9,3,15,8,7,62,53,53,42,55,28.820000000000036,0.34615384615384615,0.6153846153846154,0.5333333333333333,3.3125,3.4375,0.1292399999783811
energy_constraint,ddqn_303,1003001,26,16,8,6,7,3,4,76,58,58,40,68,-19.999999999999993,0.3076923076923077,0.6153846153846154,0.42857142857142855,3.625,4.25,0.12639999997077211
energy_constraint,ddqn_303,1003002,24,15,11,1,4,3,8,66,64,64,52,25,2.719999999999999,0.4583333333333333,0.625,0.75,4.266666666666667,1.6666666666666667,0.13674650000439215
energy_constraint,ddqn_303,1003003,19,12,10,0,2,1,7,55,51,51,42,11,-33.87999999999997,0.5263157894736842,0.631578947368421,0.5,4.25,0.9166666666666666,0.12110249997476785
energy_constraint,ddqn_303,1003004,30,15,8,8,8,2,7,73,63,63,40,66,-192.64999999999998,0.26666666666666666,0.5,0.25,4.2,4.4,0.13074200001028657
energy_constraint,ddqn_303,1003005,26,15,8,5,8,5,6,66,55,55,36,71,-55.43999999999999,0.3076923076923077,0.5769230769230769,0.625,3.6666666666666665,4.733333333333333,0.12763800000925585
energy_constraint,ddqn_303,1003006,42,13,5,20,9,0,9,58,46,46,46,68,-380.09,0.11904761904761904,0.30952380952380953,0.0,3.5384615384615383,5.230769230769231,0.1307574999884764
energy_constraint,ddqn_303,1003007,22,18,10,0,8,4,4,74,60,60,42,35,136.37000000000006,0.45454545454545453,0.8181818181818182,0.5,3.3333333333333335,1.9444444444444444,0.12282000000141124
energy_constraint,ddqn_303,1003008,25,13,9,6,4,1,6,71,62,62,46,47,-125.44,0.36,0.52,0.25,4.769230769230769,3.6153846153846154,0.12851849999151455
energy_constraint,ddqn_303,1003009,22,9,6,5,6,0,8,52,50,50,32,58,-243.77999999999997,0.2727272727272727,0.4090909090909091,0.0,5.555555555555555,6.444444444444445,0.12409699999693657
energy_constraint,ddqn_303,1003010,28,15,12,7,6,2,6,67,57,57,38,48,-107.07000000000002,0.42857142857142855,0.5357142857142857,0.3333333333333333,3.8,3.2,0.1205520000269189
energy_constraint,ddqn_303,1003011,39,14,9,20,14,3,5,56,54,54,34,118,-317.75999999999993,0.23076923076923078,0.358974358974359,0.21428571428571427,3.857142857142857,8.428571428571429,0.12663149999525558
energy_constraint,ddqn_303,1003012,24,17,10,3,8,7,4,67,55,55,36,123,83.55999999999995,0.4166666666666667,0.7083333333333334,0.875,3.235294117647059,7.235294117647059,0.13048150000827263
energy_constraint,ddqn_303,1003013,25,16,8,3,11,6,6,72,60,60,48,96,-15.719999999999999,0.32,0.64,0.5454545454545454,3.75,6.0,0.12861849998557773
energy_constraint,ddqn_303,1003014,39,18,10,16,11,6,5,76,69,69,50,109,-133.99999999999997,0.2564102564102564,0.46153846153846156,0.5454545454545454,3.8333333333333335,6.055555555555555,0.12782300001390468
energy_constraint,ddqn_303,1003015,28,15,9,8,7,2,5,69,63,63,42,86,-99.63,0.32142857142857145,0.5357142857142857,0.2857142857142857,4.2,5.733333333333333,0.13114799997993032
energy_constraint,ddqn_303,1003016,31,13,6,12,10,1,6,56,49,49,32,109,-255.73000000000005,0.1935483870967742,0.41935483870967744,0.1,3.769230769230769,8.384615384615385,0.13168899999982386
energy_constraint,ddqn_303,1003017,27,16,12,5,12,7,6,70,59,59,40,66,-8.849999999999952,0.4444444444444444,0.5925925925925926,0.5833333333333334,3.6875,4.125,0.12253550002583324
energy_constraint,ddqn_303,1003018,35,14,7,15,10,1,6,73,61,61,48,91,-301.4200000000001,0.2,0.4,0.1,4.357142857142857,6.5,0.1293100000339109
energy_constraint,ddqn_303,1003019,21,17,15,0,6,5,4,71,59,59,42,25,132.76999999999998,0.7142857142857143,0.8095238095238095,0.8333333333333334,3.4705882352941178,1.4705882352941178,0.11211400001798211
energy_constraint,ddqn_303,1003020,34,9,7,15,12,3,10,42,32,32,22,4,-407.52999999999986,0.20588235294117646,0.2647058823529412,0.25,3.5555555555555554,0.4444444444444444,0.12721150000061243
energy_constraint,ddqn_303,1003021,33,17,7,10,7,3,6,70,64,64,47,123,-86.12999999999997,0.21212121212121213,0.5151515151515151,0.42857142857142855,3.764705882352941,7.235294117647059,0.131918999983327
energy_constraint,ddqn_303,1003022,36,17,8,14,10,4,5,76,64,64,52,123,-145.77999999999997,0.2222222222222222,0.4722222222222222,0.4,3.764705882352941,7.235294117647059,0.1302619999989929
energy_constraint,ddqn_303,1003023,32,17,9,10,8,4,5,78,65,65,54,82,-94.31,0.28125,0.53125,0.5,3.823529411764706,4.823529411764706,0.12870400001929738
energy_constraint,ddqn_303,1003024,34,18,9,13,4,1,3,72,65,65,44,119,-123.66000000000007,0.2647058823529412,0.5294117647058824,0.25,3.611111111111111,6.611111111111111,0.13175850000379796
energy_constraint,ddqn_303,1003025,33,16,10,11,8,4,6,72,65,65,46,66,-155.24000000000004,0.30303030303030304,0.48484848484848486,0.5,4.0625,4.125,0.12757300001453586
energy_constraint,ddqn_303,1003026,25,14,11,4,6,5,7,54,44,44,44,24,-5.2599999999999625,0.44,0.56,0.8333333333333334,3.142857142857143,1.7142857142857142,0.12704699997811986
energy_constraint,ddqn_303,1003027,23,12,8,1,2,0,10,56,54,54,48,29,-137.67000000000002,0.34782608695652173,0.5217391304347826,0.0,4.5,2.4166666666666665,0.1288190000252598
energy_constraint,ddqn_303,1003028,26,15,11,4,6,2,7,65,60,60,49,56,-89.95999999999997,0.4230769230769231,0.5769230769230769,0.3333333333333333,4.0,3.7333333333333334,0.13030700000626894
energy_constraint,ddqn_303,1003029,29,19,9,6,8,4,4,74,66,66,44,90,-4.360000000000028,0.3103448275862069,0.6551724137931034,0.5,3.473684210526316,4.7368421052631575,0.12784800003373675
energy_constraint,ddqn_303,1003030,34,19,7,10,4,3,5,79,65,65,44,149,-68.51,0.20588235294117646,0.5588235294117647,0.75,3.4210526315789473,7.842105263157895,0.13211899997145338
energy_constraint,ddqn_303,1003031,34,16,6,13,8,2,5,73,61,61,42,151,-194.98000000000002,0.17647058823529413,0.47058823529411764,0.25,3.8125,9.4375,0.13144350000970917
energy_constraint,ddqn_303,1003032,35,8,6,19,15,3,8,26,26,26,14,66,-523.2600000000003,0.17142857142857143,0.22857142857142856,0.2,3.25,8.25,0.13707199997270436
energy_constraint,ddqn_303,1003033,35,8,7,17,12,1,10,38,30,30,20,9,-510.89999999999964,0.2,0.22857142857142856,0.08333333333333333,3.75,1.125,0.13383199998884265
energy_constraint,ddqn_303,1003034,28,16,8,8,6,1,4,70,68,68,46,97,-108.29,0.2857142857142857,0.5714285714285714,0.16666666666666666,4.25,6.0625,0.12792349997425845
energy_constraint,ddqn_303,1003035,30,15,10,8,8,3,7,69,63,63,48,56,-105.82,0.3333333333333333,0.5,0.375,4.2,3.7333333333333334,0.1369715000123506
energy_constraint,ddqn_303,1003036,33,19,10,8,5,2,6,76,65,65,43,123,-72.81999999999996,0.30303030303030304,0.5757575757575758,0.4,3.4210526315789473,6.473684210526316,0.13165400000048066
energy_constraint,ddqn_303,1003037,29,18,8,7,10,3,4,68,62,62,44,142,-63.95999999999996,0.27586206896551724,0.6206896551724138,0.3,3.4444444444444446,7.888888888888889,0.12908949997836316
energy_constraint,ddqn_303,1003038,26,20,12,2,6,5,4,72,66,66,58,96,103.53000000000006,0.46153846153846156,0.7692307692307693,0.8333333333333334,3.3,4.8,0.12894449997702395
energy_constraint,ddqn_303,1003039,22,14,9,1,4,2,7,68,58,58,42,93,-85.67999999999998,0.4090909090909091,0.6363636363636364,0.5,4.142857142857143,6.642857142857143,0.13218449998930737
energy_constraint,ddqn_303,1003040,30,16,11,8,7,5,6,75,64,64,46,64,-73.89,0.36666666666666664,0.5333333333333333,0.7142857142857143,4.0,4.0,0.12976050001611839
energy_constraint,ddqn_303,1003041,29,16,10,7,7,6,6,72,62,62,44,50,-46.260000000000026,0.3448275862068966,0.5517241379310345,0.8571428571428571,3.875,3.125,0.13041649998513094
energy_constraint,ddqn_303,1003042,26,14,9,5,14,6,7,70,56,56,40,54,-93.54999999999997,0.34615384615384615,0.5384615384615384,0.42857142857142855,4.0,3.857142857142857,0.1292099999830043
energy_constraint,ddqn_303,1003043,27,16,13,3,4,3,8,64,61,61,44,56,-34.10999999999994,0.48148148148148145,0.5925925925925926,0.75,3.8125,3.5,0.13150300000575044
energy_constraint,ddqn_303,1003044,31,10,5,16,5,2,5,40,34,34,27,129,-264.08000000000004,0.16129032258064516,0.3225806451612903,0.4,3.4,12.9,0.12746699999865996
energy_constraint,ddqn_303,1003045,37,17,10,14,12,5,6,74,61,61,40,88,-146.54999999999993,0.2702702702702703,0.4594594594594595,0.4166666666666667,3.588235294117647,5.176470588235294,0.12894450000544566
energy_constraint,ddqn_303,1003046,30,14,10,8,8,4,8,66,50,50,41,48,-158.14000000000004,0.3333333333333333,0.4666666666666667,0.5,3.5714285714285716,3.4285714285714284,0.1317039999833014
energy_constraint,ddqn_303,1003047,30,16,9,9,9,4,5,74,63,63,42,72,-54.830000000000034,0.3,0.5333333333333333,0.4444444444444444,3.9375,4.5,0.1265310000064801
energy_constraint,ddqn_303,1003048,33,15,6,13,8,3,5,80,62,62,44,139,-179.96000000000004,0.18181818181818182,0.45454545454545453,0.375,4.133333333333334,9.266666666666667,0.13317100001586368
energy_constraint,ddqn_303,1003049,32,19,11,8,8,3,5,74,66,66,46,140,-79.94000000000005,0.34375,0.59375,0.375,3.473684210526316,7.368421052631579,0.13140300001168725
energy_constraint,ddqn_303,1003050,28,14,7,9,11,3,5,73,61,61,45,104,-146.55,0.25,0.5,0.2727272727272727,4.357142857142857,7.428571428571429,0.12731649999864203
energy_constraint,ddqn_303,1003051,29,16,8,5,6,2,8,67,59,59,59,42,-117.85999999999999,0.27586206896551724,0.5517241379310345,0.3333333333333333,3.6875,2.625,0.132510000014463
energy_constraint,ddqn_303,1003052,28,15,6,6,5,4,7,75,59,59,36,70,-76.84000000000002,0.21428571428571427,0.5357142857142857,0.8,3.933333333333333,4.666666666666667,0.12992099999564743
energy_constraint,ddqn_303,1003053,27,18,10,4,10,3,5,73,59,59,38,77,-19.92,0.37037037037037035,0.6666666666666666,0.3,3.2777777777777777,4.277777777777778,0.1291295000100945
energy_constraint,ddqn_303,1003054,20,14,5,2,3,1,4,72,58,58,40,113,-47.59999999999998,0.25,0.7,0.3333333333333333,4.142857142857143,8.071428571428571,0.12708149998275076
energy_constraint,ddqn_303,1003055,28,12,10,7,4,3,9,51,41,41,33,23,-171.77000000000004,0.35714285714285715,0.42857142857142855,0.75,3.4166666666666665,1.9166666666666667,0.12907950002727375
energy_constraint,ddqn_303,1003056,20,13,7,0,2,1,7,64,48,48,48,52,-37.32000000000002,0.35,0.65,0.5,3.6923076923076925,4.0,0.12045650001368813
energy_constraint,ddqn_303,1003057,25,18,9,5,6,3,2,71,61,61,42,96,61.32000000000002,0.36,0.72,0.5,3.388888888888889,5.333333333333333,0.12273999999479202
energy_constraint,ddqn_303,1003058,32,16,6,12,9,4,4,73,57,57,38,142,-105.61999999999998,0.1875,0.5,0.4444444444444444,3.5625,8.875,0.12897000001999004
energy_constraint,ddqn_303,1003059,27,17,9,6,4,3,4,74,60,60,42,114,-19.930000000000014,0.3333333333333333,0.6296296296296297,0.75,3.5294117647058822,6.705882352941177,0.12812299999609422
energy_constraint,ddqn_303,1003060,36,17,11,14,9,4,5,66,58,58,40,76,-137.59999999999994,0.3055555555555556,0.4722222222222222,0.4444444444444444,3.411764705882353,4.470588235294118,0.12645099999986087
energy_constraint,ddqn_303,1003061,33,17,4,13,6,1,3,74,58,58,40,169,-125.65,0.12121212121212122,0.5151515151515151,0.16666666666666666,3.411764705882353,9.941176470588236,0.13844849999600228
energy_constraint,ddqn_303,1003062,32,12,6,12,7,1,8,69,56,56,38,89,-270.81999999999994,0.1875,0.375,0.14285714285714285,4.666666666666667,7.416666666666667,0.13519899999892004
energy_constraint,ddqn_303,1003063,27,15,8,5,5,4,7,67,61,61,53,65,-40.42000000000002,0.2962962962962963,0.5555555555555556,0.8,4.066666666666666,4.333333333333333,0.1301959999864266
energy_constraint,ddqn_303,1003064,34,8,6,16,7,3,10,48,42,42,39,21,-394.7599999999999,0.17647058823529413,0.23529411764705882,0.42857142857142855,5.25,2.625,0.13883450000662378
energy_constraint,ddqn_303,1003065,27,13,7,7,6,1,7,58,50,50,30,116,-177.75,0.25925925925925924,0.48148148148148145,0.16666666666666666,3.8461538461538463,8.923076923076923,0.13174900001899914
energy_constraint,ddqn_303,1003066,22,15,7,2,6,3,5,70,59,59,42,129,-25.379999999999953,0.3181818181818182,0.6818181818181818,0.5,3.933333333333333,8.6,0.12788299997623653
energy_constraint,ddqn_303,1003067,26,18,11,3,7,3,5,79,67,67,44,102,9.639999999999972,0.4230769230769231,0.6923076923076923,0.42857142857142855,3.7222222222222223,5.666666666666667,0.13114850000306433
energy_constraint,ddqn_303,1003068,29,18,8,6,7,3,5,71,69,69,48,140,-15.769999999999982,0.27586206896551724,0.6206896551724138,0.42857142857142855,3.8333333333333335,7.777777777777778,0.1316284999859363
energy_constraint,ddqn_303,1003069,35,15,6,14,5,2,6,80,64,64,50,178,-209.7500000000001,0.17142857142857143,0.42857142857142855,0.4,4.266666666666667,11.866666666666667,0.13188899998795023
energy_constraint,ddqn_303,1003070,21,15,10,0,6,2,6,73,60,60,42,42,-8.930000000000021,0.47619047619047616,0.7142857142857143,0.3333333333333333,4.0,2.8,0.1206219999971836
energy_constraint,ddqn_303,1003071,24,18,10,1,5,4,5,76,61,61,40,85,69.89999999999996,0.4166666666666667,0.75,0.8,3.388888888888889,4.722222222222222,0.12935000000879882
energy_constraint,ddqn_303,1003072,25,18,11,1,3,2,6,71,60,60,40,43,56.19999999999999,0.44,0.72,0.6666666666666666,3.3333333333333335,2.388888888888889,0.1332559999696059
energy_constraint,ddqn_303,1003073,25,18,10,2,5,4,5,73,65,65,51,48,83.56000000000013,0.4,0.72,0.8,3.611111111111111,2.6666666666666665,0.12728199996558942
energy_constraint,ddqn_303,1003074,28,15,9,7,9,3,6,66,54,54,45,48,-76.75000000000001,0.32142857142857145,0.5357142857142857,0.3333333333333333,3.6,3.2,0.12668100001178573
energy_constraint,ddqn_303,1003075,35,14,8,11,8,4,10,61,57,57,51,39,-220.19,0.22857142857142856,0.4,0.5,4.071428571428571,2.7857142857142856,0.13794299999858595
energy_constraint,ddqn_303,1003076,18,16,14,0,3,2,2,75,61,61,49,3,102.03999999999996,0.7777777777777778,0.8888888888888888,0.6666666666666666,3.8125,0.1875,0.1141520000089713
energy_constraint,ddqn_303,1003077,35,21,10,11,10,4,3,72,63,63,44,207,-83.05999999999995,0.2857142857142857,0.6,0.4,3.0,9.857142857142858,0.12939050000682073
energy_constraint,ddqn_303,1003078,30,18,10,6,6,2,6,78,66,66,42,81,-54.230000000000025,0.3333333333333333,0.6,0.3333333333333333,3.6666666666666665,4.5,0.12992600002803556
energy_constraint,ddqn_303,1003079,27,19,10,2,4,4,6,77,70,70,54,83,62.53999999999989,0.37037037037037035,0.7037037037037037,1.0,3.6842105263157894,4.368421052631579,0.1309619999858569
energy_constraint,ddqn_303,1003080,27,10,8,7,9,3,10,35,33,33,22,7,-266.2799999999999,0.2962962962962963,0.37037037037037035,0.3333333333333333,3.3,0.7,0.1358895000009852
energy_constraint,ddqn_303,1003081,32,15,8,11,9,2,6,71,60,60,42,67,-111.08000000000004,0.25,0.46875,0.2222222222222222,4.0,4.466666666666667,0.12637599996878635
energy_constraint,ddqn_303,1003082,22,14,11,1,11,7,7,64,52,52,40,40,-55.59999999999994,0.5,0.6363636363636364,0.6363636363636364,3.7142857142857144,2.857142857142857,0.12949550000485033
energy_constraint,ddqn_303,1003083,30,19,6,7,8,2,4,77,63,63,46,75,-42.840000000000046,0.2,0.6333333333333333,0.25,3.3157894736842106,3.9473684210526314,0.13103750001164371
energy_constraint,ddqn_303,1003084,27,15,7,5,10,5,7,68,59,59,42,84,-74.48000000000002,0.25925925925925924,0.5555555555555556,0.5,3.933333333333333,5.6,0.13002600002209874
energy_constraint,ddqn_303,1003085,27,18,10,4,3,1,5,79,65,65,50,90,-8.699999999999982,0.37037037037037035,0.6666666666666666,0.3333333333333333,3.611111111111111,5.0,0.12861450002787933
energy_constraint,ddqn_303,1003086,31,10,6,13,9,4,8,52,42,42,32,65,-293.22999999999996,0.1935483870967742,0.3225806451612903,0.4444444444444444,4.2,6.5,0.1306524999904468
energy_constraint,ddqn_303,1003087,26,14,9,5,6,2,7,75,59,59,48,35,-57.27000000000007,0.34615384615384615,0.5384615384615384,0.3333333333333333,4.214285714285714,2.5,0.1269564999972772
energy_constraint,ddqn_303,1003088,31,19,7,7,6,3,5,74,72,72,54,107,-14.209999999999994,0.22580645161290322,0.6129032258064516,0.5,3.789473684210526,5.631578947368421,0.1318439999806742
energy_constraint,ddqn_303,1003089,31,12,6,10,10,3,9,55,49,49,49,54,-248.76,0.1935483870967742,0.3870967741935484,0.3,4.083333333333333,4.5,0.12834350002322026
energy_constraint,ddqn_303,1003090,33,16,7,11,7,2,6,67,59,59,46,114,-180.89,0.21212121212121213,0.48484848484848486,0.2857142857142857,3.6875,7.125,0.13080249999575244
energy_constraint,ddqn_303,1003091,35,16,7,15,8,2,4,71,64,64,44,118,-184.10999999999996,0.2,0.45714285714285713,0.25,4.0,7.375,0.12967100002470033
energy_constraint,ddqn_303,1003092,32,12,7,10,7,1,10,53,49,49,40,45,-310.1,0.21875,0.375,0.14285714285714285,4.083333333333333,3.75,0.13914499999145846
energy_constraint,ddqn_303,1003093,32,11,7,13,7,2,8,57,43,43,35,45,-297.1000000000001,0.21875,0.34375,0.2857142857142857,3.909090909090909,4.090909090909091,0.1292399999783811
energy_constraint,ddqn_303,1003094,25,17,11,3,7,3,5,67,57,57,39,73,15.33999999999999,0.44,0.68,0.42857142857142855,3.3529411764705883,4.294117647058823,0.12480300000561328
energy_constraint,ddqn_303,1003095,36,18,10,12,7,4,6,78,60,60,44,67,-119.81,0.2777777777777778,0.5,0.5714285714285714,3.3333333333333335,3.7222222222222223,0.12896999999156833
energy_constraint,ddqn_303,1003096,26,18,9,4,4,1,4,70,59,59,36,106,-27.09000000000001,0.34615384615384615,0.6923076923076923,0.25,3.2777777777777777,5.888888888888889,0.12620049997735805
energy_constraint,ddqn_303,1003097,26,17,7,7,10,5,2,77,66,66,48,156,-6.720000000000002,0.2692307692307692,0.6538461538461539,0.5,3.8823529411764706,9.176470588235293,0.1319539999826702
energy_constraint,ddqn_303,1003098,28,15,9,6,10,6,7,71,63,63,40,84,-114.25,0.32142857142857145,0.5357142857142857,0.6,4.2,5.6,0.13046199998711927
energy_constraint,ddqn_303,1003099,27,17,7,6,6,4,4,74,57,57,34,119,22.390000000000022,0.25925925925925924,0.6296296296296297,0.6666666666666666,3.3529411764705883,7.0,0.12428750000026412
energy_constraint,ddqn_303,1003100,31,17,8,10,9,3,4,70,58,58,44,102,-39.20999999999998,0.25806451612903225,0.5483870967741935,0.3333333333333333,3.411764705882353,6.0,0.12732199996889904
energy_constraint,ddqn_303,1003101,35,20,10,11,6,3,4,79,66,66,44,174,-72.06,0.2857142857142857,0.5714285714285714,0.5,3.3,8.7,0.13206899996021093
energy_constraint,ddqn_303,1003102,30,17,10,7,5,2,6,72,60,60,42,65,-64.87999999999997,0.3333333333333333,0.5666666666666667,0.4,3.5294117647058822,3.823529411764706,0.1333564999868031
energy_constraint,ddqn_303,1003103,33,7,6,16,10,3,10,36,28,28,19,6,-431.5100000000001,0.18181818181818182,0.21212121212121213,0.3,4.0,0.8571428571428571,0.13093750001758053
energy_constraint,ddqn_303,1003104,27,18,11,5,10,6,4,78,62,62,46,98,68.35999999999996,0.4074074074074074,0.6666666666666666,0.6,3.4444444444444446,5.444444444444445,0.12925500001870205
energy_constraint,ddqn_303,1003105,27,16,14,3,5,1,8,72,65,65,48,22,-89.51999999999992,0.5185185185185185,0.5925925925925926,0.2,4.0625,1.375,0.12370149997309454
energy_constraint,ddqn_303,1003106,38,19,8,12,7,3,7,72,66,66,42,98,-129.38,0.21052631578947367,0.5,0.42857142857142855,3.473684210526316,5.157894736842105,0.1358849999917311
energy_constraint,ddqn_303,1003107,33,18,9,8,9,5,7,64,58,58,50,66,-97.94999999999997,0.2727272727272727,0.5454545454545454,0.5555555555555556,3.2222222222222223,3.6666666666666665,0.12964499998702195
energy_constraint,ddqn_303,1003108,26,14,9,3,4,2,9,64,54,54,54,36,-100.06000000000003,0.34615384615384615,0.5384615384615384,0.5,3.857142857142857,2.5714285714285716,0.1347930000008546
energy_constraint,ddqn_303,1003109,23,17,9,0,3,1,6,73,60,60,40,84,32.45,0.391304347826087,0.7391304347826086,0.3333333333333333,3.5294117647058822,4.9411764705882355,0.13513400000420006
energy_constraint,ddqn_303,1003110,25,16,7,5,8,3,4,63,54,54,41,67,39.05999999999999,0.28,0.64,0.375,3.375,4.1875,0.12571450000109508
energy_constraint,ddqn_303,1003111,27,18,9,6,7,5,3,69,55,55,36,138,29.960000000000047,0.3333333333333333,0.6666666666666666,0.7142857142857143,3.0555555555555554,7.666666666666667,0.12979049995465175
energy_constraint,ddqn_303,1003112,24,13,4,7,2,0,4,57,54,54,36,135,-107.19000000000003,0.16666666666666666,0.5416666666666666,0.0,4.153846153846154,10.384615384615385,0.12823399998751484
energy_constraint,ddqn_303,1003113,22,15,7,3,4,0,4,69,59,59,42,90,-17.43,0.3181818181818182,0.6818181818181818,0.0,3.933333333333333,6.0,0.12184349998278776
energy_constraint,ddqn_303,1003114,35,17,7,13,6,2,5,79,65,65,48,79,-135.02000000000004,0.2,0.4857142857142857,0.3333333333333333,3.823529411764706,4.647058823529412,0.12525899995807777
energy_constraint,ddqn_303,1003115,34,14,9,14,9,2,6,55,47,47,34,88,-236.2100000000001,0.2647058823529412,0.4117647058823529,0.2222222222222222,3.357142857142857,6.285714285714286,0.130331500002967
energy_constraint,ddqn_303,1003116,25,12,8,6,4,2,7,63,55,55,38,75,-151.42000000000002,0.32,0.48,0.5,4.583333333333333,6.25,0.1317740000104095
energy_constraint,ddqn_303,1003117,40,13,9,19,11,6,8,51,41,41,32,63,-297.43,0.225,0.325,0.5454545454545454,3.1538461538461537,4.846153846153846,0.13125800001034804
energy_constraint,ddqn_303,1003118,27,9,7,10,6,0,8,50,42,42,31,42,-317.5400000000001,0.25925925925925924,0.3333333333333333,0.0,4.666666666666667,4.666666666666667,0.13253999998141808
energy_constraint,ddqn_303,1003119,21,11,5,4,5,0,6,56,50,50,30,96,-146.2,0.23809523809523808,0.5238095238095238,0.0,4.545454545454546,8.727272727272727,0.1320140000018455
energy_constraint,ddqn_303,1003120,28,15,6,8,7,4,5,74,62,62,48,100,-86.71999999999997,0.21428571428571427,0.5357142857142857,0.5714285714285714,4.133333333333334,6.666666666666667,0.13413749999813263
energy_constraint,ddqn_303,1003121,34,17,8,10,10,3,7,70,59,59,45,121,-134.05,0.23529411764705882,0.5,0.3,3.4705882352941178,7.117647058823529,0.1352840000095057
energy_constraint,ddqn_303,1003122,23,16,11,3,6,3,4,73,61,61,46,46,39.51000000000002,0.4782608695652174,0.6956521739130435,0.5,3.8125,2.875,0.12130749999528234
energy_constraint,ddqn_303,1003123,31,15,7,11,5,0,5,66,56,56,36,100,-146.44,0.22580645161290322,0.4838709677419355,0.0,3.7333333333333334,6.666666666666667,0.12892950002196812
energy_constraint,ddqn_303,1003124,22,15,13,0,5,3,7,53,47,47,47,11,33.870000000000104,0.5909090909090909,0.6818181818181818,0.6,3.1333333333333333,0.7333333333333333,0.11977599999113409
energy_constraint,ddqn_303,1003125,23,15,7,3,6,1,5,79,61,61,46,66,-3.8400000000000247,0.30434782608695654,0.6521739130434783,0.16666666666666666,4.066666666666666,4.4,0.12503400003538445
energy_constraint,ddqn_303,1003126,30,19,9,8,11,3,3,74,60,60,42,139,-65.92999999999995,0.3,0.6333333333333333,0.2727272727272727,3.1578947368421053,7.315789473684211,0.1308925000103045
energy_constraint,ddqn_303,1003127,28,19,12,4,5,3,5,78,65,65,46,84,26.659999999999975,0.42857142857142855,0.6785714285714286,0.6,3.4210526315789473,4.421052631578948,0.12925500001870205
energy_constraint,ddqn_303,1003128,25,12,9,5,8,4,8,55,45,45,37,45,-121.23000000000003,0.36,0.48,0.5,3.75,3.75,0.13073750000103246
energy_constraint,ddqn_303,1003129,29,21,9,6,5,3,2,79,65,65,50,118,81.25000000000004,0.3103448275862069,0.7241379310344828,0.6,3.0952380952380953,5.619047619047619,0.12464799999634124
energy_constraint,ddqn_303,1003130,28,16,12,2,7,4,10,68,56,56,50,7,-47.199999999999974,0.42857142857142855,0.5714285714285714,0.5714285714285714,3.5,0.4375,0.12883900001270376
energy_constraint,ddqn_303,1003131,28,15,10,8,8,6,5,69,63,63,46,65,-30.739999999999952,0.35714285714285715,0.5357142857142857,0.75,4.2,4.333333333333333,0.12407750000420492
energy_constraint,ddqn_303,1003132,32,17,7,9,3,1,6,77,64,64,52,119,-113.63000000000002,0.21875,0.53125,0.3333333333333333,3.764705882352941,7.0,0.13174399998661102
energy_constraint,ddqn_303,1003133,29,12,7,9,8,3,8,62,45,45,24,71,-207.51,0.2413793103448276,0.41379310344827586,0.375,3.75,5.916666666666667,0.1307869999891409
energy_constraint,ddqn_303,1003134,26,15,9,4,6,1,7,69,59,59,50,63,-109.35,0.34615384615384615,0.5769230769230769,0.16666666666666666,3.933333333333333,4.2,0.12727750001317872
energy_constraint,ddqn_303,1003135,35,17,6,13,6,1,5,71,65,65,52,107,-124.07999999999998,0.17142857142857143,0.4857142857142857,0.16666666666666666,3.823529411764706,6.294117647058823,0.12940049998633185
energy_constraint,ddqn_303,1003136,33,11,6,14,11,3,8,54,46,46,30,62,-344.20000000000005,0.18181818181818182,0.3333333333333333,0.2727272727272727,4.181818181818182,5.636363636363637,0.12888499998098268
energy_constraint,ddqn_303,1003137,30,15,5,8,8,2,7,70,63,63,50,111,-147.8,0.16666666666666666,0.5,0.25,4.2,7.4,0.1296304999982567
energy_constraint,ddqn_303,1003138,25,19,9,3,5,2,3,73,63,63,45,61,57.94999999999997,0.36,0.76,0.4,3.3157894736842106,3.210526315789474,0.1266360000045097
energy_constraint,ddqn_303,1003139,37,17,7,14,9,1,6,74,62,62,48,119,-236.57000000000005,0.1891891891891892,0.4594594594594595,0.1111111111111111,3.6470588235294117,7.0,0.1307874999838532
energy_constraint,ddqn_303,1003140,39,20,12,14,13,7,5,72,66,66,50,92,-90.39999999999995,0.3076923076923077,0.5128205128205128,0.5384615384615384,3.3,4.6,0.12932550001210075
energy_constraint,ddqn_303,1003141,32,11,7,13,10,3,8,45,40,40,22,76,-325.92999999999995,0.21875,0.34375,0.3,3.6363636363636362,6.909090909090909,0.12978550000752875
energy_constraint,ddqn_303,1003142,30,15,8,11,9,2,4,71,65,65,52,180,-191.32999999999993,0.26666666666666666,0.5,0.2222222222222222,4.333333333333333,12.0,0.13167299999850002
energy_constraint,ddqn_303,1003143,34,16,10,12,5,3,6,77,67,67,50,69,-158.40000000000003,0.29411764705882354,0.47058823529411764,0.6,4.1875,4.3125,0.12834349999479855
energy_constraint,ddqn_303,1003144,31,17,11,8,9,3,6,66,56,56,43,78,-99.76999999999995,0.3548387096774194,0.5483870967741935,0.3333333333333333,3.2941176470588234,4.588235294117647,0.12721150000061243
energy_constraint,ddqn_303,1003145,31,14,6,12,9,1,5,80,61,61,40,108,-229.25,0.1935483870967742,0.45161290322580644,0.1111111111111111,4.357142857142857,7.714285714285714,0.12837850002256346
energy_constraint,ddqn_303,1003146,21,19,15,0,3,3,2,67,52,52,43,27,154.92999999999984,0.7142857142857143,0.9047619047619048,1.0,2.736842105263158,1.4210526315789473,0.11688600000070437
energy_constraint,ddqn_303,1003147,27,16,8,7,6,3,4,69,55,55,48,128,-40.96999999999997,0.2962962962962963,0.5925925925925926,0.5,3.4375,8.0,0.12781249998283783
energy_constraint,ddqn_303,1003148,28,17,9,4,5,3,7,72,61,61,49,63,-18.11000000000007,0.32142857142857145,0.6071428571428571,0.6,3.588235294117647,3.7058823529411766,0.13150350000046274
energy_constraint,ddqn_303,1003149,23,14,4,3,2,0,6,72,62,62,46,111,-42.84,0.17391304347826086,0.6086956521739131,0.0,4.428571428571429,7.928571428571429,0.13153799997667193
