scenario,policy,scenario_seed,requests,delivered,on_time,rejected,travel_ticks,total_delay,reward,unfinished,on_time_rate,completion_rate,mean_delay,travel_per_delivery
standard,nearest,100000,12,12,11,0,40,2,104.60000000000008,0,0.9166666666666666,1.0,0.16666666666666666,3.3333333333333335
standard,nearest,100001,15,15,12,0,47,13,124.45000000000009,0,0.8,1.0,0.8666666666666667,3.1333333333333333
standard,nearest,100002,14,14,12,0,48,5,119.70000000000009,0,0.8571428571428571,1.0,0.35714285714285715,3.4285714285714284
standard,nearest,100003,13,13,9,0,46,8,108.3000000000001,0,0.6923076923076923,1.0,0.6153846153846154,3.5384615384615383
standard,nearest,100004,15,13,8,2,45,26,80.05000000000001,0,0.5333333333333333,0.8666666666666667,2.0,3.4615384615384617
standard,nearest,100005,14,14,14,0,43,0,124.95000000000002,0,1.0,1.0,0.0,3.0714285714285716
standard,nearest,100006,16,15,14,1,47,1,124.8500000000001,0,0.875,0.9375,0.06666666666666667,3.1333333333333333
standard,nearest,100007,13,13,12,0,40,1,115.30000000000008,0,0.9230769230769231,1.0,0.07692307692307693,3.076923076923077
standard,nearest,100008,15,14,10,1,48,9,108.90000000000009,0,0.6666666666666666,0.9333333333333333,0.6428571428571429,3.4285714285714284
standard,nearest,100009,16,16,16,0,39,0,146.35000000000014,0,1.0,1.0,0.0,2.4375
standard,nearest,100010,13,13,11,0,46,3,111.80000000000014,0,0.8461538461538461,1.0,0.23076923076923078,3.5384615384615383
standard,nearest,100011,13,13,12,0,48,2,111.80000000000007,0,0.9230769230769231,1.0,0.15384615384615385,3.6923076923076925
standard,nearest,100012,15,14,13,1,45,7,111.35000000000008,0,0.8666666666666667,0.9333333333333333,0.5,3.2142857142857144
standard,nearest,100013,18,16,15,2,48,4,124.4000000000001,0,0.8333333333333334,0.8888888888888888,0.25,3.0
standard,nearest,100014,23,13,7,9,48,43,-1.8000000000000025,1,0.30434782608695654,0.5652173913043478,3.3076923076923075,3.6923076923076925
standard,nearest,100015,17,15,15,2,44,0,118.60000000000005,0,0.8823529411764706,0.8823529411764706,0.0,2.933333333333333
standard,nearest,100016,14,14,13,0,46,2,122.50000000000013,0,0.9285714285714286,1.0,0.14285714285714285,3.2857142857142856
standard,nearest,100017,14,14,11,0,46,4,121.10000000000008,0,0.7857142857142857,1.0,0.2857142857142857,3.2857142857142856
standard,nearest,100018,14,13,11,1,45,7,101.35,0,0.7857142857142857,0.9285714285714286,0.5384615384615384,3.4615384615384617
standard,nearest,100019,13,13,10,0,48,8,107.60000000000008,0,0.7692307692307693,1.0,0.6153846153846154,3.6923076923076925
standard,nearest,100020,15,14,10,1,42,8,111.70000000000007,0,0.6666666666666666,0.9333333333333333,0.5714285714285714,3.0
standard,nearest,100021,10,10,10,0,37,0,87.05000000000005,0,1.0,1.0,0.0,3.7
standard,nearest,100022,14,13,13,0,48,0,105.20000000000005,1,0.9285714285714286,0.9285714285714286,0.0,3.6923076923076925
standard,nearest,100023,15,14,13,1,44,1,115.90000000000006,0,0.8666666666666667,0.9333333333333333,0.07142857142857142,3.142857142857143
standard,nearest,100024,17,16,11,1,48,8,129.6000000000001,0,0.6470588235294118,0.9411764705882353,0.5,3.0
standard,nearest,100025,11,11,11,0,47,0,93.55000000000008,0,1.0,1.0,0.0,4.2727272727272725
standard,nearest,100026,15,13,12,2,45,1,97.55000000000003,0,0.8,0.8666666666666667,0.07692307692307693,3.4615384615384617
standard,nearest,100027,12,12,12,0,35,0,107.75,0,1.0,1.0,0.0,2.9166666666666665
standard,nearest,100028,19,15,11,4,48,5,97.70000000000005,0,0.5789473684210527,0.7894736842105263,0.3333333333333333,3.2
standard,nearest,100029,16,15,12,1,47,6,121.35000000000008,0,0.75,0.9375,0.4,3.1333333333333333
standard,nearest,100030,12,12,12,0,43,0,104.95000000000005,0,1.0,1.0,0.0,3.5833333333333335
standard,nearest,100031,15,12,7,2,48,16,66.60000000000002,1,0.4666666666666667,0.8,1.3333333333333333,4.0
standard,nearest,100032,15,15,13,0,45,10,127.25000000000009,0,0.8666666666666667,1.0,0.6666666666666666,3.0
standard,nearest,100033,13,13,13,0,41,0,115.65000000000003,0,1.0,1.0,0.0,3.1538461538461537
standard,nearest,100034,14,13,10,1,46,6,101.70000000000003,0,0.7142857142857143,0.9285714285714286,0.46153846153846156,3.5384615384615383
standard,nearest,100035,17,16,14,1,43,2,135.55000000000007,0,0.8235294117647058,0.9411764705882353,0.125,2.6875
standard,nearest,100036,20,14,8,6,48,33,52.1,0,0.4,0.7,2.357142857142857,3.4285714285714284
standard,nearest,100037,16,14,13,2,46,4,105.10000000000005,0,0.8125,0.875,0.2857142857142857,3.2857142857142856
standard,nearest,100038,12,12,12,0,47,0,103.5500000000001,0,1.0,1.0,0.0,3.9166666666666665
standard,nearest,100039,11,11,11,0,37,0,97.05000000000003,0,1.0,1.0,0.0,3.3636363636363638
standard,nearest,100040,13,13,13,0,37,0,117.05000000000007,0,1.0,1.0,0.0,2.8461538461538463
standard,nearest,100041,13,13,13,0,41,0,115.65000000000006,0,1.0,1.0,0.0,3.1538461538461537
standard,nearest,100042,13,13,13,0,39,0,116.35000000000008,0,1.0,1.0,0.0,3.0
standard,nearest,100043,17,17,16,0,47,1,152.8500000000001,0,0.9411764705882353,1.0,0.058823529411764705,2.764705882352941
standard,nearest,100044,13,13,11,0,46,3,111.80000000000004,0,0.8461538461538461,1.0,0.23076923076923078,3.5384615384615383
standard,nearest,100045,15,15,13,0,39,5,132.85000000000008,0,0.8666666666666667,1.0,0.3333333333333333,2.6
standard,nearest,100046,16,14,11,2,47,8,101.9500000000001,0,0.6875,0.875,0.5714285714285714,3.357142857142857
standard,nearest,100047,19,15,11,4,45,7,97.35000000000005,0,0.5789473684210527,0.7894736842105263,0.4666666666666667,3.0
standard,nearest,100048,14,14,14,0,46,0,123.90000000000009,0,1.0,1.0,0.0,3.2857142857142856
standard,nearest,100049,17,14,12,3,45,3,98.15,0,0.7058823529411765,0.8235294117647058,0.21428571428571427,3.2142857142857144
standard,nearest,100050,17,14,8,2,48,13,89.40000000000006,1,0.47058823529411764,0.8235294117647058,0.9285714285714286,3.4285714285714284
standard,nearest,100051,17,14,9,3,48,24,82.40000000000008,0,0.5294117647058824,0.8235294117647058,1.7142857142857142,3.4285714285714284
standard,nearest,100052,18,13,8,3,48,19,59.90000000000002,2,0.4444444444444444,0.7222222222222222,1.4615384615384615,3.6923076923076925
standard,nearest,100053,16,13,9,3,46,21,75.20000000000003,0,0.5625,0.8125,1.6153846153846154,3.5384615384615383
standard,nearest,100054,15,13,9,2,46,7,93.00000000000001,0,0.6,0.8666666666666667,0.5384615384615384,3.5384615384615383
standard,nearest,100055,13,12,8,1,44,10,89.60000000000005,0,0.6153846153846154,0.9230769230769231,0.8333333333333334,3.6666666666666665
standard,nearest,100056,15,14,11,0,48,9,104.70000000000007,1,0.7333333333333333,0.9333333333333333,0.6428571428571429,3.4285714285714284
standard,nearest,100057,11,11,11,0,40,0,96.00000000000003,0,1.0,1.0,0.0,3.6363636363636362
standard,nearest,100058,12,12,11,0,45,1,103.55000000000007,0,0.9166666666666666,1.0,0.08333333333333333,3.75
standard,nearest,100059,13,13,13,0,42,0,115.30000000000007,0,1.0,1.0,0.0,3.230769230769231
standard,nearest,100060,16,15,14,1,44,2,125.20000000000007,0,0.875,0.9375,0.13333333333333333,2.933333333333333
standard,nearest,100061,14,13,10,1,45,5,102.75000000000001,0,0.7142857142857143,0.9285714285714286,0.38461538461538464,3.4615384615384617
standard,nearest,100062,11,11,11,0,42,0,95.30000000000007,0,1.0,1.0,0.0,3.8181818181818183
standard,nearest,100063,15,13,13,2,38,0,100.70000000000002,0,0.8666666666666667,0.8666666666666667,0.0,2.923076923076923
standard,nearest,100064,17,14,10,3,43,14,91.15,0,0.5882352941176471,0.8235294117647058,1.0,3.0714285714285716
standard,nearest,100065,20,14,9,4,46,25,55.60000000000001,2,0.45,0.7,1.7857142857142858,3.2857142857142856
standard,nearest,100066,18,16,9,2,48,23,111.10000000000007,0,0.5,0.8888888888888888,1.4375,3.0
standard,nearest,100067,16,12,4,4,46,42,42.5,0,0.25,0.75,3.5,3.8333333333333335
standard,nearest,100068,15,15,15,0,41,0,135.65000000000012,0,1.0,1.0,0.0,2.7333333333333334
standard,nearest,100069,14,12,8,0,48,10,76.00000000000006,2,0.5714285714285714,0.8571428571428571,0.8333333333333334,4.0
standard,nearest,100070,12,12,12,0,40,0,106.00000000000006,0,1.0,1.0,0.0,3.3333333333333335
standard,nearest,100071,17,16,15,1,42,1,136.60000000000005,0,0.8823529411764706,0.9411764705882353,0.0625,2.625
standard,nearest,100072,20,14,9,6,47,17,63.64999999999998,0,0.45,0.7,1.2142857142857142,3.357142857142857
standard,nearest,100073,15,14,14,1,40,0,118.00000000000003,0,0.9333333333333333,0.9333333333333333,0.0,2.857142857142857
standard,nearest,100074,18,16,13,2,46,9,121.60000000000008,0,0.7222222222222222,0.8888888888888888,0.5625,2.875
standard,nearest,100075,17,17,11,0,48,7,148.30000000000007,0,0.6470588235294118,1.0,0.4117647058823529,2.823529411764706
standard,nearest,100076,17,14,10,3,48,20,85.20000000000005,0,0.5882352941176471,0.8235294117647058,1.4285714285714286,3.4285714285714284
standard,nearest,100077,19,19,19,0,47,0,173.55000000000015,0,1.0,1.0,0.0,2.473684210526316
standard,nearest,100078,12,12,11,0,40,3,103.90000000000003,0,0.9166666666666666,1.0,0.25,3.3333333333333335
standard,nearest,100079,13,13,12,0,46,2,112.50000000000006,0,0.9230769230769231,1.0,0.15384615384615385,3.5384615384615383
standard,nearest,100080,11,11,11,0,46,0,93.90000000000006,0,1.0,1.0,0.0,4.181818181818182
standard,nearest,100081,15,13,10,1,48,7,90.90000000000008,1,0.6666666666666666,0.8666666666666667,0.5384615384615384,3.6923076923076925
standard,nearest,100082,18,16,14,2,46,6,123.70000000000007,0,0.7777777777777778,0.8888888888888888,0.375,2.875
standard,nearest,100083,12,12,11,0,40,2,104.60000000000005,0,0.9166666666666666,1.0,0.16666666666666666,3.3333333333333335
standard,nearest,100084,18,16,16,2,41,0,129.6500000000001,0,0.8888888888888888,0.8888888888888888,0.0,2.5625
standard,nearest,100085,17,14,10,3,46,14,90.10000000000004,0,0.5882352941176471,0.8235294117647058,1.0,3.2857142857142856
standard,nearest,100086,16,15,12,1,48,5,121.70000000000006,0,0.75,0.9375,0.3333333333333333,3.2
standard,nearest,100087,12,12,12,0,37,0,107.05000000000004,0,1.0,1.0,0.0,3.0833333333333335
standard,nearest,100088,13,13,13,0,38,0,116.7000000000001,0,1.0,1.0,0.0,2.923076923076923
standard,nearest,100089,16,16,16,0,45,0,144.25000000000014,0,1.0,1.0,0.0,2.8125
standard,nearest,100090,20,15,10,4,48,24,73.60000000000008,1,0.5,0.75,1.6,3.2
standard,nearest,100091,17,15,7,2,48,20,103.20000000000005,0,0.4117647058823529,0.8823529411764706,1.3333333333333333,3.2
standard,nearest,100092,13,12,9,0,48,13,85.40000000000006,1,0.6923076923076923,0.9230769230769231,1.0833333333333333,4.0
standard,nearest,100093,10,10,10,0,39,0,86.35000000000005,0,1.0,1.0,0.0,3.9
standard,nearest,100094,12,12,8,0,48,19,89.90000000000003,0,0.6666666666666666,1.0,1.5833333333333333,4.0
standard,nearest,100095,13,13,11,0,42,9,109.00000000000006,0,0.8461538461538461,1.0,0.6923076923076923,3.230769230769231
standard,nearest,100096,18,15,9,3,40,13,102.90000000000003,0,0.5,0.8333333333333334,0.8666666666666667,2.6666666666666665
standard,nearest,100097,16,15,14,1,45,1,125.55000000000007,0,0.875,0.9375,0.06666666666666667,3.0
standard,nearest,100098,16,14,14,2,43,0,108.95000000000005,0,0.875,0.875,0.0,3.0714285714285716
standard,nearest,100099,12,12,12,0,35,0,107.75000000000003,0,1.0,1.0,0.0,2.9166666666666665
standard,nearest,100100,18,14,6,4,46,27,73.00000000000006,0,0.3333333333333333,0.7777777777777778,1.9285714285714286,3.2857142857142856
standard,nearest,100101,12,12,11,0,36,2,106.0,0,0.9166666666666666,1.0,0.16666666666666666,3.0
standard,nearest,100102,18,13,9,4,48,17,60.60000000000002,1,0.5,0.7222222222222222,1.3076923076923077,3.6923076923076925
standard,nearest,100103,15,15,14,0,48,1,132.50000000000009,0,0.9333333333333333,1.0,0.06666666666666667,3.2
standard,nearest,100104,15,13,11,2,48,10,90.20000000000006,0,0.7333333333333333,0.8666666666666667,0.7692307692307693,3.6923076923076925
standard,nearest,100105,12,12,11,0,40,1,105.30000000000008,0,0.9166666666666666,1.0,0.08333333333333333,3.3333333333333335
standard,nearest,100106,18,16,12,2,48,12,118.8000000000001,0,0.6666666666666666,0.8888888888888888,0.75,3.0
standard,nearest,100107,17,13,7,4,46,22,66.50000000000001,0,0.4117647058823529,0.7647058823529411,1.6923076923076923,3.5384615384615383
standard,nearest,100108,11,11,11,0,41,0,95.65000000000006,0,1.0,1.0,0.0,3.727272727272727
standard,nearest,100109,12,12,12,0,41,0,105.65000000000003,0,1.0,1.0,0.0,3.4166666666666665
standard,nearest,100110,9,9,9,0,35,0,77.75000000000003,0,1.0,1.0,0.0,3.888888888888889
standard,nearest,100111,12,12,12,0,41,0,105.65000000000009,0,1.0,1.0,0.0,3.4166666666666665
standard,nearest,100112,11,11,11,0,38,0,96.70000000000002,0,1.0,1.0,0.0,3.4545454545454546
standard,nearest,100113,17,14,10,2,48,17,87.30000000000008,1,0.5882352941176471,0.8235294117647058,1.2142857142857142,3.4285714285714284
standard,nearest,100114,15,13,12,1,48,3,94.40000000000009,1,0.8,0.8666666666666667,0.23076923076923078,3.6923076923076925
standard,nearest,100115,12,12,12,0,41,0,105.65000000000006,0,1.0,1.0,0.0,3.4166666666666665
standard,nearest,100116,19,15,14,2,48,5,94.90000000000003,2,0.7368421052631579,0.7894736842105263,0.3333333333333333,3.2
standard,nearest,100117,15,13,11,1,48,6,93.00000000000006,1,0.7333333333333333,0.8666666666666667,0.46153846153846156,3.6923076923076925
standard,nearest,100118,11,11,11,0,38,0,96.70000000000002,0,1.0,1.0,0.0,3.4545454545454546
standard,nearest,100119,18,14,10,3,48,15,75.10000000000002,1,0.5555555555555556,0.7777777777777778,1.0714285714285714,3.4285714285714284
standard,nearest,100120,7,7,7,0,30,0,59.49999999999997,0,1.0,1.0,0.0,4.285714285714286
standard,nearest,100121,18,16,13,2,40,6,125.80000000000007,0,0.7222222222222222,0.8888888888888888,0.375,2.5
standard,nearest,100122,14,14,11,0,44,9,118.30000000000004,0,0.7857142857142857,1.0,0.6428571428571429,3.142857142857143
standard,nearest,100123,16,15,15,1,41,0,127.65000000000012,0,0.9375,0.9375,0.0,2.7333333333333334
standard,nearest,100124,20,15,11,5,48,12,84.80000000000004,0,0.55,0.75,0.8,3.2
standard,nearest,100125,15,14,13,1,43,2,115.55000000000004,0,0.8666666666666667,0.9333333333333333,0.14285714285714285,3.0714285714285716
standard,nearest,100126,18,16,10,2,46,13,118.8000000000001,0,0.5555555555555556,0.8888888888888888,0.8125,2.875
standard,nearest,100127,15,13,9,2,45,15,87.75000000000003,0,0.6,0.8666666666666667,1.1538461538461537,3.4615384615384617
standard,nearest,100128,15,14,13,0,48,1,114.5000000000001,1,0.8666666666666667,0.9333333333333333,0.07142857142857142,3.4285714285714284
standard,nearest,100129,16,14,8,2,46,15,97.40000000000005,0,0.5,0.875,1.0714285714285714,3.2857142857142856
standard,nearest,100130,18,14,10,3,48,15,78.60000000000005,1,0.5555555555555556,0.7777777777777778,1.0714285714285714,3.4285714285714284
standard,nearest,100131,15,15,11,0,45,13,125.15000000000008,0,0.7333333333333333,1.0,0.8666666666666667,3.0
standard,nearest,100132,19,15,11,4,45,13,93.15000000000003,0,0.5789473684210527,0.7894736842105263,0.8666666666666667,3.0
standard,nearest,100133,15,13,9,1,48,15,86.70000000000006,1,0.6,0.8666666666666667,1.1538461538461537,3.6923076923076925
standard,nearest,100134,12,12,9,0,41,9,99.35000000000008,0,0.75,1.0,0.75,3.4166666666666665
standard,nearest,100135,9,9,8,0,34,3,75.99999999999999,0,0.8888888888888888,1.0,0.3333333333333333,3.7777777777777777
standard,nearest,100136,12,12,11,0,44,3,102.50000000000006,0,0.9166666666666666,1.0,0.25,3.6666666666666665
standard,nearest,100137,16,16,16,0,45,0,144.25000000000009,0,1.0,1.0,0.0,2.8125
standard,nearest,100138,9,9,8,0,37,3,74.94999999999999,0,0.8888888888888888,1.0,0.3333333333333333,4.111111111111111
standard,nearest,100139,12,12,12,0,47,0,103.55000000000005,0,1.0,1.0,0.0,3.9166666666666665
standard,nearest,100140,11,11,9,0,46,5,90.40000000000003,0,0.8181818181818182,1.0,0.45454545454545453,4.181818181818182
standard,nearest,100141,14,13,10,1,47,6,101.35000000000008,0,0.7142857142857143,0.9285714285714286,0.46153846153846156,3.6153846153846154
standard,nearest,100142,13,12,10,0,48,6,86.10000000000004,1,0.7692307692307693,0.9230769230769231,0.5,4.0
standard,nearest,100143,17,15,11,2,48,8,111.6000000000001,0,0.6470588235294118,0.8823529411764706,0.5333333333333333,3.2
standard,nearest,100144,12,12,12,0,39,0,106.35000000000005,0,1.0,1.0,0.0,3.25
standard,nearest,100145,11,11,11,0,39,0,96.35,0,1.0,1.0,0.0,3.5454545454545454
standard,nearest,100146,15,15,14,0,44,2,133.2000000000001,0,0.9333333333333333,1.0,0.13333333333333333,2.933333333333333
standard,nearest,100147,15,15,15,0,42,0,135.3000000000001,0,1.0,1.0,0.0,2.8
standard,nearest,100148,15,14,11,1,48,6,111.00000000000004,0,0.7333333333333333,0.9333333333333333,0.42857142857142855,3.4285714285714284
standard,nearest,100149,13,13,11,0,39,4,113.55000000000004,0,0.8461538461538461,1.0,0.3076923076923077,3.0
standard,nearest,100150,11,11,9,0,35,8,92.15000000000005,0,0.8181818181818182,1.0,0.7272727272727273,3.1818181818181817
standard,nearest,100151,17,15,10,2,44,16,107.40000000000006,0,0.5882352941176471,0.8823529411764706,1.0666666666666667,2.933333333333333
standard,nearest,100152,13,13,11,0,43,2,113.55000000000004,0,0.8461538461538461,1.0,0.15384615384615385,3.3076923076923075
standard,nearest,100153,11,11,11,0,40,0,96.00000000000006,0,1.0,1.0,0.0,3.6363636363636362
standard,nearest,100154,15,14,14,1,40,0,118.00000000000006,0,0.9333333333333333,0.9333333333333333,0.0,2.857142857142857
standard,nearest,100155,14,13,8,0,48,13,93.30000000000003,1,0.5714285714285714,0.9285714285714286,1.0,3.6923076923076925
standard,nearest,100156,12,12,10,0,45,11,96.55000000000003,0,0.8333333333333334,1.0,0.9166666666666666,3.75
standard,nearest,100157,17,15,11,2,48,14,107.40000000000009,0,0.6470588235294118,0.8823529411764706,0.9333333333333333,3.2
standard,nearest,100158,15,13,10,2,43,21,84.25,0,0.6666666666666666,0.8666666666666667,1.6153846153846154,3.3076923076923075
standard,nearest,100159,17,16,14,1,48,6,131.0000000000001,0,0.8235294117647058,0.9411764705882353,0.375,3.0
standard,nearest,100160,12,12,10,0,48,14,93.40000000000006,0,0.8333333333333334,1.0,1.1666666666666667,4.0
standard,nearest,100161,19,14,11,5,48,13,74.10000000000002,0,0.5789473684210527,0.7368421052631579,0.9285714285714286,3.4285714285714284
standard,nearest,100162,16,14,12,2,41,4,106.85000000000002,0,0.75,0.875,0.2857142857142857,2.9285714285714284
standard,nearest,100163,15,15,15,0,46,0,133.9000000000001,0,1.0,1.0,0.0,3.066666666666667
standard,nearest,100164,11,11,11,0,39,0,96.35000000000002,0,1.0,1.0,0.0,3.5454545454545454
standard,nearest,100165,15,14,14,1,37,0,119.05000000000007,0,0.9333333333333333,0.9333333333333333,0.0,2.642857142857143
standard,nearest,100166,13,13,13,0,40,0,116.00000000000006,0,1.0,1.0,0.0,3.076923076923077
standard,nearest,100167,13,13,13,0,43,0,114.95000000000005,0,1.0,1.0,0.0,3.3076923076923075
standard,nearest,100168,8,8,8,0,33,0,68.44999999999999,0,1.0,1.0,0.0,4.125
standard,nearest,100169,14,14,14,0,44,0,124.60000000000011,0,1.0,1.0,0.0,3.142857142857143
standard,nearest,100170,13,13,12,0,38,1,116.00000000000003,0,0.9230769230769231,1.0,0.07692307692307693,2.923076923076923
standard,nearest,100171,17,15,13,2,42,11,111.60000000000005,0,0.7647058823529411,0.8823529411764706,0.7333333333333333,2.8
standard,nearest,100172,14,13,11,1,45,2,104.85000000000002,0,0.7857142857142857,0.9285714285714286,0.15384615384615385,3.4615384615384617
standard,nearest,100173,15,14,14,0,48,0,115.2000000000001,1,0.9333333333333333,0.9333333333333333,0.0,3.4285714285714284
standard,nearest,100174,14,14,14,0,42,0,125.3000000000001,0,1.0,1.0,0.0,3.0
standard,nearest,100175,12,12,12,0,41,0,105.65000000000006,0,1.0,1.0,0.0,3.4166666666666665
standard,nearest,100176,15,15,14,0,48,6,129.00000000000009,0,0.9333333333333333,1.0,0.4,3.2
standard,nearest,100177,17,14,9,3,45,18,87.65000000000002,0,0.5294117647058824,0.8235294117647058,1.2857142857142858,3.2142857142857144
standard,nearest,100178,12,12,12,0,38,0,106.70000000000005,0,1.0,1.0,0.0,3.1666666666666665
standard,nearest,100179,14,13,8,1,44,20,92.60000000000004,0,0.5714285714285714,0.9285714285714286,1.5384615384615385,3.3846153846153846
standard,nearest,100180,11,10,10,0,38,0,75.20000000000003,1,0.9090909090909091,0.9090909090909091,0.0,3.8
standard,nearest,100181,16,15,14,1,43,2,125.5500000000001,0,0.875,0.9375,0.13333333333333333,2.8666666666666667
standard,nearest,100182,17,16,16,1,39,0,138.35000000000008,0,0.9411764705882353,0.9411764705882353,0.0,2.4375
standard,nearest,100183,18,15,15,3,44,0,110.60000000000002,0,0.8333333333333334,0.8333333333333334,0.0,2.933333333333333
standard,nearest,100184,11,11,11,0,44,0,94.60000000000005,0,1.0,1.0,0.0,4.0
standard,nearest,100185,14,14,13,0,43,1,124.25000000000009,0,0.9285714285714286,1.0,0.07142857142857142,3.0714285714285716
standard,nearest,100186,13,13,13,0,43,0,114.95000000000007,0,1.0,1.0,0.0,3.3076923076923075
standard,nearest,100187,8,8,8,0,38,0,66.69999999999999,0,1.0,1.0,0.0,4.75
standard,nearest,100188,10,10,10,0,40,0,86.00000000000003,0,1.0,1.0,0.0,4.0
standard,nearest,100189,12,11,11,1,48,0,85.20000000000002,0,0.9166666666666666,0.9166666666666666,0.0,4.363636363636363
standard,nearest,100190,18,14,9,4,46,14,82.10000000000004,0,0.5,0.7777777777777778,1.0,3.2857142857142856
standard,nearest,100191,16,14,9,2,48,16,96.00000000000003,0,0.5625,0.875,1.1428571428571428,3.4285714285714284
standard,nearest,100192,13,13,12,0,43,5,111.45000000000009,0,0.9230769230769231,1.0,0.38461538461538464,3.3076923076923075
standard,nearest,100193,10,10,10,0,42,0,85.30000000000004,0,1.0,1.0,0.0,4.2
standard,nearest,100194,15,13,10,2,41,12,91.25000000000009,0,0.6666666666666666,0.8666666666666667,0.9230769230769231,3.1538461538461537
standard,nearest,100195,15,14,11,1,45,4,113.45000000000007,0,0.7333333333333333,0.9333333333333333,0.2857142857142857,3.2142857142857144
standard,nearest,100196,12,11,7,1,46,11,78.20000000000002,0,0.5833333333333334,0.9166666666666666,1.0,4.181818181818182
standard,nearest,100197,15,14,10,1,47,11,107.85000000000008,0,0.6666666666666666,0.9333333333333333,0.7857142857142857,3.357142857142857
standard,nearest,100198,16,15,13,1,48,4,122.40000000000008,0,0.8125,0.9375,0.26666666666666666,3.2
standard,nearest,100199,12,12,12,0,40,0,106.00000000000003,0,1.0,1.0,0.0,3.3333333333333335
standard,nearest,100200,14,12,8,0,48,10,76.00000000000003,2,0.5714285714285714,0.8571428571428571,0.8333333333333334,4.0
standard,nearest,100201,19,15,10,4,42,5,99.80000000000004,0,0.5263157894736842,0.7894736842105263,0.3333333333333333,2.8
standard,nearest,100202,16,15,13,1,48,2,123.80000000000007,0,0.8125,0.9375,0.13333333333333333,3.2
standard,nearest,100203,16,16,13,0,47,5,140.0500000000001,0,0.8125,1.0,0.3125,2.9375
standard,nearest,100204,16,13,10,3,38,11,85.00000000000003,0,0.625,0.8125,0.8461538461538461,2.923076923076923
standard,nearest,100205,14,14,14,0,41,0,125.65000000000006,0,1.0,1.0,0.0,2.9285714285714284
standard,nearest,100206,17,15,12,2,46,8,112.30000000000005,0,0.7058823529411765,0.8823529411764706,0.5333333333333333,3.066666666666667
standard,nearest,100207,14,12,9,2,38,8,85.1,0,0.6428571428571429,0.8571428571428571,0.6666666666666666,3.1666666666666665
standard,nearest,100208,16,15,12,1,46,9,119.60000000000007,0,0.75,0.9375,0.6,3.066666666666667
standard,nearest,100209,22,16,13,5,48,9,86.10000000000002,1,0.5909090909090909,0.7272727272727273,0.5625,3.0
standard,nearest,100210,17,13,10,3,48,19,66.49999999999999,1,0.5882352941176471,0.7647058823529411,1.4615384615384615,3.6923076923076925
standard,nearest,100211,12,12,12,0,39,0,106.35000000000005,0,1.0,1.0,0.0,3.25
standard,nearest,100212,15,13,10,2,41,16,88.45000000000005,0,0.6666666666666666,0.8666666666666667,1.2307692307692308,3.1538461538461537
standard,nearest,100213,12,12,11,0,41,1,104.95000000000003,0,0.9166666666666666,1.0,0.08333333333333333,3.4166666666666665
standard,nearest,100214,16,15,13,0,48,2,123.8000000000001,1,0.8125,0.9375,0.13333333333333333,3.2
standard,nearest,100215,15,15,14,0,48,2,131.8000000000001,0,0.9333333333333333,1.0,0.13333333333333333,3.2
standard,nearest,100216,12,12,11,0,47,2,102.15000000000005,0,0.9166666666666666,1.0,0.16666666666666666,3.9166666666666665
standard,nearest,100217,14,14,13,0,46,2,122.50000000000006,0,0.9285714285714286,1.0,0.14285714285714285,3.2857142857142856
standard,nearest,100218,15,12,5,3,45,39,52.95,0,0.3333333333333333,0.8,3.25,3.75
standard,nearest,100219,9,9,8,0,36,1,76.70000000000002,0,0.8888888888888888,1.0,0.1111111111111111,4.0
standard,nearest,100220,10,10,9,0,37,2,85.65,0,0.9,1.0,0.2,3.7
standard,nearest,100221,17,14,12,3,41,2,100.25000000000001,0,0.7058823529411765,0.8235294117647058,0.14285714285714285,2.9285714285714284
standard,nearest,100222,13,13,12,0,41,1,114.95000000000005,0,0.9230769230769231,1.0,0.07692307692307693,3.1538461538461537
standard,nearest,100223,13,13,13,0,40,0,116.00000000000009,0,1.0,1.0,0.0,3.076923076923077
standard,nearest,100224,18,13,7,4,48,36,47.30000000000002,1,0.3888888888888889,0.7222222222222222,2.769230769230769,3.6923076923076925
standard,nearest,100225,19,13,6,6,45,34,42.45,0,0.3157894736842105,0.6842105263157895,2.6153846153846154,3.4615384615384617
standard,nearest,100226,12,12,11,0,40,6,101.80000000000004,0,0.9166666666666666,1.0,0.5,3.3333333333333335
standard,nearest,100227,13,13,12,0,41,2,114.25000000000003,0,0.9230769230769231,1.0,0.15384615384615385,3.1538461538461537
standard,nearest,100228,11,11,11,0,39,0,96.35000000000002,0,1.0,1.0,0.0,3.5454545454545454
standard,nearest,100229,17,14,8,3,47,19,86.25000000000007,0,0.47058823529411764,0.8235294117647058,1.3571428571428572,3.357142857142857
standard,nearest,100230,16,14,10,2,43,11,101.25000000000003,0,0.625,0.875,0.7857142857142857,3.0714285714285716
standard,nearest,100231,17,12,7,5,42,20,51.29999999999998,0,0.4117647058823529,0.7058823529411765,1.6666666666666667,3.5
standard,nearest,100232,10,10,8,0,41,5,82.15000000000006,0,0.8,1.0,0.5,4.1
standard,nearest,100233,12,11,10,0,48,2,82.40000000000003,1,0.8333333333333334,0.9166666666666666,0.18181818181818182,4.363636363636363
standard,nearest,100234,19,15,14,4,40,1,103.30000000000004,0,0.7368421052631579,0.7894736842105263,0.06666666666666667,2.6666666666666665
standard,nearest,100235,17,16,16,1,41,0,137.6500000000001,0,0.9411764705882353,0.9411764705882353,0.0,2.5625
standard,nearest,100236,12,12,11,0,43,1,104.25000000000003,0,0.9166666666666666,1.0,0.08333333333333333,3.5833333333333335
standard,nearest,100237,10,10,9,0,39,1,85.65000000000002,0,0.9,1.0,0.1,3.9
standard,nearest,100238,12,12,9,0,45,8,98.65000000000006,0,0.75,1.0,0.6666666666666666,3.75
standard,nearest,100239,14,14,14,0,46,0,123.90000000000006,0,1.0,1.0,0.0,3.2857142857142856
standard,nearest,100240,11,11,11,0,36,0,97.40000000000006,0,1.0,1.0,0.0,3.272727272727273
standard,nearest,100241,14,14,14,0,40,0,126.00000000000006,0,1.0,1.0,0.0,2.857142857142857
standard,nearest,100242,19,13,10,4,48,14,53.3,2,0.5263157894736842,0.6842105263157895,1.0769230769230769,3.6923076923076925
standard,nearest,100243,12,12,12,0,39,0,106.35,0,1.0,1.0,0.0,3.25
standard,nearest,100244,15,14,9,1,48,14,105.40000000000005,0,0.6,0.9333333333333333,1.0,3.4285714285714284
standard,nearest,100245,17,17,17,0,43,0,154.9500000000001,0,1.0,1.0,0.0,2.5294117647058822
standard,nearest,100246,13,12,8,1,44,19,83.30000000000005,0,0.6153846153846154,0.9230769230769231,1.5833333333333333,3.6666666666666665
standard,nearest,100247,8,8,8,0,30,0,69.49999999999999,0,1.0,1.0,0.0,3.75
standard,nearest,100248,15,11,6,4,44,23,46.5,0,0.4,0.7333333333333333,2.090909090909091,4.0
standard,nearest,100249,12,12,11,0,39,1,105.65000000000009,0,0.9166666666666666,1.0,0.08333333333333333,3.25
standard,nearest,100250,15,14,13,1,42,2,115.90000000000003,0,0.8666666666666667,0.9333333333333333,0.14285714285714285,3.0
standard,nearest,100251,11,10,10,0,42,0,75.90000000000005,1,0.9090909090909091,0.9090909090909091,0.0,4.2
standard,nearest,100252,16,14,11,1,48,13,98.10000000000005,1,0.6875,0.875,0.9285714285714286,3.4285714285714284
standard,nearest,100253,12,12,12,0,36,0,107.40000000000006,0,1.0,1.0,0.0,3.0
standard,nearest,100254,13,13,13,0,43,0,114.95000000000007,0,1.0,1.0,0.0,3.3076923076923075
standard,nearest,100255,16,15,12,1,48,12,116.80000000000008,0,0.75,0.9375,0.8,3.2
standard,nearest,100256,17,13,8,4,41,22,68.25,0,0.47058823529411764,0.7647058823529411,1.6923076923076923,3.1538461538461537
standard,nearest,100257,16,16,14,0,47,3,141.45000000000013,0,0.875,1.0,0.1875,2.9375
standard,nearest,100258,13,12,10,0,48,7,89.60000000000008,1,0.7692307692307693,0.9230769230769231,0.5833333333333334,4.0
standard,nearest,100259,16,14,10,1,48,20,88.30000000000005,1,0.625,0.875,1.4285714285714286,3.4285714285714284
standard,nearest,100260,16,15,14,1,44,2,125.20000000000007,0,0.875,0.9375,0.13333333333333333,2.933333333333333
standard,nearest,100261,18,14,11,4,44,10,85.60000000000004,0,0.6111111111111112,0.7777777777777778,0.7142857142857143,3.142857142857143
standard,nearest,100262,16,15,12,0,48,7,115.40000000000009,1,0.75,0.9375,0.4666666666666667,3.2
standard,nearest,100263,15,14,11,1,47,13,106.45000000000007,0,0.7333333333333333,0.9333333333333333,0.9285714285714286,3.357142857142857
standard,nearest,100264,18,16,13,1,48,10,118.10000000000008,1,0.7222222222222222,0.8888888888888888,0.625,3.0
standard,nearest,100265,15,15,13,0,44,8,129.00000000000006,0,0.8666666666666667,1.0,0.5333333333333333,2.933333333333333
standard,nearest,100266,8,8,7,0,38,1,65.99999999999999,0,0.875,1.0,0.125,4.75
standard,nearest,100267,16,14,12,1,47,5,101.25000000000006,1,0.75,0.875,0.35714285714285715,3.357142857142857
standard,nearest,100268,15,14,9,0,48,9,106.10000000000007,1,0.6,0.9333333333333333,0.6428571428571429,3.4285714285714284
standard,nearest,100269,14,14,14,0,39,0,126.35000000000008,0,1.0,1.0,0.0,2.7857142857142856
standard,nearest,100270,13,13,12,0,43,1,114.25000000000006,0,0.9230769230769231,1.0,0.07692307692307693,3.3076923076923075
standard,nearest,100271,18,14,8,4,48,29,70.90000000000005,0,0.4444444444444444,0.7777777777777778,2.0714285714285716,3.4285714285714284
standard,nearest,100272,18,11,6,6,47,29,10.949999999999985,1,0.3333333333333333,0.6111111111111112,2.6363636363636362,4.2727272727272725
standard,nearest,100273,17,14,9,3,45,10,93.25000000000003,0,0.5294117647058824,0.8235294117647058,0.7142857142857143,3.2142857142857144
standard,nearest,100274,17,14,7,3,48,27,80.30000000000004,0,0.4117647058823529,0.8235294117647058,1.9285714285714286,3.4285714285714284
standard,nearest,100275,13,13,13,0,39,0,116.35000000000008,0,1.0,1.0,0.0,3.0
standard,nearest,100276,20,15,13,5,40,6,91.80000000000001,0,0.65,0.75,0.4,2.6666666666666665
standard,nearest,100277,15,15,13,0,48,3,131.10000000000008,0,0.8666666666666667,1.0,0.2,3.2
standard,nearest,100278,9,9,9,0,37,0,77.04999999999998,0,1.0,1.0,0.0,4.111111111111111
standard,nearest,100279,15,15,13,0,48,3,131.10000000000008,0,0.8666666666666667,1.0,0.2,3.2
standard,nearest,100280,15,15,12,0,46,8,128.3000000000001,0,0.8,1.0,0.5333333333333333,3.066666666666667
standard,nearest,100281,16,15,12,1,48,14,115.40000000000005,0,0.75,0.9375,0.9333333333333333,3.2
standard,nearest,100282,18,17,17,0,48,0,145.20000000000013,1,0.9444444444444444,0.9444444444444444,0.0,2.823529411764706
standard,nearest,100283,15,13,9,2,44,13,89.50000000000001,0,0.6,0.8666666666666667,1.0,3.3846153846153846
standard,nearest,100284,15,14,12,1,43,4,114.15000000000005,0,0.8,0.9333333333333333,0.2857142857142857,3.0714285714285716
standard,nearest,100285,17,16,13,1,45,5,132.75000000000009,0,0.7647058823529411,0.9411764705882353,0.3125,2.8125
standard,nearest,100286,12,12,12,0,45,0,104.25000000000006,0,1.0,1.0,0.0,3.75
standard,nearest,100287,13,13,13,0,41,0,115.65000000000003,0,1.0,1.0,0.0,3.1538461538461537
standard,nearest,100288,17,15,12,1,48,10,110.20000000000007,1,0.7058823529411765,0.8823529411764706,0.6666666666666666,3.2
standard,nearest,100289,12,12,12,0,42,0,105.30000000000003,0,1.0,1.0,0.0,3.5
standard,nearest,100290,13,13,12,0,44,1,113.90000000000003,0,0.9230769230769231,1.0,0.07692307692307693,3.3846153846153846
standard,nearest,100291,15,14,13,1,48,2,113.80000000000005,0,0.8666666666666667,0.9333333333333333,0.14285714285714285,3.4285714285714284
standard,nearest,100292,13,13,12,0,42,1,114.60000000000005,0,0.9230769230769231,1.0,0.07692307692307693,3.230769230769231
standard,nearest,100293,19,18,18,1,44,0,156.6000000000001,0,0.9473684210526315,0.9473684210526315,0.0,2.4444444444444446
standard,nearest,100294,18,14,12,4,42,7,88.40000000000003,0,0.6666666666666666,0.7777777777777778,0.5,3.0
standard,nearest,100295,9,9,9,0,41,0,75.65000000000002,0,1.0,1.0,0.0,4.555555555555555
standard,nearest,100296,13,13,12,0,44,4,111.80000000000004,0,0.9230769230769231,1.0,0.3076923076923077,3.3846153846153846
standard,nearest,100297,11,11,11,0,43,0,94.95000000000007,0,1.0,1.0,0.0,3.909090909090909
standard,nearest,100298,13,13,11,0,46,3,111.80000000000007,0,0.8461538461538461,1.0,0.23076923076923078,3.5384615384615383
standard,nearest,100299,12,12,11,0,45,5,100.75000000000007,0,0.9166666666666666,1.0,0.4166666666666667,3.75
standard,deadline,100000,12,12,12,0,40,0,106.00000000000006,0,1.0,1.0,0.0,3.3333333333333335
standard,deadline,100001,15,15,12,0,48,6,129.0000000000001,0,0.8,1.0,0.4,3.2
standard,deadline,100002,14,14,12,0,48,5,119.70000000000009,0,0.8571428571428571,1.0,0.35714285714285715,3.4285714285714284
standard,deadline,100003,13,13,9,0,46,8,108.30000000000005,0,0.6923076923076923,1.0,0.6153846153846154,3.5384615384615383
standard,deadline,100004,15,13,7,2,44,25,81.10000000000001,0,0.4666666666666667,0.8666666666666667,1.9230769230769231,3.3846153846153846
standard,deadline,100005,14,14,14,0,43,0,124.95000000000002,0,1.0,1.0,0.0,3.0714285714285716
standard,deadline,100006,16,15,14,1,47,1,124.8500000000001,0,0.875,0.9375,0.06666666666666667,3.1333333333333333
standard,deadline,100007,13,13,12,0,40,1,115.30000000000008,0,0.9230769230769231,1.0,0.07692307692307693,3.076923076923077
standard,deadline,100008,15,14,12,1,48,4,112.4000000000001,0,0.8,0.9333333333333333,0.2857142857142857,3.4285714285714284
standard,deadline,100009,16,16,16,0,39,0,146.35000000000014,0,1.0,1.0,0.0,2.4375
standard,deadline,100010,13,13,11,0,46,3,111.80000000000014,0,0.8461538461538461,1.0,0.23076923076923078,3.5384615384615383
standard,deadline,100011,13,13,13,0,48,0,113.20000000000007,0,1.0,1.0,0.0,3.6923076923076925
standard,deadline,100012,15,14,10,1,46,4,113.10000000000008,0,0.6666666666666666,0.9333333333333333,0.2857142857142857,3.2857142857142856
standard,deadline,100013,18,16,15,2,48,4,124.4000000000001,0,0.8333333333333334,0.8888888888888888,0.25,3.0
standard,deadline,100014,23,12,7,9,48,36,-20.500000000000004,2,0.30434782608695654,0.5217391304347826,3.0,4.0
standard,deadline,100015,17,16,16,1,47,0,135.55000000000007,0,0.9411764705882353,0.9411764705882353,0.0,2.9375
standard,deadline,100016,14,14,13,0,46,2,122.50000000000013,0,0.9285714285714286,1.0,0.14285714285714285,3.2857142857142856
standard,deadline,100017,14,14,11,0,46,4,121.10000000000008,0,0.7857142857142857,1.0,0.2857142857142857,3.2857142857142856
standard,deadline,100018,14,12,10,2,45,7,83.35000000000001,0,0.7142857142857143,0.8571428571428571,0.5833333333333334,3.75
standard,deadline,100019,13,13,11,0,48,6,109.00000000000009,0,0.8461538461538461,1.0,0.46153846153846156,3.6923076923076925
standard,deadline,100020,15,14,12,1,41,2,116.25000000000006,0,0.8,0.9333333333333333,0.14285714285714285,2.9285714285714284
standard,deadline,100021,10,10,10,0,37,0,87.05000000000004,0,1.0,1.0,0.0,3.7
standard,deadline,100022,14,13,13,0,48,0,105.20000000000005,1,0.9285714285714286,0.9285714285714286,0.0,3.6923076923076925
standard,deadline,100023,15,14,13,1,44,1,115.90000000000006,0,0.8666666666666667,0.9333333333333333,0.07142857142857142,3.142857142857143
standard,deadline,100024,17,16,12,1,48,8,129.60000000000008,0,0.7058823529411765,0.9411764705882353,0.5,3.0
standard,deadline,100025,11,11,11,0,47,0,93.55000000000008,0,1.0,1.0,0.0,4.2727272727272725
standard,deadline,100026,15,13,11,2,42,2,97.9,0,0.7333333333333333,0.8666666666666667,0.15384615384615385,3.230769230769231
standard,deadline,100027,12,12,12,0,35,0,107.75,0,1.0,1.0,0.0,2.9166666666666665
standard,deadline,100028,19,15,12,4,48,4,98.40000000000006,0,0.631578947368421,0.7894736842105263,0.26666666666666666,3.2
standard,deadline,100029,16,15,13,1,47,3,123.45000000000009,0,0.8125,0.9375,0.2,3.1333333333333333
standard,deadline,100030,12,12,12,0,43,0,104.95000000000005,0,1.0,1.0,0.0,3.5833333333333335
standard,deadline,100031,15,12,9,3,44,4,77.80000000000001,0,0.6,0.8,0.3333333333333333,3.6666666666666665
standard,deadline,100032,15,15,12,0,45,5,130.75000000000006,0,0.8,1.0,0.3333333333333333,3.0
standard,deadline,100033,13,13,13,0,41,0,115.65000000000003,0,1.0,1.0,0.0,3.1538461538461537
standard,deadline,100034,14,13,11,1,46,3,103.80000000000004,0,0.7857142857142857,0.9285714285714286,0.23076923076923078,3.5384615384615383
standard,deadline,100035,17,16,15,1,43,1,136.25000000000009,0,0.8823529411764706,0.9411764705882353,0.0625,2.6875
standard,deadline,100036,20,14,6,6,47,24,58.75,0,0.3,0.7,1.7142857142857142,3.357142857142857
standard,deadline,100037,16,15,13,1,47,2,124.15000000000008,0,0.8125,0.9375,0.13333333333333333,3.1333333333333333
standard,deadline,100038,12,12,12,0,47,0,103.5500000000001,0,1.0,1.0,0.0,3.9166666666666665
standard,deadline,100039,11,11,11,0,37,0,97.05000000000003,0,1.0,1.0,0.0,3.3636363636363638
standard,deadline,100040,13,13,13,0,37,0,117.05000000000007,0,1.0,1.0,0.0,2.8461538461538463
standard,deadline,100041,13,13,13,0,41,0,115.65000000000006,0,1.0,1.0,0.0,3.1538461538461537
standard,deadline,100042,13,13,13,0,39,0,116.35000000000008,0,1.0,1.0,0.0,3.0
standard,deadline,100043,17,17,16,0,47,1,152.8500000000001,0,0.9411764705882353,1.0,0.058823529411764705,2.764705882352941
standard,deadline,100044,13,13,13,0,46,0,113.90000000000003,0,1.0,1.0,0.0,3.5384615384615383
standard,deadline,100045,15,15,13,0,39,2,134.95000000000007,0,0.8666666666666667,1.0,0.13333333333333333,2.6
standard,deadline,100046,16,14,9,1,48,17,95.3000000000001,1,0.5625,0.875,1.2142857142857142,3.4285714285714284
standard,deadline,100047,19,15,12,4,45,5,98.75000000000006,0,0.631578947368421,0.7894736842105263,0.3333333333333333,3.0
standard,deadline,100048,14,14,14,0,46,0,123.90000000000009,0,1.0,1.0,0.0,3.2857142857142856
standard,deadline,100049,17,13,11,3,48,3,79.10000000000002,1,0.6470588235294118,0.7647058823529411,0.23076923076923078,3.6923076923076925
standard,deadline,100050,17,14,9,3,47,26,81.35000000000001,0,0.5294117647058824,0.8235294117647058,1.8571428571428572,3.357142857142857
standard,deadline,100051,17,14,8,3,48,23,83.10000000000008,0,0.47058823529411764,0.8235294117647058,1.6428571428571428,3.4285714285714284
standard,deadline,100052,18,13,7,4,48,20,59.20000000000001,1,0.3888888888888889,0.7222222222222222,1.5384615384615385,3.6923076923076925
standard,deadline,100053,16,13,9,3,46,22,74.50000000000003,0,0.5625,0.8125,1.6923076923076923,3.5384615384615383
standard,deadline,100054,15,13,10,2,48,13,88.10000000000001,0,0.6666666666666666,0.8666666666666667,1.0,3.6923076923076925
standard,deadline,100055,13,12,11,1,45,4,93.45000000000009,0,0.8461538461538461,0.9230769230769231,0.3333333333333333,3.75
standard,deadline,100056,15,13,10,0,48,8,87.40000000000006,2,0.6666666666666666,0.8666666666666667,0.6153846153846154,3.6923076923076925
standard,deadline,100057,11,11,11,0,40,0,96.00000000000003,0,1.0,1.0,0.0,3.6363636363636362
standard,deadline,100058,12,12,11,0,45,1,103.55000000000007,0,0.9166666666666666,1.0,0.08333333333333333,3.75
standard,deadline,100059,13,13,13,0,42,0,115.30000000000007,0,1.0,1.0,0.0,3.230769230769231
standard,deadline,100060,16,15,15,1,44,0,126.60000000000008,0,0.9375,0.9375,0.0,2.933333333333333
standard,deadline,100061,14,13,10,1,45,5,102.75000000000001,0,0.7142857142857143,0.9285714285714286,0.38461538461538464,3.4615384615384617
standard,deadline,100062,11,11,11,0,42,0,95.30000000000007,0,1.0,1.0,0.0,3.8181818181818183
standard,deadline,100063,15,13,13,2,42,0,99.30000000000001,0,0.8666666666666667,0.8666666666666667,0.0,3.230769230769231
standard,deadline,100064,17,14,9,3,43,14,91.15,0,0.5294117647058824,0.8235294117647058,1.0,3.0714285714285716
standard,deadline,100065,20,14,8,5,46,31,54.19999999999997,1,0.4,0.7,2.2142857142857144,3.2857142857142856
standard,deadline,100066,18,17,11,1,48,15,134.70000000000007,0,0.6111111111111112,0.9444444444444444,0.8823529411764706,2.823529411764706
standard,deadline,100067,16,12,4,4,46,42,42.5,0,0.25,0.75,3.5,3.8333333333333335
standard,deadline,100068,15,15,15,0,41,0,135.65000000000012,0,1.0,1.0,0.0,2.7333333333333334
standard,deadline,100069,14,12,8,0,48,10,76.00000000000006,2,0.5714285714285714,0.8571428571428571,0.8333333333333334,4.0
standard,deadline,100070,12,12,12,0,40,0,106.00000000000006,0,1.0,1.0,0.0,3.3333333333333335
standard,deadline,100071,17,16,15,1,42,1,136.60000000000005,0,0.8823529411764706,0.9411764705882353,0.0625,2.625
standard,deadline,100072,20,14,8,6,48,19,61.89999999999997,0,0.4,0.7,1.3571428571428572,3.4285714285714284
standard,deadline,100073,15,14,14,1,40,0,118.00000000000003,0,0.9333333333333333,0.9333333333333333,0.0,2.857142857142857
standard,deadline,100074,18,16,14,2,46,3,125.8000000000001,0,0.7777777777777778,0.8888888888888888,0.1875,2.875
standard,deadline,100075,17,17,11,0,48,7,148.30000000000007,0,0.6470588235294118,1.0,0.4117647058823529,2.823529411764706
standard,deadline,100076,17,14,9,3,48,21,84.50000000000006,0,0.5294117647058824,0.8235294117647058,1.5,3.4285714285714284
standard,deadline,100077,19,19,19,0,47,0,173.55000000000015,0,1.0,1.0,0.0,2.473684210526316
standard,deadline,100078,12,12,12,0,40,0,106.00000000000003,0,1.0,1.0,0.0,3.3333333333333335
standard,deadline,100079,13,13,12,0,46,2,112.50000000000006,0,0.9230769230769231,1.0,0.15384615384615385,3.5384615384615383
standard,deadline,100080,11,11,11,0,46,0,93.90000000000006,0,1.0,1.0,0.0,4.181818181818182
standard,deadline,100081,15,13,8,2,48,13,88.10000000000002,0,0.5333333333333333,0.8666666666666667,1.0,3.6923076923076925
standard,deadline,100082,18,15,14,2,48,4,105.00000000000006,1,0.7777777777777778,0.8333333333333334,0.26666666666666666,3.2
standard,deadline,100083,12,12,11,0,40,1,105.30000000000004,0,0.9166666666666666,1.0,0.08333333333333333,3.3333333333333335
standard,deadline,100084,18,16,16,2,41,0,129.6500000000001,0,0.8888888888888888,0.8888888888888888,0.0,2.5625
standard,deadline,100085,17,13,11,3,48,3,78.40000000000003,1,0.6470588235294118,0.7647058823529411,0.23076923076923078,3.6923076923076925
standard,deadline,100086,16,15,12,1,48,5,121.70000000000006,0,0.75,0.9375,0.3333333333333333,3.2
standard,deadline,100087,12,12,12,0,37,0,107.05000000000004,0,1.0,1.0,0.0,3.0833333333333335
standard,deadline,100088,13,13,13,0,38,0,116.7000000000001,0,1.0,1.0,0.0,2.923076923076923
standard,deadline,100089,16,16,16,0,45,0,144.25000000000014,0,1.0,1.0,0.0,2.8125
standard,deadline,100090,20,15,8,5,48,15,82.70000000000007,0,0.4,0.75,1.0,3.2
standard,deadline,100091,17,15,9,2,48,11,109.50000000000007,0,0.5294117647058824,0.8823529411764706,0.7333333333333333,3.2
standard,deadline,100092,13,12,10,0,48,9,88.20000000000005,1,0.7692307692307693,0.9230769230769231,0.75,4.0
standard,deadline,100093,10,10,10,0,39,0,86.35000000000005,0,1.0,1.0,0.0,3.9
standard,deadline,100094,12,11,9,1,41,8,82.05,0,0.75,0.9166666666666666,0.7272727272727273,3.727272727272727
standard,deadline,100095,13,13,10,0,42,6,111.10000000000008,0,0.7692307692307693,1.0,0.46153846153846156,3.230769230769231
standard,deadline,100096,18,14,8,4,44,26,74.40000000000006,0,0.4444444444444444,0.7777777777777778,1.8571428571428572,3.142857142857143
standard,deadline,100097,16,15,14,1,45,1,125.55000000000007,0,0.875,0.9375,0.06666666666666667,3.0
standard,deadline,100098,16,14,14,2,43,0,108.95000000000005,0,0.875,0.875,0.0,3.0714285714285716
standard,deadline,100099,12,12,12,0,35,0,107.75000000000003,0,1.0,1.0,0.0,2.9166666666666665
standard,deadline,100100,18,15,9,3,46,23,93.80000000000004,0,0.5,0.8333333333333334,1.5333333333333334,3.066666666666667
standard,deadline,100101,12,12,12,0,36,0,107.4,0,1.0,1.0,0.0,3.0
standard,deadline,100102,18,13,9,5,42,14,65.5,0,0.5,0.7222222222222222,1.0769230769230769,3.230769230769231
standard,deadline,100103,15,15,14,0,48,1,132.50000000000009,0,0.9333333333333333,1.0,0.06666666666666667,3.2
standard,deadline,100104,15,14,9,1,48,17,103.30000000000007,0,0.6,0.9333333333333333,1.2142857142857142,3.4285714285714284
standard,deadline,100105,12,12,11,0,40,1,105.30000000000008,0,0.9166666666666666,1.0,0.08333333333333333,3.3333333333333335
standard,deadline,100106,18,16,12,2,48,9,120.9000000000001,0,0.6666666666666666,0.8888888888888888,0.5625,3.0
standard,deadline,100107,17,13,6,4,46,26,63.70000000000001,0,0.35294117647058826,0.7647058823529411,2.0,3.5384615384615383
standard,deadline,100108,11,11,11,0,41,0,95.65000000000006,0,1.0,1.0,0.0,3.727272727272727
standard,deadline,100109,12,12,12,0,41,0,105.65000000000003,0,1.0,1.0,0.0,3.4166666666666665
standard,deadline,100110,9,9,9,0,35,0,77.75000000000003,0,1.0,1.0,0.0,3.888888888888889
standard,deadline,100111,12,12,12,0,41,0,105.65000000000009,0,1.0,1.0,0.0,3.4166666666666665
standard,deadline,100112,11,11,11,0,38,0,96.70000000000002,0,1.0,1.0,0.0,3.4545454545454546
standard,deadline,100113,17,15,10,2,48,16,106.00000000000009,0,0.5882352941176471,0.8823529411764706,1.0666666666666667,3.2
standard,deadline,100114,15,13,12,1,48,3,94.40000000000009,1,0.8,0.8666666666666667,0.23076923076923078,3.6923076923076925
standard,deadline,100115,12,12,12,0,41,0,105.65000000000006,0,1.0,1.0,0.0,3.4166666666666665
standard,deadline,100116,19,16,14,3,46,5,116.40000000000006,0,0.7368421052631579,0.8421052631578947,0.3125,2.875
standard,deadline,100117,15,13,11,1,48,8,91.60000000000004,1,0.7333333333333333,0.8666666666666667,0.6153846153846154,3.6923076923076925
standard,deadline,100118,11,11,11,0,38,0,96.70000000000002,0,1.0,1.0,0.0,3.4545454545454546
standard,deadline,100119,18,13,9,3,48,29,51.500000000000014,2,0.5,0.7222222222222222,2.230769230769231,3.6923076923076925
standard,deadline,100120,7,7,7,0,30,0,59.49999999999997,0,1.0,1.0,0.0,4.285714285714286
standard,deadline,100121,18,16,12,2,40,5,126.50000000000003,0,0.6666666666666666,0.8888888888888888,0.3125,2.5
standard,deadline,100122,14,14,11,0,44,9,118.30000000000005,0,0.7857142857142857,1.0,0.6428571428571429,3.142857142857143
standard,deadline,100123,16,16,16,0,44,0,144.60000000000014,0,1.0,1.0,0.0,2.75
standard,deadline,100124,20,13,6,7,48,35,32.7,0,0.3,0.65,2.6923076923076925,3.6923076923076925
standard,deadline,100125,15,15,12,0,48,6,129.00000000000009,0,0.8,1.0,0.4,3.2
standard,deadline,100126,18,16,12,2,47,15,117.05000000000007,0,0.6666666666666666,0.8888888888888888,0.9375,2.9375
standard,deadline,100127,15,13,10,2,45,5,94.75000000000003,0,0.6666666666666666,0.8666666666666667,0.38461538461538464,3.4615384615384617
standard,deadline,100128,15,14,13,0,48,1,114.5000000000001,1,0.8666666666666667,0.9333333333333333,0.07142857142857142,3.4285714285714284
standard,deadline,100129,16,14,9,2,46,14,98.10000000000004,0,0.5625,0.875,1.0,3.2857142857142856
standard,deadline,100130,18,14,8,3,48,21,74.40000000000003,1,0.4444444444444444,0.7777777777777778,1.5,3.4285714285714284
standard,deadline,100131,15,14,11,1,45,7,111.35000000000008,0,0.7333333333333333,0.9333333333333333,0.5,3.2142857142857144
standard,deadline,100132,19,16,12,3,48,5,115.70000000000007,0,0.631578947368421,0.8421052631578947,0.3125,3.0
standard,deadline,100133,15,13,8,1,48,15,86.70000000000006,1,0.5333333333333333,0.8666666666666667,1.1538461538461537,3.6923076923076925
standard,deadline,100134,12,12,11,0,42,2,103.90000000000006,0,0.9166666666666666,1.0,0.16666666666666666,3.5
standard,deadline,100135,9,9,9,0,34,0,78.09999999999998,0,1.0,1.0,0.0,3.7777777777777777
standard,deadline,100136,12,12,12,0,44,0,104.60000000000002,0,1.0,1.0,0.0,3.6666666666666665
standard,deadline,100137,16,16,16,0,45,0,144.25000000000009,0,1.0,1.0,0.0,2.8125
standard,deadline,100138,9,9,8,0,37,2,75.64999999999998,0,0.8888888888888888,1.0,0.2222222222222222,4.111111111111111
standard,deadline,100139,12,12,12,0,47,0,103.55000000000005,0,1.0,1.0,0.0,3.9166666666666665
standard,deadline,100140,11,11,9,0,46,5,90.40000000000003,0,0.8181818181818182,1.0,0.45454545454545453,4.181818181818182
standard,deadline,100141,14,13,10,1,47,6,101.35000000000008,0,0.7142857142857143,0.9285714285714286,0.46153846153846156,3.6153846153846154
standard,deadline,100142,13,12,10,1,48,7,90.30000000000001,0,0.7692307692307693,0.9230769230769231,0.5833333333333334,4.0
standard,deadline,100143,17,15,11,2,48,7,112.30000000000008,0,0.6470588235294118,0.8823529411764706,0.4666666666666667,3.2
standard,deadline,100144,12,12,12,0,39,0,106.35000000000005,0,1.0,1.0,0.0,3.25
standard,deadline,100145,11,11,11,0,39,0,96.35,0,1.0,1.0,0.0,3.5454545454545454
standard,deadline,100146,15,15,14,0,44,2,133.2000000000001,0,0.9333333333333333,1.0,0.13333333333333333,2.933333333333333
standard,deadline,100147,15,15,15,0,42,0,135.3000000000001,0,1.0,1.0,0.0,2.8
standard,deadline,100148,15,13,11,1,48,2,94.40000000000003,1,0.7333333333333333,0.8666666666666667,0.15384615384615385,3.6923076923076925
standard,deadline,100149,13,13,13,0,39,0,116.35000000000005,0,1.0,1.0,0.0,3.0
standard,deadline,100150,11,11,9,0,35,8,92.15000000000005,0,0.8181818181818182,1.0,0.7272727272727273,3.1818181818181817
standard,deadline,100151,17,15,12,2,44,10,111.60000000000005,0,0.7058823529411765,0.8823529411764706,0.6666666666666666,2.933333333333333
standard,deadline,100152,13,13,13,0,43,0,114.95000000000007,0,1.0,1.0,0.0,3.3076923076923075
standard,deadline,100153,11,11,11,0,40,0,96.00000000000006,0,1.0,1.0,0.0,3.6363636363636362
standard,deadline,100154,15,14,14,1,40,0,118.00000000000006,0,0.9333333333333333,0.9333333333333333,0.0,2.857142857142857
standard,deadline,100155,14,13,8,0,48,13,93.30000000000003,1,0.5714285714285714,0.9285714285714286,1.0,3.6923076923076925
standard,deadline,100156,12,12,8,0,46,9,97.6,0,0.6666666666666666,1.0,0.75,3.8333333333333335
standard,deadline,100157,17,15,11,2,48,12,108.80000000000008,0,0.6470588235294118,0.8823529411764706,0.8,3.2
standard,deadline,100158,15,12,7,3,43,17,69.04999999999998,0,0.4666666666666667,0.8,1.4166666666666667,3.5833333333333335
standard,deadline,100159,17,16,14,1,48,6,131.0000000000001,0,0.8235294117647058,0.9411764705882353,0.375,3.0
standard,deadline,100160,12,12,10,0,48,3,101.10000000000005,0,0.8333333333333334,1.0,0.25,4.0
standard,deadline,100161,19,14,11,5,48,8,77.60000000000002,0,0.5789473684210527,0.7368421052631579,0.5714285714285714,3.4285714285714284
standard,deadline,100162,16,13,10,3,48,7,84.30000000000004,0,0.625,0.8125,0.5384615384615384,3.6923076923076925
standard,deadline,100163,15,15,15,0,46,0,133.9000000000001,0,1.0,1.0,0.0,3.066666666666667
standard,deadline,100164,11,11,11,0,39,0,96.35000000000002,0,1.0,1.0,0.0,3.5454545454545454
standard,deadline,100165,15,14,14,1,37,0,119.05000000000007,0,0.9333333333333333,0.9333333333333333,0.0,2.642857142857143
standard,deadline,100166,13,13,13,0,40,0,116.00000000000006,0,1.0,1.0,0.0,3.076923076923077
standard,deadline,100167,13,13,13,0,43,0,114.95000000000005,0,1.0,1.0,0.0,3.3076923076923075
standard,deadline,100168,8,8,8,0,33,0,68.44999999999999,0,1.0,1.0,0.0,4.125
standard,deadline,100169,14,14,14,0,44,0,124.60000000000011,0,1.0,1.0,0.0,3.142857142857143
standard,deadline,100170,13,13,13,0,38,0,116.70000000000002,0,1.0,1.0,0.0,2.923076923076923
standard,deadline,100171,17,15,13,2,42,5,115.80000000000007,0,0.7647058823529411,0.8823529411764706,0.3333333333333333,2.8
standard,deadline,100172,14,13,10,1,48,3,103.10000000000002,0,0.7142857142857143,0.9285714285714286,0.23076923076923078,3.6923076923076925
standard,deadline,100173,15,14,14,0,48,0,115.2000000000001,1,0.9333333333333333,0.9333333333333333,0.0,3.4285714285714284
standard,deadline,100174,14,14,14,0,42,0,125.3000000000001,0,1.0,1.0,0.0,3.0
standard,deadline,100175,12,12,12,0,41,0,105.65000000000006,0,1.0,1.0,0.0,3.4166666666666665
standard,deadline,100176,15,15,13,0,48,5,129.70000000000007,0,0.8666666666666667,1.0,0.3333333333333333,3.2
standard,deadline,100177,17,14,9,3,45,18,87.65000000000002,0,0.5294117647058824,0.8235294117647058,1.2857142857142858,3.2142857142857144
standard,deadline,100178,12,12,12,0,38,0,106.70000000000005,0,1.0,1.0,0.0,3.1666666666666665
standard,deadline,100179,14,13,7,1,45,14,96.45000000000005,0,0.5,0.9285714285714286,1.0769230769230769,3.4615384615384617
standard,deadline,100180,11,10,9,0,38,3,74.50000000000003,1,0.8181818181818182,0.9090909090909091,0.3,3.8
standard,deadline,100181,16,15,15,1,43,0,126.95000000000005,0,0.9375,0.9375,0.0,2.8666666666666667
standard,deadline,100182,17,16,16,1,39,0,138.35000000000008,0,0.9411764705882353,0.9411764705882353,0.0,2.4375
standard,deadline,100183,18,15,15,3,44,0,110.60000000000002,0,0.8333333333333334,0.8333333333333334,0.0,2.933333333333333
standard,deadline,100184,11,11,11,0,44,0,94.60000000000005,0,1.0,1.0,0.0,4.0
standard,deadline,100185,14,14,14,0,43,0,124.95000000000007,0,1.0,1.0,0.0,3.0714285714285716
standard,deadline,100186,13,13,13,0,43,0,114.95000000000007,0,1.0,1.0,0.0,3.3076923076923075
standard,deadline,100187,8,8,8,0,38,0,66.69999999999999,0,1.0,1.0,0.0,4.75
standard,deadline,100188,10,10,10,0,40,0,86.00000000000003,0,1.0,1.0,0.0,4.0
standard,deadline,100189,12,11,11,1,48,0,85.20000000000002,0,0.9166666666666666,0.9166666666666666,0.0,4.363636363636363
standard,deadline,100190,18,13,7,4,48,35,45.90000000000002,1,0.3888888888888889,0.7222222222222222,2.6923076923076925,3.6923076923076925
standard,deadline,100191,16,14,9,2,48,16,96.00000000000003,0,0.5625,0.875,1.1428571428571428,3.4285714285714284
standard,deadline,100192,13,13,12,0,43,1,114.2500000000001,0,0.9230769230769231,1.0,0.07692307692307693,3.3076923076923075
standard,deadline,100193,10,10,10,0,42,0,85.30000000000004,0,1.0,1.0,0.0,4.2
standard,deadline,100194,15,13,7,2,46,20,83.90000000000003,0,0.4666666666666667,0.8666666666666667,1.5384615384615385,3.5384615384615383
standard,deadline,100195,15,14,12,1,45,2,114.85000000000005,0,0.8,0.9333333333333333,0.14285714285714285,3.2142857142857144
standard,deadline,100196,12,11,7,1,46,11,78.20000000000002,0,0.5833333333333334,0.9166666666666666,1.0,4.181818181818182
standard,deadline,100197,15,14,11,1,47,9,109.25000000000009,0,0.7333333333333333,0.9333333333333333,0.6428571428571429,3.357142857142857
standard,deadline,100198,16,14,12,1,48,4,103.00000000000009,1,0.75,0.875,0.2857142857142857,3.4285714285714284
standard,deadline,100199,12,12,12,0,40,0,106.00000000000003,0,1.0,1.0,0.0,3.3333333333333335
standard,deadline,100200,14,13,9,1,48,10,98.20000000000003,0,0.6428571428571429,0.9285714285714286,0.7692307692307693,3.6923076923076925
standard,deadline,100201,19,16,11,3,48,10,112.20000000000005,0,0.5789473684210527,0.8421052631578947,0.625,3.0
standard,deadline,100202,16,15,15,1,48,0,125.2000000000001,0,0.9375,0.9375,0.0,3.2
standard,deadline,100203,16,16,14,0,47,4,140.75000000000009,0,0.875,1.0,0.25,2.9375
standard,deadline,100204,16,13,10,3,38,11,85.00000000000003,0,0.625,0.8125,0.8461538461538461,2.923076923076923
standard,deadline,100205,14,14,14,0,41,0,125.65000000000006,0,1.0,1.0,0.0,2.9285714285714284
standard,deadline,100206,17,15,12,2,46,8,112.30000000000005,0,0.7058823529411765,0.8823529411764706,0.5333333333333333,3.066666666666667
standard,deadline,100207,14,12,9,2,38,8,85.1,0,0.6428571428571429,0.8571428571428571,0.6666666666666666,3.1666666666666665
standard,deadline,100208,16,15,12,1,46,5,122.40000000000008,0,0.75,0.9375,0.3333333333333333,3.066666666666667
standard,deadline,100209,22,16,12,5,48,12,86.80000000000003,1,0.5454545454545454,0.7272727272727273,0.75,3.0
standard,deadline,100210,17,13,10,3,48,19,66.49999999999999,1,0.5882352941176471,0.7647058823529411,1.4615384615384615,3.6923076923076925
standard,deadline,100211,12,12,12,0,39,0,106.35000000000005,0,1.0,1.0,0.0,3.25
standard,deadline,100212,15,13,10,2,41,6,95.45000000000002,0,0.6666666666666666,0.8666666666666667,0.46153846153846156,3.1538461538461537
standard,deadline,100213,12,12,11,0,41,1,104.95000000000003,0,0.9166666666666666,1.0,0.08333333333333333,3.4166666666666665
standard,deadline,100214,16,15,13,1,45,2,124.85000000000008,0,0.8125,0.9375,0.13333333333333333,3.0
standard,deadline,100215,15,15,15,0,47,0,133.5500000000001,0,1.0,1.0,0.0,3.1333333333333333
standard,deadline,100216,12,12,11,0,47,2,102.15000000000005,0,0.9166666666666666,1.0,0.16666666666666666,3.9166666666666665
standard,deadline,100217,14,14,13,0,46,2,122.50000000000006,0,0.9285714285714286,1.0,0.14285714285714285,3.2857142857142856
standard,deadline,100218,15,12,4,3,48,46,47.00000000000001,0,0.26666666666666666,0.8,3.8333333333333335,4.0
standard,deadline,100219,9,9,9,0,36,0,77.4,0,1.0,1.0,0.0,4.0
standard,deadline,100220,10,10,9,0,37,2,85.65,0,0.9,1.0,0.2,3.7
standard,deadline,100221,17,14,12,3,41,2,100.25000000000001,0,0.7058823529411765,0.8235294117647058,0.14285714285714285,2.9285714285714284
standard,deadline,100222,13,13,13,0,41,0,115.65000000000006,0,1.0,1.0,0.0,3.1538461538461537
standard,deadline,100223,13,13,13,0,40,0,116.00000000000009,0,1.0,1.0,0.0,3.076923076923077
standard,deadline,100224,18,13,5,4,48,35,48.70000000000002,1,0.2777777777777778,0.7222222222222222,2.6923076923076925,3.6923076923076925
standard,deadline,100225,19,14,8,5,45,12,75.85000000000004,0,0.42105263157894735,0.7368421052631579,0.8571428571428571,3.2142857142857144
standard,deadline,100226,12,12,11,0,41,1,104.95000000000005,0,0.9166666666666666,1.0,0.08333333333333333,3.4166666666666665
standard,deadline,100227,13,13,12,0,41,2,114.25000000000003,0,0.9230769230769231,1.0,0.15384615384615385,3.1538461538461537
standard,deadline,100228,11,11,11,0,39,0,96.35000000000002,0,1.0,1.0,0.0,3.5454545454545454
standard,deadline,100229,17,14,8,3,47,15,89.05000000000005,0,0.47058823529411764,0.8235294117647058,1.0714285714285714,3.357142857142857
standard,deadline,100230,16,14,10,2,43,11,101.25000000000003,0,0.625,0.875,0.7857142857142857,3.0714285714285716
standard,deadline,100231,17,12,7,5,42,20,51.29999999999998,0,0.4117647058823529,0.7058823529411765,1.6666666666666667,3.5
standard,deadline,100232,10,10,9,0,41,4,82.85000000000005,0,0.9,1.0,0.4,4.1
standard,deadline,100233,12,11,10,0,48,2,82.40000000000003,1,0.8333333333333334,0.9166666666666666,0.18181818181818182,4.363636363636363
standard,deadline,100234,19,15,15,4,40,0,104.00000000000003,0,0.7894736842105263,0.7894736842105263,0.0,2.6666666666666665
standard,deadline,100235,17,16,16,1,41,0,137.6500000000001,0,0.9411764705882353,0.9411764705882353,0.0,2.5625
standard,deadline,100236,12,12,12,0,43,0,104.95000000000002,0,1.0,1.0,0.0,3.5833333333333335
standard,deadline,100237,10,10,10,0,39,0,86.35000000000002,0,1.0,1.0,0.0,3.9
standard,deadline,100238,12,11,11,1,37,0,89.05000000000004,0,0.9166666666666666,0.9166666666666666,0.0,3.3636363636363638
standard,deadline,100239,14,14,14,0,46,0,123.90000000000006,0,1.0,1.0,0.0,3.2857142857142856
standard,deadline,100240,11,11,11,0,36,0,97.40000000000006,0,1.0,1.0,0.0,3.272727272727273
standard,deadline,100241,14,14,14,0,40,0,126.00000000000006,0,1.0,1.0,0.0,2.857142857142857
standard,deadline,100242,19,14,9,4,48,11,75.50000000000001,1,0.47368421052631576,0.7368421052631579,0.7857142857142857,3.4285714285714284
standard,deadline,100243,12,12,12,0,39,0,106.35,0,1.0,1.0,0.0,3.25
standard,deadline,100244,15,14,11,1,48,6,111.00000000000006,0,0.7333333333333333,0.9333333333333333,0.42857142857142855,3.4285714285714284
standard,deadline,100245,17,17,17,0,43,0,154.9500000000001,0,1.0,1.0,0.0,2.5294117647058822
standard,deadline,100246,13,12,9,1,44,13,87.50000000000007,0,0.6923076923076923,0.9230769230769231,1.0833333333333333,3.6666666666666665
standard,deadline,100247,8,8,8,0,30,0,69.49999999999999,0,1.0,1.0,0.0,3.75
standard,deadline,100248,15,12,4,3,47,24,62.75000000000002,0,0.26666666666666666,0.8,2.0,3.9166666666666665
standard,deadline,100249,12,12,11,0,39,1,105.65000000000009,0,0.9166666666666666,1.0,0.08333333333333333,3.25
standard,deadline,100250,15,14,14,1,39,0,118.35,0,0.9333333333333333,0.9333333333333333,0.0,2.7857142857142856
standard,deadline,100251,11,10,10,0,42,0,75.90000000000003,1,0.9090909090909091,0.9090909090909091,0.0,4.2
standard,deadline,100252,16,14,12,1,48,4,104.40000000000006,1,0.75,0.875,0.2857142857142857,3.4285714285714284
standard,deadline,100253,12,12,12,0,36,0,107.40000000000006,0,1.0,1.0,0.0,3.0
standard,deadline,100254,13,13,13,0,43,0,114.95000000000007,0,1.0,1.0,0.0,3.3076923076923075
standard,deadline,100255,16,15,11,1,48,10,118.20000000000006,0,0.6875,0.9375,0.6666666666666666,3.2
standard,deadline,100256,17,13,8,4,41,16,72.45,0,0.47058823529411764,0.7647058823529411,1.2307692307692308,3.1538461538461537
standard,deadline,100257,16,16,15,0,47,1,142.85000000000014,0,0.9375,1.0,0.0625,2.9375
standard,deadline,100258,13,12,10,0,48,11,86.80000000000007,1,0.7692307692307693,0.9230769230769231,0.9166666666666666,4.0
standard,deadline,100259,16,14,10,1,48,19,92.50000000000007,1,0.625,0.875,1.3571428571428572,3.4285714285714284
standard,deadline,100260,16,15,14,1,44,2,125.20000000000007,0,0.875,0.9375,0.13333333333333333,2.933333333333333
standard,deadline,100261,18,14,7,4,48,22,75.80000000000004,0,0.3888888888888889,0.7777777777777778,1.5714285714285714,3.4285714285714284
standard,deadline,100262,16,14,12,0,48,7,95.30000000000007,2,0.75,0.875,0.5,3.4285714285714284
standard,deadline,100263,15,13,7,2,47,13,88.45000000000005,0,0.4666666666666667,0.8666666666666667,1.0,3.6153846153846154
standard,deadline,100264,18,16,13,2,48,10,120.2000000000001,0,0.7222222222222222,0.8888888888888888,0.625,3.0
standard,deadline,100265,15,15,13,0,44,8,129.00000000000006,0,0.8666666666666667,1.0,0.5333333333333333,2.933333333333333
standard,deadline,100266,8,8,8,0,38,0,66.69999999999999,0,1.0,1.0,0.0,4.75
standard,deadline,100267,16,14,12,1,47,5,101.25000000000006,1,0.75,0.875,0.35714285714285715,3.357142857142857
standard,deadline,100268,15,14,12,1,46,4,113.10000000000008,0,0.8,0.9333333333333333,0.2857142857142857,3.2857142857142856
standard,deadline,100269,14,14,14,0,39,0,126.35000000000008,0,1.0,1.0,0.0,2.7857142857142856
standard,deadline,100270,13,13,13,0,43,0,114.95000000000005,0,1.0,1.0,0.0,3.3076923076923075
standard,deadline,100271,18,14,9,4,48,9,84.90000000000002,0,0.5,0.7777777777777778,0.6428571428571429,3.4285714285714284
standard,deadline,100272,18,11,6,6,47,32,10.249999999999984,1,0.3333333333333333,0.6111111111111112,2.909090909090909,4.2727272727272725
standard,deadline,100273,17,13,6,4,48,24,64.4,0,0.35294117647058826,0.7647058823529411,1.8461538461538463,3.6923076923076925
standard,deadline,100274,17,13,7,3,48,19,67.20000000000005,1,0.4117647058823529,0.7647058823529411,1.4615384615384615,3.6923076923076925
standard,deadline,100275,13,13,13,0,39,0,116.35000000000008,0,1.0,1.0,0.0,3.0
standard,deadline,100276,20,16,14,4,42,2,111.90000000000003,0,0.7,0.8,0.125,2.625
standard,deadline,100277,15,15,14,0,48,1,132.50000000000006,0,0.9333333333333333,1.0,0.06666666666666667,3.2
standard,deadline,100278,9,9,9,0,37,0,77.04999999999998,0,1.0,1.0,0.0,4.111111111111111
standard,deadline,100279,15,15,14,0,48,1,132.50000000000009,0,0.9333333333333333,1.0,0.06666666666666667,3.2
standard,deadline,100280,15,15,12,0,46,8,128.3000000000001,0,0.8,1.0,0.5333333333333333,3.066666666666667
standard,deadline,100281,16,14,10,1,48,19,93.90000000000003,1,0.625,0.875,1.3571428571428572,3.4285714285714284
standard,deadline,100282,18,17,17,0,48,0,145.20000000000013,1,0.9444444444444444,0.9444444444444444,0.0,2.823529411764706
standard,deadline,100283,15,13,8,2,45,17,86.35000000000001,0,0.5333333333333333,0.8666666666666667,1.3076923076923077,3.4615384615384617
standard,deadline,100284,15,14,13,1,43,1,116.25000000000006,0,0.8666666666666667,0.9333333333333333,0.07142857142857142,3.0714285714285716
standard,deadline,100285,17,16,11,1,48,9,128.9000000000001,0,0.6470588235294118,0.9411764705882353,0.5625,3.0
standard,deadline,100286,12,12,12,0,45,0,104.25000000000006,0,1.0,1.0,0.0,3.75
standard,deadline,100287,13,13,13,0,41,0,115.65000000000003,0,1.0,1.0,0.0,3.1538461538461537
standard,deadline,100288,17,14,11,2,48,7,92.20000000000007,1,0.6470588235294118,0.8235294117647058,0.5,3.4285714285714284
standard,deadline,100289,12,12,12,0,42,0,105.30000000000003,0,1.0,1.0,0.0,3.5
standard,deadline,100290,13,13,13,0,44,0,114.60000000000005,0,1.0,1.0,0.0,3.3846153846153846
standard,deadline,100291,15,14,13,1,48,2,113.80000000000005,0,0.8666666666666667,0.9333333333333333,0.14285714285714285,3.4285714285714284
standard,deadline,100292,13,13,13,0,42,0,115.30000000000004,0,1.0,1.0,0.0,3.230769230769231
standard,deadline,100293,19,18,18,1,44,0,156.6000000000001,0,0.9473684210526315,0.9473684210526315,0.0,2.4444444444444446
standard,deadline,100294,18,14,13,4,48,1,90.50000000000003,0,0.7222222222222222,0.7777777777777778,0.07142857142857142,3.4285714285714284
standard,deadline,100295,9,9,9,0,41,0,75.65000000000002,0,1.0,1.0,0.0,4.555555555555555
standard,deadline,100296,13,13,12,0,44,1,113.90000000000006,0,0.9230769230769231,1.0,0.07692307692307693,3.3846153846153846
standard,deadline,100297,11,11,11,0,43,0,94.95000000000005,0,1.0,1.0,0.0,3.909090909090909
standard,deadline,100298,13,13,11,0,46,3,111.80000000000007,0,0.8461538461538461,1.0,0.23076923076923078,3.5384615384615383
standard,deadline,100299,12,12,9,0,45,5,100.75000000000007,0,0.75,1.0,0.4166666666666667,3.75
standard,batching,100000,12,12,12,0,31,0,109.15000000000009,0,1.0,1.0,0.0,2.5833333333333335
standard,batching,100001,15,15,7,0,46,21,119.20000000000006,0,0.4666666666666667,1.0,1.4,3.066666666666667
standard,batching,100002,14,14,11,0,43,6,120.7500000000001,0,0.7857142857142857,1.0,0.42857142857142855,3.0714285714285716
standard,batching,100003,13,13,10,0,40,4,113.20000000000009,0,0.7692307692307693,1.0,0.3076923076923077,3.076923076923077
standard,batching,100004,15,14,13,1,38,2,117.30000000000004,0,0.8666666666666667,0.9333333333333333,0.14285714285714285,2.7142857142857144
standard,batching,100005,14,13,13,1,37,0,109.05000000000001,0,0.9285714285714286,0.9285714285714286,0.0,2.8461538461538463
standard,batching,100006,16,15,14,1,43,1,126.2500000000001,0,0.875,0.9375,0.06666666666666667,2.8666666666666667
standard,batching,100007,13,13,13,0,33,0,118.45000000000005,0,1.0,1.0,0.0,2.5384615384615383
standard,batching,100008,15,13,6,2,45,32,75.85000000000004,0,0.4,0.8666666666666667,2.4615384615384617,3.4615384615384617
standard,batching,100009,16,16,16,0,40,0,146.0000000000001,0,1.0,1.0,0.0,2.5
standard,batching,100010,13,12,4,1,44,26,78.40000000000006,0,0.3076923076923077,0.9230769230769231,2.1666666666666665,3.6666666666666665
standard,batching,100011,13,13,13,0,39,0,116.35000000000005,0,1.0,1.0,0.0,3.0
standard,batching,100012,15,13,6,2,42,26,81.10000000000002,0,0.4,0.8666666666666667,2.0,3.230769230769231
standard,batching,100013,18,16,10,2,45,19,114.95000000000009,0,0.5555555555555556,0.8888888888888888,1.1875,2.8125
standard,batching,100014,23,14,8,9,43,21,38.249999999999986,0,0.34782608695652173,0.6086956521739131,1.5,3.0714285714285716
standard,batching,100015,17,14,12,3,44,3,98.50000000000003,0,0.7058823529411765,0.8235294117647058,0.21428571428571427,3.142857142857143
standard,batching,100016,14,13,10,1,45,7,101.35000000000005,0,0.7142857142857143,0.9285714285714286,0.5384615384615384,3.4615384615384617
standard,batching,100017,14,14,13,0,40,1,125.30000000000007,0,0.9285714285714286,1.0,0.07142857142857142,2.857142857142857
standard,batching,100018,14,13,11,1,42,4,104.50000000000003,0,0.7857142857142857,0.9285714285714286,0.3076923076923077,3.230769230769231
standard,batching,100019,13,11,6,2,44,36,53.400000000000006,0,0.46153846153846156,0.8461538461538461,3.272727272727273,4.0
standard,batching,100020,15,14,12,1,38,2,117.30000000000004,0,0.8,0.9333333333333333,0.14285714285714285,2.7142857142857144
standard,batching,100021,10,10,8,0,41,4,82.85000000000004,0,0.8,1.0,0.4,4.1
standard,batching,100022,14,13,13,0,42,0,107.30000000000004,1,0.9285714285714286,0.9285714285714286,0.0,3.230769230769231
standard,batching,100023,15,14,14,1,43,0,116.9500000000001,0,0.9333333333333333,0.9333333333333333,0.0,3.0714285714285716
standard,batching,100024,17,13,5,2,46,24,58.80000000000004,2,0.29411764705882354,0.7647058823529411,1.8461538461538463,3.5384615384615383
standard,batching,100025,11,11,11,0,34,0,98.10000000000011,0,1.0,1.0,0.0,3.090909090909091
standard,batching,100026,15,12,8,3,38,18,70.1,0,0.5333333333333333,0.8,1.5,3.1666666666666665
standard,batching,100027,12,12,11,0,35,2,106.35000000000005,0,0.9166666666666666,1.0,0.16666666666666666,2.9166666666666665
standard,batching,100028,19,17,16,2,45,1,137.55000000000013,0,0.8421052631578947,0.8947368421052632,0.058823529411764705,2.6470588235294117
standard,batching,100029,16,14,8,2,46,38,81.30000000000001,0,0.5,0.875,2.7142857142857144,3.2857142857142856
standard,batching,100030,12,12,12,0,32,0,108.8000000000001,0,1.0,1.0,0.0,2.6666666666666665
standard,batching,100031,15,11,5,4,39,23,48.24999999999999,0,0.3333333333333333,0.7333333333333333,2.090909090909091,3.5454545454545454
standard,batching,100032,15,15,12,0,39,5,132.85000000000005,0,0.8,1.0,0.3333333333333333,2.6
standard,batching,100033,13,13,13,0,38,0,116.70000000000005,0,1.0,1.0,0.0,2.923076923076923
standard,batching,100034,14,12,11,2,39,3,88.25000000000003,0,0.7857142857142857,0.8571428571428571,0.25,3.25
standard,batching,100035,17,14,11,3,38,6,98.50000000000003,0,0.6470588235294118,0.8235294117647058,0.42857142857142855,2.7142857142857144
standard,batching,100036,20,13,5,6,44,43,28.499999999999993,1,0.25,0.65,3.3076923076923075,3.3846153846153846
standard,batching,100037,16,13,7,2,44,22,74.50000000000001,1,0.4375,0.8125,1.6923076923076923,3.3846153846153846
standard,batching,100038,12,12,11,0,37,1,106.35000000000008,0,0.9166666666666666,1.0,0.08333333333333333,3.0833333333333335
standard,batching,100039,11,11,11,0,31,0,99.15000000000003,0,1.0,1.0,0.0,2.8181818181818183
standard,batching,100040,13,13,12,0,27,1,119.85000000000005,0,0.9230769230769231,1.0,0.07692307692307693,2.076923076923077
standard,batching,100041,13,13,13,0,39,0,116.35000000000008,0,1.0,1.0,0.0,3.0
standard,batching,100042,13,13,13,0,33,0,118.45000000000007,0,1.0,1.0,0.0,2.5384615384615383
standard,batching,100043,17,17,17,0,43,0,154.9500000000001,0,1.0,1.0,0.0,2.5294117647058822
standard,batching,100044,13,13,13,0,34,0,118.10000000000008,0,1.0,1.0,0.0,2.6153846153846154
standard,batching,100045,15,13,8,2,40,16,88.80000000000004,0,0.5333333333333333,0.8666666666666667,1.2307692307692308,3.076923076923077
standard,batching,100046,16,12,7,4,42,20,59.3,0,0.4375,0.75,1.6666666666666667,3.5
standard,batching,100047,19,16,14,3,43,5,117.45000000000006,0,0.7368421052631579,0.8421052631578947,0.3125,2.6875
standard,batching,100048,14,14,13,0,40,1,125.30000000000011,0,0.9285714285714286,1.0,0.07142857142857142,2.857142857142857
standard,batching,100049,17,13,8,4,43,13,73.85000000000002,0,0.47058823529411764,0.7647058823529411,1.0,3.3076923076923075
standard,batching,100050,17,13,6,4,41,30,62.65000000000001,0,0.35294117647058826,0.7647058823529411,2.3076923076923075,3.1538461538461537
standard,batching,100051,17,12,4,4,44,50,29.6,1,0.23529411764705882,0.7058823529411765,4.166666666666667,3.6666666666666665
standard,batching,100052,18,13,7,4,42,20,61.300000000000004,1,0.3888888888888889,0.7222222222222222,1.5384615384615385,3.230769230769231
standard,batching,100053,16,12,6,4,43,19,59.65000000000001,0,0.375,0.75,1.5833333333333333,3.5833333333333335
standard,batching,100054,15,13,10,2,42,10,92.30000000000007,0,0.6666666666666666,0.8666666666666667,0.7692307692307693,3.230769230769231
standard,batching,100055,13,13,10,0,42,5,111.80000000000007,0,0.7692307692307693,1.0,0.38461538461538464,3.230769230769231
standard,batching,100056,15,13,12,0,42,5,91.60000000000005,2,0.8,0.8666666666666667,0.38461538461538464,3.230769230769231
standard,batching,100057,11,11,11,0,33,0,98.45000000000005,0,1.0,1.0,0.0,3.0
standard,batching,100058,12,12,12,0,34,0,108.10000000000005,0,1.0,1.0,0.0,2.8333333333333335
standard,batching,100059,13,12,7,1,39,10,91.35000000000004,0,0.5384615384615384,0.9230769230769231,0.8333333333333334,3.25
standard,batching,100060,16,15,15,1,40,0,128.00000000000009,0,0.9375,0.9375,0.0,2.6666666666666665
standard,batching,100061,14,12,6,2,42,16,78.10000000000002,0,0.42857142857142855,0.8571428571428571,1.3333333333333333,3.5
standard,batching,100062,11,11,9,0,41,4,92.85000000000007,0,0.8181818181818182,1.0,0.36363636363636365,3.727272727272727
standard,batching,100063,15,14,14,1,40,0,118.00000000000009,0,0.9333333333333333,0.9333333333333333,0.0,2.857142857142857
standard,batching,100064,17,14,9,3,39,14,92.55000000000001,0,0.5294117647058824,0.8235294117647058,1.0,2.7857142857142856
standard,batching,100065,20,14,8,5,42,31,55.599999999999994,1,0.4,0.7,2.2142857142857144,3.0
standard,batching,100066,18,17,10,1,46,22,130.50000000000009,0,0.5555555555555556,0.9444444444444444,1.2941176470588236,2.7058823529411766
standard,batching,100067,16,11,5,5,45,56,15.05,0,0.3125,0.6875,5.090909090909091,4.090909090909091
standard,batching,100068,15,15,14,0,36,1,136.70000000000007,0,0.9333333333333333,1.0,0.06666666666666667,2.4
standard,batching,100069,14,12,8,0,44,10,77.40000000000005,2,0.5714285714285714,0.8571428571428571,0.8333333333333334,3.6666666666666665
standard,batching,100070,12,12,9,0,39,10,99.35000000000004,0,0.75,1.0,0.8333333333333334,3.25
standard,batching,100071,17,14,11,3,41,9,95.35000000000005,0,0.6470588235294118,0.8235294117647058,0.6428571428571429,2.9285714285714284
standard,batching,100072,20,13,8,5,45,14,47.05000000000001,2,0.4,0.65,1.0769230769230769,3.4615384615384617
standard,batching,100073,15,14,14,1,34,0,120.10000000000002,0,0.9333333333333333,0.9333333333333333,0.0,2.4285714285714284
standard,batching,100074,18,15,11,3,43,6,106.75000000000006,0,0.6111111111111112,0.8333333333333334,0.4,2.8666666666666667
standard,batching,100075,17,16,10,1,46,15,125.4000000000001,0,0.5882352941176471,0.9411764705882353,0.9375,2.875
standard,batching,100076,17,12,8,3,46,23,47.800000000000004,2,0.47058823529411764,0.7058823529411765,1.9166666666666667,3.8333333333333335
standard,batching,100077,19,18,18,1,40,0,158.0000000000001,0,0.9473684210526315,0.9473684210526315,0.0,2.2222222222222223
standard,batching,100078,12,12,12,0,33,0,108.45000000000002,0,1.0,1.0,0.0,2.75
standard,batching,100079,13,12,8,1,37,10,92.05000000000003,0,0.6153846153846154,0.9230769230769231,0.8333333333333334,3.0833333333333335
standard,batching,100080,11,11,11,0,35,0,97.75000000000003,0,1.0,1.0,0.0,3.1818181818181817
standard,batching,100081,15,15,15,0,41,0,135.6500000000001,0,1.0,1.0,0.0,2.7333333333333334
standard,batching,100082,18,14,10,2,43,18,74.05000000000005,2,0.5555555555555556,0.7777777777777778,1.2857142857142858,3.0714285714285716
standard,batching,100083,12,12,11,0,38,1,106.00000000000003,0,0.9166666666666666,1.0,0.08333333333333333,3.1666666666666665
standard,batching,100084,18,15,14,3,40,1,111.30000000000004,0,0.7777777777777778,0.8333333333333334,0.06666666666666667,2.6666666666666665
standard,batching,100085,17,15,13,0,41,6,111.95000000000006,2,0.7647058823529411,0.8823529411764706,0.4,2.7333333333333334
standard,batching,100086,16,13,9,2,46,9,82.90000000000003,1,0.5625,0.8125,0.6923076923076923,3.5384615384615383
standard,batching,100087,12,12,12,0,25,0,111.25000000000003,0,1.0,1.0,0.0,2.0833333333333335
standard,batching,100088,13,12,11,1,35,1,99.05000000000004,0,0.8461538461538461,0.9230769230769231,0.08333333333333333,2.9166666666666665
standard,batching,100089,16,16,16,0,39,0,146.3500000000001,0,1.0,1.0,0.0,2.4375
standard,batching,100090,20,17,14,2,46,6,125.70000000000007,1,0.7,0.85,0.35294117647058826,2.7058823529411766
standard,batching,100091,17,15,7,2,45,20,104.25000000000006,0,0.4117647058823529,0.8823529411764706,1.3333333333333333,3.0
standard,batching,100092,13,12,6,0,44,22,80.50000000000004,1,0.46153846153846156,0.9230769230769231,1.8333333333333333,3.6666666666666665
standard,batching,100093,10,10,9,0,28,1,89.50000000000003,0,0.9,1.0,0.1,2.8
standard,batching,100094,12,11,8,1,40,13,78.9,0,0.6666666666666666,0.9166666666666666,1.1818181818181819,3.6363636363636362
standard,batching,100095,13,12,10,1,35,3,97.65000000000003,0,0.7692307692307693,0.9230769230769231,0.25,2.9166666666666665
standard,batching,100096,18,13,7,5,36,28,57.79999999999998,0,0.3888888888888889,0.7222222222222222,2.1538461538461537,2.769230769230769
standard,batching,100097,16,14,12,2,42,3,107.20000000000005,0,0.75,0.875,0.21428571428571427,3.0
standard,batching,100098,16,11,5,4,39,23,36.75,1,0.3125,0.6875,2.090909090909091,3.5454545454545454
standard,batching,100099,12,12,12,0,27,0,110.55000000000001,0,1.0,1.0,0.0,2.25
standard,batching,100100,18,14,9,3,46,41,61.09999999999998,1,0.5,0.7777777777777778,2.9285714285714284,3.2857142857142856
standard,batching,100101,12,12,12,0,29,0,109.85000000000005,0,1.0,1.0,0.0,2.4166666666666665
standard,batching,100102,18,13,9,5,36,14,67.59999999999998,0,0.5,0.7222222222222222,1.0769230769230769,2.769230769230769
standard,batching,100103,15,15,14,0,45,1,133.55000000000007,0,0.9333333333333333,1.0,0.06666666666666667,3.0
standard,batching,100104,15,14,9,1,42,17,105.40000000000006,0,0.6,0.9333333333333333,1.2142857142857142,3.0
standard,batching,100105,12,12,11,0,36,1,106.70000000000007,0,0.9166666666666666,1.0,0.08333333333333333,3.0
standard,batching,100106,18,16,11,2,43,18,116.35000000000005,0,0.6111111111111112,0.8888888888888888,1.125,2.6875
standard,batching,100107,17,13,6,4,42,16,72.10000000000002,0,0.35294117647058826,0.7647058823529411,1.2307692307692308,3.230769230769231
standard,batching,100108,11,11,11,0,35,0,97.75000000000006,0,1.0,1.0,0.0,3.1818181818181817
standard,batching,100109,12,12,12,0,30,0,109.50000000000006,0,1.0,1.0,0.0,2.5
standard,batching,100110,9,9,9,0,31,0,79.15000000000002,0,1.0,1.0,0.0,3.4444444444444446
standard,batching,100111,12,12,10,0,42,5,101.80000000000008,0,0.8333333333333334,1.0,0.4166666666666667,3.5
standard,batching,100112,11,11,11,0,32,0,98.80000000000004,0,1.0,1.0,0.0,2.909090909090909
standard,batching,100113,17,14,9,3,41,11,93.95000000000005,0,0.5294117647058824,0.8235294117647058,0.7857142857142857,2.9285714285714284
standard,batching,100114,15,13,12,1,42,3,96.50000000000009,1,0.8,0.8666666666666667,0.23076923076923078,3.230769230769231
standard,batching,100115,12,12,12,0,27,0,110.55000000000004,0,1.0,1.0,0.0,2.25
standard,batching,100116,19,12,9,5,39,14,36.34999999999999,2,0.47368421052631576,0.631578947368421,1.1666666666666667,3.25
standard,batching,100117,15,13,11,2,43,6,94.75,0,0.7333333333333333,0.8666666666666667,0.46153846153846156,3.3076923076923075
standard,batching,100118,11,11,11,0,24,0,101.60000000000005,0,1.0,1.0,0.0,2.1818181818181817
standard,batching,100119,18,13,8,4,43,32,52.549999999999976,1,0.4444444444444444,0.7222222222222222,2.4615384615384617,3.3076923076923075
standard,batching,100120,7,7,7,0,20,0,62.999999999999986,0,1.0,1.0,0.0,2.857142857142857
standard,batching,100121,18,17,17,1,41,0,147.65000000000012,0,0.9444444444444444,0.9444444444444444,0.0,2.411764705882353
standard,batching,100122,14,14,11,0,38,9,120.40000000000005,0,0.7857142857142857,1.0,0.6428571428571429,2.7142857142857144
standard,batching,100123,16,16,16,0,40,0,146.00000000000014,0,1.0,1.0,0.0,2.5
standard,batching,100124,20,16,15,4,43,2,111.55000000000004,0,0.75,0.8,0.125,2.6875
standard,batching,100125,15,15,13,0,45,3,132.1500000000001,0,0.8666666666666667,1.0,0.2,3.0
standard,batching,100126,18,16,14,2,45,9,121.95000000000014,0,0.7777777777777778,0.8888888888888888,0.5625,2.8125
standard,batching,100127,15,13,10,2,39,5,96.85000000000002,0,0.6666666666666666,0.8666666666666667,0.38461538461538464,3.0
standard,batching,100128,15,14,14,0,45,0,116.25000000000013,1,0.9333333333333333,0.9333333333333333,0.0,3.2142857142857144
standard,batching,100129,16,14,9,2,40,14,100.20000000000005,0,0.5625,0.875,1.0,2.857142857142857
standard,batching,100130,18,13,4,4,42,28,53.60000000000001,1,0.2222222222222222,0.7222222222222222,2.1538461538461537,3.230769230769231
standard,batching,100131,15,14,11,1,41,7,112.75000000000007,0,0.7333333333333333,0.9333333333333333,0.5,2.9285714285714284
standard,batching,100132,19,16,12,3,45,11,112.5500000000001,0,0.631578947368421,0.8421052631578947,0.6875,2.8125
standard,batching,100133,15,13,6,2,43,19,85.65000000000006,0,0.4,0.8666666666666667,1.4615384615384615,3.3076923076923075
standard,batching,100134,12,12,12,0,36,0,107.40000000000003,0,1.0,1.0,0.0,3.0
standard,batching,100135,9,9,8,0,24,1,80.89999999999999,0,0.8888888888888888,1.0,0.1111111111111111,2.6666666666666665
standard,batching,100136,12,12,10,0,37,3,104.95000000000007,0,0.8333333333333334,1.0,0.25,3.0833333333333335
standard,batching,100137,16,15,7,1,43,23,110.85000000000007,0,0.4375,0.9375,1.5333333333333334,2.8666666666666667
standard,batching,100138,9,9,7,0,36,6,73.2,0,0.7777777777777778,1.0,0.6666666666666666,4.0
standard,batching,100139,12,12,12,0,35,0,107.75000000000006,0,1.0,1.0,0.0,2.9166666666666665
standard,batching,100140,11,11,8,0,34,9,91.80000000000001,0,0.7272727272727273,1.0,0.8181818181818182,3.090909090909091
standard,batching,100141,14,13,9,1,41,8,102.05000000000005,0,0.6428571428571429,0.9285714285714286,0.6153846153846154,3.1538461538461537
standard,batching,100142,13,12,9,1,41,11,89.95,0,0.6923076923076923,0.9230769230769231,0.9166666666666666,3.4166666666666665
standard,batching,100143,17,13,6,3,44,28,61.60000000000001,1,0.35294117647058826,0.7647058823529411,2.1538461538461537,3.3846153846153846
standard,batching,100144,12,12,11,0,39,1,105.65000000000003,0,0.9166666666666666,1.0,0.08333333333333333,3.25
standard,batching,100145,11,10,9,1,34,5,76.60000000000002,0,0.8181818181818182,0.9090909090909091,0.5,3.4
standard,batching,100146,15,15,13,0,35,2,136.3500000000001,0,0.8666666666666667,1.0,0.13333333333333333,2.3333333333333335
standard,batching,100147,15,15,14,0,38,1,136.00000000000009,0,0.9333333333333333,1.0,0.06666666666666667,2.533333333333333
standard,batching,100148,15,14,13,0,45,2,113.45000000000007,1,0.8666666666666667,0.9333333333333333,0.14285714285714285,3.2142857142857144
standard,batching,100149,13,13,13,0,33,0,118.45000000000007,0,1.0,1.0,0.0,2.5384615384615383
standard,batching,100150,11,10,8,1,27,6,78.35000000000004,0,0.7272727272727273,0.9090909090909091,0.6,2.7
standard,batching,100151,17,14,8,3,46,23,83.80000000000008,0,0.47058823529411764,0.8235294117647058,1.6428571428571428,3.2857142857142856
standard,batching,100152,13,13,13,0,30,0,119.50000000000006,0,1.0,1.0,0.0,2.3076923076923075
standard,batching,100153,11,11,11,0,31,0,99.15000000000008,0,1.0,1.0,0.0,2.8181818181818183
standard,batching,100154,15,14,11,1,38,3,116.60000000000007,0,0.7333333333333333,0.9333333333333333,0.21428571428571427,2.7142857142857144
standard,batching,100155,14,13,11,1,40,5,104.50000000000006,0,0.7857142857142857,0.9285714285714286,0.38461538461538464,3.076923076923077
standard,batching,100156,12,12,11,0,39,1,105.65000000000006,0,0.9166666666666666,1.0,0.08333333333333333,3.25
standard,batching,100157,17,15,8,2,41,15,109.15000000000006,0,0.47058823529411764,0.8823529411764706,1.0,2.7333333333333334
standard,batching,100158,15,12,9,3,40,11,74.30000000000004,0,0.6,0.8,0.9166666666666666,3.3333333333333335
standard,batching,100159,17,14,10,2,45,13,88.35000000000005,1,0.5882352941176471,0.8235294117647058,0.9285714285714286,3.2142857142857144
standard,batching,100160,12,12,12,0,43,0,104.95000000000002,0,1.0,1.0,0.0,3.5833333333333335
standard,batching,100161,19,15,14,2,46,1,101.20000000000007,2,0.7368421052631579,0.7894736842105263,0.06666666666666667,3.066666666666667
standard,batching,100162,16,12,5,3,39,20,58.95,1,0.3125,0.75,1.6666666666666667,3.25
standard,batching,100163,15,14,14,1,39,0,118.35000000000002,0,0.9333333333333333,0.9333333333333333,0.0,2.7857142857142856
standard,batching,100164,11,11,10,0,27,1,99.85000000000002,0,0.9090909090909091,1.0,0.09090909090909091,2.4545454545454546
standard,batching,100165,15,14,14,1,32,0,120.80000000000007,0,0.9333333333333333,0.9333333333333333,0.0,2.2857142857142856
standard,batching,100166,13,13,13,0,36,0,117.40000000000006,0,1.0,1.0,0.0,2.769230769230769
standard,batching,100167,13,13,11,0,36,3,115.30000000000007,0,0.8461538461538461,1.0,0.23076923076923078,2.769230769230769
standard,batching,100168,8,8,8,0,23,0,71.94999999999999,0,1.0,1.0,0.0,2.875
standard,batching,100169,14,13,8,1,40,8,102.40000000000006,0,0.5714285714285714,0.9285714285714286,0.6153846153846154,3.076923076923077
standard,batching,100170,13,13,13,0,37,0,117.05000000000004,0,1.0,1.0,0.0,2.8461538461538463
standard,batching,100171,17,14,8,3,43,20,86.95,0,0.47058823529411764,0.8235294117647058,1.4285714285714286,3.0714285714285716
standard,batching,100172,14,13,13,1,39,0,108.35000000000002,0,0.9285714285714286,0.9285714285714286,0.0,3.0
standard,batching,100173,15,13,11,1,42,4,96.50000000000009,1,0.7333333333333333,0.8666666666666667,0.3076923076923077,3.230769230769231
standard,batching,100174,14,14,11,0,42,6,121.10000000000008,0,0.7857142857142857,1.0,0.42857142857142855,3.0
standard,batching,100175,12,12,12,0,28,0,110.20000000000005,0,1.0,1.0,0.0,2.3333333333333335
standard,batching,100176,15,14,12,0,44,6,109.60000000000005,1,0.8,0.9333333333333333,0.42857142857142855,3.142857142857143
standard,batching,100177,17,15,12,2,40,10,113.00000000000003,0,0.7058823529411765,0.8823529411764706,0.6666666666666666,2.6666666666666665
standard,batching,100178,12,12,11,0,30,1,108.80000000000007,0,0.9166666666666666,1.0,0.08333333333333333,2.5
standard,batching,100179,14,14,8,0,41,20,111.65000000000005,0,0.5714285714285714,1.0,1.4285714285714286,2.9285714285714284
standard,batching,100180,11,10,8,0,33,2,76.95000000000002,1,0.7272727272727273,0.9090909090909091,0.2,3.3
standard,batching,100181,16,15,15,1,36,0,129.40000000000003,0,0.9375,0.9375,0.0,2.4
standard,batching,100182,17,16,14,1,42,3,135.20000000000013,0,0.8235294117647058,0.9411764705882353,0.1875,2.625
standard,batching,100183,18,12,10,6,32,4,57.99999999999997,0,0.5555555555555556,0.6666666666666666,0.3333333333333333,2.6666666666666665
standard,batching,100184,11,10,4,0,40,27,58.40000000000005,1,0.36363636363636365,0.9090909090909091,2.7,4.0
standard,batching,100185,14,14,12,0,43,7,120.05000000000007,0,0.8571428571428571,1.0,0.5,3.0714285714285716
standard,batching,100186,13,12,7,1,37,16,87.85000000000002,0,0.5384615384615384,0.9230769230769231,1.3333333333333333,3.0833333333333335
standard,batching,100187,8,8,8,0,27,0,70.54999999999998,0,1.0,1.0,0.0,3.375
standard,batching,100188,10,10,10,0,28,0,90.19999999999999,0,1.0,1.0,0.0,2.8
standard,batching,100189,12,11,10,1,41,1,86.95000000000002,0,0.8333333333333334,0.9166666666666666,0.09090909090909091,3.727272727272727
standard,batching,100190,18,13,7,5,43,16,63.74999999999999,0,0.3888888888888889,0.7222222222222222,1.2307692307692308,3.3076923076923075
standard,batching,100191,16,14,11,2,43,5,105.45000000000007,0,0.6875,0.875,0.35714285714285715,3.0714285714285716
standard,batching,100192,13,12,11,1,38,1,98.00000000000006,0,0.8461538461538461,0.9230769230769231,0.08333333333333333,3.1666666666666665
standard,batching,100193,10,10,10,0,37,0,87.05000000000004,0,1.0,1.0,0.0,3.7
standard,batching,100194,15,13,6,2,46,15,87.40000000000006,0,0.4,0.8666666666666667,1.1538461538461537,3.5384615384615383
standard,batching,100195,15,15,15,0,42,0,135.30000000000013,0,1.0,1.0,0.0,2.8
standard,batching,100196,12,12,8,0,42,11,97.60000000000002,0,0.6666666666666666,1.0,0.9166666666666666,3.5
standard,batching,100197,15,13,13,2,36,0,101.40000000000006,0,0.8666666666666667,0.8666666666666667,0.0,2.769230769230769
standard,batching,100198,16,15,13,1,44,4,123.8000000000001,0,0.8125,0.9375,0.26666666666666666,2.933333333333333
standard,batching,100199,12,12,11,0,40,1,105.30000000000004,0,0.9166666666666666,1.0,0.08333333333333333,3.3333333333333335
standard,batching,100200,14,13,10,0,45,5,101.3500000000001,1,0.7142857142857143,0.9285714285714286,0.38461538461538464,3.4615384615384617
standard,batching,100201,19,15,10,4,45,19,88.95000000000002,0,0.5263157894736842,0.7894736842105263,1.2666666666666666,3.0
standard,batching,100202,16,13,10,2,43,4,87.45000000000002,1,0.625,0.8125,0.3076923076923077,3.3076923076923075
standard,batching,100203,16,15,10,0,45,18,113.65000000000009,1,0.625,0.9375,1.2,3.0
standard,batching,100204,16,12,7,4,38,22,59.29999999999999,0,0.4375,0.75,1.8333333333333333,3.1666666666666665
standard,batching,100205,14,14,11,0,42,6,121.10000000000008,0,0.7857142857142857,1.0,0.42857142857142855,3.0
standard,batching,100206,17,12,6,5,42,20,51.30000000000002,0,0.35294117647058826,0.7058823529411765,1.6666666666666667,3.5
standard,batching,100207,14,12,9,2,32,8,87.2,0,0.6428571428571429,0.8571428571428571,0.6666666666666666,2.6666666666666665
standard,batching,100208,16,14,11,2,40,8,104.40000000000003,0,0.6875,0.875,0.5714285714285714,2.857142857142857
standard,batching,100209,22,17,15,5,44,5,111.10000000000005,0,0.6818181818181818,0.7727272727272727,0.29411764705882354,2.588235294117647
standard,batching,100210,17,12,8,4,42,15,54.79999999999998,1,0.47058823529411764,0.7058823529411765,1.25,3.5
standard,batching,100211,12,12,11,0,34,1,107.40000000000003,0,0.9166666666666666,1.0,0.08333333333333333,2.8333333333333335
standard,batching,100212,15,14,13,1,33,1,119.75000000000003,0,0.8666666666666667,0.9333333333333333,0.07142857142857142,2.357142857142857
standard,batching,100213,12,12,12,0,30,0,109.50000000000006,0,1.0,1.0,0.0,2.5
standard,batching,100214,16,14,13,2,45,1,107.55000000000004,0,0.8125,0.875,0.07142857142857142,3.2142857142857144
standard,batching,100215,15,15,15,0,42,0,135.3000000000001,0,1.0,1.0,0.0,2.8
standard,batching,100216,12,12,12,0,33,0,108.45000000000005,0,1.0,1.0,0.0,2.75
standard,batching,100217,14,13,10,0,44,8,101.00000000000004,1,0.7142857142857143,0.9285714285714286,0.6153846153846154,3.3846153846153846
standard,batching,100218,15,12,5,3,42,40,53.29999999999998,0,0.3333333333333333,0.8,3.3333333333333335,3.5
standard,batching,100219,9,9,9,0,26,0,80.9,0,1.0,1.0,0.0,2.888888888888889
standard,batching,100220,10,10,9,0,30,2,88.10000000000002,0,0.9,1.0,0.2,3.0
standard,batching,100221,17,12,8,5,36,10,60.39999999999999,0,0.47058823529411764,0.7058823529411765,0.8333333333333334,3.0
standard,batching,100222,13,13,12,0,38,2,115.3000000000001,0,0.9230769230769231,1.0,0.15384615384615385,2.923076923076923
standard,batching,100223,13,13,12,0,39,1,115.6500000000001,0,0.9230769230769231,1.0,0.07692307692307693,3.0
standard,batching,100224,18,14,10,2,45,9,85.95000000000006,2,0.5555555555555556,0.7777777777777778,0.6428571428571429,3.2142857142857144
standard,batching,100225,19,16,11,3,46,19,106.60000000000005,0,0.5789473684210527,0.8421052631578947,1.1875,2.875
standard,batching,100226,12,12,10,0,39,2,104.95000000000009,0,0.8333333333333334,1.0,0.16666666666666666,3.25
standard,batching,100227,13,13,12,0,35,1,117.05000000000004,0,0.9230769230769231,1.0,0.07692307692307693,2.6923076923076925
standard,batching,100228,11,11,11,0,36,0,97.40000000000003,0,1.0,1.0,0.0,3.272727272727273
standard,batching,100229,17,15,8,2,46,20,103.90000000000006,0,0.47058823529411764,0.8823529411764706,1.3333333333333333,3.066666666666667
standard,batching,100230,16,14,11,2,43,9,102.65,0,0.6875,0.875,0.6428571428571429,3.0714285714285716
standard,batching,100231,17,11,6,6,35,21,35.050000000000004,0,0.35294117647058826,0.6470588235294118,1.9090909090909092,3.1818181818181817
standard,batching,100232,10,10,9,0,37,4,84.25000000000004,0,0.9,1.0,0.4,3.7
standard,batching,100233,12,12,8,0,39,11,98.65000000000003,0,0.6666666666666666,1.0,0.9166666666666666,3.25
standard,batching,100234,19,16,16,3,36,0,123.4,0,0.8421052631578947,0.8421052631578947,0.0,2.25
standard,batching,100235,17,16,16,1,37,0,139.0500000000001,0,0.9411764705882353,0.9411764705882353,0.0,2.3125
standard,batching,100236,12,12,12,0,33,0,108.45000000000002,0,1.0,1.0,0.0,2.75
standard,batching,100237,10,10,9,0,31,1,88.44999999999999,0,0.9,1.0,0.1,3.1
standard,batching,100238,12,12,11,0,36,1,106.70000000000006,0,0.9166666666666666,1.0,0.08333333333333333,3.0
standard,batching,100239,14,13,13,1,38,0,108.70000000000002,0,0.9285714285714286,0.9285714285714286,0.0,2.923076923076923
standard,batching,100240,11,11,11,0,30,0,99.5,0,1.0,1.0,0.0,2.727272727272727
standard,batching,100241,14,14,13,0,33,1,127.75000000000006,0,0.9285714285714286,1.0,0.07142857142857142,2.357142857142857
standard,batching,100242,19,14,11,4,45,8,78.65000000000003,1,0.5789473684210527,0.7368421052631579,0.5714285714285714,3.2142857142857144
standard,batching,100243,12,12,10,0,39,4,103.55000000000004,0,0.8333333333333334,1.0,0.3333333333333333,3.25
standard,batching,100244,15,15,13,0,40,4,133.2000000000001,0,0.8666666666666667,1.0,0.26666666666666666,2.6666666666666665
standard,batching,100245,17,14,9,3,42,31,79.60000000000001,0,0.5294117647058824,0.8235294117647058,2.2142857142857144,3.0
standard,batching,100246,13,13,5,0,43,23,98.85000000000004,0,0.38461538461538464,1.0,1.7692307692307692,3.3076923076923075
standard,batching,100247,8,8,8,0,16,0,74.4,0,1.0,1.0,0.0,2.0
standard,batching,100248,15,12,6,3,42,24,64.50000000000001,0,0.4,0.8,2.0,3.5
standard,batching,100249,12,12,9,0,34,7,103.20000000000006,0,0.75,1.0,0.5833333333333334,2.8333333333333335
standard,batching,100250,15,13,10,2,33,3,100.35,0,0.6666666666666666,0.8666666666666667,0.23076923076923078,2.5384615384615383
standard,batching,100251,11,10,10,0,28,0,80.80000000000007,1,0.9090909090909091,0.9090909090909091,0.0,2.8
standard,batching,100252,16,12,5,3,43,22,57.55,1,0.3125,0.75,1.8333333333333333,3.5833333333333335
standard,batching,100253,12,12,12,0,31,0,109.15000000000003,0,1.0,1.0,0.0,2.5833333333333335
standard,batching,100254,13,13,11,0,42,2,113.90000000000009,0,0.8461538461538461,1.0,0.15384615384615385,3.230769230769231
standard,batching,100255,16,15,12,1,42,6,123.10000000000007,0,0.75,0.9375,0.4,2.8
standard,batching,100256,17,14,12,3,42,5,97.80000000000004,0,0.7058823529411765,0.8235294117647058,0.35714285714285715,3.0
standard,batching,100257,16,13,8,3,40,26,73.80000000000005,0,0.5,0.8125,2.0,3.076923076923077
standard,batching,100258,13,12,10,0,41,13,87.85000000000005,1,0.7692307692307693,0.9230769230769231,1.0833333333333333,3.4166666666666665
standard,batching,100259,16,14,10,2,40,8,104.40000000000005,0,0.625,0.875,0.5714285714285714,2.857142857142857
standard,batching,100260,16,16,15,0,44,2,143.20000000000013,0,0.9375,1.0,0.125,2.75
standard,batching,100261,18,15,12,3,38,10,105.70000000000002,0,0.6666666666666666,0.8333333333333334,0.6666666666666666,2.533333333333333
standard,batching,100262,16,13,12,1,46,3,79.40000000000005,2,0.75,0.8125,0.23076923076923078,3.5384615384615383
standard,batching,100263,15,14,11,1,42,6,113.10000000000008,0,0.7333333333333333,0.9333333333333333,0.42857142857142855,3.0
standard,batching,100264,18,18,18,0,37,0,167.05000000000013,0,1.0,1.0,0.0,2.0555555555555554
standard,batching,100265,15,14,9,1,43,24,100.15000000000005,0,0.6,0.9333333333333333,1.7142857142857142,3.0714285714285716
standard,batching,100266,8,8,6,0,32,2,67.39999999999999,0,0.75,1.0,0.25,4.0
standard,batching,100267,16,14,10,2,41,10,102.65000000000003,0,0.625,0.875,0.7142857142857143,2.9285714285714284
standard,batching,100268,15,13,8,1,42,12,90.20000000000007,1,0.5333333333333333,0.8666666666666667,0.9230769230769231,3.230769230769231
standard,batching,100269,14,14,10,0,39,4,123.55000000000007,0,0.7142857142857143,1.0,0.2857142857142857,2.7857142857142856
standard,batching,100270,13,13,13,0,37,0,117.05000000000007,0,1.0,1.0,0.0,2.8461538461538463
standard,batching,100271,18,17,16,1,46,1,145.20000000000013,0,0.8888888888888888,0.9444444444444444,0.058823529411764705,2.7058823529411766
standard,batching,100272,18,11,7,6,40,13,26.7,1,0.3888888888888889,0.6111111111111112,1.1818181818181819,3.6363636363636362
standard,batching,100273,17,15,9,2,45,16,107.05000000000003,0,0.5294117647058824,0.8823529411764706,1.0666666666666667,3.0
standard,batching,100274,17,14,10,3,34,8,98.50000000000003,0,0.5882352941176471,0.8235294117647058,0.5714285714285714,2.4285714285714284
standard,batching,100275,13,11,9,2,39,2,78.95000000000003,0,0.6923076923076923,0.8461538461538461,0.18181818181818182,3.5454545454545454
standard,batching,100276,20,17,17,3,37,0,133.05000000000007,0,0.85,0.85,0.0,2.176470588235294
standard,batching,100277,15,13,9,1,42,13,89.50000000000006,1,0.6,0.8666666666666667,1.0,3.230769230769231
standard,batching,100278,9,9,8,0,29,2,78.45,0,0.8888888888888888,1.0,0.2222222222222222,3.2222222222222223
standard,batching,100279,15,15,15,0,43,0,134.9500000000001,0,1.0,1.0,0.0,2.8666666666666667
standard,batching,100280,15,15,12,0,43,11,127.25000000000007,0,0.8,1.0,0.7333333333333333,2.8666666666666667
standard,batching,100281,16,15,10,1,43,24,110.15000000000003,0,0.625,0.9375,1.6,2.8666666666666667
standard,batching,100282,18,17,16,0,43,2,145.55000000000013,1,0.8888888888888888,0.9444444444444444,0.11764705882352941,2.5294117647058822
standard,batching,100283,15,13,8,2,44,16,87.4,0,0.5333333333333333,0.8666666666666667,1.2307692307692308,3.3846153846153846
standard,batching,100284,15,15,14,0,41,1,134.95000000000007,0,0.9333333333333333,1.0,0.06666666666666667,2.7333333333333334
standard,batching,100285,17,15,12,1,46,8,110.90000000000006,1,0.7058823529411765,0.8823529411764706,0.5333333333333333,3.066666666666667
standard,batching,100286,12,12,12,0,35,0,107.75000000000006,0,1.0,1.0,0.0,2.9166666666666665
standard,batching,100287,13,13,13,0,28,0,120.20000000000005,0,1.0,1.0,0.0,2.1538461538461537
standard,batching,100288,17,15,10,2,44,11,110.90000000000005,0,0.5882352941176471,0.8823529411764706,0.7333333333333333,2.933333333333333
standard,batching,100289,12,12,11,0,38,3,104.60000000000004,0,0.9166666666666666,1.0,0.25,3.1666666666666665
standard,batching,100290,13,13,13,0,34,0,118.10000000000005,0,1.0,1.0,0.0,2.6153846153846154
standard,batching,100291,15,10,6,3,41,9,39.34999999999998,2,0.4,0.6666666666666666,0.9,4.1
standard,batching,100292,13,13,13,0,36,0,117.40000000000003,0,1.0,1.0,0.0,2.769230769230769
standard,batching,100293,19,18,17,1,39,2,156.9500000000001,0,0.8947368421052632,0.9473684210526315,0.1111111111111111,2.1666666666666665
standard,batching,100294,18,15,15,2,45,0,110.25000000000006,1,0.8333333333333334,0.8333333333333334,0.0,3.0
standard,batching,100295,9,9,7,0,38,8,71.10000000000001,0,0.7777777777777778,1.0,0.8888888888888888,4.222222222222222
standard,batching,100296,13,13,12,0,36,1,116.70000000000007,0,0.9230769230769231,1.0,0.07692307692307693,2.769230769230769
standard,batching,100297,11,9,6,1,35,10,51.94999999999999,1,0.5454545454545454,0.8181818181818182,1.1111111111111112,3.888888888888889
standard,batching,100298,13,12,4,1,41,25,80.15000000000002,0,0.3076923076923077,0.9230769230769231,2.0833333333333335,3.4166666666666665
standard,batching,100299,12,12,8,0,42,12,96.9,0,0.6666666666666666,1.0,1.0,3.5
standard,linear_q_11,100000,12,12,11,0,38,1,106.00000000000006,0,0.9166666666666666,1.0,0.08333333333333333,3.1666666666666665
standard,linear_q_11,100001,15,15,14,0,41,1,134.95000000000007,0,0.9333333333333333,1.0,0.06666666666666667,2.7333333333333334
standard,linear_q_11,100002,14,14,14,0,39,0,126.35000000000005,0,1.0,1.0,0.0,2.7857142857142856
standard,linear_q_11,100003,13,13,12,0,41,4,112.85000000000008,0,0.9230769230769231,1.0,0.3076923076923077,3.1538461538461537
standard,linear_q_11,100004,15,15,14,0,41,7,130.75000000000009,0,0.9333333333333333,1.0,0.4666666666666667,2.7333333333333334
standard,linear_q_11,100005,14,14,13,0,38,1,126.00000000000003,0,0.9285714285714286,1.0,0.07142857142857142,2.7142857142857144
standard,linear_q_11,100006,16,16,16,0,43,0,144.95000000000007,0,1.0,1.0,0.0,2.6875
standard,linear_q_11,100007,13,13,12,0,40,14,106.20000000000005,0,0.9230769230769231,1.0,1.0769230769230769,3.076923076923077
standard,linear_q_11,100008,15,15,11,0,43,14,125.15000000000008,0,0.7333333333333333,1.0,0.9333333333333333,2.8666666666666667
standard,linear_q_11,100009,16,16,16,0,40,0,146.00000000000014,0,1.0,1.0,0.0,2.5
standard,linear_q_11,100010,13,13,12,0,38,3,114.60000000000008,0,0.9230769230769231,1.0,0.23076923076923078,2.923076923076923
standard,linear_q_11,100011,13,13,13,0,42,0,115.30000000000004,0,1.0,1.0,0.0,3.230769230769231
standard,linear_q_11,100012,15,15,15,0,39,0,136.35000000000008,0,1.0,1.0,0.0,2.6
standard,linear_q_11,100013,18,17,17,1,45,0,146.25000000000014,0,0.9444444444444444,0.9444444444444444,0.0,2.6470588235294117
standard,linear_q_11,100014,23,14,10,9,42,17,41.4,0,0.43478260869565216,0.6086956521739131,1.2142857142857142,3.0
standard,linear_q_11,100015,17,15,13,2,44,4,115.8000000000001,0,0.7647058823529411,0.8823529411764706,0.26666666666666666,2.933333333333333
standard,linear_q_11,100016,14,14,14,0,44,0,124.60000000000011,0,1.0,1.0,0.0,3.142857142857143
standard,linear_q_11,100017,14,14,12,0,44,8,119.00000000000006,0,0.8571428571428571,1.0,0.5714285714285714,3.142857142857143
standard,linear_q_11,100018,14,13,12,1,46,12,97.5,0,0.8571428571428571,0.9285714285714286,0.9230769230769231,3.5384615384615383
standard,linear_q_11,100019,13,13,12,0,39,3,114.25000000000004,0,0.9230769230769231,1.0,0.23076923076923078,3.0
standard,linear_q_11,100020,15,15,14,0,42,1,134.6000000000001,0,0.9333333333333333,1.0,0.06666666666666667,2.8
standard,linear_q_11,100021,10,10,10,0,34,0,88.10000000000002,0,1.0,1.0,0.0,3.4
standard,linear_q_11,100022,14,14,13,0,41,2,124.25000000000006,0,0.9285714285714286,1.0,0.14285714285714285,2.9285714285714284
standard,linear_q_11,100023,15,15,14,0,45,10,127.25000000000006,0,0.9333333333333333,1.0,0.6666666666666666,3.0
standard,linear_q_11,100024,17,16,12,1,47,22,120.15000000000009,0,0.7058823529411765,0.9411764705882353,1.375,2.9375
standard,linear_q_11,100025,11,11,11,0,41,0,95.65,0,1.0,1.0,0.0,3.727272727272727
standard,linear_q_11,100026,15,13,13,2,43,0,98.95000000000005,0,0.8666666666666667,0.8666666666666667,0.0,3.3076923076923075
standard,linear_q_11,100027,12,12,11,0,39,1,105.65000000000006,0,0.9166666666666666,1.0,0.08333333333333333,3.25
standard,linear_q_11,100028,19,16,15,3,43,15,110.45000000000005,0,0.7894736842105263,0.8421052631578947,0.9375,2.6875
standard,linear_q_11,100029,16,16,16,0,40,0,146.0000000000001,0,1.0,1.0,0.0,2.5
standard,linear_q_11,100030,12,11,10,0,42,2,85.90000000000005,1,0.8333333333333334,0.9166666666666666,0.18181818181818182,3.8181818181818183
standard,linear_q_11,100031,15,13,11,1,46,7,83.90000000000005,1,0.7333333333333333,0.8666666666666667,0.5384615384615384,3.5384615384615383
standard,linear_q_11,100032,15,15,15,0,40,0,136.00000000000006,0,1.0,1.0,0.0,2.6666666666666665
standard,linear_q_11,100033,13,13,12,0,42,8,109.70000000000003,0,0.9230769230769231,1.0,0.6153846153846154,3.230769230769231
standard,linear_q_11,100034,14,14,13,0,44,1,123.90000000000006,0,0.9285714285714286,1.0,0.07142857142857142,3.142857142857143
standard,linear_q_11,100035,17,15,10,2,42,9,113.0000000000001,0,0.5882352941176471,0.8823529411764706,0.6,2.8
standard,linear_q_11,100036,20,17,15,3,44,4,127.80000000000004,0,0.75,0.85,0.23529411764705882,2.588235294117647
standard,linear_q_11,100037,16,15,14,1,42,1,126.60000000000005,0,0.875,0.9375,0.06666666666666667,2.8
standard,linear_q_11,100038,12,12,11,0,39,1,105.65000000000005,0,0.9166666666666666,1.0,0.08333333333333333,3.25
standard,linear_q_11,100039,11,11,10,0,36,8,91.80000000000004,0,0.9090909090909091,1.0,0.7272727272727273,3.272727272727273
standard,linear_q_11,100040,13,13,12,0,39,17,104.45000000000003,0,0.9230769230769231,1.0,1.3076923076923077,3.0
standard,linear_q_11,100041,13,13,13,0,45,0,114.2500000000001,0,1.0,1.0,0.0,3.4615384615384617
standard,linear_q_11,100042,13,13,12,0,37,1,116.35000000000005,0,0.9230769230769231,1.0,0.07692307692307693,2.8461538461538463
standard,linear_q_11,100043,17,17,17,0,45,0,154.25000000000009,0,1.0,1.0,0.0,2.6470588235294117
standard,linear_q_11,100044,13,13,12,0,42,2,113.90000000000003,0,0.9230769230769231,1.0,0.15384615384615385,3.230769230769231
standard,linear_q_11,100045,15,15,12,0,42,18,122.70000000000007,0,0.8,1.0,1.2,2.8
standard,linear_q_11,100046,16,15,13,1,41,3,125.55000000000011,0,0.8125,0.9375,0.2,2.7333333333333334
standard,linear_q_11,100047,19,15,11,4,46,14,92.10000000000002,0,0.5789473684210527,0.7894736842105263,0.9333333333333333,3.066666666666667
standard,linear_q_11,100048,14,14,12,0,43,4,122.15000000000006,0,0.8571428571428571,1.0,0.2857142857142857,3.0714285714285716
standard,linear_q_11,100049,17,17,16,0,43,1,154.25000000000009,0,0.9411764705882353,1.0,0.058823529411764705,2.5294117647058822
standard,linear_q_11,100050,17,15,13,2,47,2,116.15000000000009,0,0.7647058823529411,0.8823529411764706,0.13333333333333333,3.1333333333333333
standard,linear_q_11,100051,17,14,9,2,46,19,83.80000000000005,1,0.5294117647058824,0.8235294117647058,1.3571428571428572,3.2857142857142856
standard,linear_q_11,100052,18,17,16,1,47,10,138.55000000000007,0,0.8888888888888888,0.9444444444444444,0.5882352941176471,2.764705882352941
standard,linear_q_11,100053,16,15,15,1,41,0,127.65000000000009,0,0.9375,0.9375,0.0,2.7333333333333334
standard,linear_q_11,100054,15,14,13,1,40,6,113.80000000000004,0,0.8666666666666667,0.9333333333333333,0.42857142857142855,2.857142857142857
standard,linear_q_11,100055,13,13,9,0,46,25,96.40000000000006,0,0.6923076923076923,1.0,1.9230769230769231,3.5384615384615383
standard,linear_q_11,100056,15,15,14,0,47,1,132.85000000000008,0,0.9333333333333333,1.0,0.06666666666666667,3.1333333333333333
standard,linear_q_11,100057,11,11,11,0,39,0,96.35000000000002,0,1.0,1.0,0.0,3.5454545454545454
standard,linear_q_11,100058,12,12,12,0,42,0,105.30000000000004,0,1.0,1.0,0.0,3.5
standard,linear_q_11,100059,13,13,12,0,36,2,116.00000000000003,0,0.9230769230769231,1.0,0.15384615384615385,2.769230769230769
standard,linear_q_11,100060,16,15,13,1,39,8,122.75000000000003,0,0.8125,0.9375,0.5333333333333333,2.6
standard,linear_q_11,100061,14,14,13,0,42,6,121.10000000000002,0,0.9285714285714286,1.0,0.42857142857142855,3.0
standard,linear_q_11,100062,11,11,9,0,40,10,89.00000000000003,0,0.8181818181818182,1.0,0.9090909090909091,3.6363636363636362
standard,linear_q_11,100063,15,14,13,1,43,5,113.45000000000003,0,0.8666666666666667,0.9333333333333333,0.35714285714285715,3.0714285714285716
standard,linear_q_11,100064,17,16,14,1,41,6,133.45000000000007,0,0.8235294117647058,0.9411764705882353,0.375,2.5625
standard,linear_q_11,100065,20,16,12,3,45,12,101.0500000000001,1,0.6,0.8,0.75,2.8125
standard,linear_q_11,100066,18,17,15,1,46,12,137.5,0,0.8333333333333334,0.9444444444444444,0.7058823529411765,2.7058823529411766
standard,linear_q_11,100067,16,13,9,3,40,21,77.30000000000003,0,0.5625,0.8125,1.6153846153846154,3.076923076923077
standard,linear_q_11,100068,15,15,15,0,38,0,136.7000000000001,0,1.0,1.0,0.0,2.533333333333333
standard,linear_q_11,100069,14,14,14,0,36,0,127.40000000000009,0,1.0,1.0,0.0,2.5714285714285716
standard,linear_q_11,100070,12,12,11,0,40,2,104.60000000000004,0,0.9166666666666666,1.0,0.16666666666666666,3.3333333333333335
standard,linear_q_11,100071,17,15,11,1,46,15,101.80000000000008,1,0.6470588235294118,0.8823529411764706,1.0,3.066666666666667
standard,linear_q_11,100072,20,16,13,4,44,18,100.00000000000006,0,0.65,0.8,1.125,2.75
standard,linear_q_11,100073,15,14,12,1,39,9,112.05000000000003,0,0.8,0.9333333333333333,0.6428571428571429,2.7857142857142856
standard,linear_q_11,100074,18,17,16,1,43,12,138.5500000000001,0,0.8888888888888888,0.9444444444444444,0.7058823529411765,2.5294117647058822
standard,linear_q_11,100075,17,17,17,0,44,0,154.60000000000014,0,1.0,1.0,0.0,2.588235294117647
standard,linear_q_11,100076,17,15,14,2,44,4,115.8000000000001,0,0.8235294117647058,0.8823529411764706,0.26666666666666666,2.933333333333333
standard,linear_q_11,100077,19,19,17,0,46,2,172.5000000000001,0,0.8947368421052632,1.0,0.10526315789473684,2.4210526315789473
standard,linear_q_11,100078,12,12,11,0,37,4,104.25000000000003,0,0.9166666666666666,1.0,0.3333333333333333,3.0833333333333335
standard,linear_q_11,100079,13,13,12,0,45,2,112.85000000000007,0,0.9230769230769231,1.0,0.15384615384615385,3.4615384615384617
standard,linear_q_11,100080,11,11,11,0,42,0,95.30000000000004,0,1.0,1.0,0.0,3.8181818181818183
standard,linear_q_11,100081,15,15,13,0,37,7,132.15000000000003,0,0.8666666666666667,1.0,0.4666666666666667,2.466666666666667
standard,linear_q_11,100082,18,17,15,1,48,14,135.40000000000006,0,0.8333333333333334,0.9444444444444444,0.8235294117647058,2.823529411764706
standard,linear_q_11,100083,12,12,11,0,36,1,106.70000000000005,0,0.9166666666666666,1.0,0.08333333333333333,3.0
standard,linear_q_11,100084,18,17,17,1,42,0,147.30000000000007,0,0.9444444444444444,0.9444444444444444,0.0,2.4705882352941178
standard,linear_q_11,100085,17,17,15,0,45,5,150.7500000000001,0,0.8823529411764706,1.0,0.29411764705882354,2.6470588235294117
standard,linear_q_11,100086,16,16,14,0,47,11,135.85000000000002,0,0.875,1.0,0.6875,2.9375
standard,linear_q_11,100087,12,12,12,0,37,0,107.05000000000004,0,1.0,1.0,0.0,3.0833333333333335
standard,linear_q_11,100088,13,13,13,0,34,0,118.10000000000008,0,1.0,1.0,0.0,2.6153846153846154
standard,linear_q_11,100089,16,16,15,0,43,1,144.2500000000001,0,0.9375,1.0,0.0625,2.6875
standard,linear_q_11,100090,20,16,14,3,48,22,91.60000000000005,1,0.7,0.8,1.375,3.0
standard,linear_q_11,100091,17,14,9,3,42,28,81.70000000000002,0,0.5294117647058824,0.8235294117647058,2.0,3.0
standard,linear_q_11,100092,13,13,11,0,43,8,109.35000000000004,0,0.8461538461538461,1.0,0.6153846153846154,3.3076923076923075
standard,linear_q_11,100093,10,10,9,0,36,3,85.30000000000004,0,0.9,1.0,0.3,3.6
standard,linear_q_11,100094,12,12,10,0,40,12,97.60000000000004,0,0.8333333333333334,1.0,1.0,3.3333333333333335
standard,linear_q_11,100095,13,13,11,0,40,3,113.9000000000001,0,0.8461538461538461,1.0,0.23076923076923078,3.076923076923077
standard,linear_q_11,100096,18,15,10,3,42,26,93.10000000000004,0,0.5555555555555556,0.8333333333333334,1.7333333333333334,2.8
standard,linear_q_11,100097,16,16,15,0,46,26,125.70000000000006,0,0.9375,1.0,1.625,2.875
standard,linear_q_11,100098,16,14,13,2,41,3,107.55000000000004,0,0.8125,0.875,0.21428571428571427,2.9285714285714284
standard,linear_q_11,100099,12,12,12,0,32,0,108.80000000000001,0,1.0,1.0,0.0,2.6666666666666665
standard,linear_q_11,100100,18,16,14,2,43,10,121.95000000000006,0,0.7777777777777778,0.8888888888888888,0.625,2.6875
standard,linear_q_11,100101,12,12,11,0,36,14,97.60000000000001,0,0.9166666666666666,1.0,1.1666666666666667,3.0
standard,linear_q_11,100102,18,16,14,2,44,15,118.10000000000008,0,0.7777777777777778,0.8888888888888888,0.9375,2.75
standard,linear_q_11,100103,15,15,15,0,45,0,134.25000000000009,0,1.0,1.0,0.0,3.0
standard,linear_q_11,100104,15,15,14,0,43,5,131.45000000000005,0,0.9333333333333333,1.0,0.3333333333333333,2.8666666666666667
standard,linear_q_11,100105,12,12,12,0,37,0,107.0500000000001,0,1.0,1.0,0.0,3.0833333333333335
standard,linear_q_11,100106,18,15,10,2,45,15,99.7500000000001,1,0.5555555555555556,0.8333333333333334,1.0,3.0
standard,linear_q_11,100107,17,16,14,1,45,2,134.85000000000008,0,0.8235294117647058,0.9411764705882353,0.125,2.8125
standard,linear_q_11,100108,11,11,10,0,42,4,92.50000000000004,0,0.9090909090909091,1.0,0.36363636363636365,3.8181818181818183
standard,linear_q_11,100109,12,12,12,0,39,0,106.35000000000002,0,1.0,1.0,0.0,3.25
standard,linear_q_11,100110,9,9,9,0,28,0,80.20000000000002,0,1.0,1.0,0.0,3.111111111111111
standard,linear_q_11,100111,12,12,12,0,37,0,107.05000000000007,0,1.0,1.0,0.0,3.0833333333333335
standard,linear_q_11,100112,11,11,10,0,36,5,93.90000000000002,0,0.9090909090909091,1.0,0.45454545454545453,3.272727272727273
standard,linear_q_11,100113,17,17,17,0,40,0,156.00000000000009,0,1.0,1.0,0.0,2.3529411764705883
standard,linear_q_11,100114,15,15,14,0,43,5,131.45000000000005,0,0.9333333333333333,1.0,0.3333333333333333,2.8666666666666667
standard,linear_q_11,100115,12,12,12,0,41,0,105.65000000000003,0,1.0,1.0,0.0,3.4166666666666665
standard,linear_q_11,100116,19,16,14,3,44,13,111.50000000000004,0,0.7368421052631579,0.8421052631578947,0.8125,2.75
standard,linear_q_11,100117,15,14,13,1,44,2,115.20000000000005,0,0.8666666666666667,0.9333333333333333,0.14285714285714285,3.142857142857143
standard,linear_q_11,100118,11,11,11,0,38,0,96.70000000000002,0,1.0,1.0,0.0,3.4545454545454546
standard,linear_q_11,100119,18,17,16,1,47,8,139.95000000000007,0,0.8888888888888888,0.9444444444444444,0.47058823529411764,2.764705882352941
standard,linear_q_11,100120,7,7,7,0,26,0,60.89999999999998,0,1.0,1.0,0.0,3.7142857142857144
standard,linear_q_11,100121,18,18,16,0,41,4,162.85000000000008,0,0.8888888888888888,1.0,0.2222222222222222,2.2777777777777777
standard,linear_q_11,100122,14,14,13,0,45,12,115.85000000000002,0,0.9285714285714286,1.0,0.8571428571428571,3.2142857142857144
standard,linear_q_11,100123,16,16,16,0,41,0,145.65000000000012,0,1.0,1.0,0.0,2.5625
standard,linear_q_11,100124,20,18,17,2,45,1,147.5500000000001,0,0.85,0.9,0.05555555555555555,2.5
standard,linear_q_11,100125,15,15,14,0,43,2,133.55000000000007,0,0.9333333333333333,1.0,0.13333333333333333,2.8666666666666667
standard,linear_q_11,100126,18,16,15,1,47,2,119.15000000000008,1,0.8333333333333334,0.8888888888888888,0.125,2.9375
standard,linear_q_11,100127,15,15,14,0,44,2,133.2000000000001,0,0.9333333333333333,1.0,0.13333333333333333,2.933333333333333
standard,linear_q_11,100128,15,14,12,1,39,11,110.65000000000002,0,0.8,0.9333333333333333,0.7857142857142857,2.7857142857142856
standard,linear_q_11,100129,16,13,9,3,45,25,72.75000000000001,0,0.5625,0.8125,1.9230769230769231,3.4615384615384617
standard,linear_q_11,100130,18,14,10,3,47,24,71.25000000000003,1,0.5555555555555556,0.7777777777777778,1.7142857142857142,3.357142857142857
standard,linear_q_11,100131,15,15,14,0,42,4,132.5000000000001,0,0.9333333333333333,1.0,0.26666666666666666,2.8
standard,linear_q_11,100132,19,17,15,2,46,6,133.70000000000013,0,0.7894736842105263,0.8947368421052632,0.35294117647058826,2.7058823529411766
standard,linear_q_11,100133,15,15,15,0,41,0,135.6500000000001,0,1.0,1.0,0.0,2.7333333333333334
standard,linear_q_11,100134,12,12,10,0,39,4,103.55000000000004,0,0.8333333333333334,1.0,0.3333333333333333,3.25
standard,linear_q_11,100135,9,9,9,0,34,0,78.10000000000001,0,1.0,1.0,0.0,3.7777777777777777
standard,linear_q_11,100136,12,12,12,0,39,0,106.35000000000005,0,1.0,1.0,0.0,3.25
standard,linear_q_11,100137,16,16,14,0,44,3,142.5000000000001,0,0.875,1.0,0.1875,2.75
standard,linear_q_11,100138,9,9,9,0,32,0,78.79999999999998,0,1.0,1.0,0.0,3.5555555555555554
standard,linear_q_11,100139,12,12,11,0,42,2,103.90000000000006,0,0.9166666666666666,1.0,0.16666666666666666,3.5
standard,linear_q_11,100140,11,11,10,0,39,6,92.15,0,0.9090909090909091,1.0,0.5454545454545454,3.5454545454545454
standard,linear_q_11,100141,14,14,13,0,42,8,119.70000000000005,0,0.9285714285714286,1.0,0.5714285714285714,3.0
standard,linear_q_11,100142,13,13,9,0,45,15,103.75000000000004,0,0.6923076923076923,1.0,1.1538461538461537,3.4615384615384617
standard,linear_q_11,100143,17,16,13,1,44,18,124.00000000000004,0,0.7647058823529411,0.9411764705882353,1.125,2.75
standard,linear_q_11,100144,12,12,11,0,39,2,104.95000000000005,0,0.9166666666666666,1.0,0.16666666666666666,3.25
standard,linear_q_11,100145,11,11,11,0,36,0,97.4,0,1.0,1.0,0.0,3.272727272727273
standard,linear_q_11,100146,15,15,14,0,39,3,134.25000000000006,0,0.9333333333333333,1.0,0.2,2.6
standard,linear_q_11,100147,15,15,15,0,36,0,137.40000000000006,0,1.0,1.0,0.0,2.4
standard,linear_q_11,100148,15,15,13,0,46,3,131.80000000000004,0,0.8666666666666667,1.0,0.2,3.066666666666667
standard,linear_q_11,100149,13,13,12,0,42,8,109.70000000000007,0,0.9230769230769231,1.0,0.6153846153846154,3.230769230769231
standard,linear_q_11,100150,11,11,9,0,35,2,96.3500000000001,0,0.8181818181818182,1.0,0.18181818181818182,3.1818181818181817
standard,linear_q_11,100151,17,15,13,2,42,4,116.50000000000006,0,0.7647058823529411,0.8823529411764706,0.26666666666666666,2.8
standard,linear_q_11,100152,13,13,13,0,36,0,117.40000000000006,0,1.0,1.0,0.0,2.769230769230769
standard,linear_q_11,100153,11,11,11,0,38,0,96.70000000000005,0,1.0,1.0,0.0,3.4545454545454546
standard,linear_q_11,100154,15,14,14,1,37,0,119.05000000000004,0,0.9333333333333333,0.9333333333333333,0.0,2.642857142857143
standard,linear_q_11,100155,14,14,13,0,44,1,123.90000000000006,0,0.9285714285714286,1.0,0.07142857142857142,3.142857142857143
standard,linear_q_11,100156,12,12,11,0,41,2,104.25000000000006,0,0.9166666666666666,1.0,0.16666666666666666,3.4166666666666665
standard,linear_q_11,100157,17,16,14,0,48,10,122.60000000000012,1,0.8235294117647058,0.9411764705882353,0.625,3.0
standard,linear_q_11,100158,15,14,13,1,41,3,115.55000000000005,0,0.8666666666666667,0.9333333333333333,0.21428571428571427,2.9285714285714284
standard,linear_q_11,100159,17,15,12,2,40,14,110.20000000000003,0,0.7058823529411765,0.8823529411764706,0.9333333333333333,2.6666666666666665
standard,linear_q_11,100160,12,12,12,0,39,0,106.35000000000005,0,1.0,1.0,0.0,3.25
standard,linear_q_11,100161,19,17,15,2,48,6,133.00000000000009,0,0.7894736842105263,0.8947368421052632,0.35294117647058826,2.823529411764706
standard,linear_q_11,100162,16,13,9,3,42,10,84.30000000000001,0,0.5625,0.8125,0.7692307692307693,3.230769230769231
standard,linear_q_11,100163,15,15,15,0,42,0,135.3000000000001,0,1.0,1.0,0.0,2.8
standard,linear_q_11,100164,11,11,11,0,37,0,97.05000000000005,0,1.0,1.0,0.0,3.3636363636363638
standard,linear_q_11,100165,15,14,13,1,35,9,113.45000000000003,0,0.8666666666666667,0.9333333333333333,0.6428571428571429,2.5
standard,linear_q_11,100166,13,13,12,0,41,1,114.95000000000003,0,0.9230769230769231,1.0,0.07692307692307693,3.1538461538461537
standard,linear_q_11,100167,13,13,13,0,38,0,116.70000000000002,0,1.0,1.0,0.0,2.923076923076923
standard,linear_q_11,100168,8,8,8,0,29,0,69.85,0,1.0,1.0,0.0,3.625
standard,linear_q_11,100169,14,14,13,0,36,12,119.00000000000004,0,0.9285714285714286,1.0,0.8571428571428571,2.5714285714285716
standard,linear_q_11,100170,13,13,11,0,38,3,114.60000000000002,0,0.8461538461538461,1.0,0.23076923076923078,2.923076923076923
standard,linear_q_11,100171,17,17,16,0,44,1,153.9000000000001,0,0.9411764705882353,1.0,0.058823529411764705,2.588235294117647
standard,linear_q_11,100172,14,14,13,0,45,14,114.45000000000002,0,0.9285714285714286,1.0,1.0,3.2142857142857144
standard,linear_q_11,100173,15,15,15,0,40,0,136.00000000000009,0,1.0,1.0,0.0,2.6666666666666665
standard,linear_q_11,100174,14,14,12,0,41,13,116.55000000000008,0,0.8571428571428571,1.0,0.9285714285714286,2.9285714285714284
standard,linear_q_11,100175,12,12,12,0,37,0,107.05000000000004,0,1.0,1.0,0.0,3.0833333333333335
standard,linear_q_11,100176,15,15,14,0,40,1,135.30000000000007,0,0.9333333333333333,1.0,0.06666666666666667,2.6666666666666665
standard,linear_q_11,100177,17,15,14,2,44,13,109.50000000000001,0,0.8235294117647058,0.8823529411764706,0.8666666666666667,2.933333333333333
standard,linear_q_11,100178,12,12,12,0,36,0,107.40000000000003,0,1.0,1.0,0.0,3.0
standard,linear_q_11,100179,14,14,13,0,42,1,124.60000000000005,0,0.9285714285714286,1.0,0.07142857142857142,3.0
standard,linear_q_11,100180,11,11,10,0,36,1,96.70000000000003,0,0.9090909090909091,1.0,0.09090909090909091,3.272727272727273
standard,linear_q_11,100181,16,15,14,0,48,1,109.80000000000007,1,0.875,0.9375,0.06666666666666667,3.2
standard,linear_q_11,100182,17,16,16,1,39,0,138.35000000000008,0,0.9411764705882353,0.9411764705882353,0.0,2.4375
standard,linear_q_11,100183,18,16,16,2,45,0,128.25000000000006,0,0.8888888888888888,0.8888888888888888,0.0,2.8125
standard,linear_q_11,100184,11,11,11,0,39,0,96.35000000000002,0,1.0,1.0,0.0,3.5454545454545454
standard,linear_q_11,100185,14,14,13,0,42,6,121.10000000000008,0,0.9285714285714286,1.0,0.42857142857142855,3.0
standard,linear_q_11,100186,13,13,10,0,39,4,113.55000000000005,0,0.7692307692307693,1.0,0.3076923076923077,3.0
standard,linear_q_11,100187,8,8,8,0,32,0,68.79999999999998,0,1.0,1.0,0.0,4.0
standard,linear_q_11,100188,10,10,10,0,36,0,87.40000000000003,0,1.0,1.0,0.0,3.6
standard,linear_q_11,100189,12,11,9,0,46,3,78.20000000000002,1,0.75,0.9166666666666666,0.2727272727272727,4.181818181818182
standard,linear_q_11,100190,18,16,11,2,45,16,117.05000000000007,0,0.6111111111111112,0.8888888888888888,1.0,2.8125
standard,linear_q_11,100191,16,13,11,2,46,13,76.60000000000001,1,0.6875,0.8125,1.0,3.5384615384615383
standard,linear_q_11,100192,13,13,13,0,37,0,117.05000000000007,0,1.0,1.0,0.0,2.8461538461538463
standard,linear_q_11,100193,10,10,10,0,36,0,87.40000000000002,0,1.0,1.0,0.0,3.6
standard,linear_q_11,100194,15,13,10,2,43,20,84.95000000000007,0,0.6666666666666666,0.8666666666666667,1.5384615384615385,3.3076923076923075
standard,linear_q_11,100195,15,15,14,0,41,14,125.85000000000008,0,0.9333333333333333,1.0,0.9333333333333333,2.7333333333333334
standard,linear_q_11,100196,12,11,10,1,38,4,85.9,0,0.8333333333333334,0.9166666666666666,0.36363636363636365,3.4545454545454546
standard,linear_q_11,100197,15,14,10,1,46,13,106.80000000000007,0,0.6666666666666666,0.9333333333333333,0.9285714285714286,3.2857142857142856
standard,linear_q_11,100198,16,15,15,0,45,0,122.75000000000007,1,0.9375,0.9375,0.0,3.0
standard,linear_q_11,100199,12,12,12,0,40,0,106.00000000000003,0,1.0,1.0,0.0,3.3333333333333335
standard,linear_q_11,100200,14,14,12,0,47,5,120.05000000000011,0,0.8571428571428571,1.0,0.35714285714285715,3.357142857142857
standard,linear_q_11,100201,19,16,13,3,45,24,103.45000000000006,0,0.6842105263157895,0.8421052631578947,1.5,2.8125
standard,linear_q_11,100202,16,15,13,1,47,24,108.75000000000004,0,0.8125,0.9375,1.6,3.1333333333333333
standard,linear_q_11,100203,16,15,10,1,44,20,112.60000000000007,0,0.625,0.9375,1.3333333333333333,2.933333333333333
standard,linear_q_11,100204,16,16,15,0,42,20,131.30000000000004,0,0.9375,1.0,1.25,2.625
standard,linear_q_11,100205,14,14,14,0,37,0,127.05000000000004,0,1.0,1.0,0.0,2.642857142857143
standard,linear_q_11,100206,17,14,8,3,40,26,83.80000000000003,0,0.47058823529411764,0.8235294117647058,1.8571428571428572,2.857142857142857
standard,linear_q_11,100207,14,14,12,0,38,15,116.20000000000005,0,0.8571428571428571,1.0,1.0714285714285714,2.7142857142857144
standard,linear_q_11,100208,16,16,16,0,40,0,146.0000000000001,0,1.0,1.0,0.0,2.5
standard,linear_q_11,100209,22,18,17,4,45,8,126.65000000000009,0,0.7727272727272727,0.8181818181818182,0.4444444444444444,2.5
standard,linear_q_11,100210,17,15,12,2,46,13,108.80000000000004,0,0.7058823529411765,0.8823529411764706,0.8666666666666667,3.066666666666667
standard,linear_q_11,100211,12,12,12,0,39,0,106.35000000000005,0,1.0,1.0,0.0,3.25
standard,linear_q_11,100212,15,13,12,2,37,12,92.65000000000006,0,0.8,0.8666666666666667,0.9230769230769231,2.8461538461538463
standard,linear_q_11,100213,12,11,11,1,39,0,88.35,0,0.9166666666666666,0.9166666666666666,0.0,3.5454545454545454
standard,linear_q_11,100214,16,16,14,0,46,15,133.4000000000001,0,0.875,1.0,0.9375,2.875
standard,linear_q_11,100215,15,15,13,0,44,13,125.50000000000007,0,0.8666666666666667,1.0,0.8666666666666667,2.933333333333333
standard,linear_q_11,100216,12,12,11,0,39,6,102.15,0,0.9166666666666666,1.0,0.5,3.25
standard,linear_q_11,100217,14,14,13,0,44,1,123.90000000000005,0,0.9285714285714286,1.0,0.07142857142857142,3.142857142857143
standard,linear_q_11,100218,15,14,11,1,39,8,112.75000000000007,0,0.7333333333333333,0.9333333333333333,0.5714285714285714,2.7857142857142856
standard,linear_q_11,100219,9,9,9,0,28,0,80.19999999999999,0,1.0,1.0,0.0,3.111111111111111
standard,linear_q_11,100220,10,10,6,0,35,10,80.75000000000003,0,0.6,1.0,1.0,3.5
standard,linear_q_11,100221,17,14,13,3,40,15,91.50000000000001,0,0.7647058823529411,0.8235294117647058,1.0714285714285714,2.857142857142857
standard,linear_q_11,100222,13,13,11,0,42,7,110.40000000000005,0,0.8461538461538461,1.0,0.5384615384615384,3.230769230769231
standard,linear_q_11,100223,13,13,13,0,35,0,117.75000000000007,0,1.0,1.0,0.0,2.6923076923076925
standard,linear_q_11,100224,18,15,10,2,47,18,96.25000000000006,1,0.5555555555555556,0.8333333333333334,1.2,3.1333333333333333
standard,linear_q_11,100225,19,16,12,3,47,30,98.55000000000005,0,0.631578947368421,0.8421052631578947,1.875,2.9375
standard,linear_q_11,100226,12,12,11,0,33,1,107.75000000000006,0,0.9166666666666666,1.0,0.08333333333333333,2.75
standard,linear_q_11,100227,13,13,13,0,39,0,116.35000000000005,0,1.0,1.0,0.0,3.0
standard,linear_q_11,100228,11,11,11,0,36,0,97.4,0,1.0,1.0,0.0,3.272727272727273
standard,linear_q_11,100229,17,16,12,1,45,22,120.85000000000005,0,0.7058823529411765,0.9411764705882353,1.375,2.8125
standard,linear_q_11,100230,16,15,12,1,40,9,121.70000000000003,0,0.75,0.9375,0.6,2.6666666666666665
standard,linear_q_11,100231,17,15,13,2,39,5,116.85000000000007,0,0.7647058823529411,0.8823529411764706,0.3333333333333333,2.6
standard,linear_q_11,100232,10,10,9,0,34,1,87.40000000000003,0,0.9,1.0,0.1,3.4
standard,linear_q_11,100233,12,12,10,0,37,4,104.25000000000003,0,0.8333333333333334,1.0,0.3333333333333333,3.0833333333333335
standard,linear_q_11,100234,19,16,14,3,42,12,112.90000000000003,0,0.7368421052631579,0.8421052631578947,0.75,2.625
standard,linear_q_11,100235,17,16,16,1,39,0,138.35000000000005,0,0.9411764705882353,0.9411764705882353,0.0,2.4375
standard,linear_q_11,100236,12,12,11,0,43,5,101.45000000000005,0,0.9166666666666666,1.0,0.4166666666666667,3.5833333333333335
standard,linear_q_11,100237,10,10,9,0,35,1,87.05,0,0.9,1.0,0.1,3.5
standard,linear_q_11,100238,12,12,12,0,37,0,107.05000000000007,0,1.0,1.0,0.0,3.0833333333333335
standard,linear_q_11,100239,14,13,11,1,41,7,102.75000000000001,0,0.7857142857142857,0.9285714285714286,0.5384615384615384,3.1538461538461537
standard,linear_q_11,100240,11,11,11,0,32,0,98.80000000000004,0,1.0,1.0,0.0,2.909090909090909
standard,linear_q_11,100241,14,14,14,0,43,0,124.95000000000007,0,1.0,1.0,0.0,3.0714285714285716
standard,linear_q_11,100242,19,15,14,3,46,5,98.40000000000006,1,0.7368421052631579,0.7894736842105263,0.3333333333333333,3.066666666666667
standard,linear_q_11,100243,12,12,11,0,44,3,102.50000000000006,0,0.9166666666666666,1.0,0.25,3.6666666666666665
standard,linear_q_11,100244,15,15,15,0,42,0,135.30000000000007,0,1.0,1.0,0.0,2.8
standard,linear_q_11,100245,17,17,15,0,44,4,151.80000000000004,0,0.8823529411764706,1.0,0.23529411764705882,2.588235294117647
standard,linear_q_11,100246,13,12,10,1,38,9,92.40000000000003,0,0.7692307692307693,0.9230769230769231,0.75,3.1666666666666665
standard,linear_q_11,100247,8,8,8,0,30,0,69.49999999999999,0,1.0,1.0,0.0,3.75
standard,linear_q_11,100248,15,14,12,1,43,6,112.75000000000004,0,0.8,0.9333333333333333,0.42857142857142855,3.0714285714285716
standard,linear_q_11,100249,12,12,12,0,37,0,107.05000000000007,0,1.0,1.0,0.0,3.0833333333333335
standard,linear_q_11,100250,15,15,14,0,44,16,123.40000000000003,0,0.9333333333333333,1.0,1.0666666666666667,2.933333333333333
standard,linear_q_11,100251,11,11,10,0,36,2,96.00000000000003,0,0.9090909090909091,1.0,0.18181818181818182,3.272727272727273
standard,linear_q_11,100252,16,15,14,1,44,10,119.60000000000005,0,0.875,0.9375,0.6666666666666666,2.933333333333333
standard,linear_q_11,100253,12,12,12,0,36,0,107.40000000000006,0,1.0,1.0,0.0,3.0
standard,linear_q_11,100254,13,13,12,0,35,3,115.65000000000003,0,0.9230769230769231,1.0,0.23076923076923078,2.6923076923076925
standard,linear_q_11,100255,16,16,15,0,43,10,137.95,0,0.9375,1.0,0.625,2.6875
standard,linear_q_11,100256,17,14,11,3,43,14,91.15000000000003,0,0.6470588235294118,0.8235294117647058,1.0,3.0714285714285716
standard,linear_q_11,100257,16,16,15,0,44,9,138.30000000000004,0,0.9375,1.0,0.5625,2.75
standard,linear_q_11,100258,13,13,11,0,42,6,111.10000000000005,0,0.8461538461538461,1.0,0.46153846153846156,3.230769230769231
standard,linear_q_11,100259,16,16,15,0,41,3,143.55000000000004,0,0.9375,1.0,0.1875,2.5625
standard,linear_q_11,100260,16,15,14,1,34,4,127.30000000000007,0,0.875,0.9375,0.26666666666666666,2.2666666666666666
standard,linear_q_11,100261,18,17,16,1,43,11,139.25,0,0.8888888888888888,0.9444444444444444,0.6470588235294118,2.5294117647058822
standard,linear_q_11,100262,16,16,15,0,46,7,139.0,0,0.9375,1.0,0.4375,2.875
standard,linear_q_11,100263,15,15,13,0,45,9,127.95000000000007,0,0.8666666666666667,1.0,0.6,3.0
standard,linear_q_11,100264,18,18,17,0,45,4,161.45000000000005,0,0.9444444444444444,1.0,0.2222222222222222,2.5
standard,linear_q_11,100265,15,15,13,0,42,8,129.70000000000007,0,0.8666666666666667,1.0,0.5333333333333333,2.8
standard,linear_q_11,100266,8,8,7,0,39,1,65.64999999999998,0,0.875,1.0,0.125,4.875
standard,linear_q_11,100267,16,14,11,2,41,8,104.05000000000005,0,0.6875,0.875,0.5714285714285714,2.9285714285714284
standard,linear_q_11,100268,15,13,9,1,48,32,72.00000000000004,1,0.6,0.8666666666666667,2.4615384615384617,3.6923076923076925
standard,linear_q_11,100269,14,14,11,0,44,4,121.80000000000008,0,0.7857142857142857,1.0,0.2857142857142857,3.142857142857143
standard,linear_q_11,100270,13,13,12,0,43,6,110.75000000000006,0,0.9230769230769231,1.0,0.46153846153846156,3.3076923076923075
standard,linear_q_11,100271,18,13,8,5,43,20,60.95000000000001,0,0.4444444444444444,0.7222222222222222,1.5384615384615385,3.3076923076923075
standard,linear_q_11,100272,18,15,14,2,46,1,102.90000000000003,1,0.7777777777777778,0.8333333333333334,0.06666666666666667,3.066666666666667
standard,linear_q_11,100273,17,15,9,1,46,19,103.20000000000005,1,0.5294117647058824,0.8823529411764706,1.2666666666666666,3.066666666666667
standard,linear_q_11,100274,17,15,14,2,45,4,115.45000000000006,0,0.8235294117647058,0.8823529411764706,0.26666666666666666,3.0
standard,linear_q_11,100275,13,13,12,0,36,2,116.00000000000003,0,0.9230769230769231,1.0,0.15384615384615385,2.769230769230769
standard,linear_q_11,100276,20,17,16,3,45,28,110.65000000000006,0,0.8,0.85,1.6470588235294117,2.6470588235294117
standard,linear_q_11,100277,15,14,13,0,48,1,111.0000000000001,1,0.8666666666666667,0.9333333333333333,0.07142857142857142,3.4285714285714284
standard,linear_q_11,100278,9,9,8,0,35,7,72.84999999999998,0,0.8888888888888888,1.0,0.7777777777777778,3.888888888888889
standard,linear_q_11,100279,15,14,13,0,46,2,114.50000000000009,1,0.8666666666666667,0.9333333333333333,0.14285714285714285,3.2857142857142856
standard,linear_q_11,100280,15,15,15,0,40,0,136.00000000000009,0,1.0,1.0,0.0,2.6666666666666665
standard,linear_q_11,100281,16,16,15,0,43,1,144.25000000000009,0,0.9375,1.0,0.0625,2.6875
standard,linear_q_11,100282,18,18,18,0,44,0,164.6000000000001,0,1.0,1.0,0.0,2.4444444444444446
standard,linear_q_11,100283,15,11,7,4,42,21,48.60000000000001,0,0.4666666666666667,0.7333333333333333,1.9090909090909092,3.8181818181818183
standard,linear_q_11,100284,15,14,10,1,42,17,105.40000000000003,0,0.6666666666666666,0.9333333333333333,1.2142857142857142,3.0
standard,linear_q_11,100285,17,17,15,0,42,11,147.60000000000008,0,0.8823529411764706,1.0,0.6470588235294118,2.4705882352941178
standard,linear_q_11,100286,12,12,11,0,37,6,102.85000000000001,0,0.9166666666666666,1.0,0.5,3.0833333333333335
standard,linear_q_11,100287,13,13,13,0,41,0,115.65000000000003,0,1.0,1.0,0.0,3.1538461538461537
standard,linear_q_11,100288,17,16,15,1,48,7,130.30000000000007,0,0.8823529411764706,0.9411764705882353,0.4375,3.0
standard,linear_q_11,100289,12,12,11,0,43,4,102.15000000000003,0,0.9166666666666666,1.0,0.3333333333333333,3.5833333333333335
standard,linear_q_11,100290,13,12,12,1,38,0,98.69999999999999,0,0.9230769230769231,0.9230769230769231,0.0,3.1666666666666665
standard,linear_q_11,100291,15,13,12,1,48,2,95.80000000000007,1,0.8,0.8666666666666667,0.15384615384615385,3.6923076923076925
standard,linear_q_11,100292,13,13,13,0,40,0,116.00000000000003,0,1.0,1.0,0.0,3.076923076923077
standard,linear_q_11,100293,19,18,18,1,44,0,156.6000000000001,0,0.9473684210526315,0.9473684210526315,0.0,2.4444444444444446
standard,linear_q_11,100294,18,17,15,1,48,21,130.50000000000006,0,0.8333333333333334,0.9444444444444444,1.2352941176470589,2.823529411764706
standard,linear_q_11,100295,9,9,6,0,43,11,67.25,0,0.6666666666666666,1.0,1.2222222222222223,4.777777777777778
standard,linear_q_11,100296,13,13,10,0,40,8,110.40000000000003,0,0.7692307692307693,1.0,0.6153846153846154,3.076923076923077
standard,linear_q_11,100297,11,11,10,0,38,2,95.30000000000004,0,0.9090909090909091,1.0,0.18181818181818182,3.4545454545454546
standard,linear_q_11,100298,13,13,13,0,39,0,116.35000000000002,0,1.0,1.0,0.0,3.0
standard,linear_q_11,100299,12,12,12,0,40,0,106.00000000000003,0,1.0,1.0,0.0,3.3333333333333335
standard,linear_q_22,100000,12,12,11,0,38,1,106.00000000000006,0,0.9166666666666666,1.0,0.08333333333333333,3.1666666666666665
standard,linear_q_22,100001,15,15,14,0,41,1,134.95000000000007,0,0.9333333333333333,1.0,0.06666666666666667,2.7333333333333334
standard,linear_q_22,100002,14,14,14,0,41,0,125.65000000000006,0,1.0,1.0,0.0,2.9285714285714284
standard,linear_q_22,100003,13,13,12,0,39,4,113.55000000000007,0,0.9230769230769231,1.0,0.3076923076923077,3.0
standard,linear_q_22,100004,15,15,14,0,41,7,130.75000000000009,0,0.9333333333333333,1.0,0.4666666666666667,2.7333333333333334
standard,linear_q_22,100005,14,14,13,0,38,1,126.00000000000003,0,0.9285714285714286,1.0,0.07142857142857142,2.7142857142857144
standard,linear_q_22,100006,16,16,16,0,43,0,144.95000000000007,0,1.0,1.0,0.0,2.6875
standard,linear_q_22,100007,13,13,12,0,42,24,98.50000000000004,0,0.9230769230769231,1.0,1.8461538461538463,3.230769230769231
standard,linear_q_22,100008,15,15,11,0,43,14,125.15000000000008,0,0.7333333333333333,1.0,0.9333333333333333,2.8666666666666667
standard,linear_q_22,100009,16,16,16,0,40,0,146.00000000000014,0,1.0,1.0,0.0,2.5
standard,linear_q_22,100010,13,13,12,0,38,3,114.60000000000008,0,0.9230769230769231,1.0,0.23076923076923078,2.923076923076923
standard,linear_q_22,100011,13,13,13,0,42,0,115.30000000000004,0,1.0,1.0,0.0,3.230769230769231
standard,linear_q_22,100012,15,15,15,0,39,0,136.35000000000008,0,1.0,1.0,0.0,2.6
standard,linear_q_22,100013,18,17,17,1,45,0,146.25000000000014,0,0.9444444444444444,0.9444444444444444,0.0,2.6470588235294117
standard,linear_q_22,100014,23,14,10,9,42,17,41.4,0,0.43478260869565216,0.6086956521739131,1.2142857142857142,3.0
standard,linear_q_22,100015,17,16,14,1,46,22,120.50000000000006,0,0.8235294117647058,0.9411764705882353,1.375,2.875
standard,linear_q_22,100016,14,14,13,0,45,2,122.85000000000011,0,0.9285714285714286,1.0,0.14285714285714285,3.2142857142857144
standard,linear_q_22,100017,14,14,12,0,44,8,119.00000000000006,0,0.8571428571428571,1.0,0.5714285714285714,3.142857142857143
standard,linear_q_22,100018,14,13,12,1,46,12,97.5,0,0.8571428571428571,0.9285714285714286,0.9230769230769231,3.5384615384615383
standard,linear_q_22,100019,13,13,12,0,39,3,114.25000000000004,0,0.9230769230769231,1.0,0.23076923076923078,3.0
standard,linear_q_22,100020,15,15,14,0,42,1,134.6000000000001,0,0.9333333333333333,1.0,0.06666666666666667,2.8
standard,linear_q_22,100021,10,10,10,0,34,0,88.10000000000002,0,1.0,1.0,0.0,3.4
standard,linear_q_22,100022,14,14,13,0,41,2,124.25000000000006,0,0.9285714285714286,1.0,0.14285714285714285,2.9285714285714284
standard,linear_q_22,100023,15,15,14,0,43,10,127.95000000000005,0,0.9333333333333333,1.0,0.6666666666666666,2.8666666666666667
standard,linear_q_22,100024,17,16,12,1,47,22,120.15000000000009,0,0.7058823529411765,0.9411764705882353,1.375,2.9375
standard,linear_q_22,100025,11,11,9,0,43,8,89.35000000000004,0,0.8181818181818182,1.0,0.7272727272727273,3.909090909090909
standard,linear_q_22,100026,15,13,13,2,43,0,98.95000000000005,0,0.8666666666666667,0.8666666666666667,0.0,3.3076923076923075
standard,linear_q_22,100027,12,12,11,0,39,1,105.65000000000006,0,0.9166666666666666,1.0,0.08333333333333333,3.25
standard,linear_q_22,100028,19,16,15,3,43,15,110.45000000000005,0,0.7894736842105263,0.8421052631578947,0.9375,2.6875
standard,linear_q_22,100029,16,16,16,0,40,0,146.0000000000001,0,1.0,1.0,0.0,2.5
standard,linear_q_22,100030,12,11,10,0,42,2,85.90000000000005,1,0.8333333333333334,0.9166666666666666,0.18181818181818182,3.8181818181818183
standard,linear_q_22,100031,15,13,11,1,46,7,83.90000000000005,1,0.7333333333333333,0.8666666666666667,0.5384615384615384,3.5384615384615383
standard,linear_q_22,100032,15,15,15,0,40,0,136.00000000000006,0,1.0,1.0,0.0,2.6666666666666665
standard,linear_q_22,100033,13,13,12,0,40,8,110.40000000000002,0,0.9230769230769231,1.0,0.6153846153846154,3.076923076923077
standard,linear_q_22,100034,14,14,13,0,42,1,124.60000000000005,0,0.9285714285714286,1.0,0.07142857142857142,3.0
standard,linear_q_22,100035,17,15,10,2,42,9,113.0000000000001,0,0.5882352941176471,0.8823529411764706,0.6,2.8
standard,linear_q_22,100036,20,17,15,3,42,4,128.50000000000003,0,0.75,0.85,0.23529411764705882,2.4705882352941178
standard,linear_q_22,100037,16,15,14,1,42,1,126.60000000000005,0,0.875,0.9375,0.06666666666666667,2.8
standard,linear_q_22,100038,12,12,11,0,37,1,106.35000000000004,0,0.9166666666666666,1.0,0.08333333333333333,3.0833333333333335
standard,linear_q_22,100039,11,11,10,0,33,8,92.85000000000002,0,0.9090909090909091,1.0,0.7272727272727273,3.0
standard,linear_q_22,100040,13,13,12,0,39,17,104.45000000000003,0,0.9230769230769231,1.0,1.3076923076923077,3.0
standard,linear_q_22,100041,13,13,13,0,42,0,115.30000000000007,0,1.0,1.0,0.0,3.230769230769231
standard,linear_q_22,100042,13,13,12,0,37,1,116.35000000000005,0,0.9230769230769231,1.0,0.07692307692307693,2.8461538461538463
standard,linear_q_22,100043,17,17,17,0,45,0,154.25000000000009,0,1.0,1.0,0.0,2.6470588235294117
standard,linear_q_22,100044,13,13,12,0,42,2,113.90000000000003,0,0.9230769230769231,1.0,0.15384615384615385,3.230769230769231
standard,linear_q_22,100045,15,15,12,0,40,18,123.40000000000006,0,0.8,1.0,1.2,2.6666666666666665
standard,linear_q_22,100046,16,15,13,1,41,3,125.55000000000011,0,0.8125,0.9375,0.2,2.7333333333333334
standard,linear_q_22,100047,19,15,11,4,46,14,92.10000000000002,0,0.5789473684210527,0.7894736842105263,0.9333333333333333,3.066666666666667
standard,linear_q_22,100048,14,14,13,0,41,3,123.55000000000007,0,0.9285714285714286,1.0,0.21428571428571427,2.9285714285714284
standard,linear_q_22,100049,17,17,16,0,43,2,153.55000000000007,0,0.9411764705882353,1.0,0.11764705882352941,2.5294117647058822
standard,linear_q_22,100050,17,14,12,2,46,2,97.80000000000008,1,0.7058823529411765,0.8235294117647058,0.14285714285714285,3.2857142857142856
standard,linear_q_22,100051,17,15,13,1,48,9,101.10000000000008,1,0.7647058823529411,0.8823529411764706,0.6,3.2
standard,linear_q_22,100052,18,17,16,1,47,10,138.55000000000007,0,0.8888888888888888,0.9444444444444444,0.5882352941176471,2.764705882352941
standard,linear_q_22,100053,16,15,15,1,41,0,127.65000000000009,0,0.9375,0.9375,0.0,2.7333333333333334
standard,linear_q_22,100054,15,14,13,1,40,6,113.80000000000004,0,0.8666666666666667,0.9333333333333333,0.42857142857142855,2.857142857142857
standard,linear_q_22,100055,13,13,9,0,46,25,96.40000000000006,0,0.6923076923076923,1.0,1.9230769230769231,3.5384615384615383
standard,linear_q_22,100056,15,15,14,0,47,1,132.85000000000008,0,0.9333333333333333,1.0,0.06666666666666667,3.1333333333333333
standard,linear_q_22,100057,11,11,11,0,39,0,96.35000000000002,0,1.0,1.0,0.0,3.5454545454545454
standard,linear_q_22,100058,12,12,12,0,42,0,105.30000000000004,0,1.0,1.0,0.0,3.5
standard,linear_q_22,100059,13,13,12,0,36,2,116.00000000000003,0,0.9230769230769231,1.0,0.15384615384615385,2.769230769230769
standard,linear_q_22,100060,16,15,13,1,39,10,121.35000000000002,0,0.8125,0.9375,0.6666666666666666,2.6
standard,linear_q_22,100061,14,14,13,0,42,6,121.10000000000002,0,0.9285714285714286,1.0,0.42857142857142855,3.0
standard,linear_q_22,100062,11,11,9,0,40,10,89.00000000000003,0,0.8181818181818182,1.0,0.9090909090909091,3.6363636363636362
standard,linear_q_22,100063,15,14,13,1,41,5,114.15000000000002,0,0.8666666666666667,0.9333333333333333,0.35714285714285715,2.9285714285714284
standard,linear_q_22,100064,17,16,14,1,39,6,134.15000000000006,0,0.8235294117647058,0.9411764705882353,0.375,2.4375
standard,linear_q_22,100065,20,16,12,3,45,12,101.0500000000001,1,0.6,0.8,0.75,2.8125
standard,linear_q_22,100066,18,17,15,1,46,12,137.5,0,0.8333333333333334,0.9444444444444444,0.7058823529411765,2.7058823529411766
standard,linear_q_22,100067,16,13,8,3,40,25,74.50000000000003,0,0.5,0.8125,1.9230769230769231,3.076923076923077
standard,linear_q_22,100068,15,15,15,0,38,0,136.7000000000001,0,1.0,1.0,0.0,2.533333333333333
standard,linear_q_22,100069,14,14,14,0,36,0,127.40000000000009,0,1.0,1.0,0.0,2.5714285714285716
standard,linear_q_22,100070,12,12,11,0,40,2,104.60000000000004,0,0.9166666666666666,1.0,0.16666666666666666,3.3333333333333335
standard,linear_q_22,100071,17,15,11,1,46,15,101.80000000000008,1,0.6470588235294118,0.8823529411764706,1.0,3.066666666666667
standard,linear_q_22,100072,20,16,13,4,42,18,100.70000000000005,0,0.65,0.8,1.125,2.625
standard,linear_q_22,100073,15,14,14,0,43,0,105.05000000000003,1,0.9333333333333333,0.9333333333333333,0.0,3.0714285714285716
standard,linear_q_22,100074,18,17,16,1,43,12,138.5500000000001,0,0.8888888888888888,0.9444444444444444,0.7058823529411765,2.5294117647058822
standard,linear_q_22,100075,17,17,17,0,42,0,155.30000000000013,0,1.0,1.0,0.0,2.4705882352941178
standard,linear_q_22,100076,17,15,13,2,41,5,116.15000000000008,0,0.7647058823529411,0.8823529411764706,0.3333333333333333,2.7333333333333334
standard,linear_q_22,100077,19,19,17,0,46,2,172.5000000000001,0,0.8947368421052632,1.0,0.10526315789473684,2.4210526315789473
standard,linear_q_22,100078,12,12,11,0,37,4,104.25000000000003,0,0.9166666666666666,1.0,0.3333333333333333,3.0833333333333335
standard,linear_q_22,100079,13,13,12,0,45,2,112.85000000000007,0,0.9230769230769231,1.0,0.15384615384615385,3.4615384615384617
standard,linear_q_22,100080,11,11,11,0,40,0,96.00000000000003,0,1.0,1.0,0.0,3.6363636363636362
standard,linear_q_22,100081,15,15,13,0,37,7,132.15000000000003,0,0.8666666666666667,1.0,0.4666666666666667,2.466666666666667
standard,linear_q_22,100082,18,17,15,1,48,14,135.40000000000006,0,0.8333333333333334,0.9444444444444444,0.8235294117647058,2.823529411764706
standard,linear_q_22,100083,12,12,11,0,36,1,106.70000000000005,0,0.9166666666666666,1.0,0.08333333333333333,3.0
standard,linear_q_22,100084,18,17,17,1,42,0,147.30000000000007,0,0.9444444444444444,0.9444444444444444,0.0,2.4705882352941178
standard,linear_q_22,100085,17,17,15,0,45,5,150.7500000000001,0,0.8823529411764706,1.0,0.29411764705882354,2.6470588235294117
standard,linear_q_22,100086,16,16,15,0,43,6,140.75000000000006,0,0.9375,1.0,0.375,2.6875
standard,linear_q_22,100087,12,12,12,0,37,0,107.05000000000004,0,1.0,1.0,0.0,3.0833333333333335
standard,linear_q_22,100088,13,13,13,0,34,0,118.10000000000008,0,1.0,1.0,0.0,2.6153846153846154
standard,linear_q_22,100089,16,16,15,0,43,1,144.2500000000001,0,0.9375,1.0,0.0625,2.6875
standard,linear_q_22,100090,20,16,14,3,48,22,91.60000000000005,1,0.7,0.8,1.375,3.0
standard,linear_q_22,100091,17,14,9,3,42,28,81.70000000000002,0,0.5294117647058824,0.8235294117647058,2.0,3.0
standard,linear_q_22,100092,13,13,11,0,43,8,109.35000000000004,0,0.8461538461538461,1.0,0.6153846153846154,3.3076923076923075
standard,linear_q_22,100093,10,10,9,0,36,3,85.30000000000004,0,0.9,1.0,0.3,3.6
standard,linear_q_22,100094,12,12,10,0,40,12,97.60000000000004,0,0.8333333333333334,1.0,1.0,3.3333333333333335
standard,linear_q_22,100095,13,13,12,0,37,12,108.65000000000006,0,0.9230769230769231,1.0,0.9230769230769231,2.8461538461538463
standard,linear_q_22,100096,18,15,10,3,42,26,93.10000000000004,0,0.5555555555555556,0.8333333333333334,1.7333333333333334,2.8
standard,linear_q_22,100097,16,16,15,0,46,26,125.70000000000006,0,0.9375,1.0,1.625,2.875
standard,linear_q_22,100098,16,14,13,2,41,3,107.55000000000004,0,0.8125,0.875,0.21428571428571427,2.9285714285714284
standard,linear_q_22,100099,12,12,12,0,32,0,108.80000000000001,0,1.0,1.0,0.0,2.6666666666666665
standard,linear_q_22,100100,18,16,14,2,43,10,121.95000000000006,0,0.7777777777777778,0.8888888888888888,0.625,2.6875
standard,linear_q_22,100101,12,12,11,0,36,14,97.60000000000001,0,0.9166666666666666,1.0,1.1666666666666667,3.0
standard,linear_q_22,100102,18,16,14,2,42,15,118.80000000000007,0,0.7777777777777778,0.8888888888888888,0.9375,2.625
standard,linear_q_22,100103,15,15,15,0,45,0,134.25000000000009,0,1.0,1.0,0.0,3.0
standard,linear_q_22,100104,15,15,14,0,44,5,131.10000000000005,0,0.9333333333333333,1.0,0.3333333333333333,2.933333333333333
standard,linear_q_22,100105,12,12,12,0,37,0,107.0500000000001,0,1.0,1.0,0.0,3.0833333333333335
standard,linear_q_22,100106,18,15,10,2,45,15,99.7500000000001,1,0.5555555555555556,0.8333333333333334,1.0,3.0
standard,linear_q_22,100107,17,16,14,1,43,2,135.55000000000007,0,0.8235294117647058,0.9411764705882353,0.125,2.6875
standard,linear_q_22,100108,11,11,10,0,40,6,91.80000000000003,0,0.9090909090909091,1.0,0.5454545454545454,3.6363636363636362
standard,linear_q_22,100109,12,12,12,0,37,0,107.05000000000001,0,1.0,1.0,0.0,3.0833333333333335
standard,linear_q_22,100110,9,9,9,0,28,0,80.20000000000002,0,1.0,1.0,0.0,3.111111111111111
standard,linear_q_22,100111,12,12,12,0,39,0,106.35000000000008,0,1.0,1.0,0.0,3.25
standard,linear_q_22,100112,11,11,10,0,37,5,93.55,0,0.9090909090909091,1.0,0.45454545454545453,3.3636363636363638
standard,linear_q_22,100113,17,17,17,0,40,0,156.00000000000009,0,1.0,1.0,0.0,2.3529411764705883
standard,linear_q_22,100114,15,15,14,0,43,5,131.45000000000005,0,0.9333333333333333,1.0,0.3333333333333333,2.8666666666666667
standard,linear_q_22,100115,12,12,12,0,41,0,105.65000000000003,0,1.0,1.0,0.0,3.4166666666666665
standard,linear_q_22,100116,19,16,14,3,44,13,111.50000000000004,0,0.7368421052631579,0.8421052631578947,0.8125,2.75
standard,linear_q_22,100117,15,14,13,1,42,2,115.90000000000003,0,0.8666666666666667,0.9333333333333333,0.14285714285714285,3.0
standard,linear_q_22,100118,11,11,11,0,38,0,96.70000000000002,0,1.0,1.0,0.0,3.4545454545454546
standard,linear_q_22,100119,18,17,16,1,47,8,139.95000000000007,0,0.8888888888888888,0.9444444444444444,0.47058823529411764,2.764705882352941
standard,linear_q_22,100120,7,7,7,0,26,0,60.89999999999998,0,1.0,1.0,0.0,3.7142857142857144
standard,linear_q_22,100121,18,18,16,0,41,4,162.85000000000008,0,0.8888888888888888,1.0,0.2222222222222222,2.2777777777777777
standard,linear_q_22,100122,14,14,13,0,45,12,115.85000000000002,0,0.9285714285714286,1.0,0.8571428571428571,3.2142857142857144
standard,linear_q_22,100123,16,16,16,0,41,0,145.65000000000012,0,1.0,1.0,0.0,2.5625
standard,linear_q_22,100124,20,18,17,2,43,1,148.25000000000009,0,0.85,0.9,0.05555555555555555,2.388888888888889
standard,linear_q_22,100125,15,15,14,0,43,2,133.55000000000007,0,0.9333333333333333,1.0,0.13333333333333333,2.8666666666666667
standard,linear_q_22,100126,18,16,15,1,47,2,119.15000000000008,1,0.8333333333333334,0.8888888888888888,0.125,2.9375
standard,linear_q_22,100127,15,15,14,0,42,2,133.9000000000001,0,0.9333333333333333,1.0,0.13333333333333333,2.8
standard,linear_q_22,100128,15,14,12,1,39,11,110.65000000000002,0,0.8,0.9333333333333333,0.7857142857142857,2.7857142857142856
standard,linear_q_22,100129,16,13,9,3,45,25,72.75000000000001,0,0.5625,0.8125,1.9230769230769231,3.4615384615384617
standard,linear_q_22,100130,18,14,10,3,47,24,71.25000000000003,1,0.5555555555555556,0.7777777777777778,1.7142857142857142,3.357142857142857
standard,linear_q_22,100131,15,15,14,0,40,4,133.2000000000001,0,0.9333333333333333,1.0,0.26666666666666666,2.6666666666666665
standard,linear_q_22,100132,19,17,15,2,46,6,133.70000000000013,0,0.7894736842105263,0.8947368421052632,0.35294117647058826,2.7058823529411766
standard,linear_q_22,100133,15,15,15,0,41,0,135.6500000000001,0,1.0,1.0,0.0,2.7333333333333334
standard,linear_q_22,100134,12,12,10,0,41,13,96.55000000000003,0,0.8333333333333334,1.0,1.0833333333333333,3.4166666666666665
standard,linear_q_22,100135,9,9,9,0,34,0,78.10000000000001,0,1.0,1.0,0.0,3.7777777777777777
standard,linear_q_22,100136,12,12,12,0,39,0,106.35000000000005,0,1.0,1.0,0.0,3.25
standard,linear_q_22,100137,16,15,10,1,41,16,116.45000000000006,0,0.625,0.9375,1.0666666666666667,2.7333333333333334
standard,linear_q_22,100138,9,9,9,0,36,0,77.4,0,1.0,1.0,0.0,4.0
standard,linear_q_22,100139,12,12,11,0,42,2,103.90000000000006,0,0.9166666666666666,1.0,0.16666666666666666,3.5
standard,linear_q_22,100140,11,11,10,0,39,6,92.15,0,0.9090909090909091,1.0,0.5454545454545454,3.5454545454545454
standard,linear_q_22,100141,14,14,13,0,42,8,119.70000000000005,0,0.9285714285714286,1.0,0.5714285714285714,3.0
standard,linear_q_22,100142,13,13,9,0,45,15,103.75000000000004,0,0.6923076923076923,1.0,1.1538461538461537,3.4615384615384617
standard,linear_q_22,100143,17,16,13,1,44,18,124.00000000000004,0,0.7647058823529411,0.9411764705882353,1.125,2.75
standard,linear_q_22,100144,12,12,11,0,37,2,105.65000000000003,0,0.9166666666666666,1.0,0.16666666666666666,3.0833333333333335
standard,linear_q_22,100145,11,11,11,0,36,0,97.4,0,1.0,1.0,0.0,3.272727272727273
standard,linear_q_22,100146,15,15,14,0,39,3,134.25000000000006,0,0.9333333333333333,1.0,0.2,2.6
standard,linear_q_22,100147,15,15,15,0,36,0,137.40000000000006,0,1.0,1.0,0.0,2.4
standard,linear_q_22,100148,15,15,13,0,46,3,131.80000000000004,0,0.8666666666666667,1.0,0.2,3.066666666666667
standard,linear_q_22,100149,13,13,12,0,40,8,110.40000000000006,0,0.9230769230769231,1.0,0.6153846153846154,3.076923076923077
standard,linear_q_22,100150,11,11,9,0,35,2,96.3500000000001,0,0.8181818181818182,1.0,0.18181818181818182,3.1818181818181817
standard,linear_q_22,100151,17,15,13,2,41,4,116.85000000000005,0,0.7647058823529411,0.8823529411764706,0.26666666666666666,2.7333333333333334
standard,linear_q_22,100152,13,13,13,0,36,0,117.40000000000006,0,1.0,1.0,0.0,2.769230769230769
standard,linear_q_22,100153,11,11,11,0,38,0,96.70000000000005,0,1.0,1.0,0.0,3.4545454545454546
standard,linear_q_22,100154,15,14,14,1,37,0,119.05000000000004,0,0.9333333333333333,0.9333333333333333,0.0,2.642857142857143
standard,linear_q_22,100155,14,14,13,0,42,1,124.60000000000005,0,0.9285714285714286,1.0,0.07142857142857142,3.0
standard,linear_q_22,100156,12,12,10,0,41,3,103.55000000000005,0,0.8333333333333334,1.0,0.25,3.4166666666666665
standard,linear_q_22,100157,17,17,15,0,43,14,145.1500000000001,0,0.8823529411764706,1.0,0.8235294117647058,2.5294117647058822
standard,linear_q_22,100158,15,14,13,1,41,3,115.55000000000005,0,0.8666666666666667,0.9333333333333333,0.21428571428571427,2.9285714285714284
standard,linear_q_22,100159,17,15,12,2,40,14,110.20000000000003,0,0.7058823529411765,0.8823529411764706,0.9333333333333333,2.6666666666666665
standard,linear_q_22,100160,12,12,12,0,39,0,106.35000000000005,0,1.0,1.0,0.0,3.25
standard,linear_q_22,100161,19,16,14,2,46,6,115.70000000000009,1,0.7368421052631579,0.8421052631578947,0.375,2.875
standard,linear_q_22,100162,16,13,9,3,40,10,85.0,0,0.5625,0.8125,0.7692307692307693,3.076923076923077
standard,linear_q_22,100163,15,15,15,0,42,0,135.3000000000001,0,1.0,1.0,0.0,2.8
standard,linear_q_22,100164,11,11,11,0,35,0,97.75000000000004,0,1.0,1.0,0.0,3.1818181818181817
standard,linear_q_22,100165,15,14,13,1,35,9,113.45000000000003,0,0.8666666666666667,0.9333333333333333,0.6428571428571429,2.5
standard,linear_q_22,100166,13,13,12,0,41,1,114.95000000000003,0,0.9230769230769231,1.0,0.07692307692307693,3.1538461538461537
standard,linear_q_22,100167,13,13,13,0,38,0,116.70000000000002,0,1.0,1.0,0.0,2.923076923076923
standard,linear_q_22,100168,8,8,8,0,29,0,69.85,0,1.0,1.0,0.0,3.625
standard,linear_q_22,100169,14,14,13,0,36,12,119.00000000000004,0,0.9285714285714286,1.0,0.8571428571428571,2.5714285714285716
standard,linear_q_22,100170,13,13,11,0,38,3,114.60000000000002,0,0.8461538461538461,1.0,0.23076923076923078,2.923076923076923
standard,linear_q_22,100171,17,17,16,0,44,1,153.9000000000001,0,0.9411764705882353,1.0,0.058823529411764705,2.588235294117647
standard,linear_q_22,100172,14,14,13,0,45,14,114.45000000000002,0,0.9285714285714286,1.0,1.0,3.2142857142857144
standard,linear_q_22,100173,15,15,15,0,40,0,136.00000000000009,0,1.0,1.0,0.0,2.6666666666666665
standard,linear_q_22,100174,14,14,12,0,41,13,116.55000000000008,0,0.8571428571428571,1.0,0.9285714285714286,2.9285714285714284
standard,linear_q_22,100175,12,12,12,0,37,0,107.05000000000004,0,1.0,1.0,0.0,3.0833333333333335
standard,linear_q_22,100176,15,15,14,0,44,5,131.10000000000008,0,0.9333333333333333,1.0,0.3333333333333333,2.933333333333333
standard,linear_q_22,100177,17,15,14,2,44,13,109.50000000000001,0,0.8235294117647058,0.8823529411764706,0.8666666666666667,2.933333333333333
standard,linear_q_22,100178,12,12,12,0,36,0,107.40000000000003,0,1.0,1.0,0.0,3.0
standard,linear_q_22,100179,14,14,13,0,42,1,124.60000000000005,0,0.9285714285714286,1.0,0.07142857142857142,3.0
standard,linear_q_22,100180,11,11,10,0,36,1,96.70000000000003,0,0.9090909090909091,1.0,0.09090909090909091,3.272727272727273
standard,linear_q_22,100181,16,15,14,0,48,1,109.80000000000007,1,0.875,0.9375,0.06666666666666667,3.2
standard,linear_q_22,100182,17,16,16,1,39,0,138.35000000000008,0,0.9411764705882353,0.9411764705882353,0.0,2.4375
standard,linear_q_22,100183,18,16,16,2,43,0,128.95000000000005,0,0.8888888888888888,0.8888888888888888,0.0,2.6875
standard,linear_q_22,100184,11,11,11,0,39,0,96.35000000000002,0,1.0,1.0,0.0,3.5454545454545454
standard,linear_q_22,100185,14,14,13,0,42,6,121.10000000000008,0,0.9285714285714286,1.0,0.42857142857142855,3.0
standard,linear_q_22,100186,13,13,12,0,44,16,103.40000000000005,0,0.9230769230769231,1.0,1.2307692307692308,3.3846153846153846
standard,linear_q_22,100187,8,8,8,0,29,0,69.84999999999997,0,1.0,1.0,0.0,3.625
standard,linear_q_22,100188,10,10,10,0,34,0,88.10000000000002,0,1.0,1.0,0.0,3.4
standard,linear_q_22,100189,12,11,9,0,46,3,78.20000000000002,1,0.75,0.9166666666666666,0.2727272727272727,4.181818181818182
standard,linear_q_22,100190,18,16,11,2,45,16,117.05000000000007,0,0.6111111111111112,0.8888888888888888,1.0,2.8125
standard,linear_q_22,100191,16,13,11,2,46,13,76.60000000000001,1,0.6875,0.8125,1.0,3.5384615384615383
standard,linear_q_22,100192,13,13,13,0,37,0,117.05000000000007,0,1.0,1.0,0.0,2.8461538461538463
standard,linear_q_22,100193,10,10,10,0,36,0,87.40000000000002,0,1.0,1.0,0.0,3.6
standard,linear_q_22,100194,15,13,10,2,41,20,85.65000000000006,0,0.6666666666666666,0.8666666666666667,1.5384615384615385,3.1538461538461537
standard,linear_q_22,100195,15,15,14,0,41,14,125.85000000000008,0,0.9333333333333333,1.0,0.9333333333333333,2.7333333333333334
standard,linear_q_22,100196,12,11,10,1,38,4,85.9,0,0.8333333333333334,0.9166666666666666,0.36363636363636365,3.4545454545454546
standard,linear_q_22,100197,15,14,10,1,46,13,106.80000000000007,0,0.6666666666666666,0.9333333333333333,0.9285714285714286,3.2857142857142856
standard,linear_q_22,100198,16,15,15,0,45,0,122.75000000000007,1,0.9375,0.9375,0.0,3.0
standard,linear_q_22,100199,12,12,12,0,40,0,106.00000000000003,0,1.0,1.0,0.0,3.3333333333333335
standard,linear_q_22,100200,14,14,12,0,44,7,119.70000000000009,0,0.8571428571428571,1.0,0.5,3.142857142857143
standard,linear_q_22,100201,19,16,13,3,45,24,103.45000000000006,0,0.6842105263157895,0.8421052631578947,1.5,2.8125
standard,linear_q_22,100202,16,15,13,1,47,24,108.75000000000004,0,0.8125,0.9375,1.6,3.1333333333333333
standard,linear_q_22,100203,16,15,10,1,44,20,112.60000000000007,0,0.625,0.9375,1.3333333333333333,2.933333333333333
standard,linear_q_22,100204,16,16,15,0,42,20,131.30000000000004,0,0.9375,1.0,1.25,2.625
standard,linear_q_22,100205,14,14,14,0,37,0,127.05000000000004,0,1.0,1.0,0.0,2.642857142857143
standard,linear_q_22,100206,17,14,8,3,40,26,83.80000000000003,0,0.47058823529411764,0.8235294117647058,1.8571428571428572,2.857142857142857
standard,linear_q_22,100207,14,14,12,0,38,15,116.20000000000005,0,0.8571428571428571,1.0,1.0714285714285714,2.7142857142857144
standard,linear_q_22,100208,16,16,16,0,41,0,145.65000000000012,0,1.0,1.0,0.0,2.5625
standard,linear_q_22,100209,22,18,17,4,45,8,126.65000000000009,0,0.7727272727272727,0.8181818181818182,0.4444444444444444,2.5
standard,linear_q_22,100210,17,15,12,2,46,13,108.80000000000004,0,0.7058823529411765,0.8823529411764706,0.8666666666666667,3.066666666666667
standard,linear_q_22,100211,12,12,12,0,39,0,106.35000000000005,0,1.0,1.0,0.0,3.25
standard,linear_q_22,100212,15,13,12,2,37,12,92.65000000000006,0,0.8,0.8666666666666667,0.9230769230769231,2.8461538461538463
standard,linear_q_22,100213,12,11,11,1,37,0,89.04999999999998,0,0.9166666666666666,0.9166666666666666,0.0,3.3636363636363638
standard,linear_q_22,100214,16,16,14,0,46,15,133.4000000000001,0,0.875,1.0,0.9375,2.875
standard,linear_q_22,100215,15,15,14,0,41,8,130.05000000000007,0,0.9333333333333333,1.0,0.5333333333333333,2.7333333333333334
standard,linear_q_22,100216,12,12,11,0,39,6,102.15,0,0.9166666666666666,1.0,0.5,3.25
standard,linear_q_22,100217,14,14,13,0,42,1,124.60000000000004,0,0.9285714285714286,1.0,0.07142857142857142,3.0
standard,linear_q_22,100218,15,14,11,1,39,8,112.75000000000007,0,0.7333333333333333,0.9333333333333333,0.5714285714285714,2.7857142857142856
standard,linear_q_22,100219,9,9,9,0,28,0,80.19999999999999,0,1.0,1.0,0.0,3.111111111111111
standard,linear_q_22,100220,10,10,6,0,35,10,80.75000000000003,0,0.6,1.0,1.0,3.5
standard,linear_q_22,100221,17,14,13,3,40,15,91.50000000000001,0,0.7647058823529411,0.8235294117647058,1.0714285714285714,2.857142857142857
standard,linear_q_22,100222,13,13,11,0,42,7,110.40000000000005,0,0.8461538461538461,1.0,0.5384615384615384,3.230769230769231
standard,linear_q_22,100223,13,13,13,0,35,0,117.75000000000007,0,1.0,1.0,0.0,2.6923076923076925
standard,linear_q_22,100224,18,15,10,2,47,18,96.25000000000006,1,0.5555555555555556,0.8333333333333334,1.2,3.1333333333333333
standard,linear_q_22,100225,19,16,12,3,47,30,98.55000000000005,0,0.631578947368421,0.8421052631578947,1.875,2.9375
standard,linear_q_22,100226,12,12,11,0,33,1,107.75000000000006,0,0.9166666666666666,1.0,0.08333333333333333,2.75
standard,linear_q_22,100227,13,13,13,0,39,0,116.35000000000005,0,1.0,1.0,0.0,3.0
standard,linear_q_22,100228,11,11,11,0,36,0,97.4,0,1.0,1.0,0.0,3.272727272727273
standard,linear_q_22,100229,17,16,12,1,45,22,120.85000000000005,0,0.7058823529411765,0.9411764705882353,1.375,2.8125
standard,linear_q_22,100230,16,15,12,1,40,9,121.70000000000003,0,0.75,0.9375,0.6,2.6666666666666665
standard,linear_q_22,100231,17,15,14,2,39,4,117.55000000000007,0,0.8235294117647058,0.8823529411764706,0.26666666666666666,2.6
standard,linear_q_22,100232,10,10,9,0,34,2,86.70000000000003,0,0.9,1.0,0.2,3.4
standard,linear_q_22,100233,12,12,10,0,37,4,104.25000000000003,0,0.8333333333333334,1.0,0.3333333333333333,3.0833333333333335
standard,linear_q_22,100234,19,16,14,3,42,12,112.90000000000003,0,0.7368421052631579,0.8421052631578947,0.75,2.625
standard,linear_q_22,100235,17,16,16,1,39,0,138.35000000000005,0,0.9411764705882353,0.9411764705882353,0.0,2.4375
standard,linear_q_22,100236,12,12,11,0,43,15,94.45000000000002,0,0.9166666666666666,1.0,1.25,3.5833333333333335
standard,linear_q_22,100237,10,10,9,0,35,1,87.05,0,0.9,1.0,0.1,3.5
standard,linear_q_22,100238,12,12,12,0,37,0,107.05000000000007,0,1.0,1.0,0.0,3.0833333333333335
standard,linear_q_22,100239,14,14,14,0,40,0,126.00000000000003,0,1.0,1.0,0.0,2.857142857142857
standard,linear_q_22,100240,11,11,11,0,32,0,98.80000000000004,0,1.0,1.0,0.0,2.909090909090909
standard,linear_q_22,100241,14,14,14,0,41,0,125.65000000000006,0,1.0,1.0,0.0,2.9285714285714284
standard,linear_q_22,100242,19,15,14,3,46,5,98.40000000000006,1,0.7368421052631579,0.7894736842105263,0.3333333333333333,3.066666666666667
standard,linear_q_22,100243,12,12,11,0,44,3,102.50000000000006,0,0.9166666666666666,1.0,0.25,3.6666666666666665
standard,linear_q_22,100244,15,15,15,0,42,0,135.30000000000007,0,1.0,1.0,0.0,2.8
standard,linear_q_22,100245,17,17,15,0,42,4,152.50000000000003,0,0.8823529411764706,1.0,0.23529411764705882,2.4705882352941178
standard,linear_q_22,100246,13,12,10,1,38,9,92.40000000000003,0,0.7692307692307693,0.9230769230769231,0.75,3.1666666666666665
standard,linear_q_22,100247,8,8,8,0,30,0,69.49999999999999,0,1.0,1.0,0.0,3.75
standard,linear_q_22,100248,15,14,12,1,43,6,112.75000000000004,0,0.8,0.9333333333333333,0.42857142857142855,3.0714285714285716
standard,linear_q_22,100249,12,12,12,0,37,0,107.05000000000007,0,1.0,1.0,0.0,3.0833333333333335
standard,linear_q_22,100250,15,15,14,0,44,16,123.40000000000003,0,0.9333333333333333,1.0,1.0666666666666667,2.933333333333333
standard,linear_q_22,100251,11,11,10,0,36,2,96.00000000000003,0,0.9090909090909091,1.0,0.18181818181818182,3.272727272727273
standard,linear_q_22,100252,16,15,14,1,44,10,119.60000000000005,0,0.875,0.9375,0.6666666666666666,2.933333333333333
standard,linear_q_22,100253,12,12,12,0,36,0,107.40000000000006,0,1.0,1.0,0.0,3.0
standard,linear_q_22,100254,13,13,12,0,35,3,115.65000000000003,0,0.9230769230769231,1.0,0.23076923076923078,2.6923076923076925
standard,linear_q_22,100255,16,16,15,0,43,12,136.55,0,0.9375,1.0,0.75,2.6875
standard,linear_q_22,100256,17,14,11,3,43,14,91.15000000000003,0,0.6470588235294118,0.8235294117647058,1.0,3.0714285714285716
standard,linear_q_22,100257,16,16,15,0,44,9,138.30000000000004,0,0.9375,1.0,0.5625,2.75
standard,linear_q_22,100258,13,13,11,0,40,6,111.80000000000004,0,0.8461538461538461,1.0,0.46153846153846156,3.076923076923077
standard,linear_q_22,100259,16,16,15,0,41,3,143.55000000000004,0,0.9375,1.0,0.1875,2.5625
standard,linear_q_22,100260,16,15,14,1,34,4,127.30000000000007,0,0.875,0.9375,0.26666666666666666,2.2666666666666666
standard,linear_q_22,100261,18,17,16,1,43,11,139.25,0,0.8888888888888888,0.9444444444444444,0.6470588235294118,2.5294117647058822
standard,linear_q_22,100262,16,16,15,0,46,7,139.0,0,0.9375,1.0,0.4375,2.875
standard,linear_q_22,100263,15,15,13,0,43,9,128.65000000000006,0,0.8666666666666667,1.0,0.6,2.8666666666666667
standard,linear_q_22,100264,18,18,17,0,45,4,161.45000000000005,0,0.9444444444444444,1.0,0.2222222222222222,2.5
standard,linear_q_22,100265,15,15,14,0,44,23,118.50000000000004,0,0.9333333333333333,1.0,1.5333333333333334,2.933333333333333
standard,linear_q_22,100266,8,8,6,0,37,4,64.24999999999997,0,0.75,1.0,0.5,4.625
standard,linear_q_22,100267,16,14,11,2,41,8,104.05000000000005,0,0.6875,0.875,0.5714285714285714,2.9285714285714284
standard,linear_q_22,100268,15,14,9,1,47,36,90.35000000000004,0,0.6,0.9333333333333333,2.5714285714285716,3.357142857142857
standard,linear_q_22,100269,14,14,11,0,43,5,121.45000000000006,0,0.7857142857142857,1.0,0.35714285714285715,3.0714285714285716
standard,linear_q_22,100270,13,13,12,0,43,6,110.75000000000006,0,0.9230769230769231,1.0,0.46153846153846156,3.3076923076923075
standard,linear_q_22,100271,18,13,8,5,41,20,61.65000000000001,0,0.4444444444444444,0.7222222222222222,1.5384615384615385,3.1538461538461537
standard,linear_q_22,100272,18,15,14,2,46,1,102.90000000000003,1,0.7777777777777778,0.8333333333333334,0.06666666666666667,3.066666666666667
standard,linear_q_22,100273,17,15,9,1,46,19,103.20000000000005,1,0.5294117647058824,0.8823529411764706,1.2666666666666666,3.066666666666667
standard,linear_q_22,100274,17,15,14,2,43,4,116.15000000000005,0,0.8235294117647058,0.8823529411764706,0.26666666666666666,2.8666666666666667
standard,linear_q_22,100275,13,13,12,0,36,2,116.00000000000003,0,0.9230769230769231,1.0,0.15384615384615385,2.769230769230769
standard,linear_q_22,100276,20,17,16,3,45,28,110.65000000000006,0,0.8,0.85,1.6470588235294117,2.6470588235294117
standard,linear_q_22,100277,15,14,13,0,48,1,111.0000000000001,1,0.8666666666666667,0.9333333333333333,0.07142857142857142,3.4285714285714284
standard,linear_q_22,100278,9,9,8,0,35,7,72.84999999999998,0,0.8888888888888888,1.0,0.7777777777777778,3.888888888888889
standard,linear_q_22,100279,15,14,13,0,42,21,102.60000000000004,1,0.8666666666666667,0.9333333333333333,1.5,3.0
standard,linear_q_22,100280,15,15,15,0,40,0,136.00000000000009,0,1.0,1.0,0.0,2.6666666666666665
standard,linear_q_22,100281,16,16,15,0,41,1,144.95000000000007,0,0.9375,1.0,0.0625,2.5625
standard,linear_q_22,100282,18,17,17,0,43,0,146.25000000000009,1,0.9444444444444444,0.9444444444444444,0.0,2.5294117647058822
standard,linear_q_22,100283,15,11,7,4,42,21,48.60000000000001,0,0.4666666666666667,0.7333333333333333,1.9090909090909092,3.8181818181818183
standard,linear_q_22,100284,15,14,10,1,42,17,105.40000000000003,0,0.6666666666666666,0.9333333333333333,1.2142857142857142,3.0
standard,linear_q_22,100285,17,17,15,0,42,11,147.60000000000008,0,0.8823529411764706,1.0,0.6470588235294118,2.4705882352941178
standard,linear_q_22,100286,12,12,11,0,37,6,102.85000000000001,0,0.9166666666666666,1.0,0.5,3.0833333333333335
standard,linear_q_22,100287,13,13,12,0,41,4,112.85000000000002,0,0.9230769230769231,1.0,0.3076923076923077,3.1538461538461537
standard,linear_q_22,100288,17,16,15,1,48,7,130.30000000000007,0,0.8823529411764706,0.9411764705882353,0.4375,3.0
standard,linear_q_22,100289,12,12,11,0,43,15,94.45000000000002,0,0.9166666666666666,1.0,1.25,3.5833333333333335
standard,linear_q_22,100290,13,12,12,1,38,0,98.69999999999999,0,0.9230769230769231,0.9230769230769231,0.0,3.1666666666666665
standard,linear_q_22,100291,15,13,12,1,48,2,95.80000000000007,1,0.8,0.8666666666666667,0.15384615384615385,3.6923076923076925
standard,linear_q_22,100292,13,13,13,0,40,0,116.00000000000003,0,1.0,1.0,0.0,3.076923076923077
standard,linear_q_22,100293,19,18,18,1,42,0,157.3000000000001,0,0.9473684210526315,0.9473684210526315,0.0,2.3333333333333335
standard,linear_q_22,100294,18,15,14,1,47,17,94.15000000000006,2,0.7777777777777778,0.8333333333333334,1.1333333333333333,3.1333333333333333
standard,linear_q_22,100295,9,9,6,0,43,11,67.25,0,0.6666666666666666,1.0,1.2222222222222223,4.777777777777778
standard,linear_q_22,100296,13,13,10,0,40,8,110.40000000000003,0,0.7692307692307693,1.0,0.6153846153846154,3.076923076923077
standard,linear_q_22,100297,11,11,10,0,36,2,96.00000000000003,0,0.9090909090909091,1.0,0.18181818181818182,3.272727272727273
standard,linear_q_22,100298,13,13,10,0,44,10,107.60000000000002,0,0.7692307692307693,1.0,0.7692307692307693,3.3846153846153846
standard,linear_q_22,100299,12,12,12,0,40,0,106.00000000000003,0,1.0,1.0,0.0,3.3333333333333335
standard,linear_q_33,100000,12,12,11,0,38,1,106.00000000000006,0,0.9166666666666666,1.0,0.08333333333333333,3.1666666666666665
standard,linear_q_33,100001,15,15,14,0,41,1,134.95000000000007,0,0.9333333333333333,1.0,0.06666666666666667,2.7333333333333334
standard,linear_q_33,100002,14,14,14,0,39,0,126.35000000000005,0,1.0,1.0,0.0,2.7857142857142856
standard,linear_q_33,100003,13,13,12,0,41,4,112.85000000000008,0,0.9230769230769231,1.0,0.3076923076923077,3.1538461538461537
standard,linear_q_33,100004,15,15,14,0,41,7,130.75000000000009,0,0.9333333333333333,1.0,0.4666666666666667,2.7333333333333334
standard,linear_q_33,100005,14,14,13,0,38,1,126.00000000000003,0,0.9285714285714286,1.0,0.07142857142857142,2.7142857142857144
standard,linear_q_33,100006,16,16,16,0,43,0,144.95000000000007,0,1.0,1.0,0.0,2.6875
standard,linear_q_33,100007,13,13,10,0,40,14,106.20000000000005,0,0.7692307692307693,1.0,1.0769230769230769,3.076923076923077
standard,linear_q_33,100008,15,15,11,0,43,14,125.15000000000008,0,0.7333333333333333,1.0,0.9333333333333333,2.8666666666666667
standard,linear_q_33,100009,16,16,16,0,40,0,146.00000000000014,0,1.0,1.0,0.0,2.5
standard,linear_q_33,100010,13,13,12,0,38,3,114.60000000000008,0,0.9230769230769231,1.0,0.23076923076923078,2.923076923076923
standard,linear_q_33,100011,13,13,13,0,42,0,115.30000000000004,0,1.0,1.0,0.0,3.230769230769231
standard,linear_q_33,100012,15,15,15,0,39,0,136.35000000000008,0,1.0,1.0,0.0,2.6
standard,linear_q_33,100013,18,17,17,1,45,0,146.25000000000014,0,0.9444444444444444,0.9444444444444444,0.0,2.6470588235294117
standard,linear_q_33,100014,23,15,12,8,43,12,62.54999999999998,0,0.5217391304347826,0.6521739130434783,0.8,2.8666666666666667
standard,linear_q_33,100015,17,15,13,2,44,4,115.8000000000001,0,0.7647058823529411,0.8823529411764706,0.26666666666666666,2.933333333333333
standard,linear_q_33,100016,14,14,14,0,45,0,124.25000000000011,0,1.0,1.0,0.0,3.2142857142857144
standard,linear_q_33,100017,14,14,12,0,44,8,119.00000000000006,0,0.8571428571428571,1.0,0.5714285714285714,3.142857142857143
standard,linear_q_33,100018,14,13,12,1,47,8,99.95000000000002,0,0.8571428571428571,0.9285714285714286,0.6153846153846154,3.6153846153846154
standard,linear_q_33,100019,13,13,12,0,39,3,114.25000000000004,0,0.9230769230769231,1.0,0.23076923076923078,3.0
standard,linear_q_33,100020,15,15,14,0,42,1,134.6000000000001,0,0.9333333333333333,1.0,0.06666666666666667,2.8
standard,linear_q_33,100021,10,10,10,0,34,0,88.10000000000002,0,1.0,1.0,0.0,3.4
standard,linear_q_33,100022,14,14,14,0,44,0,124.60000000000007,0,1.0,1.0,0.0,3.142857142857143
standard,linear_q_33,100023,15,15,14,0,45,10,127.25000000000006,0,0.9333333333333333,1.0,0.6666666666666666,3.0
standard,linear_q_33,100024,17,16,12,1,47,22,120.15000000000009,0,0.7058823529411765,0.9411764705882353,1.375,2.9375
standard,linear_q_33,100025,11,11,11,0,41,0,95.65,0,1.0,1.0,0.0,3.727272727272727
standard,linear_q_33,100026,15,13,13,2,43,0,98.95000000000005,0,0.8666666666666667,0.8666666666666667,0.0,3.3076923076923075
standard,linear_q_33,100027,12,12,11,0,39,1,105.65000000000006,0,0.9166666666666666,1.0,0.08333333333333333,3.25
standard,linear_q_33,100028,19,16,15,3,43,15,110.45000000000005,0,0.7894736842105263,0.8421052631578947,0.9375,2.6875
standard,linear_q_33,100029,16,16,16,0,40,0,146.0000000000001,0,1.0,1.0,0.0,2.5
standard,linear_q_33,100030,12,11,10,0,42,2,85.90000000000005,1,0.8333333333333334,0.9166666666666666,0.18181818181818182,3.8181818181818183
standard,linear_q_33,100031,15,14,12,1,45,8,110.65000000000008,0,0.8,0.9333333333333333,0.5714285714285714,3.2142857142857144
standard,linear_q_33,100032,15,15,15,0,40,0,136.00000000000006,0,1.0,1.0,0.0,2.6666666666666665
standard,linear_q_33,100033,13,13,12,0,42,8,109.70000000000003,0,0.9230769230769231,1.0,0.6153846153846154,3.230769230769231
standard,linear_q_33,100034,14,14,13,0,44,1,123.90000000000006,0,0.9285714285714286,1.0,0.07142857142857142,3.142857142857143
standard,linear_q_33,100035,17,15,10,2,42,9,113.0000000000001,0,0.5882352941176471,0.8823529411764706,0.6,2.8
standard,linear_q_33,100036,20,17,15,3,44,4,127.80000000000004,0,0.75,0.85,0.23529411764705882,2.588235294117647
standard,linear_q_33,100037,16,15,14,1,42,1,126.60000000000005,0,0.875,0.9375,0.06666666666666667,2.8
standard,linear_q_33,100038,12,12,12,0,37,0,107.05000000000004,0,1.0,1.0,0.0,3.0833333333333335
standard,linear_q_33,100039,11,11,10,0,36,8,91.80000000000004,0,0.9090909090909091,1.0,0.7272727272727273,3.272727272727273
standard,linear_q_33,100040,13,13,11,0,38,9,110.40000000000005,0,0.8461538461538461,1.0,0.6923076923076923,2.923076923076923
standard,linear_q_33,100041,13,13,13,0,45,0,114.2500000000001,0,1.0,1.0,0.0,3.4615384615384617
standard,linear_q_33,100042,13,13,12,0,37,1,116.35000000000005,0,0.9230769230769231,1.0,0.07692307692307693,2.8461538461538463
standard,linear_q_33,100043,17,17,17,0,45,0,154.25000000000009,0,1.0,1.0,0.0,2.6470588235294117
standard,linear_q_33,100044,13,13,12,0,42,2,113.90000000000003,0,0.9230769230769231,1.0,0.15384615384615385,3.230769230769231
standard,linear_q_33,100045,15,15,12,0,42,18,122.70000000000007,0,0.8,1.0,1.2,2.8
standard,linear_q_33,100046,16,15,13,1,41,3,125.55000000000011,0,0.8125,0.9375,0.2,2.7333333333333334
standard,linear_q_33,100047,19,15,11,4,46,14,92.10000000000002,0,0.5789473684210527,0.7894736842105263,0.9333333333333333,3.066666666666667
standard,linear_q_33,100048,14,14,13,0,41,3,123.55000000000007,0,0.9285714285714286,1.0,0.21428571428571427,2.9285714285714284
standard,linear_q_33,100049,17,17,16,0,43,1,154.25000000000009,0,0.9411764705882353,1.0,0.058823529411764705,2.5294117647058822
standard,linear_q_33,100050,17,15,13,2,47,2,116.15000000000009,0,0.7647058823529411,0.8823529411764706,0.13333333333333333,3.1333333333333333
standard,linear_q_33,100051,17,14,9,2,46,19,83.80000000000005,1,0.5294117647058824,0.8235294117647058,1.3571428571428572,3.2857142857142856
standard,linear_q_33,100052,18,17,16,1,47,10,138.55000000000007,0,0.8888888888888888,0.9444444444444444,0.5882352941176471,2.764705882352941
standard,linear_q_33,100053,16,15,15,1,41,0,127.65000000000009,0,0.9375,0.9375,0.0,2.7333333333333334
standard,linear_q_33,100054,15,14,13,1,40,6,113.80000000000004,0,0.8666666666666667,0.9333333333333333,0.42857142857142855,2.857142857142857
standard,linear_q_33,100055,13,13,9,0,46,25,96.40000000000006,0,0.6923076923076923,1.0,1.9230769230769231,3.5384615384615383
standard,linear_q_33,100056,15,15,14,0,47,1,132.85000000000008,0,0.9333333333333333,1.0,0.06666666666666667,3.1333333333333333
standard,linear_q_33,100057,11,11,11,0,39,0,96.35000000000002,0,1.0,1.0,0.0,3.5454545454545454
standard,linear_q_33,100058,12,12,12,0,42,0,105.30000000000004,0,1.0,1.0,0.0,3.5
standard,linear_q_33,100059,13,13,12,0,36,2,116.00000000000003,0,0.9230769230769231,1.0,0.15384615384615385,2.769230769230769
standard,linear_q_33,100060,16,15,13,1,39,8,122.75000000000003,0,0.8125,0.9375,0.5333333333333333,2.6
standard,linear_q_33,100061,14,14,13,0,42,6,121.10000000000002,0,0.9285714285714286,1.0,0.42857142857142855,3.0
standard,linear_q_33,100062,11,11,9,0,40,10,89.00000000000003,0,0.8181818181818182,1.0,0.9090909090909091,3.6363636363636362
standard,linear_q_33,100063,15,14,13,1,43,4,114.15000000000003,0,0.8666666666666667,0.9333333333333333,0.2857142857142857,3.0714285714285716
standard,linear_q_33,100064,17,16,15,1,38,1,138.00000000000009,0,0.8823529411764706,0.9411764705882353,0.0625,2.375
standard,linear_q_33,100065,20,16,12,3,45,12,101.0500000000001,1,0.6,0.8,0.75,2.8125
standard,linear_q_33,100066,18,17,15,1,46,12,137.5,0,0.8333333333333334,0.9444444444444444,0.7058823529411765,2.7058823529411766
standard,linear_q_33,100067,16,13,9,3,40,21,77.30000000000003,0,0.5625,0.8125,1.6153846153846154,3.076923076923077
standard,linear_q_33,100068,15,15,15,0,38,0,136.7000000000001,0,1.0,1.0,0.0,2.533333333333333
standard,linear_q_33,100069,14,14,14,0,36,0,127.40000000000009,0,1.0,1.0,0.0,2.5714285714285716
standard,linear_q_33,100070,12,12,11,0,40,2,104.60000000000004,0,0.9166666666666666,1.0,0.16666666666666666,3.3333333333333335
standard,linear_q_33,100071,17,15,11,1,46,15,101.80000000000008,1,0.6470588235294118,0.8823529411764706,1.0,3.066666666666667
standard,linear_q_33,100072,20,16,13,4,44,18,100.00000000000006,0,0.65,0.8,1.125,2.75
standard,linear_q_33,100073,15,15,13,0,43,8,129.35000000000005,0,0.8666666666666667,1.0,0.5333333333333333,2.8666666666666667
standard,linear_q_33,100074,18,17,16,1,43,12,138.5500000000001,0,0.8888888888888888,0.9444444444444444,0.7058823529411765,2.5294117647058822
standard,linear_q_33,100075,17,17,17,0,44,0,154.60000000000014,0,1.0,1.0,0.0,2.588235294117647
standard,linear_q_33,100076,17,15,14,2,44,4,115.8000000000001,0,0.8235294117647058,0.8823529411764706,0.26666666666666666,2.933333333333333
standard,linear_q_33,100077,19,19,17,0,46,2,172.5000000000001,0,0.8947368421052632,1.0,0.10526315789473684,2.4210526315789473
standard,linear_q_33,100078,12,12,11,0,37,4,104.25000000000003,0,0.9166666666666666,1.0,0.3333333333333333,3.0833333333333335
standard,linear_q_33,100079,13,13,12,0,45,2,112.85000000000007,0,0.9230769230769231,1.0,0.15384615384615385,3.4615384615384617
standard,linear_q_33,100080,11,11,11,0,42,0,95.30000000000004,0,1.0,1.0,0.0,3.8181818181818183
standard,linear_q_33,100081,15,15,13,0,40,6,131.80000000000004,0,0.8666666666666667,1.0,0.4,2.6666666666666665
standard,linear_q_33,100082,18,17,15,1,48,14,135.40000000000006,0,0.8333333333333334,0.9444444444444444,0.8235294117647058,2.823529411764706
standard,linear_q_33,100083,12,12,11,0,36,1,106.70000000000005,0,0.9166666666666666,1.0,0.08333333333333333,3.0
standard,linear_q_33,100084,18,17,17,1,42,0,147.30000000000007,0,0.9444444444444444,0.9444444444444444,0.0,2.4705882352941178
standard,linear_q_33,100085,17,17,15,0,45,5,150.7500000000001,0,0.8823529411764706,1.0,0.29411764705882354,2.6470588235294117
standard,linear_q_33,100086,16,16,14,0,47,11,135.85000000000002,0,0.875,1.0,0.6875,2.9375
standard,linear_q_33,100087,12,12,12,0,37,0,107.05000000000004,0,1.0,1.0,0.0,3.0833333333333335
standard,linear_q_33,100088,13,13,13,0,34,0,118.10000000000008,0,1.0,1.0,0.0,2.6153846153846154
standard,linear_q_33,100089,16,16,15,0,43,1,144.2500000000001,0,0.9375,1.0,0.0625,2.6875
standard,linear_q_33,100090,20,16,14,3,48,22,91.60000000000005,1,0.7,0.8,1.375,3.0
standard,linear_q_33,100091,17,14,12,2,48,8,81.70000000000006,1,0.7058823529411765,0.8235294117647058,0.5714285714285714,3.4285714285714284
standard,linear_q_33,100092,13,13,11,0,43,8,109.35000000000004,0,0.8461538461538461,1.0,0.6153846153846154,3.3076923076923075
standard,linear_q_33,100093,10,10,9,0,36,3,85.30000000000004,0,0.9,1.0,0.3,3.6
standard,linear_q_33,100094,12,12,10,0,40,12,97.60000000000004,0,0.8333333333333334,1.0,1.0,3.3333333333333335
standard,linear_q_33,100095,13,13,11,0,40,3,113.9000000000001,0,0.8461538461538461,1.0,0.23076923076923078,3.076923076923077
standard,linear_q_33,100096,18,15,10,3,42,26,93.10000000000004,0,0.5555555555555556,0.8333333333333334,1.7333333333333334,2.8
standard,linear_q_33,100097,16,16,15,0,46,26,125.70000000000006,0,0.9375,1.0,1.625,2.875
standard,linear_q_33,100098,16,14,13,2,41,3,107.55000000000004,0,0.8125,0.875,0.21428571428571427,2.9285714285714284
standard,linear_q_33,100099,12,12,12,0,32,0,108.80000000000001,0,1.0,1.0,0.0,2.6666666666666665
standard,linear_q_33,100100,18,16,14,2,43,10,121.95000000000006,0,0.7777777777777778,0.8888888888888888,0.625,2.6875
standard,linear_q_33,100101,12,12,10,0,39,7,101.45000000000003,0,0.8333333333333334,1.0,0.5833333333333334,3.25
standard,linear_q_33,100102,18,16,14,2,44,15,118.10000000000008,0,0.7777777777777778,0.8888888888888888,0.9375,2.75
standard,linear_q_33,100103,15,15,15,0,45,0,134.25000000000009,0,1.0,1.0,0.0,3.0
standard,linear_q_33,100104,15,15,14,0,44,5,131.10000000000005,0,0.9333333333333333,1.0,0.3333333333333333,2.933333333333333
standard,linear_q_33,100105,12,12,12,0,37,0,107.0500000000001,0,1.0,1.0,0.0,3.0833333333333335
standard,linear_q_33,100106,18,15,10,2,45,15,99.7500000000001,1,0.5555555555555556,0.8333333333333334,1.0,3.0
standard,linear_q_33,100107,17,16,14,1,45,2,134.85000000000008,0,0.8235294117647058,0.9411764705882353,0.125,2.8125
standard,linear_q_33,100108,11,11,10,0,42,4,92.50000000000004,0,0.9090909090909091,1.0,0.36363636363636365,3.8181818181818183
standard,linear_q_33,100109,12,12,12,0,39,0,106.35000000000002,0,1.0,1.0,0.0,3.25
standard,linear_q_33,100110,9,9,9,0,28,0,80.20000000000002,0,1.0,1.0,0.0,3.111111111111111
standard,linear_q_33,100111,12,12,12,0,41,0,105.65000000000009,0,1.0,1.0,0.0,3.4166666666666665
standard,linear_q_33,100112,11,11,10,0,37,5,93.55,0,0.9090909090909091,1.0,0.45454545454545453,3.3636363636363638
standard,linear_q_33,100113,17,17,17,0,40,0,156.00000000000009,0,1.0,1.0,0.0,2.3529411764705883
standard,linear_q_33,100114,15,15,14,0,43,5,131.45000000000005,0,0.9333333333333333,1.0,0.3333333333333333,2.8666666666666667
standard,linear_q_33,100115,12,12,12,0,41,0,105.65000000000003,0,1.0,1.0,0.0,3.4166666666666665
standard,linear_q_33,100116,19,16,14,3,44,13,111.50000000000004,0,0.7368421052631579,0.8421052631578947,0.8125,2.75
standard,linear_q_33,100117,15,14,13,1,44,1,115.90000000000005,0,0.8666666666666667,0.9333333333333333,0.07142857142857142,3.142857142857143
standard,linear_q_33,100118,11,11,11,0,38,0,96.70000000000002,0,1.0,1.0,0.0,3.4545454545454546
standard,linear_q_33,100119,18,17,16,1,47,8,139.95000000000007,0,0.8888888888888888,0.9444444444444444,0.47058823529411764,2.764705882352941
standard,linear_q_33,100120,7,7,7,0,26,0,60.89999999999998,0,1.0,1.0,0.0,3.7142857142857144
standard,linear_q_33,100121,18,18,16,0,41,4,162.85000000000008,0,0.8888888888888888,1.0,0.2222222222222222,2.2777777777777777
standard,linear_q_33,100122,14,14,13,0,45,12,115.85000000000002,0,0.9285714285714286,1.0,0.8571428571428571,3.2142857142857144
standard,linear_q_33,100123,16,16,16,0,41,0,145.65000000000012,0,1.0,1.0,0.0,2.5625
standard,linear_q_33,100124,20,18,17,2,45,1,147.5500000000001,0,0.85,0.9,0.05555555555555555,2.5
standard,linear_q_33,100125,15,15,14,0,43,1,134.25000000000006,0,0.9333333333333333,1.0,0.06666666666666667,2.8666666666666667
standard,linear_q_33,100126,18,16,15,1,47,2,119.15000000000008,1,0.8333333333333334,0.8888888888888888,0.125,2.9375
standard,linear_q_33,100127,15,15,14,0,44,2,133.2000000000001,0,0.9333333333333333,1.0,0.13333333333333333,2.933333333333333
standard,linear_q_33,100128,15,14,12,1,39,11,110.65000000000002,0,0.8,0.9333333333333333,0.7857142857142857,2.7857142857142856
standard,linear_q_33,100129,16,13,9,3,45,25,72.75000000000001,0,0.5625,0.8125,1.9230769230769231,3.4615384615384617
standard,linear_q_33,100130,18,14,10,3,47,24,71.25000000000003,1,0.5555555555555556,0.7777777777777778,1.7142857142857142,3.357142857142857
standard,linear_q_33,100131,15,15,14,0,42,4,132.5000000000001,0,0.9333333333333333,1.0,0.26666666666666666,2.8
standard,linear_q_33,100132,19,17,15,2,46,6,133.70000000000013,0,0.7894736842105263,0.8947368421052632,0.35294117647058826,2.7058823529411766
standard,linear_q_33,100133,15,15,15,0,41,0,135.6500000000001,0,1.0,1.0,0.0,2.7333333333333334
standard,linear_q_33,100134,12,12,10,0,44,7,99.70000000000006,0,0.8333333333333334,1.0,0.5833333333333334,3.6666666666666665
standard,linear_q_33,100135,9,9,9,0,34,0,78.10000000000001,0,1.0,1.0,0.0,3.7777777777777777
standard,linear_q_33,100136,12,12,12,0,39,0,106.35000000000005,0,1.0,1.0,0.0,3.25
standard,linear_q_33,100137,16,15,10,1,41,16,116.45000000000006,0,0.625,0.9375,1.0666666666666667,2.7333333333333334
standard,linear_q_33,100138,9,9,9,0,36,0,77.4,0,1.0,1.0,0.0,4.0
standard,linear_q_33,100139,12,12,11,0,42,2,103.90000000000006,0,0.9166666666666666,1.0,0.16666666666666666,3.5
standard,linear_q_33,100140,11,11,10,0,39,6,92.15,0,0.9090909090909091,1.0,0.5454545454545454,3.5454545454545454
standard,linear_q_33,100141,14,14,13,0,44,3,122.50000000000006,0,0.9285714285714286,1.0,0.21428571428571427,3.142857142857143
standard,linear_q_33,100142,13,13,9,0,45,15,103.75000000000004,0,0.6923076923076923,1.0,1.1538461538461537,3.4615384615384617
standard,linear_q_33,100143,17,16,13,1,44,18,124.00000000000004,0,0.7647058823529411,0.9411764705882353,1.125,2.75
standard,linear_q_33,100144,12,12,11,0,39,2,104.95000000000005,0,0.9166666666666666,1.0,0.16666666666666666,3.25
standard,linear_q_33,100145,11,11,11,0,36,0,97.4,0,1.0,1.0,0.0,3.272727272727273
standard,linear_q_33,100146,15,15,14,0,39,3,134.25000000000006,0,0.9333333333333333,1.0,0.2,2.6
standard,linear_q_33,100147,15,15,15,0,36,0,137.40000000000006,0,1.0,1.0,0.0,2.4
standard,linear_q_33,100148,15,15,13,0,45,5,130.75000000000003,0,0.8666666666666667,1.0,0.3333333333333333,3.0
standard,linear_q_33,100149,13,13,12,0,39,8,110.75000000000006,0,0.9230769230769231,1.0,0.6153846153846154,3.0
standard,linear_q_33,100150,11,11,9,0,35,2,96.3500000000001,0,0.8181818181818182,1.0,0.18181818181818182,3.1818181818181817
standard,linear_q_33,100151,17,15,13,2,42,4,116.50000000000006,0,0.7647058823529411,0.8823529411764706,0.26666666666666666,2.8
standard,linear_q_33,100152,13,13,13,0,36,0,117.40000000000006,0,1.0,1.0,0.0,2.769230769230769
standard,linear_q_33,100153,11,11,11,0,38,0,96.70000000000005,0,1.0,1.0,0.0,3.4545454545454546
standard,linear_q_33,100154,15,14,14,1,37,0,119.05000000000004,0,0.9333333333333333,0.9333333333333333,0.0,2.642857142857143
standard,linear_q_33,100155,14,14,13,0,44,1,123.90000000000006,0,0.9285714285714286,1.0,0.07142857142857142,3.142857142857143
standard,linear_q_33,100156,12,12,11,0,41,2,104.25000000000006,0,0.9166666666666666,1.0,0.16666666666666666,3.4166666666666665
standard,linear_q_33,100157,17,16,14,0,48,10,122.60000000000012,1,0.8235294117647058,0.9411764705882353,0.625,3.0
standard,linear_q_33,100158,15,14,13,1,41,3,115.55000000000005,0,0.8666666666666667,0.9333333333333333,0.21428571428571427,2.9285714285714284
standard,linear_q_33,100159,17,15,12,2,40,14,110.20000000000003,0,0.7058823529411765,0.8823529411764706,0.9333333333333333,2.6666666666666665
standard,linear_q_33,100160,12,12,12,0,39,0,106.35000000000005,0,1.0,1.0,0.0,3.25
standard,linear_q_33,100161,19,17,15,2,48,6,133.00000000000009,0,0.7894736842105263,0.8947368421052632,0.35294117647058826,2.823529411764706
standard,linear_q_33,100162,16,13,9,3,42,10,84.30000000000001,0,0.5625,0.8125,0.7692307692307693,3.230769230769231
standard,linear_q_33,100163,15,15,15,0,42,0,135.3000000000001,0,1.0,1.0,0.0,2.8
standard,linear_q_33,100164,11,11,11,0,37,0,97.05000000000005,0,1.0,1.0,0.0,3.3636363636363638
standard,linear_q_33,100165,15,14,13,1,35,9,113.45000000000003,0,0.8666666666666667,0.9333333333333333,0.6428571428571429,2.5
standard,linear_q_33,100166,13,13,13,0,40,0,116.00000000000003,0,1.0,1.0,0.0,3.076923076923077
standard,linear_q_33,100167,13,13,13,0,38,0,116.70000000000002,0,1.0,1.0,0.0,2.923076923076923
standard,linear_q_33,100168,8,8,8,0,29,0,69.85,0,1.0,1.0,0.0,3.625
standard,linear_q_33,100169,14,14,13,0,36,12,119.00000000000004,0,0.9285714285714286,1.0,0.8571428571428571,2.5714285714285716
standard,linear_q_33,100170,13,13,11,0,38,3,114.60000000000002,0,0.8461538461538461,1.0,0.23076923076923078,2.923076923076923
standard,linear_q_33,100171,17,17,16,0,44,1,153.9000000000001,0,0.9411764705882353,1.0,0.058823529411764705,2.588235294117647
standard,linear_q_33,100172,14,14,13,0,45,14,114.45000000000002,0,0.9285714285714286,1.0,1.0,3.2142857142857144
standard,linear_q_33,100173,15,15,14,0,46,2,132.5000000000001,0,0.9333333333333333,1.0,0.13333333333333333,3.066666666666667
standard,linear_q_33,100174,14,14,12,0,40,4,123.2000000000001,0,0.8571428571428571,1.0,0.2857142857142857,2.857142857142857
standard,linear_q_33,100175,12,12,12,0,37,0,107.05000000000004,0,1.0,1.0,0.0,3.0833333333333335
standard,linear_q_33,100176,15,15,14,0,44,5,131.10000000000008,0,0.9333333333333333,1.0,0.3333333333333333,2.933333333333333
standard,linear_q_33,100177,17,15,14,2,44,13,109.50000000000001,0,0.8235294117647058,0.8823529411764706,0.8666666666666667,2.933333333333333
standard,linear_q_33,100178,12,12,12,0,36,0,107.40000000000003,0,1.0,1.0,0.0,3.0
standard,linear_q_33,100179,14,14,13,0,42,1,124.60000000000005,0,0.9285714285714286,1.0,0.07142857142857142,3.0
standard,linear_q_33,100180,11,11,10,0,36,1,96.70000000000003,0,0.9090909090909091,1.0,0.09090909090909091,3.272727272727273
standard,linear_q_33,100181,16,15,14,0,48,1,109.80000000000007,1,0.875,0.9375,0.06666666666666667,3.2
standard,linear_q_33,100182,17,16,16,1,39,0,138.35000000000008,0,0.9411764705882353,0.9411764705882353,0.0,2.4375
standard,linear_q_33,100183,18,16,16,2,45,0,128.25000000000006,0,0.8888888888888888,0.8888888888888888,0.0,2.8125
standard,linear_q_33,100184,11,11,11,0,39,0,96.35000000000002,0,1.0,1.0,0.0,3.5454545454545454
standard,linear_q_33,100185,14,14,13,0,42,6,121.10000000000008,0,0.9285714285714286,1.0,0.42857142857142855,3.0
standard,linear_q_33,100186,13,13,10,0,39,4,113.55000000000005,0,0.7692307692307693,1.0,0.3076923076923077,3.0
standard,linear_q_33,100187,8,8,8,0,32,0,68.79999999999998,0,1.0,1.0,0.0,4.0
standard,linear_q_33,100188,10,10,10,0,36,0,87.40000000000003,0,1.0,1.0,0.0,3.6
standard,linear_q_33,100189,12,11,9,0,46,3,78.20000000000002,1,0.75,0.9166666666666666,0.2727272727272727,4.181818181818182
standard,linear_q_33,100190,18,16,11,2,45,16,117.05000000000007,0,0.6111111111111112,0.8888888888888888,1.0,2.8125
standard,linear_q_33,100191,16,14,13,1,48,11,97.40000000000003,1,0.8125,0.875,0.7857142857142857,3.4285714285714284
standard,linear_q_33,100192,13,13,13,0,37,0,117.05000000000007,0,1.0,1.0,0.0,2.8461538461538463
standard,linear_q_33,100193,10,10,10,0,36,0,87.40000000000002,0,1.0,1.0,0.0,3.6
standard,linear_q_33,100194,15,13,10,2,41,19,86.35000000000005,0,0.6666666666666666,0.8666666666666667,1.4615384615384615,3.1538461538461537
standard,linear_q_33,100195,15,15,14,0,41,14,125.85000000000008,0,0.9333333333333333,1.0,0.9333333333333333,2.7333333333333334
standard,linear_q_33,100196,12,11,10,1,38,3,86.6,0,0.8333333333333334,0.9166666666666666,0.2727272727272727,3.4545454545454546
standard,linear_q_33,100197,15,14,10,1,46,13,106.80000000000007,0,0.6666666666666666,0.9333333333333333,0.9285714285714286,3.2857142857142856
standard,linear_q_33,100198,16,15,15,0,47,0,122.05000000000005,1,0.9375,0.9375,0.0,3.1333333333333333
standard,linear_q_33,100199,12,12,12,0,40,0,106.00000000000003,0,1.0,1.0,0.0,3.3333333333333335
standard,linear_q_33,100200,14,14,12,0,47,5,120.05000000000011,0,0.8571428571428571,1.0,0.35714285714285715,3.357142857142857
standard,linear_q_33,100201,19,16,13,3,45,24,103.45000000000006,0,0.6842105263157895,0.8421052631578947,1.5,2.8125
standard,linear_q_33,100202,16,15,13,1,47,24,108.75000000000004,0,0.8125,0.9375,1.6,3.1333333333333333
standard,linear_q_33,100203,16,15,10,1,44,20,112.60000000000007,0,0.625,0.9375,1.3333333333333333,2.933333333333333
standard,linear_q_33,100204,16,16,15,0,42,20,131.30000000000004,0,0.9375,1.0,1.25,2.625
standard,linear_q_33,100205,14,14,14,0,37,0,127.05000000000004,0,1.0,1.0,0.0,2.642857142857143
standard,linear_q_33,100206,17,15,12,2,46,21,103.20000000000002,0,0.7058823529411765,0.8823529411764706,1.4,3.066666666666667
standard,linear_q_33,100207,14,14,12,0,38,15,116.20000000000005,0,0.8571428571428571,1.0,1.0714285714285714,2.7142857142857144
standard,linear_q_33,100208,16,16,16,0,41,0,145.65000000000012,0,1.0,1.0,0.0,2.5625
standard,linear_q_33,100209,22,18,17,4,45,8,126.65000000000009,0,0.7727272727272727,0.8181818181818182,0.4444444444444444,2.5
standard,linear_q_33,100210,17,15,12,2,46,13,108.80000000000004,0,0.7058823529411765,0.8823529411764706,0.8666666666666667,3.066666666666667
standard,linear_q_33,100211,12,12,12,0,39,0,106.35000000000005,0,1.0,1.0,0.0,3.25
standard,linear_q_33,100212,15,13,12,2,37,12,92.65000000000006,0,0.8,0.8666666666666667,0.9230769230769231,2.8461538461538463
standard,linear_q_33,100213,12,11,11,1,39,0,88.35,0,0.9166666666666666,0.9166666666666666,0.0,3.5454545454545454
standard,linear_q_33,100214,16,16,14,0,46,15,133.4000000000001,0,0.875,1.0,0.9375,2.875
standard,linear_q_33,100215,15,15,13,0,44,13,125.50000000000007,0,0.8666666666666667,1.0,0.8666666666666667,2.933333333333333
standard,linear_q_33,100216,12,12,11,0,39,6,102.15,0,0.9166666666666666,1.0,0.5,3.25
standard,linear_q_33,100217,14,14,13,0,44,1,123.90000000000005,0,0.9285714285714286,1.0,0.07142857142857142,3.142857142857143
standard,linear_q_33,100218,15,14,11,1,39,8,112.75000000000007,0,0.7333333333333333,0.9333333333333333,0.5714285714285714,2.7857142857142856
standard,linear_q_33,100219,9,9,9,0,28,0,80.19999999999999,0,1.0,1.0,0.0,3.111111111111111
standard,linear_q_33,100220,10,10,6,0,35,10,80.75000000000003,0,0.6,1.0,1.0,3.5
standard,linear_q_33,100221,17,14,13,3,40,15,91.50000000000001,0,0.7647058823529411,0.8235294117647058,1.0714285714285714,2.857142857142857
standard,linear_q_33,100222,13,13,11,0,42,7,110.40000000000005,0,0.8461538461538461,1.0,0.5384615384615384,3.230769230769231
standard,linear_q_33,100223,13,13,13,0,35,0,117.75000000000007,0,1.0,1.0,0.0,2.6923076923076925
standard,linear_q_33,100224,18,15,10,2,47,18,96.25000000000006,1,0.5555555555555556,0.8333333333333334,1.2,3.1333333333333333
standard,linear_q_33,100225,19,16,12,3,47,30,98.55000000000005,0,0.631578947368421,0.8421052631578947,1.875,2.9375
standard,linear_q_33,100226,12,12,11,0,33,1,107.75000000000006,0,0.9166666666666666,1.0,0.08333333333333333,2.75
standard,linear_q_33,100227,13,13,13,0,39,0,116.35000000000005,0,1.0,1.0,0.0,3.0
standard,linear_q_33,100228,11,11,11,0,36,0,97.4,0,1.0,1.0,0.0,3.272727272727273
standard,linear_q_33,100229,17,16,12,1,45,22,120.85000000000005,0,0.7058823529411765,0.9411764705882353,1.375,2.8125
standard,linear_q_33,100230,16,16,13,0,45,8,138.65000000000006,0,0.8125,1.0,0.5,2.8125
standard,linear_q_33,100231,17,15,14,2,39,4,117.55000000000007,0,0.8235294117647058,0.8823529411764706,0.26666666666666666,2.6
standard,linear_q_33,100232,10,10,9,0,34,2,86.70000000000003,0,0.9,1.0,0.2,3.4
standard,linear_q_33,100233,12,12,10,0,37,4,104.25000000000003,0,0.8333333333333334,1.0,0.3333333333333333,3.0833333333333335
standard,linear_q_33,100234,19,16,14,3,42,12,112.90000000000003,0,0.7368421052631579,0.8421052631578947,0.75,2.625
standard,linear_q_33,100235,17,16,16,1,39,0,138.35000000000005,0,0.9411764705882353,0.9411764705882353,0.0,2.4375
standard,linear_q_33,100236,12,12,11,0,43,5,101.45000000000005,0,0.9166666666666666,1.0,0.4166666666666667,3.5833333333333335
standard,linear_q_33,100237,10,10,9,0,35,1,87.05,0,0.9,1.0,0.1,3.5
standard,linear_q_33,100238,12,12,12,0,37,0,107.05000000000007,0,1.0,1.0,0.0,3.0833333333333335
standard,linear_q_33,100239,14,14,14,0,40,0,126.00000000000003,0,1.0,1.0,0.0,2.857142857142857
standard,linear_q_33,100240,11,11,11,0,32,0,98.80000000000004,0,1.0,1.0,0.0,2.909090909090909
standard,linear_q_33,100241,14,14,14,0,43,0,124.95000000000007,0,1.0,1.0,0.0,3.0714285714285716
standard,linear_q_33,100242,19,15,14,3,46,5,98.40000000000006,1,0.7368421052631579,0.7894736842105263,0.3333333333333333,3.066666666666667
standard,linear_q_33,100243,12,12,11,0,44,3,102.50000000000006,0,0.9166666666666666,1.0,0.25,3.6666666666666665
standard,linear_q_33,100244,15,15,15,0,42,0,135.30000000000007,0,1.0,1.0,0.0,2.8
standard,linear_q_33,100245,17,17,15,0,44,4,151.80000000000004,0,0.8823529411764706,1.0,0.23529411764705882,2.588235294117647
standard,linear_q_33,100246,13,12,10,1,38,9,92.40000000000003,0,0.7692307692307693,0.9230769230769231,0.75,3.1666666666666665
standard,linear_q_33,100247,8,8,8,0,30,0,69.49999999999999,0,1.0,1.0,0.0,3.75
standard,linear_q_33,100248,15,14,12,1,43,6,112.75000000000004,0,0.8,0.9333333333333333,0.42857142857142855,3.0714285714285716
standard,linear_q_33,100249,12,12,12,0,37,0,107.05000000000007,0,1.0,1.0,0.0,3.0833333333333335
standard,linear_q_33,100250,15,15,12,0,44,12,126.20000000000005,0,0.8,1.0,0.8,2.933333333333333
standard,linear_q_33,100251,11,11,10,0,36,2,96.00000000000003,0,0.9090909090909091,1.0,0.18181818181818182,3.272727272727273
standard,linear_q_33,100252,16,15,14,1,44,10,119.60000000000005,0,0.875,0.9375,0.6666666666666666,2.933333333333333
standard,linear_q_33,100253,12,12,12,0,36,0,107.40000000000006,0,1.0,1.0,0.0,3.0
standard,linear_q_33,100254,13,13,12,0,35,3,115.65000000000003,0,0.9230769230769231,1.0,0.23076923076923078,2.6923076923076925
standard,linear_q_33,100255,16,16,15,0,44,4,141.80000000000007,0,0.9375,1.0,0.25,2.75
standard,linear_q_33,100256,17,14,11,3,43,14,91.15000000000003,0,0.6470588235294118,0.8235294117647058,1.0,3.0714285714285716
standard,linear_q_33,100257,16,16,15,0,44,9,138.30000000000004,0,0.9375,1.0,0.5625,2.75
standard,linear_q_33,100258,13,13,12,0,42,1,114.60000000000007,0,0.9230769230769231,1.0,0.07692307692307693,3.230769230769231
standard,linear_q_33,100259,16,16,15,0,41,3,143.55000000000004,0,0.9375,1.0,0.1875,2.5625
standard,linear_q_33,100260,16,15,14,1,34,4,127.30000000000007,0,0.875,0.9375,0.26666666666666666,2.2666666666666666
standard,linear_q_33,100261,18,17,16,1,43,11,139.25,0,0.8888888888888888,0.9444444444444444,0.6470588235294118,2.5294117647058822
standard,linear_q_33,100262,16,16,15,0,46,7,139.0,0,0.9375,1.0,0.4375,2.875
standard,linear_q_33,100263,15,15,13,0,45,9,127.95000000000007,0,0.8666666666666667,1.0,0.6,3.0
standard,linear_q_33,100264,18,18,17,0,45,4,161.45000000000005,0,0.9444444444444444,1.0,0.2222222222222222,2.5
standard,linear_q_33,100265,15,15,13,0,42,8,129.70000000000007,0,0.8666666666666667,1.0,0.5333333333333333,2.8
standard,linear_q_33,100266,8,8,7,0,39,1,65.64999999999998,0,0.875,1.0,0.125,4.875
standard,linear_q_33,100267,16,14,11,2,41,8,104.05000000000005,0,0.6875,0.875,0.5714285714285714,2.9285714285714284
standard,linear_q_33,100268,15,14,9,1,47,36,90.35000000000004,0,0.6,0.9333333333333333,2.5714285714285716,3.357142857142857
standard,linear_q_33,100269,14,14,11,0,45,5,120.75000000000007,0,0.7857142857142857,1.0,0.35714285714285715,3.2142857142857144
standard,linear_q_33,100270,13,13,12,0,45,5,110.75000000000007,0,0.9230769230769231,1.0,0.38461538461538464,3.4615384615384617
standard,linear_q_33,100271,18,13,8,5,43,20,60.95000000000001,0,0.4444444444444444,0.7222222222222222,1.5384615384615385,3.3076923076923075
standard,linear_q_33,100272,18,15,14,2,46,1,102.90000000000003,1,0.7777777777777778,0.8333333333333334,0.06666666666666667,3.066666666666667
standard,linear_q_33,100273,17,15,9,1,46,19,103.20000000000005,1,0.5294117647058824,0.8823529411764706,1.2666666666666666,3.066666666666667
standard,linear_q_33,100274,17,15,14,2,45,4,115.45000000000006,0,0.8235294117647058,0.8823529411764706,0.26666666666666666,3.0
standard,linear_q_33,100275,13,13,12,0,36,2,116.00000000000003,0,0.9230769230769231,1.0,0.15384615384615385,2.769230769230769
standard,linear_q_33,100276,20,17,16,3,45,28,110.65000000000006,0,0.8,0.85,1.6470588235294117,2.6470588235294117
standard,linear_q_33,100277,15,14,13,0,48,1,111.0000000000001,1,0.8666666666666667,0.9333333333333333,0.07142857142857142,3.4285714285714284
standard,linear_q_33,100278,9,9,8,0,35,7,72.84999999999998,0,0.8888888888888888,1.0,0.7777777777777778,3.888888888888889
standard,linear_q_33,100279,15,15,15,0,48,0,133.20000000000007,0,1.0,1.0,0.0,3.2
standard,linear_q_33,100280,15,15,15,0,40,0,136.00000000000009,0,1.0,1.0,0.0,2.6666666666666665
standard,linear_q_33,100281,16,16,15,0,43,1,144.25000000000009,0,0.9375,1.0,0.0625,2.6875
standard,linear_q_33,100282,18,18,18,0,44,0,164.6000000000001,0,1.0,1.0,0.0,2.4444444444444446
standard,linear_q_33,100283,15,11,7,4,42,21,48.60000000000001,0,0.4666666666666667,0.7333333333333333,1.9090909090909092,3.8181818181818183
standard,linear_q_33,100284,15,14,10,1,42,17,105.40000000000003,0,0.6666666666666666,0.9333333333333333,1.2142857142857142,3.0
standard,linear_q_33,100285,17,16,14,0,47,8,126.45000000000006,1,0.8235294117647058,0.9411764705882353,0.5,2.9375
standard,linear_q_33,100286,12,12,11,0,37,6,102.85000000000001,0,0.9166666666666666,1.0,0.5,3.0833333333333335
standard,linear_q_33,100287,13,13,13,0,41,0,115.65000000000003,0,1.0,1.0,0.0,3.1538461538461537
standard,linear_q_33,100288,17,16,15,1,48,7,130.30000000000007,0,0.8823529411764706,0.9411764705882353,0.4375,3.0
standard,linear_q_33,100289,12,12,11,0,43,4,102.15000000000003,0,0.9166666666666666,1.0,0.3333333333333333,3.5833333333333335
standard,linear_q_33,100290,13,12,12,1,38,0,98.69999999999999,0,0.9230769230769231,0.9230769230769231,0.0,3.1666666666666665
standard,linear_q_33,100291,15,13,12,1,48,2,95.80000000000007,1,0.8,0.8666666666666667,0.15384615384615385,3.6923076923076925
standard,linear_q_33,100292,13,13,13,0,40,0,116.00000000000003,0,1.0,1.0,0.0,3.076923076923077
standard,linear_q_33,100293,19,18,18,1,44,0,156.6000000000001,0,0.9473684210526315,0.9473684210526315,0.0,2.4444444444444446
standard,linear_q_33,100294,18,17,15,1,48,21,130.50000000000006,0,0.8333333333333334,0.9444444444444444,1.2352941176470589,2.823529411764706
standard,linear_q_33,100295,9,9,6,0,43,11,67.25,0,0.6666666666666666,1.0,1.2222222222222223,4.777777777777778
standard,linear_q_33,100296,13,13,10,0,40,8,110.40000000000003,0,0.7692307692307693,1.0,0.6153846153846154,3.076923076923077
standard,linear_q_33,100297,11,11,10,0,38,2,95.30000000000004,0,0.9090909090909091,1.0,0.18181818181818182,3.4545454545454546
standard,linear_q_33,100298,13,13,11,0,44,7,109.70000000000003,0,0.8461538461538461,1.0,0.5384615384615384,3.3846153846153846
standard,linear_q_33,100299,12,12,12,0,40,0,106.00000000000003,0,1.0,1.0,0.0,3.3333333333333335
standard,random,100000,12,11,7,0,32,13,73.30000000000001,1,0.5833333333333334,0.9166666666666666,1.1818181818181819,2.909090909090909
standard,random,100001,15,13,8,2,35,22,86.35000000000002,0,0.5333333333333333,0.8666666666666667,1.6923076923076923,2.6923076923076925
standard,random,100002,14,13,10,0,37,14,96.44999999999999,1,0.7142857142857143,0.9285714285714286,1.0769230769230769,2.8461538461538463
standard,random,100003,13,13,11,0,42,8,109.70000000000003,0,0.8461538461538461,1.0,0.6153846153846154,3.230769230769231
standard,random,100004,15,12,5,3,35,37,57.85000000000001,0,0.3333333333333333,0.8,3.0833333333333335,2.9166666666666665
standard,random,100005,14,13,10,1,40,13,98.90000000000005,0,0.7142857142857143,0.9285714285714286,1.0,3.076923076923077
standard,random,100006,16,12,8,2,31,10,65.24999999999997,2,0.5,0.75,0.8333333333333334,2.5833333333333335
standard,random,100007,13,12,8,1,35,36,74.55000000000004,0,0.6153846153846154,0.9230769230769231,3.0,2.9166666666666665
standard,random,100008,15,12,8,2,39,11,74.65000000000005,1,0.5333333333333333,0.8,0.9166666666666666,3.25
standard,random,100009,16,13,5,3,32,18,82.20000000000002,0,0.3125,0.8125,1.3846153846153846,2.4615384615384617
standard,random,100010,13,13,6,0,40,27,97.10000000000007,0,0.46153846153846156,1.0,2.076923076923077,3.076923076923077
standard,random,100011,13,13,12,0,36,11,109.70000000000007,0,0.9230769230769231,1.0,0.8461538461538461,2.769230769230769
standard,random,100012,15,15,12,0,37,7,132.15000000000006,0,0.8,1.0,0.4666666666666667,2.466666666666667
standard,random,100013,18,11,6,7,33,40,14.45000000000001,0,0.3333333333333333,0.6111111111111112,3.6363636363636362,3.0
standard,random,100014,23,13,5,10,35,38,11.150000000000013,0,0.21739130434782608,0.5652173913043478,2.923076923076923,2.6923076923076925
standard,random,100015,17,11,7,5,35,20,30.15000000000001,1,0.4117647058823529,0.6470588235294118,1.8181818181818181,3.1818181818181817
standard,random,100016,14,12,7,1,39,29,70.05000000000003,1,0.5,0.8571428571428571,2.4166666666666665,3.25
standard,random,100017,14,11,6,2,36,22,56.60000000000001,1,0.42857142857142855,0.7857142857142857,2.0,3.272727272727273
standard,random,100018,14,11,7,3,35,16,62.54999999999998,0,0.5,0.7857142857142857,1.4545454545454546,3.1818181818181817
standard,random,100019,13,8,3,3,37,26,-12.149999999999993,2,0.23076923076923078,0.6153846153846154,3.25,4.625
standard,random,100020,15,12,4,3,35,39,56.450000000000024,0,0.26666666666666666,0.8,3.25,2.9166666666666665
standard,random,100021,10,10,8,0,38,11,79.00000000000004,0,0.8,1.0,1.1,3.8
standard,random,100022,14,10,4,3,39,34,29.849999999999998,1,0.2857142857142857,0.7142857142857143,3.4,3.9
standard,random,100023,15,11,7,4,35,24,48.95,0,0.4666666666666667,0.7333333333333333,2.1818181818181817,3.1818181818181817
standard,random,100024,17,10,3,6,38,69,-21.799999999999983,1,0.17647058823529413,0.5882352941176471,6.9,3.8
standard,random,100025,11,11,9,0,34,4,95.30000000000004,0,0.8181818181818182,1.0,0.36363636363636365,3.090909090909091
standard,random,100026,15,10,6,4,38,39,17.999999999999996,1,0.4,0.6666666666666666,3.9,3.8
standard,random,100027,12,9,5,3,29,34,32.05,0,0.4166666666666667,0.75,3.7777777777777777,3.2222222222222223
standard,random,100028,19,13,5,6,36,30,48.400000000000006,0,0.2631578947368421,0.6842105263157895,2.3076923076923075,2.769230769230769
standard,random,100029,16,12,6,4,33,25,58.95000000000001,0,0.375,0.75,2.0833333333333335,2.75
standard,random,100030,12,12,11,0,39,4,103.55000000000004,0,0.9166666666666666,1.0,0.3333333333333333,3.25
standard,random,100031,15,12,6,3,41,39,54.349999999999994,0,0.4,0.8,3.25,3.4166666666666665
standard,random,100032,15,13,8,2,35,20,87.75000000000004,0,0.5333333333333333,0.8666666666666667,1.5384615384615385,2.6923076923076925
standard,random,100033,13,13,10,0,36,12,109.00000000000003,0,0.7692307692307693,1.0,0.9230769230769231,2.769230769230769
standard,random,100034,14,11,7,3,35,15,63.25,0,0.5,0.7857142857142857,1.3636363636363635,3.1818181818181817
standard,random,100035,17,14,10,3,37,9,96.75000000000004,0,0.5882352941176471,0.8235294117647058,0.6428571428571429,2.642857142857143
standard,random,100036,20,9,1,9,32,56,-59.6,2,0.05,0.45,6.222222222222222,3.5555555555555554
standard,random,100037,16,12,10,4,38,13,65.6,0,0.625,0.75,1.0833333333333333,3.1666666666666665
standard,random,100038,12,11,6,0,36,7,84.50000000000006,1,0.5,0.9166666666666666,0.6363636363636364,3.272727272727273
standard,random,100039,11,11,10,0,38,1,96.00000000000006,0,0.9090909090909091,1.0,0.09090909090909091,3.4545454545454546
standard,random,100040,13,12,7,1,32,35,76.3,0,0.5384615384615384,0.9230769230769231,2.9166666666666665,2.6666666666666665
standard,random,100041,13,13,11,0,35,4,114.95000000000005,0,0.8461538461538461,1.0,0.3076923076923077,2.6923076923076925
standard,random,100042,13,11,8,2,28,18,71.60000000000001,0,0.6153846153846154,0.8461538461538461,1.6363636363636365,2.5454545454545454
standard,random,100043,17,12,10,3,36,9,55.50000000000003,2,0.5882352941176471,0.7058823529411765,0.75,3.0
standard,random,100044,13,12,8,0,36,25,78.40000000000005,1,0.6153846153846154,0.9230769230769231,2.0833333333333335,3.0
standard,random,100045,15,13,6,2,37,32,78.65000000000005,0,0.4,0.8666666666666667,2.4615384615384617,2.8461538461538463
standard,random,100046,16,9,4,5,35,28,-11.849999999999987,2,0.25,0.5625,3.111111111111111,3.888888888888889
standard,random,100047,19,17,16,2,40,8,134.40000000000006,0,0.8421052631578947,0.8947368421052632,0.47058823529411764,2.3529411764705883
standard,random,100048,14,11,4,1,34,41,40.500000000000014,2,0.2857142857142857,0.7857142857142857,3.727272727272727,3.090909090909091
standard,random,100049,17,14,12,3,41,9,95.35000000000002,0,0.7058823529411765,0.8235294117647058,0.6428571428571429,2.9285714285714284
standard,random,100050,17,11,6,5,37,51,7.050000000000013,1,0.35294117647058826,0.6470588235294118,4.636363636363637,3.3636363636363638
standard,random,100051,17,13,6,4,40,42,54.60000000000001,0,0.35294117647058826,0.7647058823529411,3.230769230769231,3.076923076923077
standard,random,100052,18,13,8,5,40,30,54.999999999999986,0,0.4444444444444444,0.7222222222222222,2.3076923076923075,3.076923076923077
standard,random,100053,16,12,7,4,36,34,51.6,0,0.4375,0.75,2.8333333333333335,3.0
standard,random,100054,15,14,11,1,42,12,108.90000000000003,0,0.7333333333333333,0.9333333333333333,0.8571428571428571,3.0
standard,random,100055,13,11,6,2,39,17,68.45,0,0.46153846153846156,0.8461538461538461,1.5454545454545454,3.5454545454545454
standard,random,100056,15,14,9,0,36,21,103.30000000000004,1,0.6,0.9333333333333333,1.5,2.5714285714285716
standard,random,100057,11,11,11,0,30,0,99.5,0,1.0,1.0,0.0,2.727272727272727
standard,random,100058,12,12,10,0,35,4,104.95000000000005,0,0.8333333333333334,1.0,0.3333333333333333,2.9166666666666665
standard,random,100059,13,13,13,0,34,0,118.10000000000002,0,1.0,1.0,0.0,2.6153846153846154
standard,random,100060,16,14,11,2,39,10,103.35000000000005,0,0.6875,0.875,0.7142857142857143,2.7857142857142856
standard,random,100061,14,10,4,3,40,30,25.300000000000008,1,0.2857142857142857,0.7142857142857143,3.0,4.0
standard,random,100062,11,10,7,0,36,21,58.400000000000006,1,0.6363636363636364,0.9090909090909091,2.1,3.6
standard,random,100063,15,13,11,1,35,15,87.75000000000003,1,0.7333333333333333,0.8666666666666667,1.1538461538461537,2.6923076923076925
standard,random,100064,17,12,5,4,37,24,43.95,1,0.29411764705882354,0.7058823529411765,2.0,3.0833333333333335
standard,random,100065,20,13,7,6,38,30,32.0,1,0.35,0.65,2.3076923076923075,2.923076923076923
standard,random,100066,18,13,5,5,31,57,39.250000000000014,0,0.2777777777777778,0.7222222222222222,4.384615384615385,2.3846153846153846
standard,random,100067,16,10,4,5,41,36,-0.8499999999999917,1,0.25,0.625,3.6,4.1
standard,random,100068,15,14,9,1,29,29,101.55000000000003,0,0.6,0.9333333333333333,2.0714285714285716,2.0714285714285716
standard,random,100069,14,13,11,0,36,3,104.50000000000007,1,0.7857142857142857,0.9285714285714286,0.23076923076923078,2.769230769230769
standard,random,100070,12,12,10,0,40,6,101.80000000000004,0,0.8333333333333334,1.0,0.5,3.3333333333333335
standard,random,100071,17,13,8,4,37,12,76.65,0,0.47058823529411764,0.7647058823529411,0.9230769230769231,2.8461538461538463
standard,random,100072,20,12,5,8,34,55,5.600000000000005,0,0.25,0.6,4.583333333333333,2.8333333333333335
standard,random,100073,15,13,11,1,38,8,95.10000000000002,1,0.7333333333333333,0.8666666666666667,0.6153846153846154,2.923076923076923
standard,random,100074,18,13,6,5,38,57,36.80000000000002,0,0.3333333333333333,0.7222222222222222,4.384615384615385,2.923076923076923
standard,random,100075,17,12,5,2,37,27,32.75,3,0.29411764705882354,0.7058823529411765,2.25,3.0833333333333335
standard,random,100076,17,12,9,4,35,18,55.150000000000006,1,0.5294117647058824,0.7058823529411765,1.5,2.9166666666666665
standard,random,100077,19,17,13,2,41,15,129.15000000000006,0,0.6842105263157895,0.8947368421052632,0.8823529411764706,2.411764705882353
standard,random,100078,12,12,9,0,38,6,102.50000000000003,0,0.75,1.0,0.5,3.1666666666666665
standard,random,100079,13,12,11,0,38,2,89.60000000000001,1,0.8461538461538461,0.9230769230769231,0.16666666666666666,3.1666666666666665
standard,random,100080,11,11,10,0,36,6,93.20000000000002,0,0.9090909090909091,1.0,0.5454545454545454,3.272727272727273
standard,random,100081,15,12,7,3,37,27,64.15000000000002,0,0.4666666666666667,0.8,2.25,3.0833333333333335
standard,random,100082,18,14,6,4,42,38,66.70000000000002,0,0.3333333333333333,0.7777777777777778,2.7142857142857144,3.0
standard,random,100083,12,12,6,0,35,19,94.45000000000005,0,0.5,1.0,1.5833333333333333,2.9166666666666665
standard,random,100084,18,13,4,5,41,40,47.65000000000002,0,0.2222222222222222,0.7222222222222222,3.076923076923077,3.1538461538461537
standard,random,100085,17,11,9,3,39,10,22.449999999999985,3,0.5294117647058824,0.6470588235294118,0.9090909090909091,3.5454545454545454
standard,random,100086,16,12,8,2,40,26,52.30000000000001,2,0.5,0.75,2.1666666666666665,3.3333333333333335
standard,random,100087,12,12,11,0,30,2,108.10000000000002,0,0.9166666666666666,1.0,0.16666666666666666,2.5
standard,random,100088,13,11,9,2,28,4,81.4,0,0.6923076923076923,0.8461538461538461,0.36363636363636365,2.5454545454545454
standard,random,100089,16,13,10,2,33,30,72.05000000000004,1,0.625,0.8125,2.3076923076923075,2.5384615384615383
standard,random,100090,20,14,8,6,41,23,61.550000000000004,0,0.4,0.7,1.6428571428571428,2.9285714285714284
standard,random,100091,17,12,4,4,36,30,43.60000000000001,1,0.23529411764705882,0.7058823529411765,2.5,3.0
standard,random,100092,13,10,3,2,36,57,22.800000000000015,1,0.23076923076923078,0.7692307692307693,5.7,3.6
standard,random,100093,10,10,9,0,33,1,87.75000000000006,0,0.9,1.0,0.1,3.3
standard,random,100094,12,10,5,2,37,39,43.74999999999999,0,0.4166666666666667,0.8333333333333334,3.9,3.7
standard,random,100095,13,10,3,3,32,29,44.49999999999999,0,0.23076923076923078,0.7692307692307693,2.9,3.2
standard,random,100096,18,10,4,6,33,57,-29.44999999999999,2,0.2222222222222222,0.5555555555555556,5.7,3.3
standard,random,100097,16,13,6,3,40,30,71.00000000000001,0,0.375,0.8125,2.3076923076923075,3.076923076923077
standard,random,100098,16,13,9,2,40,13,82.90000000000003,1,0.5625,0.8125,1.0,3.076923076923077
standard,random,100099,12,12,11,0,41,13,96.55000000000001,0,0.9166666666666666,1.0,1.0833333333333333,3.4166666666666665
standard,random,100100,18,13,9,4,37,18,64.45000000000002,1,0.5,0.7222222222222222,1.3846153846153846,2.8461538461538463
standard,random,100101,12,12,11,0,34,1,107.40000000000003,0,0.9166666666666666,1.0,0.08333333333333333,2.8333333333333335
standard,random,100102,18,12,7,5,35,22,43.650000000000006,1,0.3888888888888889,0.6666666666666666,1.8333333333333333,2.9166666666666665
standard,random,100103,15,12,6,2,41,32,59.25000000000002,1,0.4,0.8,2.6666666666666665,3.4166666666666665
standard,random,100104,15,13,12,2,40,15,89.50000000000003,0,0.8,0.8666666666666667,1.1538461538461537,3.076923076923077
standard,random,100105,12,12,11,0,36,1,106.70000000000009,0,0.9166666666666666,1.0,0.08333333333333333,3.0
standard,random,100106,18,10,6,4,33,27,-24.55000000000001,4,0.3333333333333333,0.5555555555555556,2.7,3.3
standard,random,100107,17,12,8,3,36,22,43.6,2,0.47058823529411764,0.7058823529411765,1.8333333333333333,3.0
standard,random,100108,11,10,7,0,37,16,63.64999999999999,1,0.6363636363636364,0.9090909090909091,1.6,3.7
standard,random,100109,12,12,11,0,35,7,102.85000000000005,0,0.9166666666666666,1.0,0.5833333333333334,2.9166666666666665
standard,random,100110,9,9,8,0,31,2,77.75,0,0.8888888888888888,1.0,0.2222222222222222,3.4444444444444446
standard,random,100111,12,11,5,1,38,19,75.40000000000003,0,0.4166666666666667,0.9166666666666666,1.7272727272727273,3.4545454545454546
standard,random,100112,11,11,8,0,33,8,92.85000000000004,0,0.7272727272727273,1.0,0.7272727272727273,3.0
standard,random,100113,17,15,10,2,44,11,110.90000000000006,0,0.5882352941176471,0.8823529411764706,0.7333333333333333,2.933333333333333
standard,random,100114,15,13,8,2,35,22,86.35000000000002,0,0.5333333333333333,0.8666666666666667,1.6923076923076923,2.6923076923076925
standard,random,100115,12,12,11,0,36,1,106.70000000000007,0,0.9166666666666666,1.0,0.08333333333333333,3.0
standard,random,100116,19,11,7,6,40,26,8.89999999999998,2,0.3684210526315789,0.5789473684210527,2.3636363636363638,3.6363636363636362
standard,random,100117,15,9,6,3,33,25,3.849999999999998,3,0.4,0.6,2.7777777777777777,3.6666666666666665
standard,random,100118,11,10,8,1,27,4,79.75,0,0.7272727272727273,0.9090909090909091,0.4,2.7
standard,random,100119,18,14,6,3,37,25,71.25000000000001,1,0.3333333333333333,0.7777777777777778,1.7857142857142858,2.642857142857143
standard,random,100120,7,7,7,0,26,0,60.89999999999998,0,1.0,1.0,0.0,3.7142857142857144
standard,random,100121,18,13,7,5,31,28,59.55000000000001,0,0.3888888888888889,0.7222222222222222,2.1538461538461537,2.3846153846153846
standard,random,100122,14,13,10,1,38,21,94.00000000000001,0,0.7142857142857143,0.9285714285714286,1.6153846153846154,2.923076923076923
standard,random,100123,16,12,5,4,37,34,51.250000000000036,0,0.3125,0.75,2.8333333333333335,3.0833333333333335
standard,random,100124,20,16,15,3,39,2,112.95000000000007,1,0.75,0.8,0.125,2.4375
standard,random,100125,15,13,9,1,39,16,89.15000000000003,1,0.6,0.8666666666666667,1.2307692307692308,3.0
standard,random,100126,18,11,6,5,34,31,9.200000000000006,2,0.3333333333333333,0.6111111111111112,2.8181818181818183,3.090909090909091
standard,random,100127,15,13,10,2,37,8,95.45000000000005,0,0.6666666666666666,0.8666666666666667,0.6153846153846154,2.8461538461538463
standard,random,100128,15,13,8,1,41,18,87.05000000000004,1,0.5333333333333333,0.8666666666666667,1.3846153846153846,3.1538461538461537
standard,random,100129,16,12,7,2,34,35,43.89999999999999,2,0.4375,0.75,2.9166666666666665,2.8333333333333335
standard,random,100130,18,11,4,7,30,57,3.6000000000000134,0,0.2222222222222222,0.6111111111111112,5.181818181818182,2.727272727272727
standard,random,100131,15,13,9,2,33,16,91.25000000000004,0,0.6,0.8666666666666667,1.2307692307692308,2.5384615384615383
standard,random,100132,19,13,8,5,35,37,41.749999999999986,1,0.42105263157894735,0.6842105263157895,2.8461538461538463,2.6923076923076925
standard,random,100133,15,10,4,3,38,38,6.100000000000005,2,0.26666666666666666,0.6666666666666666,3.8,3.8
standard,random,100134,12,12,6,0,34,38,81.50000000000006,0,0.5,1.0,3.1666666666666665,2.8333333333333335
standard,random,100135,9,9,6,0,26,16,69.70000000000002,0,0.6666666666666666,1.0,1.7777777777777777,2.888888888888889
standard,random,100136,12,12,9,0,36,7,102.50000000000006,0,0.75,1.0,0.5833333333333334,3.0
standard,random,100137,16,11,7,1,33,20,19.949999999999996,4,0.4375,0.6875,1.8181818181818181,3.0
standard,random,100138,9,9,7,0,36,15,66.90000000000002,0,0.7777777777777778,1.0,1.6666666666666667,4.0
standard,random,100139,12,11,9,0,38,4,84.50000000000003,1,0.75,0.9166666666666666,0.36363636363636365,3.4545454545454546
standard,random,100140,11,11,7,0,42,16,84.10000000000002,0,0.6363636363636364,1.0,1.4545454545454546,3.8181818181818183
standard,random,100141,14,11,6,3,37,25,55.54999999999998,0,0.42857142857142855,0.7857142857142857,2.272727272727273,3.3636363636363638
standard,random,100142,13,10,6,0,33,30,26.64999999999999,3,0.46153846153846156,0.7692307692307693,3.0,3.3
standard,random,100143,17,11,4,6,34,40,22.100000000000016,0,0.23529411764705882,0.6470588235294118,3.6363636363636362,3.090909090909091
standard,random,100144,12,12,11,0,31,4,106.35000000000005,0,0.9166666666666666,1.0,0.3333333333333333,2.5833333333333335
standard,random,100145,11,10,8,0,37,10,72.05,1,0.7272727272727273,0.9090909090909091,1.0,3.7
standard,random,100146,15,11,6,2,28,16,49.30000000000001,2,0.4,0.7333333333333333,1.4545454545454546,2.5454545454545454
standard,random,100147,15,15,12,0,36,6,133.20000000000005,0,0.8,1.0,0.4,2.4
standard,random,100148,15,14,11,0,39,5,113.45000000000005,1,0.7333333333333333,0.9333333333333333,0.35714285714285715,2.7857142857142856
standard,random,100149,13,13,10,0,38,6,112.50000000000006,0,0.7692307692307693,1.0,0.46153846153846156,2.923076923076923
standard,random,100150,11,9,3,2,37,63,16.95000000000001,0,0.2727272727272727,0.8181818181818182,7.0,4.111111111111111
standard,random,100151,17,12,6,3,40,42,33.100000000000016,2,0.35294117647058826,0.7058823529411765,3.5,3.3333333333333335
standard,random,100152,13,11,9,2,28,9,77.89999999999999,0,0.6923076923076923,0.8461538461538461,0.8181818181818182,2.5454545454545454
standard,random,100153,11,11,10,0,33,1,97.75000000000003,0,0.9090909090909091,1.0,0.09090909090909091,3.0
standard,random,100154,15,13,7,2,40,29,79.70000000000002,0,0.4666666666666667,0.8666666666666667,2.230769230769231,3.076923076923077
standard,random,100155,14,10,5,2,40,15,35.099999999999994,2,0.35714285714285715,0.7142857142857143,1.5,4.0
standard,random,100156,12,10,6,1,37,37,38.85000000000002,1,0.5,0.8333333333333334,3.7,3.7
standard,random,100157,17,11,5,5,40,54,7.40000000000002,1,0.29411764705882354,0.6470588235294118,4.909090909090909,3.6363636363636362
standard,random,100158,15,13,10,2,41,9,93.35000000000002,0,0.6666666666666666,0.8666666666666667,0.6923076923076923,3.1538461538461537
standard,random,100159,17,13,10,3,38,12,64.4,1,0.5882352941176471,0.7647058823529411,0.9230769230769231,2.923076923076923
standard,random,100160,12,12,7,0,35,24,90.95,0,0.5833333333333334,1.0,2.0,2.9166666666666665
standard,random,100161,19,12,6,5,42,28,29.70000000000001,2,0.3157894736842105,0.631578947368421,2.3333333333333335,3.5
standard,random,100162,16,11,6,4,39,37,26.250000000000007,1,0.375,0.6875,3.3636363636363638,3.5454545454545454
standard,random,100163,15,13,8,2,38,14,90.90000000000002,0,0.5333333333333333,0.8666666666666667,1.0769230769230769,2.923076923076923
standard,random,100164,11,11,9,0,32,11,91.10000000000002,0,0.8181818181818182,1.0,1.0,2.909090909090909
standard,random,100165,15,12,6,3,34,13,75.00000000000001,0,0.4,0.8,1.0833333333333333,2.8333333333333335
standard,random,100166,13,10,5,1,32,16,43.10000000000001,2,0.38461538461538464,0.7692307692307693,1.6,3.2
standard,random,100167,13,12,7,1,42,18,84.70000000000002,0,0.5384615384615384,0.9230769230769231,1.5,3.5
standard,random,100168,8,8,8,0,30,0,69.5,0,1.0,1.0,0.0,3.75
standard,random,100169,14,14,11,0,42,7,120.40000000000008,0,0.7857142857142857,1.0,0.5,3.0
standard,random,100170,13,13,9,0,36,11,109.70000000000003,0,0.6923076923076923,1.0,0.8461538461538461,2.769230769230769
standard,random,100171,17,11,4,5,32,38,20.700000000000017,1,0.23529411764705882,0.6470588235294118,3.4545454545454546,2.909090909090909
standard,random,100172,14,13,6,1,38,17,96.80000000000004,0,0.42857142857142855,0.9285714285714286,1.3076923076923077,2.923076923076923
standard,random,100173,15,11,7,2,40,19,50.000000000000014,2,0.4666666666666667,0.7333333333333333,1.7272727272727273,3.6363636363636362
standard,random,100174,14,13,7,1,33,27,91.55000000000004,0,0.5,0.9285714285714286,2.076923076923077,2.5384615384615383
standard,random,100175,12,12,11,0,34,1,107.40000000000003,0,0.9166666666666666,1.0,0.08333333333333333,2.8333333333333335
standard,random,100176,15,10,7,2,36,8,27.099999999999977,3,0.4666666666666667,0.6666666666666666,0.8,3.6
standard,random,100177,17,15,13,2,37,10,114.05000000000004,0,0.7647058823529411,0.8823529411764706,0.6666666666666666,2.466666666666667
standard,random,100178,12,11,8,1,33,10,83.45000000000003,0,0.6666666666666666,0.9166666666666666,0.9090909090909091,3.0
standard,random,100179,14,11,7,2,36,20,47.5,1,0.5,0.7857142857142857,1.8181818181818181,3.272727272727273
standard,random,100180,11,10,10,0,32,0,77.30000000000001,1,0.9090909090909091,0.9090909090909091,0.0,3.2
standard,random,100181,16,14,13,0,35,1,104.75000000000001,2,0.8125,0.875,0.07142857142857142,2.5
standard,random,100182,17,12,8,3,29,22,46.749999999999986,2,0.47058823529411764,0.7058823529411765,1.8333333333333333,2.4166666666666665
standard,random,100183,18,14,13,4,37,1,94.35000000000002,0,0.7222222222222222,0.7777777777777778,0.07142857142857142,2.642857142857143
standard,random,100184,11,11,8,0,39,9,90.05000000000005,0,0.7272727272727273,1.0,0.8181818181818182,3.5454545454545454
standard,random,100185,14,12,9,2,34,7,87.20000000000002,0,0.6428571428571429,0.8571428571428571,0.5833333333333334,2.8333333333333335
standard,random,100186,13,11,9,1,31,17,68.44999999999999,1,0.6923076923076923,0.8461538461538461,1.5454545454545454,2.8181818181818183
standard,random,100187,8,8,8,0,32,0,68.79999999999998,0,1.0,1.0,0.0,4.0
standard,random,100188,10,10,9,0,36,2,86.00000000000001,0,0.9,1.0,0.2,3.6
standard,random,100189,12,8,6,1,35,6,17.54999999999998,3,0.5,0.6666666666666666,0.75,4.375
standard,random,100190,18,11,4,7,34,55,3.600000000000016,0,0.2222222222222222,0.6111111111111112,5.0,3.090909090909091
standard,random,100191,16,10,5,4,33,34,9.65000000000001,2,0.3125,0.625,3.4,3.3
standard,random,100192,13,12,11,1,43,6,92.75000000000003,0,0.8461538461538461,0.9230769230769231,0.5,3.5833333333333335
standard,random,100193,10,9,6,0,40,18,55.400000000000006,1,0.6,0.9,2.0,4.444444444444445
standard,random,100194,15,10,5,5,37,48,13.45000000000001,0,0.3333333333333333,0.6666666666666666,4.8,3.7
standard,random,100195,15,12,9,1,38,11,71.50000000000004,2,0.6,0.8,0.9166666666666666,3.1666666666666665
standard,random,100196,12,12,7,0,43,18,92.35000000000004,0,0.5833333333333334,1.0,1.5,3.5833333333333335
standard,random,100197,15,11,6,2,43,31,37.05000000000002,2,0.4,0.7333333333333333,2.8181818181818183,3.909090909090909
standard,random,100198,16,14,12,1,42,3,104.40000000000006,1,0.75,0.875,0.21428571428571427,3.0
standard,random,100199,12,11,5,0,39,23,71.55000000000003,1,0.4166666666666667,0.9166666666666666,2.090909090909091,3.5454545454545454
standard,random,100200,14,12,11,0,40,1,83.70000000000005,2,0.7857142857142857,0.8571428571428571,0.08333333333333333,3.3333333333333335
standard,random,100201,19,11,4,7,32,61,-9.999999999999995,1,0.21052631578947367,0.5789473684210527,5.545454545454546,2.909090909090909
standard,random,100202,16,13,8,3,39,29,72.05000000000001,0,0.5,0.8125,2.230769230769231,3.0
standard,random,100203,16,12,7,2,36,34,49.50000000000003,2,0.4375,0.75,2.8333333333333335,3.0
standard,random,100204,16,14,13,1,32,1,107.20000000000002,1,0.8125,0.875,0.07142857142857142,2.2857142857142856
standard,random,100205,14,14,13,0,36,1,126.70000000000005,0,0.9285714285714286,1.0,0.07142857142857142,2.5714285714285716
standard,random,100206,17,13,9,3,36,19,68.6,1,0.5294117647058824,0.7647058823529411,1.4615384615384615,2.769230769230769
standard,random,100207,14,11,6,3,42,40,43.3,0,0.42857142857142855,0.7857142857142857,3.6363636363636362,3.8181818181818183
standard,random,100208,16,12,6,3,39,20,57.55000000000001,1,0.375,0.75,1.6666666666666667,3.25
standard,random,100209,22,11,4,11,32,39,-16.49999999999998,0,0.18181818181818182,0.5,3.5454545454545454,2.909090909090909
standard,random,100210,17,11,7,4,41,18,28.75000000000001,2,0.4117647058823529,0.6470588235294118,1.6363636363636365,3.727272727272727
standard,random,100211,12,12,12,0,32,0,108.80000000000004,0,1.0,1.0,0.0,2.6666666666666665
standard,random,100212,15,14,9,1,33,21,105.75000000000006,0,0.6,0.9333333333333333,1.5,2.357142857142857
standard,random,100213,12,12,12,0,38,0,106.70000000000005,0,1.0,1.0,0.0,3.1666666666666665
standard,random,100214,16,11,4,5,38,41,28.000000000000007,0,0.25,0.6875,3.727272727272727,3.4545454545454546
standard,random,100215,15,15,14,0,44,12,126.20000000000009,0,0.9333333333333333,1.0,0.8,2.933333333333333
standard,random,100216,12,12,11,0,36,7,102.49999999999999,0,0.9166666666666666,1.0,0.5833333333333334,3.0
standard,random,100217,14,13,9,0,40,17,96.10000000000001,1,0.6428571428571429,0.9285714285714286,1.3076923076923077,3.076923076923077
standard,random,100218,15,10,4,4,35,56,1.5500000000000114,1,0.26666666666666666,0.6666666666666666,5.6,3.5
standard,random,100219,9,9,7,0,29,5,76.35,0,0.7777777777777778,1.0,0.5555555555555556,3.2222222222222223
standard,random,100220,10,10,8,0,36,5,83.90000000000003,0,0.8,1.0,0.5,3.6
standard,random,100221,17,13,11,4,38,12,76.30000000000001,0,0.6470588235294118,0.7647058823529411,0.9230769230769231,2.923076923076923
standard,random,100222,13,13,12,0,39,7,111.45000000000009,0,0.9230769230769231,1.0,0.5384615384615384,3.0
standard,random,100223,13,12,8,1,38,10,91.70000000000003,0,0.6153846153846154,0.9230769230769231,0.8333333333333334,3.1666666666666665
standard,random,100224,18,10,3,8,36,61,-19.299999999999976,0,0.16666666666666666,0.5555555555555556,6.1,3.6
standard,random,100225,19,15,12,4,39,13,95.25000000000003,0,0.631578947368421,0.7894736842105263,0.8666666666666667,2.6
standard,random,100226,12,11,8,1,29,13,82.75000000000001,0,0.6666666666666666,0.9166666666666666,1.1818181818181819,2.6363636363636362
standard,random,100227,13,13,12,0,32,3,116.70000000000005,0,0.9230769230769231,1.0,0.23076923076923078,2.4615384615384617
standard,random,100228,11,11,10,0,35,3,95.65,0,0.9090909090909091,1.0,0.2727272727272727,3.1818181818181817
standard,random,100229,17,13,4,4,32,28,67.20000000000002,0,0.23529411764705882,0.7647058823529411,2.1538461538461537,2.4615384615384617
standard,random,100230,16,14,9,2,41,17,97.75000000000006,0,0.5625,0.875,1.2142857142857142,2.9285714285714284
standard,random,100231,17,12,5,5,40,28,46.399999999999984,0,0.29411764705882354,0.7058823529411765,2.3333333333333335,3.3333333333333335
standard,random,100232,10,9,6,1,34,32,47.699999999999996,0,0.6,0.9,3.5555555555555554,3.7777777777777777
standard,random,100233,12,12,10,0,40,11,98.30000000000003,0,0.8333333333333334,1.0,0.9166666666666666,3.3333333333333335
standard,random,100234,19,14,9,5,39,28,66.74999999999999,0,0.47368421052631576,0.7368421052631579,2.0,2.7857142857142856
standard,random,100235,17,11,6,6,37,37,23.14999999999999,0,0.35294117647058826,0.6470588235294118,3.3636363636363638,3.3636363636363638
standard,random,100236,12,10,6,1,35,19,58.44999999999999,1,0.5,0.8333333333333334,1.9,3.5
standard,random,100237,10,10,9,0,31,1,88.45,0,0.9,1.0,0.1,3.1
standard,random,100238,12,11,8,1,33,9,84.15000000000002,0,0.6666666666666666,0.9166666666666666,0.8181818181818182,3.0
standard,random,100239,14,11,10,1,38,1,66.39999999999998,2,0.7142857142857143,0.7857142857142857,0.09090909090909091,3.4545454545454546
standard,random,100240,11,11,7,0,37,13,87.95000000000002,0,0.6363636363636364,1.0,1.1818181818181819,3.3636363636363638
standard,random,100241,14,14,13,0,31,2,127.75000000000006,0,0.9285714285714286,1.0,0.14285714285714285,2.2142857142857144
standard,random,100242,19,13,9,6,41,23,51.55,0,0.47368421052631576,0.6842105263157895,1.7692307692307692,3.1538461538461537
standard,random,100243,12,12,12,0,33,0,108.45000000000002,0,1.0,1.0,0.0,2.75
standard,random,100244,15,12,12,1,40,0,67.3,2,0.8,0.8,0.0,3.3333333333333335
standard,random,100245,17,11,9,4,34,8,34.00000000000001,2,0.5294117647058824,0.6470588235294118,0.7272727272727273,3.090909090909091
standard,random,100246,13,9,4,3,39,45,10.049999999999997,1,0.3076923076923077,0.6923076923076923,5.0,4.333333333333333
standard,random,100247,8,8,8,0,30,0,69.49999999999999,0,1.0,1.0,0.0,3.75
standard,random,100248,15,12,7,3,38,26,64.50000000000004,0,0.4666666666666667,0.8,2.1666666666666665,3.1666666666666665
standard,random,100249,12,12,10,0,37,12,98.65000000000002,0,0.8333333333333334,1.0,1.0,3.0833333333333335
standard,random,100250,15,11,7,3,35,8,53.14999999999998,1,0.4666666666666667,0.7333333333333333,0.7272727272727273,3.1818181818181817
standard,random,100251,11,11,9,0,37,6,92.85000000000004,0,0.8181818181818182,1.0,0.5454545454545454,3.3636363636363638
standard,random,100252,16,11,5,3,40,31,31.50000000000001,2,0.3125,0.6875,2.8181818181818183,3.6363636363636362
standard,random,100253,12,11,8,1,32,6,86.6,0,0.6666666666666666,0.9166666666666666,0.5454545454545454,2.909090909090909
standard,random,100254,13,11,6,1,36,22,64.60000000000001,1,0.46153846153846156,0.8461538461538461,2.0,3.272727272727273
standard,random,100255,16,14,11,1,36,18,97.4,1,0.6875,0.875,1.2857142857142858,2.5714285714285716
standard,random,100256,17,11,5,6,35,25,32.250000000000014,0,0.29411764705882354,0.6470588235294118,2.272727272727273,3.1818181818181817
standard,random,100257,16,15,11,1,42,14,117.50000000000009,0,0.6875,0.9375,0.9333333333333333,2.8
standard,random,100258,13,9,7,2,35,9,26.150000000000006,2,0.5384615384615384,0.6923076923076923,1.0,3.888888888888889
standard,random,100259,16,12,8,3,37,24,56.85000000000002,1,0.5,0.75,2.0,3.0833333333333335
standard,random,100260,16,13,7,3,38,19,79.40000000000002,0,0.4375,0.8125,1.4615384615384615,2.923076923076923
standard,random,100261,18,13,8,5,40,34,52.2,0,0.4444444444444444,0.7222222222222222,2.6153846153846154,3.076923076923077
standard,random,100262,16,11,6,3,38,18,34.3,2,0.375,0.6875,1.6363636363636365,3.4545454545454546
standard,random,100263,15,11,5,3,36,44,33.20000000000003,1,0.3333333333333333,0.7333333333333333,4.0,3.272727272727273
standard,random,100264,18,14,9,4,32,32,74.4,0,0.5,0.7777777777777778,2.2857142857142856,2.2857142857142856
standard,random,100265,15,13,9,2,35,14,91.95000000000003,0,0.6,0.8666666666666667,1.0769230769230769,2.6923076923076925
standard,random,100266,8,8,2,0,29,38,43.25000000000001,0,0.25,1.0,4.75,3.625
standard,random,100267,16,13,8,3,38,21,78.00000000000003,0,0.5,0.8125,1.6153846153846154,2.923076923076923
standard,random,100268,15,11,5,3,38,35,39.500000000000014,1,0.3333333333333333,0.7333333333333333,3.1818181818181817,3.4545454545454546
standard,random,100269,14,14,13,0,40,3,123.90000000000006,0,0.9285714285714286,1.0,0.21428571428571427,2.857142857142857
standard,random,100270,13,12,8,0,36,14,89.60000000000004,1,0.6153846153846154,0.9230769230769231,1.1666666666666667,3.0
standard,random,100271,18,11,6,6,34,47,9.199999999999998,1,0.3333333333333333,0.6111111111111112,4.2727272727272725,3.090909090909091
standard,random,100272,18,13,7,4,39,19,60.249999999999986,1,0.3888888888888889,0.7222222222222222,1.4615384615384615,3.0
standard,random,100273,17,12,8,3,43,19,36.94999999999999,2,0.47058823529411764,0.7058823529411765,1.5833333333333333,3.5833333333333335
standard,random,100274,17,12,6,5,43,43,34.85000000000001,0,0.35294117647058826,0.7058823529411765,3.5833333333333335,3.5833333333333335
standard,random,100275,13,12,9,0,42,7,90.3000000000001,1,0.6923076923076923,0.9230769230769231,0.5833333333333334,3.5
standard,random,100276,20,13,6,7,30,30,42.5,0,0.3,0.65,2.3076923076923075,2.3076923076923075
standard,random,100277,15,12,9,0,41,10,68.35000000000002,3,0.6,0.8,0.8333333333333334,3.4166666666666665
standard,random,100278,9,9,9,0,31,0,79.14999999999998,0,1.0,1.0,0.0,3.4444444444444446
standard,random,100279,15,14,10,0,40,14,108.20000000000006,1,0.6666666666666666,0.9333333333333333,1.0,2.857142857142857
standard,random,100280,15,13,11,1,41,20,81.45000000000002,1,0.7333333333333333,0.8666666666666667,1.5384615384615385,3.1538461538461537
standard,random,100281,16,13,7,3,37,42,63.650000000000006,0,0.4375,0.8125,3.230769230769231,2.8461538461538463
standard,random,100282,18,15,11,3,40,14,102.20000000000005,0,0.6111111111111112,0.8333333333333334,0.9333333333333333,2.6666666666666665
standard,random,100283,15,10,6,3,42,31,14.500000000000007,2,0.4,0.6666666666666666,3.1,4.2
standard,random,100284,15,14,10,1,37,6,114.85000000000005,0,0.6666666666666666,0.9333333333333333,0.42857142857142855,2.642857142857143
standard,random,100285,17,14,10,3,36,20,89.40000000000003,0,0.5882352941176471,0.8235294117647058,1.4285714285714286,2.5714285714285716
standard,random,100286,12,12,11,0,38,1,106.00000000000007,0,0.9166666666666666,1.0,0.08333333333333333,3.1666666666666665
standard,random,100287,13,13,13,0,30,0,119.50000000000006,0,1.0,1.0,0.0,2.3076923076923075
standard,random,100288,17,13,6,4,38,25,67.2,0,0.35294117647058826,0.7647058823529411,1.9230769230769231,2.923076923076923
standard,random,100289,12,12,10,0,36,5,103.9,0,0.8333333333333334,1.0,0.4166666666666667,3.0
standard,random,100290,13,13,12,0,35,1,117.05000000000001,0,0.9230769230769231,1.0,0.07692307692307693,2.6923076923076925
standard,random,100291,15,10,6,2,33,13,30.94999999999997,3,0.4,0.6666666666666666,1.3,3.3
standard,random,100292,13,13,13,0,37,0,117.05000000000004,0,1.0,1.0,0.0,2.8461538461538463
standard,random,100293,19,13,8,5,30,27,49.09999999999998,1,0.42105263157894735,0.6842105263157895,2.076923076923077,2.3076923076923075
standard,random,100294,18,13,8,4,39,18,62.34999999999998,1,0.4444444444444444,0.7222222222222222,1.3846153846153846,3.0
standard,random,100295,9,9,8,0,36,1,76.70000000000002,0,0.8888888888888888,1.0,0.1111111111111111,4.0
standard,random,100296,13,11,8,1,35,13,68.44999999999999,1,0.6153846153846154,0.8461538461538461,1.1818181818181819,3.1818181818181817
standard,random,100297,11,10,6,0,38,10,71.70000000000003,1,0.5454545454545454,0.9090909090909091,1.0,3.8
standard,random,100298,13,11,4,2,40,30,59.00000000000003,0,0.3076923076923077,0.8461538461538461,2.727272727272727,3.6363636363636362
standard,random,100299,12,10,5,1,40,15,54.60000000000001,1,0.4166666666666667,0.8333333333333334,1.5,4.0
demand_surge,nearest,110000,19,14,10,5,40,10,79.0,0,0.5263157894736842,0.7368421052631579,0.7142857142857143,2.857142857142857
demand_surge,nearest,110001,22,16,14,6,48,8,89.60000000000002,0,0.6363636363636364,0.7272727272727273,0.5,3.0
demand_surge,nearest,110002,19,13,9,6,48,40,37.199999999999996,0,0.47368421052631576,0.6842105263157895,3.076923076923077,3.6923076923076925
demand_surge,nearest,110003,26,15,8,11,48,34,21.400000000000006,0,0.3076923076923077,0.5769230769230769,2.2666666666666666,3.2
demand_surge,nearest,110004,20,16,14,4,47,4,108.75000000000003,0,0.7,0.8,0.25,2.9375
demand_surge,nearest,110005,22,14,9,8,48,13,50.09999999999999,0,0.4090909090909091,0.6363636363636364,0.9285714285714286,3.4285714285714284
demand_surge,nearest,110006,21,17,13,2,48,7,114.20000000000012,2,0.6190476190476191,0.8095238095238095,0.4117647058823529,2.823529411764706
demand_surge,nearest,110007,23,13,6,8,48,30,6.599999999999987,2,0.2608695652173913,0.5652173913043478,2.3076923076923075,3.6923076923076925
demand_surge,nearest,110008,26,16,11,9,48,22,46.39999999999999,1,0.4230769230769231,0.6153846153846154,1.375,3.0
demand_surge,nearest,110009,22,16,13,6,45,13,87.15000000000002,0,0.5909090909090909,0.7272727272727273,0.8125,2.8125
demand_surge,nearest,110010,21,16,12,5,48,19,89.90000000000006,0,0.5714285714285714,0.7619047619047619,1.1875,3.0
demand_surge,nearest,110011,28,17,14,11,48,6,60.99999999999997,0,0.5,0.6071428571428571,0.35294117647058826,2.823529411764706
demand_surge,nearest,110012,19,15,10,4,48,14,91.40000000000003,0,0.5263157894736842,0.7894736842105263,0.9333333333333333,3.2
demand_surge,nearest,110013,27,16,11,11,43,27,38.04999999999998,0,0.4074074074074074,0.5925925925925926,1.6875,2.6875
demand_surge,nearest,110014,17,14,11,3,41,8,96.05000000000001,0,0.6470588235294118,0.8235294117647058,0.5714285714285714,2.9285714285714284
demand_surge,nearest,110015,24,16,13,8,48,11,71.5,0,0.5416666666666666,0.6666666666666666,0.6875,3.0
demand_surge,nearest,110016,15,13,12,1,48,3,93.70000000000009,1,0.8,0.8666666666666667,0.23076923076923078,3.6923076923076925
demand_surge,nearest,110017,28,15,7,13,48,40,1.2000000000000197,0,0.25,0.5357142857142857,2.6666666666666665,3.2
demand_surge,nearest,110018,20,16,10,4,48,23,95.10000000000005,0,0.5,0.8,1.4375,3.0
demand_surge,nearest,110019,20,12,6,6,48,24,12.59999999999998,2,0.3,0.6,2.0,4.0
demand_surge,nearest,110020,20,14,9,6,48,17,63.29999999999998,0,0.45,0.7,1.2142857142857142,3.4285714285714284
demand_surge,nearest,110021,26,19,18,7,48,1,116.50000000000006,0,0.6923076923076923,0.7307692307692307,0.05263157894736842,2.526315789473684
demand_surge,nearest,110022,19,13,7,5,48,30,40.000000000000014,1,0.3684210526315789,0.6842105263157895,2.3076923076923075,3.6923076923076925
demand_surge,nearest,110023,17,16,12,1,39,6,134.15000000000003,0,0.7058823529411765,0.9411764705882353,0.375,2.4375
demand_surge,nearest,110024,16,16,14,0,48,2,141.80000000000013,0,0.875,1.0,0.125,3.0
demand_surge,nearest,110025,24,19,19,5,40,0,136.0000000000001,0,0.7916666666666666,0.7916666666666666,0.0,2.1052631578947367
demand_surge,nearest,110026,22,12,5,9,48,36,-4.800000000000004,1,0.22727272727272727,0.5454545454545454,3.0,4.0
demand_surge,nearest,110027,19,16,13,3,44,4,117.80000000000005,0,0.6842105263157895,0.8421052631578947,0.25,2.75
demand_surge,nearest,110028,22,13,7,7,48,17,25.799999999999976,2,0.3181818181818182,0.5909090909090909,1.3076923076923077,3.6923076923076925
demand_surge,nearest,110029,22,12,6,8,48,27,-1.3000000000000043,2,0.2727272727272727,0.5454545454545454,2.25,4.0
demand_surge,nearest,110030,21,13,5,7,48,27,26.8,1,0.23809523809523808,0.6190476190476191,2.076923076923077,3.6923076923076925
demand_surge,nearest,110031,30,15,7,15,48,22,-2.1999999999999984,0,0.23333333333333334,0.5,1.4666666666666666,3.2
demand_surge,nearest,110032,29,15,10,14,45,28,2.6500000000000155,0,0.3448275862068966,0.5172413793103449,1.8666666666666667,3.0
demand_surge,nearest,110033,26,18,12,8,48,12,90.80000000000003,0,0.46153846153846156,0.6923076923076923,0.6666666666666666,2.6666666666666665
demand_surge,nearest,110034,21,13,5,7,48,56,10.000000000000009,1,0.23809523809523808,0.6190476190476191,4.3076923076923075,3.6923076923076925
demand_surge,nearest,110035,27,17,12,10,47,15,63.04999999999996,0,0.4444444444444444,0.6296296296296297,0.8823529411764706,2.764705882352941
demand_surge,nearest,110036,23,14,8,7,48,32,21.1,2,0.34782608695652173,0.6086956521739131,2.2857142857142856,3.4285714285714284
demand_surge,nearest,110037,23,15,8,8,47,41,40.849999999999994,0,0.34782608695652173,0.6521739130434783,2.7333333333333334,3.1333333333333333
demand_surge,nearest,110038,26,15,7,11,48,27,26.300000000000015,0,0.2692307692307692,0.5769230769230769,1.8,3.2
demand_surge,nearest,110039,20,12,5,6,48,37,8.400000000000013,2,0.25,0.6,3.0833333333333335,4.0
demand_surge,nearest,110040,26,17,11,9,47,19,68.24999999999999,0,0.4230769230769231,0.6538461538461539,1.1176470588235294,2.764705882352941
demand_surge,nearest,110041,24,20,15,4,48,6,147.00000000000009,0,0.625,0.8333333333333334,0.3,2.4
demand_surge,nearest,110042,20,18,15,2,48,10,140.2000000000001,0,0.75,0.9,0.5555555555555556,2.6666666666666665
demand_surge,nearest,110043,14,14,14,0,44,0,124.60000000000008,0,1.0,1.0,0.0,3.142857142857143
demand_surge,nearest,110044,23,16,14,7,46,3,85.80000000000001,0,0.6086956521739131,0.6956521739130435,0.1875,2.875
demand_surge,nearest,110045,26,15,11,9,48,10,33.299999999999976,2,0.4230769230769231,0.5769230769230769,0.6666666666666666,3.2
demand_surge,nearest,110046,21,14,11,7,44,8,62.99999999999998,0,0.5238095238095238,0.6666666666666666,0.5714285714285714,3.142857142857143
demand_surge,nearest,110047,25,15,12,10,43,10,47.949999999999996,0,0.48,0.6,0.6666666666666666,2.8666666666666667
demand_surge,nearest,110048,22,18,17,4,48,1,130.50000000000006,0,0.7727272727272727,0.8181818181818182,0.05555555555555555,2.6666666666666665
demand_surge,nearest,110049,24,15,8,9,48,25,43.70000000000001,0,0.3333333333333333,0.625,1.6666666666666667,3.2
demand_surge,nearest,110050,27,15,8,12,46,19,24.60000000000001,0,0.2962962962962963,0.5555555555555556,1.2666666666666666,3.066666666666667
demand_surge,nearest,110051,22,15,8,7,48,22,61.8,0,0.36363636363636365,0.6818181818181818,1.4666666666666666,3.2
demand_surge,nearest,110052,21,15,10,6,45,20,72.25,0,0.47619047619047616,0.7142857142857143,1.3333333333333333,3.0
demand_surge,nearest,110053,21,14,7,7,45,22,52.84999999999998,0,0.3333333333333333,0.6666666666666666,1.5714285714285714,3.2142857142857144
demand_surge,nearest,110054,23,13,9,8,48,24,16.4,2,0.391304347826087,0.5652173913043478,1.8461538461538463,3.6923076923076925
demand_surge,nearest,110055,26,15,7,10,48,27,26.300000000000004,1,0.2692307692307692,0.5769230769230769,1.8,3.2
demand_surge,nearest,110056,23,15,8,8,48,31,47.50000000000001,0,0.34782608695652173,0.6521739130434783,2.066666666666667,3.2
demand_surge,nearest,110057,20,15,12,4,48,9,86.90000000000003,1,0.6,0.75,0.6,3.2
demand_surge,nearest,110058,20,16,12,4,48,9,104.90000000000005,0,0.6,0.8,0.5625,3.0
demand_surge,nearest,110059,23,14,10,7,48,20,33.7,2,0.43478260869565216,0.6086956521739131,1.4285714285714286,3.4285714285714284
demand_surge,nearest,110060,18,14,9,3,48,15,79.30000000000004,1,0.5,0.7777777777777778,1.0714285714285714,3.4285714285714284
demand_surge,nearest,110061,21,17,16,4,45,2,120.85000000000005,0,0.7619047619047619,0.8095238095238095,0.11764705882352941,2.6470588235294117
demand_surge,nearest,110062,27,14,7,12,48,35,-5.299999999999991,1,0.25925925925925924,0.5185185185185185,2.5,3.4285714285714284
demand_surge,nearest,110063,17,15,13,2,48,4,114.40000000000009,0,0.7647058823529411,0.8823529411764706,0.26666666666666666,3.2
demand_surge,nearest,110064,21,16,9,5,48,17,91.30000000000005,0,0.42857142857142855,0.7619047619047619,1.0625,3.0
demand_surge,nearest,110065,21,13,8,7,48,22,32.39999999999999,1,0.38095238095238093,0.6190476190476191,1.6923076923076923,3.6923076923076925
demand_surge,nearest,110066,22,16,13,4,48,20,77.00000000000007,2,0.5909090909090909,0.7272727272727273,1.25,3.0
demand_surge,nearest,110067,19,14,9,5,48,14,73.4,0,0.47368421052631576,0.7368421052631579,1.0,3.4285714285714284
demand_surge,nearest,110068,16,16,15,0,47,1,142.85000000000008,0,0.9375,1.0,0.0625,2.9375
demand_surge,nearest,110069,20,14,6,6,48,32,52.79999999999999,0,0.3,0.7,2.2857142857142856,3.4285714285714284
demand_surge,nearest,110070,18,14,8,3,48,19,77.90000000000006,1,0.4444444444444444,0.7777777777777778,1.3571428571428572,3.4285714285714284
demand_surge,nearest,110071,16,14,9,2,48,17,95.30000000000004,0,0.5625,0.875,1.2142857142857142,3.4285714285714284
demand_surge,nearest,110072,26,15,11,11,45,20,32.25000000000001,0,0.4230769230769231,0.5769230769230769,1.3333333333333333,3.0
demand_surge,nearest,110073,26,15,12,10,48,9,36.09999999999998,1,0.46153846153846156,0.5769230769230769,0.6,3.2
demand_surge,nearest,110074,19,17,16,2,47,1,136.85000000000008,0,0.8421052631578947,0.8947368421052632,0.058823529411764705,2.764705882352941
demand_surge,nearest,110075,22,13,7,8,48,31,17.400000000000002,1,0.3181818181818182,0.5909090909090909,2.3846153846153846,3.6923076923076925
demand_surge,nearest,110076,24,16,11,8,48,15,68.7,0,0.4583333333333333,0.6666666666666666,0.9375,3.0
demand_surge,nearest,110077,20,14,10,6,42,6,73.10000000000001,0,0.5,0.7,0.42857142857142855,3.0
demand_surge,nearest,110078,22,15,13,7,42,2,77.89999999999998,0,0.5909090909090909,0.6818181818181818,0.13333333333333333,2.8
demand_surge,nearest,110079,20,13,7,5,48,21,37.60000000000001,2,0.35,0.65,1.6153846153846154,3.6923076923076925
demand_surge,nearest,110080,26,15,10,11,43,25,29.449999999999996,0,0.38461538461538464,0.5769230769230769,1.6666666666666667,2.8666666666666667
demand_surge,nearest,110081,26,14,7,11,48,26,4.799999999999997,1,0.2692307692307692,0.5384615384615384,1.8571428571428572,3.4285714285714284
demand_surge,nearest,110082,18,15,11,2,48,12,98.7000000000001,1,0.6111111111111112,0.8333333333333334,0.8,3.2
demand_surge,nearest,110083,20,19,19,1,46,0,165.90000000000012,0,0.95,0.95,0.0,2.4210526315789473
demand_surge,nearest,110084,19,13,7,5,48,44,34.40000000000002,1,0.3684210526315789,0.6842105263157895,3.3846153846153846,3.6923076923076925
demand_surge,nearest,110085,21,15,13,5,48,2,80.30000000000001,1,0.6190476190476191,0.7142857142857143,0.13333333333333333,3.2
demand_surge,nearest,110086,21,14,10,6,48,18,51.099999999999994,1,0.47619047619047616,0.6666666666666666,1.2857142857142858,3.4285714285714284
demand_surge,nearest,110087,28,16,12,12,46,15,37.39999999999998,0,0.42857142857142855,0.5714285714285714,0.9375,2.875
demand_surge,nearest,110088,22,16,13,6,45,6,92.05000000000004,0,0.5909090909090909,0.7272727272727273,0.375,2.8125
demand_surge,nearest,110089,19,16,14,3,48,6,115.00000000000006,0,0.7368421052631579,0.8421052631578947,0.375,3.0
demand_surge,nearest,110090,23,17,16,5,48,1,104.50000000000007,1,0.6956521739130435,0.7391304347826086,0.058823529411764705,2.823529411764706
demand_surge,nearest,110091,26,16,9,9,48,36,37.3,1,0.34615384615384615,0.6153846153846154,2.25,3.0
demand_surge,nearest,110092,24,17,12,7,48,18,84.60000000000001,0,0.5,0.7083333333333334,1.0588235294117647,2.823529411764706
demand_surge,nearest,110093,29,14,8,14,48,19,-15.0,1,0.27586206896551724,0.4827586206896552,1.3571428571428572,3.4285714285714284
demand_surge,nearest,110094,19,16,13,3,46,8,114.30000000000007,0,0.6842105263157895,0.8421052631578947,0.5,2.875
demand_surge,nearest,110095,23,15,8,8,48,28,49.6,0,0.34782608695652173,0.6521739130434783,1.8666666666666667,3.2
demand_surge,nearest,110096,21,14,8,5,48,18,53.90000000000002,2,0.38095238095238093,0.6666666666666666,1.2857142857142858,3.4285714285714284
demand_surge,nearest,110097,23,16,9,7,48,18,74.60000000000001,0,0.391304347826087,0.6956521739130435,1.125,3.0
demand_surge,nearest,110098,23,15,10,8,45,27,51.35,0,0.43478260869565216,0.6521739130434783,1.8,3.0
demand_surge,nearest,110099,15,15,14,0,40,3,133.90000000000006,0,0.9333333333333333,1.0,0.2,2.6666666666666665
demand_surge,nearest,110100,21,13,8,6,48,32,24.700000000000014,2,0.38095238095238093,0.6190476190476191,2.4615384615384617,3.6923076923076925
demand_surge,nearest,110101,23,15,10,7,48,24,52.39999999999999,1,0.43478260869565216,0.6521739130434783,1.6,3.2
demand_surge,nearest,110102,21,16,9,5,45,19,90.95000000000003,0,0.42857142857142855,0.7619047619047619,1.1875,2.8125
demand_surge,nearest,110103,22,18,17,4,48,5,127.70000000000005,0,0.7727272727272727,0.8181818181818182,0.2777777777777778,2.6666666666666665
demand_surge,nearest,110104,23,14,11,9,43,11,45.24999999999997,0,0.4782608695652174,0.6086956521739131,0.7857142857142857,3.0714285714285716
demand_surge,nearest,110105,22,14,7,8,47,21,44.849999999999994,0,0.3181818181818182,0.6363636363636364,1.5,3.357142857142857
demand_surge,nearest,110106,18,17,15,1,48,3,143.10000000000008,0,0.8333333333333334,0.9444444444444444,0.17647058823529413,2.823529411764706
demand_surge,nearest,110107,22,14,9,7,48,23,36.099999999999994,1,0.4090909090909091,0.6363636363636364,1.6428571428571428,3.4285714285714284
demand_surge,nearest,110108,14,14,14,0,40,0,126.00000000000006,0,1.0,1.0,0.0,2.857142857142857
demand_surge,nearest,110109,22,12,6,8,48,29,-6.899999999999999,2,0.2727272727272727,0.5454545454545454,2.4166666666666665,4.0
demand_surge,nearest,110110,24,14,11,8,48,22,25.000000000000004,2,0.4583333333333333,0.5833333333333334,1.5714285714285714,3.4285714285714284
demand_surge,nearest,110111,22,17,13,5,47,5,110.05000000000005,0,0.5909090909090909,0.7727272727272727,0.29411764705882354,2.764705882352941
demand_surge,nearest,110112,25,17,13,7,48,23,68.20000000000003,1,0.52,0.68,1.3529411764705883,2.823529411764706
demand_surge,nearest,110113,23,18,17,5,43,1,124.25000000000003,0,0.7391304347826086,0.782608695652174,0.05555555555555555,2.388888888888889
demand_surge,nearest,110114,17,16,14,1,45,5,132.75000000000009,0,0.8235294117647058,0.9411764705882353,0.3125,2.8125
demand_surge,nearest,110115,22,15,8,7,48,28,57.59999999999999,0,0.36363636363636365,0.6818181818181818,1.8666666666666667,3.2
demand_surge,nearest,110116,24,15,8,9,46,21,47.19999999999998,0,0.3333333333333333,0.625,1.4,3.066666666666667
demand_surge,nearest,110117,23,15,9,7,48,38,35.60000000000002,1,0.391304347826087,0.6521739130434783,2.533333333333333,3.2
demand_surge,nearest,110118,25,16,11,9,48,25,53.699999999999996,0,0.44,0.64,1.5625,3.0
demand_surge,nearest,110119,21,16,12,5,45,11,96.55000000000004,0,0.5714285714285714,0.7619047619047619,0.6875,2.8125
demand_surge,nearest,110120,23,16,13,5,48,7,76.0000000000001,2,0.5652173913043478,0.6956521739130435,0.4375,3.0
demand_surge,nearest,110121,21,15,10,6,48,27,66.3,0,0.47619047619047616,0.7142857142857143,1.8,3.2
demand_surge,nearest,110122,23,17,15,5,48,6,97.50000000000009,1,0.6521739130434783,0.7391304347826086,0.35294117647058826,2.823529411764706
demand_surge,nearest,110123,18,13,7,4,48,26,50.09999999999998,1,0.3888888888888889,0.7222222222222222,2.0,3.6923076923076925
demand_surge,nearest,110124,24,16,13,7,48,7,71.50000000000007,1,0.5416666666666666,0.6666666666666666,0.4375,3.0
demand_surge,nearest,110125,26,15,7,11,45,26,28.05000000000001,0,0.2692307692307692,0.5769230769230769,1.7333333333333334,3.0
demand_surge,nearest,110126,23,14,6,8,48,33,28.099999999999987,1,0.2608695652173913,0.6086956521739131,2.357142857142857,3.4285714285714284
demand_surge,nearest,110127,24,11,5,11,48,38,-39.49999999999998,2,0.20833333333333334,0.4583333333333333,3.4545454545454546,4.363636363636363
demand_surge,nearest,110128,18,15,12,3,47,4,106.75000000000006,0,0.6666666666666666,0.8333333333333334,0.26666666666666666,3.1333333333333333
demand_surge,nearest,110129,25,13,8,12,46,24,1.100000000000004,0,0.32,0.52,1.8461538461538463,3.5384615384615383
demand_surge,nearest,110130,21,13,9,6,48,23,24.700000000000017,2,0.42857142857142855,0.6190476190476191,1.7692307692307692,3.6923076923076925
demand_surge,nearest,110131,21,17,14,4,48,7,116.30000000000007,0,0.6666666666666666,0.8095238095238095,0.4117647058823529,2.823529411764706
demand_surge,nearest,110132,27,16,13,11,42,5,53.800000000000004,0,0.48148148148148145,0.5925925925925926,0.3125,2.625
demand_surge,nearest,110133,22,15,14,7,42,3,77.20000000000002,0,0.6363636363636364,0.6818181818181818,0.2,2.8
demand_surge,nearest,110134,24,15,9,9,48,25,43.7,0,0.375,0.625,1.6666666666666667,3.2
demand_surge,nearest,110135,25,13,6,10,48,37,-15.699999999999982,2,0.24,0.52,2.8461538461538463,3.6923076923076925
demand_surge,nearest,110136,27,15,9,12,46,27,19.0,0,0.3333333333333333,0.5555555555555556,1.8,3.066666666666667
demand_surge,nearest,110137,15,12,9,3,42,6,77.10000000000002,0,0.6,0.8,0.5,3.5
demand_surge,nearest,110138,16,14,10,0,48,19,92.50000000000007,2,0.625,0.875,1.3571428571428572,3.4285714285714284
demand_surge,nearest,110139,27,16,7,11,47,29,35.249999999999986,0,0.25925925925925924,0.5925925925925926,1.8125,2.9375
demand_surge,nearest,110140,28,16,12,12,41,15,39.15,0,0.42857142857142855,0.5714285714285714,0.9375,2.5625
demand_surge,nearest,110141,21,14,8,7,46,25,50.400000000000006,0,0.38095238095238093,0.6666666666666666,1.7857142857142858,3.2857142857142856
demand_surge,nearest,110142,23,18,16,5,48,3,121.10000000000014,0,0.6956521739130435,0.782608695652174,0.16666666666666666,2.6666666666666665
demand_surge,nearest,110143,20,17,15,3,46,5,126.40000000000006,0,0.75,0.85,0.29411764705882354,2.7058823529411766
demand_surge,nearest,110144,21,15,9,6,45,20,72.25,0,0.42857142857142855,0.7142857142857143,1.3333333333333333,3.0
demand_surge,nearest,110145,21,16,14,5,39,3,104.25000000000001,0,0.6666666666666666,0.7619047619047619,0.1875,2.4375
demand_surge,nearest,110146,25,16,9,9,46,19,58.59999999999999,0,0.36,0.64,1.1875,2.875
demand_surge,nearest,110147,28,16,12,10,48,8,39.5,2,0.42857142857142855,0.5714285714285714,0.5,3.0
demand_surge,nearest,110148,25,17,11,8,47,14,79.75000000000004,0,0.44,0.68,0.8235294117647058,2.764705882352941
demand_surge,nearest,110149,21,16,11,4,48,12,94.10000000000007,1,0.5238095238095238,0.7619047619047619,0.75,3.0
demand_surge,nearest,110150,19,14,10,5,46,14,74.10000000000004,0,0.5263157894736842,0.7368421052631579,1.0,3.2857142857142856
demand_surge,nearest,110151,22,16,12,5,48,16,84.00000000000003,1,0.5454545454545454,0.7272727272727273,1.0,3.0
demand_surge,nearest,110152,20,14,10,5,48,21,55.60000000000002,1,0.5,0.7,1.5,3.4285714285714284
demand_surge,nearest,110153,23,16,12,6,48,19,73.90000000000005,1,0.5217391304347826,0.6956521739130435,1.1875,3.0
demand_surge,nearest,110154,24,17,14,6,48,7,89.50000000000006,1,0.5833333333333334,0.7083333333333334,0.4117647058823529,2.823529411764706
demand_surge,nearest,110155,21,18,18,3,45,0,140.25000000000006,0,0.8571428571428571,0.8571428571428571,0.0,2.5
demand_surge,nearest,110156,23,12,7,9,48,25,-12.800000000000004,2,0.30434782608695654,0.5217391304347826,2.0833333333333335,4.0
demand_surge,nearest,110157,19,18,17,1,48,1,154.50000000000009,0,0.8947368421052632,0.9473684210526315,0.05555555555555555,2.6666666666666665
demand_surge,nearest,110158,26,16,12,9,48,14,53.39999999999998,1,0.46153846153846156,0.6153846153846154,0.875,3.0
demand_surge,nearest,110159,27,15,7,12,45,28,18.650000000000002,0,0.25925925925925924,0.5555555555555556,1.8666666666666667,3.0
demand_surge,nearest,110160,22,18,17,4,43,4,130.15000000000003,0,0.7727272727272727,0.8181818181818182,0.2222222222222222,2.388888888888889
demand_surge,nearest,110161,20,14,9,5,48,14,64.70000000000002,1,0.45,0.7,1.0,3.4285714285714284
demand_surge,nearest,110162,21,12,6,8,48,41,2.5000000000000036,1,0.2857142857142857,0.5714285714285714,3.4166666666666665,4.0
demand_surge,nearest,110163,22,15,10,7,48,18,64.6,0,0.45454545454545453,0.6818181818181818,1.2,3.2
demand_surge,nearest,110164,26,15,10,11,46,23,29.80000000000001,0,0.38461538461538464,0.5769230769230769,1.5333333333333334,3.066666666666667
demand_surge,nearest,110165,21,12,6,7,48,28,1.0999999999999908,2,0.2857142857142857,0.5714285714285714,2.3333333333333335,4.0
demand_surge,nearest,110166,27,16,8,11,48,18,42.600000000000016,0,0.2962962962962963,0.5925925925925926,1.125,3.0
demand_surge,nearest,110167,17,15,12,2,44,16,107.40000000000003,0,0.7058823529411765,0.8823529411764706,1.0666666666666667,2.933333333333333
demand_surge,nearest,110168,21,17,15,4,48,3,119.10000000000008,0,0.7142857142857143,0.8095238095238095,0.17647058823529413,2.823529411764706
demand_surge,nearest,110169,25,14,11,10,48,15,23.999999999999982,1,0.44,0.56,1.0714285714285714,3.4285714285714284
demand_surge,nearest,110170,23,16,12,6,48,15,74.60000000000002,1,0.5217391304347826,0.6956521739130435,0.9375,3.0
demand_surge,nearest,110171,21,17,9,4,48,21,106.50000000000004,0,0.42857142857142855,0.8095238095238095,1.2352941176470589,2.823529411764706
demand_surge,nearest,110172,19,14,9,4,48,25,65.7,1,0.47368421052631576,0.7368421052631579,1.7857142857142858,3.4285714285714284
demand_surge,nearest,110173,22,15,9,7,48,31,55.500000000000014,0,0.4090909090909091,0.6818181818181818,2.066666666666667,3.2
demand_surge,nearest,110174,24,17,14,7,48,10,90.20000000000003,0,0.5833333333333334,0.7083333333333334,0.5882352941176471,2.823529411764706
demand_surge,nearest,110175,24,13,9,9,48,30,3.4999999999999893,2,0.375,0.5416666666666666,2.3076923076923075,3.6923076923076925
demand_surge,nearest,110176,25,15,10,10,48,25,35.69999999999998,0,0.4,0.6,1.6666666666666667,3.2
demand_surge,nearest,110177,23,16,12,6,48,14,76.00000000000001,1,0.5217391304347826,0.6956521739130435,0.875,3.0
demand_surge,nearest,110178,17,16,13,1,40,6,133.80000000000007,0,0.7647058823529411,0.9411764705882353,0.375,2.5
demand_surge,nearest,110179,21,15,10,6,48,15,74.70000000000003,0,0.47619047619047616,0.7142857142857143,1.0,3.2
demand_surge,nearest,110180,19,14,11,5,46,17,72.0,0,0.5789473684210527,0.7368421052631579,1.2142857142857142,3.2857142857142856
demand_surge,nearest,110181,18,15,12,3,44,8,105.00000000000006,0,0.6666666666666666,0.8333333333333334,0.5333333333333333,2.933333333333333
demand_surge,nearest,110182,19,15,13,4,46,7,97.00000000000004,0,0.6842105263157895,0.7894736842105263,0.4666666666666667,3.066666666666667
demand_surge,nearest,110183,28,16,10,11,48,29,24.799999999999994,1,0.35714285714285715,0.5714285714285714,1.8125,3.0
demand_surge,nearest,110184,19,14,6,5,48,29,62.90000000000003,0,0.3157894736842105,0.7368421052631579,2.0714285714285716,3.4285714285714284
demand_surge,nearest,110185,21,16,11,5,48,18,90.60000000000008,0,0.5238095238095238,0.7619047619047619,1.125,3.0
demand_surge,nearest,110186,16,15,11,1,48,17,113.3000000000001,0,0.6875,0.9375,1.1333333333333333,3.2
demand_surge,nearest,110187,25,13,6,11,48,36,-7.999999999999995,1,0.24,0.52,2.769230769230769,3.6923076923076925
demand_surge,nearest,110188,21,14,7,7,48,43,37.09999999999999,0,0.3333333333333333,0.6666666666666666,3.0714285714285716,3.4285714285714284
demand_surge,nearest,110189,18,15,14,3,44,1,109.90000000000003,0,0.7777777777777778,0.8333333333333334,0.06666666666666667,2.933333333333333
demand_surge,nearest,110190,25,16,12,9,46,18,59.29999999999998,0,0.48,0.64,1.125,2.875
demand_surge,nearest,110191,19,16,11,3,48,14,109.40000000000006,0,0.5789473684210527,0.8421052631578947,0.875,3.0
demand_surge,nearest,110192,22,16,11,6,48,18,82.60000000000004,0,0.5,0.7272727272727273,1.125,3.0
demand_surge,nearest,110193,22,15,12,7,45,5,74.75,0,0.5454545454545454,0.6818181818181818,0.3333333333333333,3.0
demand_surge,nearest,110194,24,16,11,8,44,13,71.49999999999999,0,0.4583333333333333,0.6666666666666666,0.8125,2.75
demand_surge,nearest,110195,20,17,14,3,45,5,126.75000000000009,0,0.7,0.85,0.29411764705882354,2.6470588235294117
demand_surge,nearest,110196,21,15,13,6,47,11,77.85000000000002,0,0.6190476190476191,0.7142857142857143,0.7333333333333333,3.1333333333333333
demand_surge,nearest,110197,21,15,10,6,48,16,74.00000000000003,0,0.47619047619047616,0.7142857142857143,1.0666666666666667,3.2
demand_surge,nearest,110198,22,14,9,8,45,26,42.04999999999999,0,0.4090909090909091,0.6363636363636364,1.8571428571428572,3.2142857142857144
demand_surge,nearest,110199,24,16,10,7,48,12,68.70000000000002,1,0.4166666666666667,0.6666666666666666,0.75,3.0
demand_surge,nearest,110200,17,17,17,0,45,0,154.2500000000001,0,1.0,1.0,0.0,2.6470588235294117
demand_surge,nearest,110201,23,14,10,9,46,14,42.10000000000001,0,0.43478260869565216,0.6086956521739131,1.0,3.2857142857142856
demand_surge,nearest,110202,20,15,12,5,48,21,78.5,0,0.6,0.75,1.4,3.2
demand_surge,nearest,110203,22,15,12,6,48,8,68.79999999999998,1,0.5454545454545454,0.6818181818181818,0.5333333333333333,3.2
demand_surge,nearest,110204,22,15,10,6,48,17,63.900000000000006,1,0.45454545454545453,0.6818181818181818,1.1333333333333333,3.2
demand_surge,nearest,110205,23,14,4,9,48,42,21.80000000000001,0,0.17391304347826086,0.6086956521739131,3.0,3.4285714285714284
demand_surge,nearest,110206,23,16,13,5,48,7,78.8000000000001,2,0.5652173913043478,0.6956521739130435,0.4375,3.0
demand_surge,nearest,110207,22,14,7,7,48,24,42.39999999999998,1,0.3181818181818182,0.6363636363636364,1.7142857142857142,3.4285714285714284
demand_surge,nearest,110208,26,19,15,7,48,11,109.50000000000006,0,0.5769230769230769,0.7307692307692307,0.5789473684210527,2.526315789473684
demand_surge,nearest,110209,21,14,9,7,48,14,57.399999999999984,0,0.42857142857142855,0.6666666666666666,1.0,3.4285714285714284
demand_surge,nearest,110210,20,17,16,3,47,1,128.85000000000005,0,0.8,0.85,0.058823529411764705,2.764705882352941
demand_surge,nearest,110211,24,14,8,10,42,20,31.30000000000001,0,0.3333333333333333,0.5833333333333334,1.4285714285714286,3.0
demand_surge,nearest,110212,25,15,9,10,48,21,38.499999999999986,0,0.36,0.6,1.4,3.2
demand_surge,nearest,110213,26,14,7,10,48,29,4.1000000000000085,2,0.2692307692307692,0.5384615384615384,2.0714285714285716,3.4285714285714284
demand_surge,nearest,110214,24,14,6,9,48,30,22.20000000000001,1,0.25,0.5833333333333334,2.142857142857143,3.4285714285714284
demand_surge,nearest,110215,21,16,12,4,48,9,96.90000000000005,1,0.5714285714285714,0.7619047619047619,0.5625,3.0
demand_surge,nearest,110216,23,15,11,7,48,14,59.40000000000002,1,0.4782608695652174,0.6521739130434783,0.9333333333333333,3.2
demand_surge,nearest,110217,23,16,11,6,48,16,75.30000000000003,1,0.4782608695652174,0.6956521739130435,1.0,3.0
demand_surge,nearest,110218,20,13,7,6,48,24,35.499999999999986,1,0.35,0.65,1.8461538461538463,3.6923076923076925
demand_surge,nearest,110219,19,17,17,2,48,0,137.20000000000016,0,0.8947368421052632,0.8947368421052632,0.0,2.823529411764706
demand_surge,nearest,110220,25,16,7,8,48,34,45.999999999999986,1,0.28,0.64,2.125,3.0
demand_surge,nearest,110221,21,15,11,6,42,16,76.10000000000002,0,0.5238095238095238,0.7142857142857143,1.0666666666666667,2.8
demand_surge,nearest,110222,23,14,7,8,48,27,32.3,1,0.30434782608695654,0.6086956521739131,1.9285714285714286,3.4285714285714284
demand_surge,nearest,110223,26,16,13,10,44,12,56.19999999999998,0,0.5,0.6153846153846154,0.75,2.75
demand_surge,nearest,110224,22,15,12,6,48,14,66.70000000000002,1,0.5454545454545454,0.6818181818181818,0.9333333333333333,3.2
demand_surge,nearest,110225,25,15,9,10,46,16,42.69999999999999,0,0.36,0.6,1.0666666666666667,3.066666666666667
demand_surge,nearest,110226,19,15,11,4,48,12,92.80000000000007,0,0.5789473684210527,0.7894736842105263,0.8,3.2
demand_surge,nearest,110227,21,17,13,4,45,8,116.65000000000006,0,0.6190476190476191,0.8095238095238095,0.47058823529411764,2.6470588235294117
demand_surge,nearest,110228,25,17,13,7,48,11,81.50000000000006,1,0.52,0.68,0.6470588235294118,2.823529411764706
demand_surge,nearest,110229,22,15,10,7,48,24,60.39999999999999,0,0.45454545454545453,0.6818181818181818,1.6,3.2
demand_surge,nearest,110230,23,15,9,8,48,24,52.399999999999984,0,0.391304347826087,0.6521739130434783,1.6,3.2
demand_surge,nearest,110231,24,17,12,6,48,12,87.40000000000003,1,0.5,0.7083333333333334,0.7058823529411765,2.823529411764706
demand_surge,nearest,110232,23,15,7,8,45,16,59.05,0,0.30434782608695654,0.6521739130434783,1.0666666666666667,3.0
demand_surge,nearest,110233,19,13,8,5,48,18,46.300000000000026,1,0.42105263157894735,0.6842105263157895,1.3846153846153846,3.6923076923076925
demand_surge,nearest,110234,19,13,9,6,44,11,58.89999999999998,0,0.47368421052631576,0.6842105263157895,0.8461538461538461,3.3846153846153846
demand_surge,nearest,110235,18,13,4,5,48,36,47.99999999999999,0,0.2222222222222222,0.7222222222222222,2.769230769230769,3.6923076923076925
demand_surge,nearest,110236,22,19,17,3,48,2,147.80000000000015,0,0.7727272727272727,0.8636363636363636,0.10526315789473684,2.526315789473684
demand_surge,nearest,110237,18,13,8,5,47,16,62.34999999999999,0,0.4444444444444444,0.7222222222222222,1.2307692307692308,3.6153846153846154
demand_surge,nearest,110238,19,16,10,3,46,13,110.80000000000003,0,0.5263157894736842,0.8421052631578947,0.8125,2.875
demand_surge,nearest,110239,17,15,11,2,48,12,108.80000000000004,0,0.6470588235294118,0.8823529411764706,0.8,3.2
demand_surge,nearest,110240,21,17,12,4,48,13,112.10000000000008,0,0.5714285714285714,0.8095238095238095,0.7647058823529411,2.823529411764706
demand_surge,nearest,110241,29,15,8,14,48,27,2.3000000000000234,0,0.27586206896551724,0.5172413793103449,1.8,3.2
demand_surge,nearest,110242,25,16,11,8,48,16,58.599999999999994,1,0.44,0.64,1.0,3.0
demand_surge,nearest,110243,23,14,6,9,48,39,23.9,0,0.2608695652173913,0.6086956521739131,2.7857142857142856,3.4285714285714284
demand_surge,nearest,110244,29,16,12,11,48,18,23.100000000000005,2,0.41379310344827586,0.5517241379310345,1.125,3.0
demand_surge,nearest,110245,22,15,9,7,48,24,60.399999999999984,0,0.4090909090909091,0.6818181818181818,1.6,3.2
demand_surge,nearest,110246,22,16,8,6,48,36,70.00000000000003,0,0.36363636363636365,0.7272727272727273,2.25,3.0
demand_surge,nearest,110247,20,17,14,3,42,6,127.10000000000008,0,0.7,0.85,0.35294117647058826,2.4705882352941178
demand_surge,nearest,110248,26,16,10,10,44,10,57.59999999999997,0,0.38461538461538464,0.6153846153846154,0.625,2.75
demand_surge,nearest,110249,17,17,16,0,48,1,152.5000000000001,0,0.9411764705882353,1.0,0.058823529411764705,2.823529411764706
demand_surge,nearest,110250,21,14,9,7,48,18,54.599999999999994,0,0.42857142857142855,0.6666666666666666,1.2857142857142858,3.4285714285714284
demand_surge,nearest,110251,24,17,12,7,48,10,90.20000000000005,0,0.5,0.7083333333333334,0.5882352941176471,2.823529411764706
demand_surge,nearest,110252,19,18,15,1,48,10,148.20000000000016,0,0.7894736842105263,0.9473684210526315,0.5555555555555556,2.6666666666666665
demand_surge,nearest,110253,16,13,11,1,48,6,78.70000000000007,2,0.6875,0.8125,0.46153846153846156,3.6923076923076925
demand_surge,nearest,110254,21,15,11,6,40,7,83.10000000000002,0,0.5238095238095238,0.7142857142857143,0.4666666666666667,2.6666666666666665
demand_surge,nearest,110255,19,15,11,3,48,11,93.50000000000006,1,0.5789473684210527,0.7894736842105263,0.7333333333333333,3.2
demand_surge,nearest,110256,19,13,9,5,48,28,40.69999999999999,1,0.47368421052631576,0.6842105263157895,2.1538461538461537,3.6923076923076925
demand_surge,nearest,110257,23,15,10,7,48,22,53.80000000000002,1,0.43478260869565216,0.6521739130434783,1.4666666666666666,3.2
demand_surge,nearest,110258,24,16,11,7,48,20,62.400000000000034,1,0.4583333333333333,0.6666666666666666,1.25,3.0
demand_surge,nearest,110259,22,13,7,7,48,31,13.899999999999991,2,0.3181818181818182,0.5909090909090909,2.3846153846153846,3.6923076923076925
demand_surge,nearest,110260,21,15,10,6,47,18,72.94999999999999,0,0.47619047619047616,0.7142857142857143,1.2,3.1333333333333333
demand_surge,nearest,110261,24,15,9,9,48,21,46.49999999999998,0,0.375,0.625,1.4,3.2
demand_surge,nearest,110262,21,15,10,6,48,28,65.60000000000004,0,0.47619047619047616,0.7142857142857143,1.8666666666666667,3.2
demand_surge,nearest,110263,28,17,12,10,48,16,53.999999999999986,1,0.42857142857142855,0.6071428571428571,0.9411764705882353,2.823529411764706
demand_surge,nearest,110264,18,16,12,1,48,14,116.7000000000001,1,0.6666666666666666,0.8888888888888888,0.875,3.0
demand_surge,nearest,110265,22,14,7,7,48,38,31.199999999999985,1,0.3181818181818182,0.6363636363636364,2.7142857142857144,3.4285714285714284
demand_surge,nearest,110266,27,18,15,9,48,8,85.60000000000002,0,0.5555555555555556,0.6666666666666666,0.4444444444444444,2.6666666666666665
demand_surge,nearest,110267,18,15,14,3,44,1,109.90000000000008,0,0.7777777777777778,0.8333333333333334,0.06666666666666667,2.933333333333333
demand_surge,nearest,110268,21,15,10,6,48,23,69.10000000000002,0,0.47619047619047616,0.7142857142857143,1.5333333333333334,3.2
demand_surge,nearest,110269,19,14,12,5,48,8,77.60000000000001,0,0.631578947368421,0.7368421052631579,0.5714285714285714,3.4285714285714284
demand_surge,nearest,110270,26,14,5,12,48,32,4.800000000000003,0,0.19230769230769232,0.5384615384615384,2.2857142857142856,3.4285714285714284
demand_surge,nearest,110271,22,17,14,5,47,12,105.15000000000006,0,0.6363636363636364,0.7727272727272727,0.7058823529411765,2.764705882352941
demand_surge,nearest,110272,24,16,11,8,48,19,65.90000000000002,0,0.4583333333333333,0.6666666666666666,1.1875,3.0
demand_surge,nearest,110273,16,15,13,1,41,3,125.55000000000007,0,0.8125,0.9375,0.2,2.7333333333333334
demand_surge,nearest,110274,23,17,10,6,48,32,82.80000000000004,0,0.43478260869565216,0.7391304347826086,1.8823529411764706,2.823529411764706
demand_surge,nearest,110275,18,15,11,2,48,16,96.60000000000007,1,0.6111111111111112,0.8333333333333334,1.0666666666666667,3.2
demand_surge,nearest,110276,24,18,16,6,48,2,113.80000000000007,0,0.6666666666666666,0.75,0.1111111111111111,2.6666666666666665
demand_surge,nearest,110277,20,16,16,4,43,0,112.95000000000005,0,0.8,0.8,0.0,2.6875
demand_surge,nearest,110278,20,17,16,3,47,3,127.4500000000001,0,0.8,0.85,0.17647058823529413,2.764705882352941
demand_surge,nearest,110279,20,14,9,5,48,13,62.599999999999994,1,0.45,0.7,0.9285714285714286,3.4285714285714284
demand_surge,nearest,110280,19,13,8,5,48,30,44.2,1,0.42105263157894735,0.6842105263157895,2.3076923076923075,3.6923076923076925
demand_surge,nearest,110281,18,15,11,3,48,14,99.40000000000008,0,0.6111111111111112,0.8333333333333334,0.9333333333333333,3.2
demand_surge,nearest,110282,17,15,15,2,39,0,120.35000000000002,0,0.8823529411764706,0.8823529411764706,0.0,2.6
demand_surge,nearest,110283,25,16,13,8,48,18,58.60000000000001,1,0.52,0.64,1.125,3.0
demand_surge,nearest,110284,22,14,8,7,48,26,37.5,1,0.36363636363636365,0.6363636363636364,1.8571428571428572,3.4285714285714284
demand_surge,nearest,110285,24,13,4,10,48,40,-5.599999999999999,1,0.16666666666666666,0.5416666666666666,3.076923076923077,3.6923076923076925
demand_surge,nearest,110286,18,13,7,3,48,29,48.70000000000002,2,0.3888888888888889,0.7222222222222222,2.230769230769231,3.6923076923076925
demand_surge,nearest,110287,25,14,8,11,43,31,15.250000000000007,0,0.32,0.56,2.2142857142857144,3.0714285714285716
demand_surge,nearest,110288,20,13,5,6,48,33,34.099999999999994,1,0.25,0.65,2.5384615384615383,3.6923076923076925
demand_surge,nearest,110289,26,16,9,10,48,21,48.499999999999986,0,0.34615384615384615,0.6153846153846154,1.3125,3.0
demand_surge,nearest,110290,22,15,10,7,44,15,68.1,0,0.45454545454545453,0.6818181818181818,1.0,2.933333333333333
demand_surge,nearest,110291,20,15,11,4,48,7,88.30000000000005,1,0.55,0.75,0.4666666666666667,3.2
demand_surge,nearest,110292,21,16,11,5,45,15,93.75000000000004,0,0.5238095238095238,0.7619047619047619,0.9375,2.8125
demand_surge,nearest,110293,21,16,11,3,48,14,92.70000000000009,2,0.5238095238095238,0.7619047619047619,0.875,3.0
demand_surge,nearest,110294,25,13,5,10,48,48,-21.999999999999986,2,0.2,0.52,3.6923076923076925,3.6923076923076925
demand_surge,nearest,110295,16,13,9,3,46,16,78.7,0,0.5625,0.8125,1.2307692307692308,3.5384615384615383
demand_surge,nearest,110296,22,16,14,5,48,11,84.70000000000006,1,0.6363636363636364,0.7272727272727273,0.6875,3.0
demand_surge,nearest,110297,26,14,5,12,47,42,-1.8500000000000005,0,0.19230769230769232,0.5384615384615384,3.0,3.357142857142857
demand_surge,nearest,110298,26,17,10,9,48,24,64.4,0,0.38461538461538464,0.6538461538461539,1.411764705882353,2.823529411764706
demand_surge,nearest,110299,24,16,12,7,48,17,66.60000000000004,1,0.5,0.6666666666666666,1.0625,3.0
demand_surge,deadline,110000,19,14,13,5,37,1,86.35,0,0.6842105263157895,0.7368421052631579,0.07142857142857142,2.642857142857143
demand_surge,deadline,110001,22,15,12,7,44,8,72.99999999999999,0,0.5454545454545454,0.6818181818181818,0.5333333333333333,2.933333333333333
demand_surge,deadline,110002,19,13,8,6,43,28,47.34999999999998,0,0.42105263157894735,0.6842105263157895,2.1538461538461537,3.3076923076923075
demand_surge,deadline,110003,26,15,8,11,48,36,20.000000000000014,0,0.3076923076923077,0.5769230769230769,2.4,3.2
demand_surge,deadline,110004,20,16,14,4,47,4,108.75000000000003,0,0.7,0.8,0.25,2.9375
demand_surge,deadline,110005,22,14,10,8,46,6,55.699999999999974,0,0.45454545454545453,0.6363636363636364,0.42857142857142855,3.2857142857142856
demand_surge,deadline,110006,21,15,8,6,45,33,63.15,0,0.38095238095238093,0.7142857142857143,2.2,3.0
demand_surge,deadline,110007,23,13,7,8,48,27,10.099999999999987,2,0.30434782608695654,0.5652173913043478,2.076923076923077,3.6923076923076925
demand_surge,deadline,110008,26,16,11,10,45,26,46.04999999999998,0,0.4230769230769231,0.6153846153846154,1.625,2.8125
demand_surge,deadline,110009,22,15,8,7,48,18,64.60000000000001,0,0.36363636363636365,0.6818181818181818,1.2,3.2
demand_surge,deadline,110010,21,16,11,5,48,20,89.20000000000006,0,0.5238095238095238,0.7619047619047619,1.25,3.0
demand_surge,deadline,110011,28,16,14,11,48,3,45.09999999999997,1,0.5,0.5714285714285714,0.1875,3.0
demand_surge,deadline,110012,19,14,6,5,48,26,65.00000000000003,0,0.3157894736842105,0.7368421052631579,1.8571428571428572,3.4285714285714284
demand_surge,deadline,110013,27,17,12,10,47,17,61.64999999999996,0,0.4444444444444444,0.6296296296296297,1.0,2.764705882352941
demand_surge,deadline,110014,17,14,12,3,45,5,96.75000000000001,0,0.7058823529411765,0.8235294117647058,0.35714285714285715,3.2142857142857144
demand_surge,deadline,110015,24,15,9,9,48,17,49.29999999999999,0,0.375,0.625,1.1333333333333333,3.2
demand_surge,deadline,110016,15,13,12,1,48,3,93.70000000000009,1,0.8,0.8666666666666667,0.23076923076923078,3.6923076923076925
demand_surge,deadline,110017,28,15,7,13,46,26,11.700000000000035,0,0.25,0.5357142857142857,1.7333333333333334,3.066666666666667
demand_surge,deadline,110018,20,15,9,3,48,14,82.70000000000006,2,0.45,0.75,0.9333333333333333,3.2
demand_surge,deadline,110019,20,12,7,6,48,33,10.499999999999986,2,0.35,0.6,2.75,4.0
demand_surge,deadline,110020,20,14,9,6,44,20,62.59999999999999,0,0.45,0.7,1.4285714285714286,3.142857142857143
demand_surge,deadline,110021,26,19,18,7,48,1,116.50000000000006,0,0.6923076923076923,0.7307692307692307,0.05263157894736842,2.526315789473684
demand_surge,deadline,110022,19,13,6,5,48,31,41.400000000000006,1,0.3157894736842105,0.6842105263157895,2.3846153846153846,3.6923076923076925
demand_surge,deadline,110023,17,15,14,2,39,2,118.95000000000005,0,0.8235294117647058,0.8823529411764706,0.13333333333333333,2.6
demand_surge,deadline,110024,16,16,13,0,48,4,140.40000000000015,0,0.8125,1.0,0.25,3.0
demand_surge,deadline,110025,24,19,19,5,40,0,136.0000000000001,0,0.7916666666666666,0.7916666666666666,0.0,2.1052631578947367
demand_surge,deadline,110026,22,12,5,9,48,43,-9.700000000000006,1,0.22727272727272727,0.5454545454545454,3.5833333333333335,4.0
demand_surge,deadline,110027,19,16,12,3,47,6,115.35000000000008,0,0.631578947368421,0.8421052631578947,0.375,2.9375
demand_surge,deadline,110028,22,13,9,7,48,11,27.19999999999996,2,0.4090909090909091,0.5909090909090909,0.8461538461538461,3.6923076923076925
demand_surge,deadline,110029,22,12,6,8,48,33,-6.900000000000013,2,0.2727272727272727,0.5454545454545454,2.75,4.0
demand_surge,deadline,110030,21,13,5,7,48,27,26.8,1,0.23809523809523808,0.6190476190476191,2.076923076923077,3.6923076923076925
demand_surge,deadline,110031,30,15,7,15,48,19,-0.0999999999999982,0,0.23333333333333334,0.5,1.2666666666666666,3.2
demand_surge,deadline,110032,29,15,10,14,41,10,16.650000000000002,0,0.3448275862068966,0.5172413793103449,0.6666666666666666,2.7333333333333334
demand_surge,deadline,110033,26,18,16,8,48,5,95.70000000000006,0,0.6153846153846154,0.6923076923076923,0.2777777777777778,2.6666666666666665
demand_surge,deadline,110034,21,13,5,6,48,35,21.90000000000001,2,0.23809523809523808,0.6190476190476191,2.6923076923076925,3.6923076923076925
demand_surge,deadline,110035,27,16,9,10,48,21,40.49999999999999,1,0.3333333333333333,0.5925925925925926,1.3125,3.0
demand_surge,deadline,110036,23,16,9,7,48,19,73.9,0,0.391304347826087,0.6956521739130435,1.1875,3.0
demand_surge,deadline,110037,23,13,5,8,48,46,-5.299999999999994,2,0.21739130434782608,0.5652173913043478,3.5384615384615383,3.6923076923076925
demand_surge,deadline,110038,26,15,7,11,48,27,26.300000000000015,0,0.2692307692307692,0.5769230769230769,1.8,3.2
demand_surge,deadline,110039,20,12,5,6,48,43,2.799999999999997,2,0.25,0.6,3.5833333333333335,4.0
demand_surge,deadline,110040,26,16,11,10,47,15,53.04999999999999,0,0.4230769230769231,0.6153846153846154,0.9375,2.9375
demand_surge,deadline,110041,24,16,10,8,48,19,65.89999999999999,0,0.4166666666666667,0.6666666666666666,1.1875,3.0
demand_surge,deadline,110042,20,18,15,2,48,10,140.2000000000001,0,0.75,0.9,0.5555555555555556,2.6666666666666665
demand_surge,deadline,110043,14,14,14,0,44,0,124.60000000000008,0,1.0,1.0,0.0,3.142857142857143
demand_surge,deadline,110044,23,15,9,7,48,22,50.3,1,0.391304347826087,0.6521739130434783,1.4666666666666666,3.2
demand_surge,deadline,110045,26,15,11,9,48,7,37.499999999999986,2,0.4230769230769231,0.5769230769230769,0.4666666666666667,3.2
demand_surge,deadline,110046,21,13,9,7,48,7,44.29999999999998,1,0.42857142857142855,0.6190476190476191,0.5384615384615384,3.6923076923076925
demand_surge,deadline,110047,25,15,12,10,43,10,47.949999999999996,0,0.48,0.6,0.6666666666666666,2.8666666666666667
demand_surge,deadline,110048,22,17,16,4,48,1,112.50000000000009,1,0.7272727272727273,0.7727272727272727,0.058823529411764705,2.823529411764706
demand_surge,deadline,110049,24,15,8,9,48,21,46.49999999999999,0,0.3333333333333333,0.625,1.4,3.2
demand_surge,deadline,110050,27,14,7,13,47,32,-2.8499999999999828,0,0.25925925925925924,0.5185185185185185,2.2857142857142856,3.357142857142857
demand_surge,deadline,110051,22,15,9,5,48,13,63.2,2,0.4090909090909091,0.6818181818181818,0.8666666666666667,3.2
demand_surge,deadline,110052,21,16,14,5,48,5,99.70000000000002,0,0.6666666666666666,0.7619047619047619,0.3125,3.0
demand_surge,deadline,110053,21,14,7,7,46,29,47.59999999999998,0,0.3333333333333333,0.6666666666666666,2.0714285714285716,3.2857142857142856
demand_surge,deadline,110054,23,13,6,8,48,17,19.199999999999992,2,0.2608695652173913,0.5652173913043478,1.3076923076923077,3.6923076923076925
demand_surge,deadline,110055,26,15,5,11,48,39,17.900000000000013,0,0.19230769230769232,0.5769230769230769,2.6,3.2
demand_surge,deadline,110056,23,15,7,8,45,31,48.54999999999999,0,0.30434782608695654,0.6521739130434783,2.066666666666667,3.0
demand_surge,deadline,110057,20,15,11,4,48,9,86.90000000000002,1,0.55,0.75,0.6,3.2
demand_surge,deadline,110058,20,15,11,5,43,5,91.44999999999999,0,0.55,0.75,0.3333333333333333,2.8666666666666667
demand_surge,deadline,110059,23,14,8,8,48,23,32.3,1,0.34782608695652173,0.6086956521739131,1.6428571428571428,3.4285714285714284
demand_surge,deadline,110060,18,13,9,3,48,13,62.00000000000004,2,0.5,0.7222222222222222,1.0,3.6923076923076925
demand_surge,deadline,110061,21,15,13,6,45,3,84.15000000000002,0,0.6190476190476191,0.7142857142857143,0.2,3.0
demand_surge,deadline,110062,27,14,5,12,48,44,-11.599999999999987,1,0.18518518518518517,0.5185185185185185,3.142857142857143,3.4285714285714284
demand_surge,deadline,110063,17,14,13,2,48,2,96.40000000000009,1,0.7647058823529411,0.8235294117647058,0.14285714285714285,3.4285714285714284
demand_surge,deadline,110064,21,16,11,5,43,7,100.05000000000005,0,0.5238095238095238,0.7619047619047619,0.4375,2.6875
demand_surge,deadline,110065,21,13,8,7,48,22,32.39999999999999,1,0.38095238095238093,0.6190476190476191,1.6923076923076923,3.6923076923076925
demand_surge,deadline,110066,22,18,11,4,48,26,113.00000000000007,0,0.5,0.8181818181818182,1.4444444444444444,2.6666666666666665
demand_surge,deadline,110067,19,14,9,5,48,8,77.6,0,0.47368421052631576,0.7368421052631579,0.5714285714285714,3.4285714285714284
demand_surge,deadline,110068,16,16,15,0,47,1,142.85000000000008,0,0.9375,1.0,0.0625,2.9375
demand_surge,deadline,110069,20,13,4,7,45,37,32.35,0,0.2,0.65,2.8461538461538463,3.4615384615384617
demand_surge,deadline,110070,18,14,8,3,48,15,80.70000000000007,1,0.4444444444444444,0.7777777777777778,1.0714285714285714,3.4285714285714284
demand_surge,deadline,110071,16,14,13,2,42,3,107.20000000000002,0,0.8125,0.875,0.21428571428571427,3.0
demand_surge,deadline,110072,26,15,9,11,45,22,30.85000000000001,0,0.34615384615384615,0.5769230769230769,1.4666666666666666,3.0
demand_surge,deadline,110073,26,15,11,10,48,12,36.799999999999976,1,0.4230769230769231,0.5769230769230769,0.8,3.2
demand_surge,deadline,110074,19,16,15,3,43,1,120.25000000000006,0,0.7894736842105263,0.8421052631578947,0.0625,2.6875
demand_surge,deadline,110075,22,13,6,7,48,24,20.900000000000013,2,0.2727272727272727,0.5909090909090909,1.8461538461538463,3.6923076923076925
demand_surge,deadline,110076,24,14,8,10,44,24,27.800000000000004,0,0.3333333333333333,0.5833333333333334,1.7142857142857142,3.142857142857143
demand_surge,deadline,110077,20,14,10,6,42,6,73.10000000000001,0,0.5,0.7,0.42857142857142855,3.0
demand_surge,deadline,110078,22,15,12,7,42,3,77.19999999999997,0,0.5454545454545454,0.6818181818181818,0.2,2.8
demand_surge,deadline,110079,20,13,7,5,48,16,43.2,2,0.35,0.65,1.2307692307692308,3.6923076923076925
demand_surge,deadline,110080,26,14,9,11,48,19,13.199999999999992,1,0.34615384615384615,0.5384615384615384,1.3571428571428572,3.4285714285714284
demand_surge,deadline,110081,26,15,7,11,48,27,26.299999999999997,0,0.2692307692307692,0.5769230769230769,1.8,3.2
demand_surge,deadline,110082,18,16,14,2,46,4,125.10000000000011,0,0.7777777777777778,0.8888888888888888,0.25,2.875
demand_surge,deadline,110083,20,19,19,1,46,0,165.90000000000012,0,0.95,0.95,0.0,2.4210526315789473
demand_surge,deadline,110084,19,13,6,5,48,47,29.5,1,0.3157894736842105,0.6842105263157895,3.6153846153846154,3.6923076923076925
demand_surge,deadline,110085,21,15,12,5,48,6,79.60000000000001,1,0.5714285714285714,0.7142857142857143,0.4,3.2
demand_surge,deadline,110086,21,15,12,6,42,8,81.70000000000002,0,0.5714285714285714,0.7142857142857143,0.5333333333333333,2.8
demand_surge,deadline,110087,28,17,14,10,48,8,59.59999999999999,1,0.5,0.6071428571428571,0.47058823529411764,2.823529411764706
demand_surge,deadline,110088,22,15,11,7,48,9,70.89999999999999,0,0.5,0.6818181818181818,0.6,3.2
demand_surge,deadline,110089,19,16,15,3,48,5,115.70000000000005,0,0.7894736842105263,0.8421052631578947,0.3125,3.0
demand_surge,deadline,110090,23,17,16,5,48,1,104.50000000000007,1,0.6956521739130435,0.7391304347826086,0.058823529411764705,2.823529411764706
demand_surge,deadline,110091,26,16,10,10,48,34,39.399999999999984,0,0.38461538461538464,0.6153846153846154,2.125,3.0
demand_surge,deadline,110092,24,17,12,7,48,18,84.60000000000001,0,0.5,0.7083333333333334,1.0588235294117647,2.823529411764706
demand_surge,deadline,110093,29,14,7,14,48,23,-14.299999999999992,1,0.2413793103448276,0.4827586206896552,1.6428571428571428,3.4285714285714284
demand_surge,deadline,110094,19,16,14,3,46,3,117.80000000000008,0,0.7368421052631579,0.8421052631578947,0.1875,2.875
demand_surge,deadline,110095,23,15,9,8,48,17,57.29999999999999,0,0.391304347826087,0.6521739130434783,1.1333333333333333,3.2
demand_surge,deadline,110096,21,14,9,5,48,14,56.69999999999999,2,0.42857142857142855,0.6666666666666666,1.0,3.4285714285714284
demand_surge,deadline,110097,23,16,11,7,47,9,81.24999999999999,0,0.4782608695652174,0.6956521739130435,0.5625,2.9375
demand_surge,deadline,110098,23,13,7,10,44,28,15.000000000000016,0,0.30434782608695654,0.5652173913043478,2.1538461538461537,3.3846153846153846
demand_surge,deadline,110099,15,15,14,0,40,3,133.90000000000006,0,0.9333333333333333,1.0,0.2,2.6666666666666665
demand_surge,deadline,110100,21,14,6,6,48,31,45.50000000000001,1,0.2857142857142857,0.6666666666666666,2.2142857142857144,3.4285714285714284
demand_surge,deadline,110101,23,14,8,8,48,21,36.499999999999964,1,0.34782608695652173,0.6086956521739131,1.5,3.4285714285714284
demand_surge,deadline,110102,21,16,9,5,45,19,90.95000000000003,0,0.42857142857142855,0.7619047619047619,1.1875,2.8125
demand_surge,deadline,110103,22,18,16,4,48,6,127.00000000000006,0,0.7272727272727273,0.8181818181818182,0.3333333333333333,2.6666666666666665
demand_surge,deadline,110104,23,14,11,8,48,7,46.29999999999996,1,0.4782608695652174,0.6086956521739131,0.5,3.4285714285714284
demand_surge,deadline,110105,22,14,9,8,47,16,48.349999999999994,0,0.4090909090909091,0.6363636363636364,1.1428571428571428,3.357142857142857
demand_surge,deadline,110106,18,17,15,1,48,3,143.10000000000005,0,0.8333333333333334,0.9444444444444444,0.17647058823529413,2.823529411764706
demand_surge,deadline,110107,22,14,9,8,46,17,47.99999999999997,0,0.4090909090909091,0.6363636363636364,1.2142857142857142,3.2857142857142856
demand_surge,deadline,110108,14,14,14,0,40,0,126.00000000000006,0,1.0,1.0,0.0,2.857142857142857
demand_surge,deadline,110109,22,14,6,8,47,24,42.74999999999999,0,0.2727272727272727,0.6363636363636364,1.7142857142857142,3.357142857142857
demand_surge,deadline,110110,24,14,10,8,48,21,25.699999999999992,2,0.4166666666666667,0.5833333333333334,1.5,3.4285714285714284
demand_surge,deadline,110111,22,15,11,6,48,11,66.00000000000004,1,0.5,0.6818181818181818,0.7333333333333333,3.2
demand_surge,deadline,110112,25,18,14,7,48,9,100.9000000000001,0,0.56,0.72,0.5,2.6666666666666665
demand_surge,deadline,110113,23,18,17,5,43,1,124.25000000000003,0,0.7391304347826086,0.782608695652174,0.05555555555555555,2.388888888888889
demand_surge,deadline,110114,17,16,14,1,45,5,132.75000000000009,0,0.8235294117647058,0.9411764705882353,0.3125,2.8125
demand_surge,deadline,110115,22,13,6,9,48,56,1.9999999999999978,0,0.2727272727272727,0.5909090909090909,4.3076923076923075,3.6923076923076925
demand_surge,deadline,110116,24,15,8,9,46,21,47.19999999999998,0,0.3333333333333333,0.625,1.4,3.066666666666667
demand_surge,deadline,110117,23,16,10,7,48,40,59.200000000000024,0,0.43478260869565216,0.6956521739130435,2.5,3.0
demand_surge,deadline,110118,25,16,10,9,48,22,55.8,0,0.4,0.64,1.375,3.0
demand_surge,deadline,110119,21,16,12,5,45,11,96.55000000000004,0,0.5714285714285714,0.7619047619047619,0.6875,2.8125
demand_surge,deadline,110120,23,16,14,5,48,6,76.70000000000009,2,0.6086956521739131,0.6956521739130435,0.375,3.0
demand_surge,deadline,110121,21,14,6,7,48,31,45.499999999999986,0,0.2857142857142857,0.6666666666666666,2.2142857142857144,3.4285714285714284
demand_surge,deadline,110122,23,17,13,5,48,10,94.70000000000009,1,0.5652173913043478,0.7391304347826086,0.5882352941176471,2.823529411764706
demand_surge,deadline,110123,18,13,7,4,48,21,53.599999999999994,1,0.3888888888888889,0.7222222222222222,1.6153846153846154,3.6923076923076925
demand_surge,deadline,110124,24,16,13,7,48,7,71.50000000000007,1,0.5416666666666666,0.6666666666666666,0.4375,3.0
demand_surge,deadline,110125,26,16,12,9,48,20,49.19999999999999,1,0.46153846153846156,0.6153846153846154,1.25,3.0
demand_surge,deadline,110126,23,15,8,8,48,34,45.399999999999984,0,0.34782608695652173,0.6521739130434783,2.2666666666666666,3.2
demand_surge,deadline,110127,24,11,4,11,48,40,-40.89999999999998,2,0.16666666666666666,0.4583333333333333,3.6363636363636362,4.363636363636363
demand_surge,deadline,110128,18,15,14,3,46,1,109.20000000000005,0,0.7777777777777778,0.8333333333333334,0.06666666666666667,3.066666666666667
demand_surge,deadline,110129,25,13,7,11,48,33,-9.400000000000006,1,0.28,0.52,2.5384615384615383,3.6923076923076925
demand_surge,deadline,110130,21,15,9,6,45,17,74.35000000000002,0,0.42857142857142855,0.7142857142857143,1.1333333333333333,3.0
demand_surge,deadline,110131,21,15,11,6,48,9,78.9,0,0.5238095238095238,0.7142857142857143,0.6,3.2
demand_surge,deadline,110132,27,16,14,11,45,4,53.449999999999996,0,0.5185185185185185,0.5925925925925926,0.25,2.8125
demand_surge,deadline,110133,22,15,14,7,42,3,77.20000000000002,0,0.6363636363636364,0.6818181818181818,0.2,2.8
demand_surge,deadline,110134,24,16,9,8,40,15,71.50000000000001,0,0.375,0.6666666666666666,0.9375,2.5
demand_surge,deadline,110135,25,13,5,10,48,33,-7.299999999999981,2,0.2,0.52,2.5384615384615383,3.6923076923076925
demand_surge,deadline,110136,27,15,6,12,48,23,21.10000000000002,0,0.2222222222222222,0.5555555555555556,1.5333333333333334,3.2
demand_surge,deadline,110137,15,12,10,3,39,4,79.55000000000003,0,0.6666666666666666,0.8,0.3333333333333333,3.25
demand_surge,deadline,110138,16,14,10,0,48,20,91.80000000000007,2,0.625,0.875,1.4285714285714286,3.4285714285714284
demand_surge,deadline,110139,27,16,7,11,47,29,35.249999999999986,0,0.25925925925925924,0.5925925925925926,1.8125,2.9375
demand_surge,deadline,110140,28,17,14,11,45,7,61.349999999999966,0,0.5,0.6071428571428571,0.4117647058823529,2.6470588235294117
demand_surge,deadline,110141,21,14,8,7,45,23,52.14999999999999,0,0.38095238095238093,0.6666666666666666,1.6428571428571428,3.2142857142857144
demand_surge,deadline,110142,23,17,12,5,48,13,95.40000000000009,1,0.5217391304347826,0.7391304347826086,0.7647058823529411,2.823529411764706
demand_surge,deadline,110143,20,17,17,3,46,0,129.9000000000001,0,0.85,0.85,0.0,2.7058823529411766
demand_surge,deadline,110144,21,14,9,6,48,11,58.8,1,0.42857142857142855,0.6666666666666666,0.7857142857142857,3.4285714285714284
demand_surge,deadline,110145,21,16,14,5,39,3,104.25000000000001,0,0.6666666666666666,0.7619047619047619,0.1875,2.4375
demand_surge,deadline,110146,25,15,8,10,48,26,34.99999999999998,0,0.32,0.6,1.7333333333333334,3.2
demand_surge,deadline,110147,28,16,13,10,48,7,40.2,2,0.4642857142857143,0.5714285714285714,0.4375,3.0
demand_surge,deadline,110148,25,17,11,8,48,11,81.50000000000003,0,0.44,0.68,0.6470588235294118,2.823529411764706
demand_surge,deadline,110149,21,15,11,5,48,9,78.9,1,0.5238095238095238,0.7142857142857143,0.6,3.2
demand_surge,deadline,110150,19,14,10,5,46,14,74.10000000000004,0,0.5263157894736842,0.7368421052631579,1.0,3.2857142857142856
demand_surge,deadline,110151,22,17,13,5,48,5,109.70000000000009,0,0.5909090909090909,0.7727272727272727,0.29411764705882354,2.823529411764706
demand_surge,deadline,110152,20,15,11,5,46,9,87.60000000000004,0,0.55,0.75,0.6,3.066666666666667
demand_surge,deadline,110153,23,16,11,7,48,17,75.30000000000005,0,0.4782608695652174,0.6956521739130435,1.0625,3.0
demand_surge,deadline,110154,24,17,14,6,48,7,89.50000000000006,1,0.5833333333333334,0.7083333333333334,0.4117647058823529,2.823529411764706
demand_surge,deadline,110155,21,16,15,5,44,1,103.90000000000003,0,0.7142857142857143,0.7619047619047619,0.0625,2.75
demand_surge,deadline,110156,23,13,7,8,48,24,15.699999999999992,2,0.30434782608695654,0.5652173913043478,1.8461538461538463,3.6923076923076925
demand_surge,deadline,110157,19,18,17,1,48,1,154.50000000000009,0,0.8947368421052632,0.9473684210526315,0.05555555555555555,2.6666666666666665
demand_surge,deadline,110158,26,14,8,10,48,24,10.399999999999977,2,0.3076923076923077,0.5384615384615384,1.7142857142857142,3.4285714285714284
demand_surge,deadline,110159,27,15,7,12,45,27,19.350000000000005,0,0.25925925925925924,0.5555555555555556,1.8,3.0
demand_surge,deadline,110160,22,17,15,5,44,3,112.50000000000003,0,0.6818181818181818,0.7727272727272727,0.17647058823529413,2.588235294117647
demand_surge,deadline,110161,20,14,10,5,48,5,71.00000000000003,1,0.5,0.7,0.35714285714285715,3.4285714285714284
demand_surge,deadline,110162,21,13,5,8,48,37,23.300000000000004,0,0.23809523809523808,0.6190476190476191,2.8461538461538463,3.6923076923076925
demand_surge,deadline,110163,22,15,10,7,48,18,64.6,0,0.45454545454545453,0.6818181818181818,1.2,3.2
demand_surge,deadline,110164,26,15,10,11,48,15,34.69999999999998,0,0.38461538461538464,0.5769230769230769,1.0,3.2
demand_surge,deadline,110165,21,13,6,7,48,39,21.9,1,0.2857142857142857,0.6190476190476191,3.0,3.6923076923076925
demand_surge,deadline,110166,27,14,7,11,48,21,1.0000000000000107,2,0.25925925925925924,0.5185185185185185,1.5,3.4285714285714284
demand_surge,deadline,110167,17,14,9,3,45,21,85.55000000000003,0,0.5294117647058824,0.8235294117647058,1.5,3.2142857142857144
demand_surge,deadline,110168,21,17,16,4,48,1,120.50000000000009,0,0.7619047619047619,0.8095238095238095,0.058823529411764705,2.823529411764706
demand_surge,deadline,110169,25,14,11,10,48,15,23.99999999999999,1,0.44,0.56,1.0714285714285714,3.4285714285714284
demand_surge,deadline,110170,23,17,13,6,48,10,98.20000000000002,0,0.5652173913043478,0.7391304347826086,0.5882352941176471,2.823529411764706
demand_surge,deadline,110171,21,16,15,5,42,2,103.90000000000003,0,0.7142857142857143,0.7619047619047619,0.125,2.625
demand_surge,deadline,110172,19,14,9,4,48,25,65.7,1,0.47368421052631576,0.7368421052631579,1.7857142857142858,3.4285714285714284
demand_surge,deadline,110173,22,15,10,7,48,20,63.19999999999998,0,0.45454545454545453,0.6818181818181818,1.3333333333333333,3.2
demand_surge,deadline,110174,24,14,8,9,48,29,22.900000000000006,1,0.3333333333333333,0.5833333333333334,2.0714285714285716,3.4285714285714284
demand_surge,deadline,110175,24,14,6,10,48,24,26.39999999999999,0,0.25,0.5833333333333334,1.7142857142857142,3.4285714285714284
demand_surge,deadline,110176,25,13,7,10,48,19,0.3999999999999915,2,0.28,0.52,1.4615384615384615,3.6923076923076925
demand_surge,deadline,110177,23,16,10,6,48,15,75.3,1,0.43478260869565216,0.6956521739130435,0.9375,3.0
demand_surge,deadline,110178,17,17,15,0,44,3,152.50000000000006,0,0.8823529411764706,1.0,0.17647058823529413,2.588235294117647
demand_surge,deadline,110179,21,14,9,7,44,16,57.39999999999998,0,0.42857142857142855,0.6666666666666666,1.1428571428571428,3.142857142857143
demand_surge,deadline,110180,19,14,10,5,48,18,70.59999999999998,0,0.5263157894736842,0.7368421052631579,1.2857142857142858,3.4285714285714284
demand_surge,deadline,110181,18,13,5,4,48,19,59.2,1,0.2777777777777778,0.7222222222222222,1.4615384615384615,3.6923076923076925
demand_surge,deadline,110182,19,15,13,4,46,5,98.40000000000003,0,0.6842105263157895,0.7894736842105263,0.3333333333333333,3.066666666666667
demand_surge,deadline,110183,28,16,10,12,47,30,26.54999999999999,0,0.35714285714285715,0.5714285714285714,1.875,2.9375
demand_surge,deadline,110184,19,14,8,4,48,26,62.2,1,0.42105263157894735,0.7368421052631579,1.8571428571428572,3.4285714285714284
demand_surge,deadline,110185,21,15,10,5,48,12,76.80000000000007,1,0.47619047619047616,0.7142857142857143,0.8,3.2
demand_surge,deadline,110186,16,15,12,1,48,14,115.40000000000008,0,0.75,0.9375,0.9333333333333333,3.2
demand_surge,deadline,110187,25,13,5,12,48,41,-11.499999999999995,0,0.2,0.52,3.1538461538461537,3.6923076923076925
demand_surge,deadline,110188,21,14,7,7,48,42,37.799999999999976,0,0.3333333333333333,0.6666666666666666,3.0,3.4285714285714284
demand_surge,deadline,110189,18,15,14,3,44,1,109.90000000000003,0,0.7777777777777778,0.8333333333333334,0.06666666666666667,2.933333333333333
demand_surge,deadline,110190,25,15,11,8,48,9,41.99999999999997,2,0.44,0.6,0.6,3.2
demand_surge,deadline,110191,19,13,6,4,48,23,41.40000000000002,2,0.3157894736842105,0.6842105263157895,1.7692307692307692,3.6923076923076925
demand_surge,deadline,110192,22,15,10,7,45,12,69.85000000000001,0,0.45454545454545453,0.6818181818181818,0.8,3.0
demand_surge,deadline,110193,22,15,12,7,45,5,74.75,0,0.5454545454545454,0.6818181818181818,0.3333333333333333,3.0
demand_surge,deadline,110194,24,17,11,7,48,12,88.80000000000003,0,0.4583333333333333,0.7083333333333334,0.7058823529411765,2.823529411764706
demand_surge,deadline,110195,20,17,16,3,45,2,128.85000000000008,0,0.8,0.85,0.11764705882352941,2.6470588235294117
demand_surge,deadline,110196,21,14,12,7,43,7,64.04999999999998,0,0.5714285714285714,0.6666666666666666,0.5,3.0714285714285716
demand_surge,deadline,110197,21,15,11,6,48,12,76.80000000000001,0,0.5238095238095238,0.7142857142857143,0.8,3.2
demand_surge,deadline,110198,22,14,8,8,47,27,40.649999999999984,0,0.36363636363636365,0.6363636363636364,1.9285714285714286,3.357142857142857
demand_surge,deadline,110199,24,16,11,7,48,10,70.10000000000004,1,0.4583333333333333,0.6666666666666666,0.625,3.0
demand_surge,deadline,110200,17,17,17,0,45,0,154.2500000000001,0,1.0,1.0,0.0,2.6470588235294117
demand_surge,deadline,110201,23,13,5,10,46,45,2.4000000000000155,0,0.21739130434782608,0.5652173913043478,3.4615384615384617,3.5384615384615383
demand_surge,deadline,110202,20,14,9,5,48,13,66.10000000000002,1,0.45,0.7,0.9285714285714286,3.4285714285714284
demand_surge,deadline,110203,22,15,9,7,48,14,67.39999999999998,0,0.4090909090909091,0.6818181818181818,0.9333333333333333,3.2
demand_surge,deadline,110204,22,16,11,6,48,13,86.1,0,0.5,0.7272727272727273,0.8125,3.0
demand_surge,deadline,110205,23,15,10,8,48,16,58.00000000000001,0,0.43478260869565216,0.6521739130434783,1.0666666666666667,3.2
demand_surge,deadline,110206,23,17,15,6,48,3,103.10000000000005,0,0.6521739130434783,0.7391304347826086,0.17647058823529413,2.823529411764706
demand_surge,deadline,110207,22,13,5,9,42,31,21.59999999999999,0,0.22727272727272727,0.5909090909090909,2.3846153846153846,3.230769230769231
demand_surge,deadline,110208,26,16,13,10,44,10,57.599999999999994,0,0.5,0.6153846153846154,0.625,2.75
demand_surge,deadline,110209,21,14,8,7,46,15,57.39999999999998,0,0.38095238095238093,0.6666666666666666,1.0714285714285714,3.2857142857142856
demand_surge,deadline,110210,20,17,17,3,47,0,129.55000000000007,0,0.85,0.85,0.0,2.764705882352941
demand_surge,deadline,110211,24,15,6,9,46,21,47.20000000000001,0,0.25,0.625,1.4,3.066666666666667
demand_surge,deadline,110212,25,15,10,10,48,22,37.79999999999998,0,0.4,0.6,1.4666666666666666,3.2
demand_surge,deadline,110213,26,12,5,12,48,37,-40.3,2,0.19230769230769232,0.46153846153846156,3.0833333333333335,4.0
demand_surge,deadline,110214,24,15,5,9,45,30,41.250000000000014,0,0.20833333333333334,0.625,2.0,3.0
demand_surge,deadline,110215,21,17,14,4,42,3,121.20000000000002,0,0.6666666666666666,0.8095238095238095,0.17647058823529413,2.4705882352941178
demand_surge,deadline,110216,23,14,10,7,48,9,43.49999999999999,2,0.43478260869565216,0.6086956521739131,0.6428571428571429,3.4285714285714284
demand_surge,deadline,110217,23,16,12,6,48,10,79.50000000000004,1,0.5217391304347826,0.6956521739130435,0.625,3.0
demand_surge,deadline,110218,20,12,6,6,48,22,13.29999999999999,2,0.3,0.6,1.8333333333333333,4.0
demand_surge,deadline,110219,19,17,17,2,48,0,137.20000000000016,0,0.8947368421052632,0.8947368421052632,0.0,2.823529411764706
demand_surge,deadline,110220,25,14,7,10,48,23,14.899999999999991,1,0.28,0.56,1.6428571428571428,3.4285714285714284
demand_surge,deadline,110221,21,15,10,6,42,15,76.80000000000001,0,0.47619047619047616,0.7142857142857143,1.0,2.8
demand_surge,deadline,110222,23,13,7,8,48,21,13.599999999999998,2,0.30434782608695654,0.5652173913043478,1.6153846153846154,3.6923076923076925
demand_surge,deadline,110223,26,16,13,10,44,12,56.19999999999998,0,0.5,0.6153846153846154,0.75,2.75
demand_surge,deadline,110224,22,15,11,6,48,20,62.5,1,0.5,0.6818181818181818,1.3333333333333333,3.2
demand_surge,deadline,110225,25,14,6,11,48,26,17.000000000000014,0,0.24,0.56,1.8571428571428572,3.4285714285714284
demand_surge,deadline,110226,19,15,11,4,48,10,94.20000000000006,0,0.5789473684210527,0.7894736842105263,0.6666666666666666,3.2
demand_surge,deadline,110227,21,17,13,4,45,8,116.65000000000006,0,0.6190476190476191,0.8095238095238095,0.47058823529411764,2.6470588235294117
demand_surge,deadline,110228,25,15,9,10,48,23,37.09999999999998,0,0.36,0.6,1.5333333333333334,3.2
demand_surge,deadline,110229,22,16,12,6,46,8,90.30000000000001,0,0.5454545454545454,0.7272727272727273,0.5,2.875
demand_surge,deadline,110230,23,15,9,8,45,24,53.449999999999996,0,0.391304347826087,0.6521739130434783,1.6,3.0
demand_surge,deadline,110231,24,20,20,4,47,0,151.5500000000001,0,0.8333333333333334,0.8333333333333334,0.0,2.35
demand_surge,deadline,110232,23,14,5,9,48,33,28.099999999999994,0,0.21739130434782608,0.6086956521739131,2.357142857142857,3.4285714285714284
demand_surge,deadline,110233,19,14,7,5,48,20,69.20000000000002,0,0.3684210526315789,0.7368421052631579,1.4285714285714286,3.4285714285714284
demand_surge,deadline,110234,19,13,10,6,44,9,60.29999999999998,0,0.5263157894736842,0.6842105263157895,0.6923076923076923,3.3846153846153846
demand_surge,deadline,110235,18,11,3,6,48,46,1.5000000000000107,1,0.16666666666666666,0.6111111111111112,4.181818181818182,4.363636363636363
demand_surge,deadline,110236,22,20,20,2,48,0,167.20000000000016,0,0.9090909090909091,0.9090909090909091,0.0,2.4
demand_surge,deadline,110237,18,13,8,5,48,19,59.9,0,0.4444444444444444,0.7222222222222222,1.4615384615384615,3.6923076923076925
demand_surge,deadline,110238,19,16,11,3,46,13,110.80000000000004,0,0.5789473684210527,0.8421052631578947,0.8125,2.875
demand_surge,deadline,110239,17,15,11,2,48,12,108.80000000000004,0,0.6470588235294118,0.8823529411764706,0.8,3.2
demand_surge,deadline,110240,21,17,12,4,48,13,112.10000000000008,0,0.5714285714285714,0.8095238095238095,0.7647058823529411,2.823529411764706
demand_surge,deadline,110241,29,15,8,14,43,21,8.250000000000034,0,0.27586206896551724,0.5172413793103449,1.4,2.8666666666666667
demand_surge,deadline,110242,25,16,9,9,47,17,59.649999999999984,0,0.36,0.64,1.0625,2.9375
demand_surge,deadline,110243,23,14,5,9,48,47,18.3,0,0.21739130434782608,0.6086956521739131,3.357142857142857,3.4285714285714284
demand_surge,deadline,110244,29,17,14,11,48,11,49.49999999999997,1,0.4827586206896552,0.5862068965517241,0.6470588235294118,2.823529411764706
demand_surge,deadline,110245,22,13,5,7,48,34,13.899999999999995,2,0.22727272727272727,0.5909090909090909,2.6153846153846154,3.6923076923076925
demand_surge,deadline,110246,22,16,7,6,48,29,74.90000000000002,0,0.3181818181818182,0.7272727272727273,1.8125,3.0
demand_surge,deadline,110247,20,17,13,3,42,12,122.90000000000009,0,0.65,0.85,0.7058823529411765,2.4705882352941178
demand_surge,deadline,110248,26,16,8,10,48,26,44.999999999999986,0,0.3076923076923077,0.6153846153846154,1.625,3.0
demand_surge,deadline,110249,17,17,16,0,48,1,152.5000000000001,0,0.9411764705882353,1.0,0.058823529411764705,2.823529411764706
demand_surge,deadline,110250,21,14,6,7,48,17,55.29999999999999,0,0.2857142857142857,0.6666666666666666,1.2142857142857142,3.4285714285714284
demand_surge,deadline,110251,24,15,11,7,48,16,45.10000000000002,2,0.4583333333333333,0.625,1.0666666666666667,3.2
demand_surge,deadline,110252,19,18,16,1,48,2,153.80000000000015,0,0.8421052631578947,0.9473684210526315,0.1111111111111111,2.6666666666666665
demand_surge,deadline,110253,16,13,11,1,48,11,78.00000000000007,2,0.6875,0.8125,0.8461538461538461,3.6923076923076925
demand_surge,deadline,110254,21,14,11,7,44,7,63.69999999999998,0,0.5238095238095238,0.6666666666666666,0.5,3.142857142857143
demand_surge,deadline,110255,19,15,10,3,48,16,90.00000000000004,1,0.5263157894736842,0.7894736842105263,1.0666666666666667,3.2
demand_surge,deadline,110256,19,13,8,5,48,23,45.599999999999994,1,0.42105263157894735,0.6842105263157895,1.7692307692307692,3.6923076923076925
demand_surge,deadline,110257,23,15,9,8,45,22,54.84999999999999,0,0.391304347826087,0.6521739130434783,1.4666666666666666,3.0
demand_surge,deadline,110258,24,17,11,7,47,21,82.85000000000004,0,0.4583333333333333,0.7083333333333334,1.2352941176470589,2.764705882352941
demand_surge,deadline,110259,22,13,7,7,48,26,17.399999999999984,2,0.3181818181818182,0.5909090909090909,2.0,3.6923076923076925
demand_surge,deadline,110260,21,15,9,6,48,18,72.60000000000002,0,0.42857142857142855,0.7142857142857143,1.2,3.2
demand_surge,deadline,110261,24,15,10,9,48,12,52.799999999999976,0,0.4166666666666667,0.625,0.8,3.2
demand_surge,deadline,110262,21,15,13,5,48,4,79.60000000000004,1,0.6190476190476191,0.7142857142857143,0.26666666666666666,3.2
demand_surge,deadline,110263,28,18,16,10,46,2,82.50000000000003,0,0.5714285714285714,0.6428571428571429,0.1111111111111111,2.5555555555555554
demand_surge,deadline,110264,18,16,10,2,47,14,117.75000000000009,0,0.5555555555555556,0.8888888888888888,0.875,2.9375
demand_surge,deadline,110265,22,14,9,7,48,32,35.39999999999999,1,0.4090909090909091,0.6363636363636364,2.2857142857142856,3.4285714285714284
demand_surge,deadline,110266,27,16,10,11,46,19,42.59999999999999,0,0.37037037037037035,0.5925925925925926,1.1875,2.875
demand_surge,deadline,110267,18,15,14,3,47,1,108.85000000000007,0,0.7777777777777778,0.8333333333333334,0.06666666666666667,3.1333333333333333
demand_surge,deadline,110268,21,14,7,7,42,14,59.499999999999986,0,0.3333333333333333,0.6666666666666666,1.0,3.0
demand_surge,deadline,110269,19,14,12,5,48,6,79.00000000000001,0,0.631578947368421,0.7368421052631579,0.42857142857142855,3.4285714285714284
demand_surge,deadline,110270,26,14,6,12,48,48,-6.399999999999997,0,0.23076923076923078,0.5384615384615384,3.4285714285714284,3.4285714285714284
demand_surge,deadline,110271,22,13,7,7,48,24,15.999999999999986,2,0.3181818181818182,0.5909090909090909,1.8461538461538463,3.6923076923076925
demand_surge,deadline,110272,24,15,7,8,48,23,45.1,1,0.2916666666666667,0.625,1.5333333333333334,3.2
demand_surge,deadline,110273,16,15,13,1,41,3,125.55000000000007,0,0.8125,0.9375,0.2,2.7333333333333334
demand_surge,deadline,110274,23,18,13,5,48,13,114.10000000000007,0,0.5652173913043478,0.782608695652174,0.7222222222222222,2.6666666666666665
demand_surge,deadline,110275,18,14,10,3,48,14,80.00000000000009,1,0.5555555555555556,0.7777777777777778,1.0,3.4285714285714284
demand_surge,deadline,110276,24,18,17,6,48,2,113.80000000000007,0,0.7083333333333334,0.75,0.1111111111111111,2.6666666666666665
demand_surge,deadline,110277,20,16,16,4,43,0,112.95000000000005,0,0.8,0.8,0.0,2.6875
demand_surge,deadline,110278,20,17,16,3,47,1,128.85000000000008,0,0.8,0.85,0.058823529411764705,2.764705882352941
demand_surge,deadline,110279,20,13,9,5,48,13,43.19999999999999,2,0.45,0.65,1.0,3.6923076923076925
demand_surge,deadline,110280,19,14,9,5,47,14,73.75,0,0.47368421052631576,0.7368421052631579,1.0,3.357142857142857
demand_surge,deadline,110281,18,13,7,3,48,28,52.20000000000006,2,0.3888888888888889,0.7222222222222222,2.1538461538461537,3.6923076923076925
demand_surge,deadline,110282,17,15,15,2,39,0,120.35000000000002,0,0.8823529411764706,0.8823529411764706,0.0,2.6
demand_surge,deadline,110283,25,16,11,9,48,16,59.99999999999998,0,0.44,0.64,1.0,3.0
demand_surge,deadline,110284,22,14,7,7,48,30,37.5,1,0.3181818181818182,0.6363636363636364,2.142857142857143,3.4285714285714284
demand_surge,deadline,110285,24,15,6,9,48,32,38.80000000000001,0,0.25,0.625,2.1333333333333333,3.2
demand_surge,deadline,110286,18,13,7,3,48,28,49.400000000000006,2,0.3888888888888889,0.7222222222222222,2.1538461538461537,3.6923076923076925
demand_surge,deadline,110287,25,13,6,12,45,30,-2.749999999999985,0,0.24,0.52,2.3076923076923075,3.4615384615384617
demand_surge,deadline,110288,20,13,6,6,48,30,36.2,1,0.3,0.65,2.3076923076923075,3.6923076923076925
demand_surge,deadline,110289,26,15,10,11,42,10,40.3,0,0.38461538461538464,0.5769230769230769,0.6666666666666666,2.8
demand_surge,deadline,110290,22,14,6,8,48,29,38.899999999999984,0,0.2727272727272727,0.6363636363636364,2.0714285714285716,3.4285714285714284
demand_surge,deadline,110291,20,15,12,4,48,7,88.30000000000004,1,0.6,0.75,0.4666666666666667,3.2
demand_surge,deadline,110292,21,16,11,5,45,15,93.75000000000004,0,0.5238095238095238,0.7619047619047619,0.9375,2.8125
demand_surge,deadline,110293,21,16,11,3,48,10,95.50000000000009,2,0.5238095238095238,0.7619047619047619,0.625,3.0
demand_surge,deadline,110294,25,13,5,11,48,41,-14.299999999999985,1,0.2,0.52,3.1538461538461537,3.6923076923076925
demand_surge,deadline,110295,16,13,8,3,46,21,75.19999999999999,0,0.5,0.8125,1.6153846153846154,3.5384615384615383
demand_surge,deadline,110296,22,16,12,5,48,16,81.20000000000006,1,0.5454545454545454,0.7272727272727273,1.0,3.0
demand_surge,deadline,110297,26,15,6,11,46,31,24.200000000000003,0,0.23076923076923078,0.5769230769230769,2.066666666666667,3.066666666666667
demand_surge,deadline,110298,26,15,8,9,48,19,24.899999999999977,2,0.3076923076923077,0.5769230769230769,1.2666666666666666,3.2
demand_surge,deadline,110299,24,13,7,9,48,20,5.599999999999987,2,0.2916666666666667,0.5416666666666666,1.5384615384615385,3.6923076923076925
demand_surge,batching,110000,19,13,7,6,40,17,56.10000000000001,0,0.3684210526315789,0.6842105263157895,1.3076923076923077,3.076923076923077
demand_surge,batching,110001,22,15,12,7,38,8,75.09999999999997,0,0.5454545454545454,0.6818181818181818,0.5333333333333333,2.533333333333333
demand_surge,batching,110002,19,16,12,3,46,12,111.50000000000006,0,0.631578947368421,0.8421052631578947,0.75,2.875
demand_surge,batching,110003,26,15,9,10,45,20,32.24999999999999,1,0.34615384615384615,0.5769230769230769,1.3333333333333333,3.0
demand_surge,batching,110004,20,15,9,5,36,18,84.80000000000001,0,0.45,0.75,1.2,2.4
demand_surge,batching,110005,22,14,10,8,40,6,57.79999999999997,0,0.45454545454545453,0.6363636363636364,0.42857142857142855,2.857142857142857
demand_surge,batching,110006,21,18,15,3,46,5,136.40000000000012,0,0.7142857142857143,0.8571428571428571,0.2777777777777778,2.5555555555555554
demand_surge,batching,110007,23,15,8,7,45,37,42.95,1,0.34782608695652173,0.6521739130434783,2.466666666666667,3.0
demand_surge,batching,110008,26,14,7,11,46,17,15.999999999999991,1,0.2692307692307692,0.5384615384615384,1.2142857142857142,3.2857142857142856
demand_surge,batching,110009,22,17,14,5,42,9,109.00000000000006,0,0.6363636363636364,0.7727272727272727,0.5294117647058824,2.4705882352941178
demand_surge,batching,110010,21,16,12,5,45,8,98.65000000000005,0,0.5714285714285714,0.7619047619047619,0.5,2.8125
demand_surge,batching,110011,28,17,14,11,45,7,61.34999999999997,0,0.5,0.6071428571428571,0.4117647058823529,2.6470588235294117
demand_surge,batching,110012,19,12,4,6,43,34,25.14999999999999,1,0.21052631578947367,0.631578947368421,2.8333333333333335,3.5833333333333335
demand_surge,batching,110013,27,17,14,10,46,7,68.99999999999999,0,0.5185185185185185,0.6296296296296297,0.4117647058823529,2.7058823529411766
demand_surge,batching,110014,17,12,8,4,41,9,57.95000000000002,1,0.47058823529411764,0.7058823529411765,0.75,3.4166666666666665
demand_surge,batching,110015,24,18,17,6,46,1,115.20000000000005,0,0.7083333333333334,0.75,0.05555555555555555,2.5555555555555554
demand_surge,batching,110016,15,13,13,2,40,0,100.00000000000003,0,0.8666666666666667,0.8666666666666667,0.0,3.076923076923077
demand_surge,batching,110017,28,14,6,14,43,39,-14.349999999999982,0,0.21428571428571427,0.5,2.7857142857142856,3.0714285714285716
demand_surge,batching,110018,20,15,9,4,46,12,85.50000000000009,1,0.45,0.75,0.8,3.066666666666667
demand_surge,batching,110019,20,13,3,7,44,36,33.39999999999999,0,0.15,0.65,2.769230769230769,3.3846153846153846
demand_surge,batching,110020,20,14,7,6,43,33,53.849999999999994,0,0.35,0.7,2.357142857142857,3.0714285714285716
demand_surge,batching,110021,26,16,13,9,46,7,58.99999999999999,1,0.5,0.6153846153846154,0.4375,2.875
demand_surge,batching,110022,19,14,10,3,45,11,68.15000000000008,2,0.5263157894736842,0.7368421052631579,0.7857142857142857,3.2142857142857144
demand_surge,batching,110023,17,17,16,0,39,3,154.25000000000006,0,0.9411764705882353,1.0,0.17647058823529413,2.2941176470588234
demand_surge,batching,110024,16,16,15,0,43,1,144.2500000000001,0,0.9375,1.0,0.0625,2.6875
demand_surge,batching,110025,24,15,7,9,44,23,46.5,0,0.2916666666666667,0.625,1.5333333333333334,2.933333333333333
demand_surge,batching,110026,22,14,8,8,42,30,40.29999999999998,0,0.36363636363636365,0.6363636363636364,2.142857142857143,3.0
demand_surge,batching,110027,19,16,11,3,44,13,111.50000000000009,0,0.5789473684210527,0.8421052631578947,0.8125,2.75
demand_surge,batching,110028,22,13,5,8,41,31,21.25000000000002,1,0.22727272727272727,0.5909090909090909,2.3846153846153846,3.1538461538461537
demand_surge,batching,110029,22,12,5,8,42,23,5.000000000000011,2,0.22727272727272727,0.5454545454545454,1.9166666666666667,3.5
demand_surge,batching,110030,21,15,13,6,40,4,85.19999999999999,0,0.6190476190476191,0.7142857142857143,0.26666666666666666,2.6666666666666665
demand_surge,batching,110031,30,15,11,13,46,9,4.099999999999994,2,0.36666666666666664,0.5,0.6,3.066666666666667
demand_surge,batching,110032,29,17,12,12,42,10,52.299999999999976,0,0.41379310344827586,0.5862068965517241,0.5882352941176471,2.4705882352941178
demand_surge,batching,110033,26,15,9,11,43,19,33.64999999999999,0,0.34615384615384615,0.5769230769230769,1.2666666666666666,2.8666666666666667
demand_surge,batching,110034,21,12,3,7,46,39,1.8000000000000007,2,0.14285714285714285,0.5714285714285714,3.25,3.8333333333333335
demand_surge,batching,110035,27,14,5,13,44,32,-1.799999999999998,0,0.18518518518518517,0.5185185185185185,2.2857142857142856,3.142857142857143
demand_surge,batching,110036,23,15,9,7,45,36,42.25,1,0.391304347826087,0.6521739130434783,2.4,3.0
demand_surge,batching,110037,23,15,9,8,39,18,59.75,0,0.391304347826087,0.6521739130434783,1.2,2.6
demand_surge,batching,110038,26,14,7,12,45,19,14.950000000000017,0,0.2692307692307692,0.5384615384615384,1.3571428571428572,3.2142857142857144
demand_surge,batching,110039,20,14,6,6,45,43,46.149999999999984,0,0.3,0.7,3.0714285714285716,3.2142857142857144
demand_surge,batching,110040,26,14,5,12,45,30,7.250000000000009,0,0.19230769230769232,0.5384615384615384,2.142857142857143,3.2142857142857144
demand_surge,batching,110041,24,13,3,10,44,33,3.5000000000000107,1,0.125,0.5416666666666666,2.5384615384615383,3.3846153846153846
demand_surge,batching,110042,20,18,12,2,46,30,126.90000000000008,0,0.6,0.9,1.6666666666666667,2.5555555555555554
demand_surge,batching,110043,14,13,12,1,39,2,106.95000000000005,0,0.8571428571428571,0.9285714285714286,0.15384615384615385,3.0
demand_surge,batching,110044,23,17,15,6,42,7,102.40000000000003,0,0.6521739130434783,0.7391304347826086,0.4117647058823529,2.4705882352941178
demand_surge,batching,110045,26,15,12,9,45,5,39.94999999999996,2,0.46153846153846156,0.5769230769230769,0.3333333333333333,3.0
demand_surge,batching,110046,21,13,9,7,42,7,46.39999999999998,1,0.42857142857142855,0.6190476190476191,0.5384615384615384,3.230769230769231
demand_surge,batching,110047,25,15,10,10,39,15,45.84999999999998,0,0.4,0.6,1.0,2.6
demand_surge,batching,110048,22,16,13,6,42,6,93.10000000000002,0,0.5909090909090909,0.7272727272727273,0.375,2.625
demand_surge,batching,110049,24,14,4,10,44,40,16.600000000000023,0,0.16666666666666666,0.5833333333333334,2.857142857142857,3.142857142857143
demand_surge,batching,110050,27,14,7,13,43,38,-5.6499999999999915,0,0.25925925925925924,0.5185185185185185,2.7142857142857144,3.0714285714285716
demand_surge,batching,110051,22,15,9,5,44,13,64.60000000000001,2,0.4090909090909091,0.6818181818181818,0.8666666666666667,2.933333333333333
demand_surge,batching,110052,21,15,11,6,45,13,77.15,0,0.5238095238095238,0.7142857142857143,0.8666666666666667,3.0
demand_surge,batching,110053,21,11,4,10,40,41,-12.699999999999985,0,0.19047619047619047,0.5238095238095238,3.727272727272727,3.6363636363636362
demand_surge,batching,110054,23,15,9,6,46,20,53.80000000000001,2,0.391304347826087,0.6521739130434783,1.3333333333333333,3.066666666666667
demand_surge,batching,110055,26,14,5,12,44,37,2.700000000000009,0,0.19230769230769232,0.5384615384615384,2.642857142857143,3.142857142857143
demand_surge,batching,110056,23,14,5,9,46,71,2.2000000000000064,0,0.21739130434782608,0.6086956521739131,5.071428571428571,3.2857142857142856
demand_surge,batching,110057,20,12,5,6,43,22,21.349999999999994,2,0.25,0.6,1.8333333333333333,3.5833333333333335
demand_surge,batching,110058,20,17,17,3,44,0,130.60000000000014,0,0.85,0.85,0.0,2.588235294117647
demand_surge,batching,110059,23,14,9,7,45,25,28.44999999999996,2,0.391304347826087,0.6086956521739131,1.7857142857142858,3.2142857142857144
demand_surge,batching,110060,18,15,11,2,46,12,100.80000000000011,1,0.6111111111111112,0.8333333333333334,0.8,3.066666666666667
demand_surge,batching,110061,21,13,5,6,44,31,24.00000000000001,2,0.23809523809523808,0.6190476190476191,2.3846153846153846,3.3846153846153846
demand_surge,batching,110062,27,18,13,8,44,12,84.20000000000005,1,0.48148148148148145,0.6666666666666666,0.6666666666666666,2.4444444444444446
demand_surge,batching,110063,17,15,14,2,41,3,117.55000000000007,0,0.8235294117647058,0.8823529411764706,0.2,2.7333333333333334
demand_surge,batching,110064,21,16,11,5,43,9,98.65000000000003,0,0.5238095238095238,0.7619047619047619,0.5625,2.6875
demand_surge,batching,110065,21,12,7,7,45,18,16.149999999999984,2,0.3333333333333333,0.5714285714285714,1.5,3.75
demand_surge,batching,110066,22,17,14,5,42,10,108.30000000000013,0,0.6363636363636364,0.7727272727272727,0.5882352941176471,2.4705882352941178
demand_surge,batching,110067,19,15,9,4,44,18,90.00000000000003,0,0.47368421052631576,0.7894736842105263,1.2,2.933333333333333
demand_surge,batching,110068,16,15,13,1,43,2,125.55000000000007,0,0.8125,0.9375,0.13333333333333333,2.8666666666666667
demand_surge,batching,110069,20,15,8,5,40,14,86.19999999999999,0,0.4,0.75,0.9333333333333333,2.6666666666666665
demand_surge,batching,110070,18,15,10,3,41,18,99.05000000000007,0,0.5555555555555556,0.8333333333333334,1.2,2.7333333333333334
demand_surge,batching,110071,16,14,8,2,42,12,100.90000000000002,0,0.5,0.875,0.8571428571428571,3.0
demand_surge,batching,110072,26,16,14,10,40,9,59.69999999999998,0,0.5384615384615384,0.6153846153846154,0.5625,2.5
demand_surge,batching,110073,26,15,9,11,39,15,37.849999999999994,0,0.34615384615384615,0.5769230769230769,1.0,2.6
demand_surge,batching,110074,19,15,9,4,45,13,93.15000000000002,0,0.47368421052631576,0.7894736842105263,0.8666666666666667,3.0
demand_surge,batching,110075,22,15,9,7,45,16,67.04999999999998,0,0.4090909090909091,0.6818181818181818,1.0666666666666667,3.0
demand_surge,batching,110076,24,14,8,10,44,23,28.500000000000014,0,0.3333333333333333,0.5833333333333334,1.6428571428571428,3.142857142857143
demand_surge,batching,110077,20,15,11,5,41,11,87.94999999999999,0,0.55,0.75,0.7333333333333333,2.7333333333333334
demand_surge,batching,110078,22,15,9,7,41,19,66.35,0,0.4090909090909091,0.6818181818181818,1.2666666666666666,2.7333333333333334
demand_surge,batching,110079,20,17,14,3,45,4,127.45000000000006,0,0.7,0.85,0.23529411764705882,2.6470588235294117
demand_surge,batching,110080,26,15,8,11,45,25,28.749999999999993,0,0.3076923076923077,0.5769230769230769,1.6666666666666667,3.0
demand_surge,batching,110081,26,17,9,9,46,20,67.89999999999998,0,0.34615384615384615,0.6538461538461539,1.1764705882352942,2.7058823529411766
demand_surge,batching,110082,18,16,14,1,44,2,125.1000000000001,1,0.7777777777777778,0.8888888888888888,0.125,2.75
demand_surge,batching,110083,20,14,9,4,45,14,65.75000000000006,2,0.45,0.7,1.0,3.2142857142857144
demand_surge,batching,110084,19,15,8,3,46,30,80.90000000000005,1,0.42105263157894735,0.7894736842105263,2.0,3.066666666666667
demand_surge,batching,110085,21,15,12,5,42,6,81.7,1,0.5714285714285714,0.7142857142857143,0.4,2.8
demand_surge,batching,110086,21,14,10,7,43,15,58.44999999999997,0,0.47619047619047616,0.6666666666666666,1.0714285714285714,3.0714285714285716
demand_surge,batching,110087,28,11,5,15,45,43,-83.75000000000003,2,0.17857142857142858,0.39285714285714285,3.909090909090909,4.090909090909091
demand_surge,batching,110088,22,15,15,5,46,0,75.10000000000005,2,0.6818181818181818,0.6818181818181818,0.0,3.066666666666667
demand_surge,batching,110089,19,13,8,5,43,14,57.149999999999984,1,0.42105263157894735,0.6842105263157895,1.0769230769230769,3.3076923076923075
demand_surge,batching,110090,23,11,5,11,42,45,-36.400000000000006,1,0.21739130434782608,0.4782608695652174,4.090909090909091,3.8181818181818183
demand_surge,batching,110091,26,16,10,10,44,14,54.800000000000004,0,0.38461538461538464,0.6153846153846154,0.875,2.75
demand_surge,batching,110092,24,15,11,7,43,14,46.150000000000034,2,0.4583333333333333,0.625,0.9333333333333333,2.8666666666666667
demand_surge,batching,110093,29,13,5,14,46,31,-42.09999999999999,2,0.1724137931034483,0.4482758620689655,2.3846153846153846,3.5384615384615383
demand_surge,batching,110094,19,16,12,2,45,6,116.05000000000015,1,0.631578947368421,0.8421052631578947,0.375,2.8125
demand_surge,batching,110095,23,15,10,7,45,13,59.750000000000014,1,0.43478260869565216,0.6521739130434783,0.8666666666666667,3.0
demand_surge,batching,110096,21,16,13,4,42,8,99.7000000000001,1,0.6190476190476191,0.7619047619047619,0.5,2.625
demand_surge,batching,110097,23,14,6,9,46,28,32.30000000000001,0,0.2608695652173913,0.6086956521739131,2.0,3.2857142857142856
demand_surge,batching,110098,23,16,11,7,43,14,79.15000000000002,0,0.4782608695652174,0.6956521739130435,0.875,2.6875
demand_surge,batching,110099,15,14,13,1,32,1,120.10000000000002,0,0.8666666666666667,0.9333333333333333,0.07142857142857142,2.2857142857142856
demand_surge,batching,110100,21,14,7,6,44,28,45.500000000000014,1,0.3333333333333333,0.6666666666666666,2.0,3.142857142857143
demand_surge,batching,110101,23,14,10,9,45,16,41.04999999999997,0,0.43478260869565216,0.6086956521739131,1.1428571428571428,3.2142857142857144
demand_surge,batching,110102,21,16,9,5,46,23,87.80000000000001,0,0.42857142857142855,0.7619047619047619,1.4375,2.875
demand_surge,batching,110103,22,14,9,8,39,12,53.94999999999998,0,0.4090909090909091,0.6363636363636364,0.8571428571428571,2.7857142857142856
demand_surge,batching,110104,23,12,5,9,43,24,-0.550000000000022,2,0.21739130434782608,0.5217391304347826,2.0,3.5833333333333335
demand_surge,batching,110105,22,13,7,8,43,23,26.85,1,0.3181818181818182,0.5909090909090909,1.7692307692307692,3.3076923076923075
demand_surge,batching,110106,18,18,18,0,42,0,165.30000000000013,0,1.0,1.0,0.0,2.3333333333333335
demand_surge,batching,110107,22,14,11,8,38,9,56.400000000000006,0,0.5,0.6363636363636364,0.6428571428571429,2.7142857142857144
demand_surge,batching,110108,14,12,7,2,39,9,84.05000000000005,0,0.5,0.8571428571428571,0.75,3.25
demand_surge,batching,110109,22,14,6,8,41,25,44.149999999999984,0,0.2727272727272727,0.6363636363636364,1.7857142857142858,2.9285714285714284
demand_surge,batching,110110,24,13,10,10,43,14,14.350000000000001,1,0.4166666666666667,0.5416666666666666,1.0769230769230769,3.3076923076923075
demand_surge,batching,110111,22,15,11,6,44,11,67.40000000000002,1,0.5,0.6818181818181818,0.7333333333333333,2.933333333333333
demand_surge,batching,110112,25,15,12,8,45,15,39.549999999999976,2,0.48,0.6,1.0,3.0
demand_surge,batching,110113,23,18,17,5,42,3,123.20000000000006,0,0.7391304347826086,0.782608695652174,0.16666666666666666,2.3333333333333335
demand_surge,batching,110114,17,15,13,2,44,6,114.40000000000006,0,0.7647058823529411,0.8823529411764706,0.4,2.933333333333333
demand_surge,batching,110115,22,14,10,6,44,22,39.60000000000001,2,0.45454545454545453,0.6363636363636364,1.5714285714285714,3.142857142857143
demand_surge,batching,110116,24,15,9,8,45,22,46.14999999999999,1,0.375,0.625,1.4666666666666666,3.0
demand_surge,batching,110117,23,17,9,6,45,32,83.85000000000001,0,0.391304347826087,0.7391304347826086,1.8823529411764706,2.6470588235294117
demand_surge,batching,110118,25,17,9,8,46,23,73.8,0,0.36,0.68,1.3529411764705883,2.7058823529411766
demand_surge,batching,110119,21,13,5,7,45,31,25.749999999999996,1,0.23809523809523808,0.6190476190476191,2.3846153846153846,3.4615384615384617
demand_surge,batching,110120,23,16,11,6,44,21,70.40000000000006,1,0.4782608695652174,0.6956521739130435,1.3125,2.75
demand_surge,batching,110121,21,16,12,5,43,8,99.35000000000002,0,0.5714285714285714,0.7619047619047619,0.5,2.6875
demand_surge,batching,110122,23,15,9,7,45,14,59.749999999999986,1,0.391304347826087,0.6521739130434783,0.9333333333333333,3.0
demand_surge,batching,110123,18,18,18,0,43,0,164.95000000000013,0,1.0,1.0,0.0,2.388888888888889
demand_surge,batching,110124,24,14,8,8,45,23,26.749999999999993,2,0.3333333333333333,0.5833333333333334,1.6428571428571428,3.2142857142857144
demand_surge,batching,110125,26,16,11,10,44,13,55.499999999999986,0,0.4230769230769231,0.6153846153846154,0.8125,2.75
demand_surge,batching,110126,23,15,11,8,43,19,57.64999999999997,0,0.4782608695652174,0.6521739130434783,1.2666666666666666,2.8666666666666667
demand_surge,batching,110127,24,14,6,10,41,27,26.750000000000007,0,0.25,0.5833333333333334,1.9285714285714286,2.9285714285714284
demand_surge,batching,110128,18,11,5,5,42,24,12.699999999999989,2,0.2777777777777778,0.6111111111111112,2.1818181818181817,3.8181818181818183
demand_surge,batching,110129,25,13,7,12,40,28,0.40000000000001923,0,0.28,0.52,2.1538461538461537,3.076923076923077
demand_surge,batching,110130,21,12,7,6,43,22,7.0499999999999865,3,0.3333333333333333,0.5714285714285714,1.8333333333333333,3.5833333333333335
demand_surge,batching,110131,21,16,14,5,45,4,101.45000000000005,0,0.6666666666666666,0.7619047619047619,0.25,2.8125
demand_surge,batching,110132,27,14,9,13,42,31,-0.40000000000000213,0,0.3333333333333333,0.5185185185185185,2.2142857142857144,3.0
demand_surge,batching,110133,22,14,8,8,38,13,53.59999999999999,0,0.36363636363636365,0.6363636363636364,0.9285714285714286,2.7142857142857144
demand_surge,batching,110134,24,20,17,4,46,4,149.10000000000008,0,0.7083333333333334,0.8333333333333334,0.2,2.3
demand_surge,batching,110135,25,15,8,9,46,15,42.69999999999999,1,0.32,0.6,1.0,3.066666666666667
demand_surge,batching,110136,27,16,9,11,46,27,37.0,0,0.3333333333333333,0.5925925925925926,1.6875,2.875
demand_surge,batching,110137,15,12,10,3,33,4,81.65000000000002,0,0.6666666666666666,0.8,0.3333333333333333,2.75
demand_surge,batching,110138,16,15,12,1,42,13,118.20000000000005,0,0.75,0.9375,0.8666666666666667,2.8
demand_surge,batching,110139,27,15,7,10,46,24,20.39999999999998,2,0.25925925925925924,0.5555555555555556,1.6,3.066666666666667
demand_surge,batching,110140,28,18,15,10,40,3,83.89999999999998,0,0.5357142857142857,0.6428571428571429,0.16666666666666666,2.2222222222222223
demand_surge,batching,110141,21,17,12,4,46,11,114.20000000000012,0,0.5714285714285714,0.8095238095238095,0.6470588235294118,2.7058823529411766
demand_surge,batching,110142,23,15,7,7,46,24,52.400000000000006,1,0.30434782608695654,0.6521739130434783,1.6,3.066666666666667
demand_surge,batching,110143,20,16,12,4,43,5,109.45000000000007,0,0.6,0.8,0.3125,2.6875
demand_surge,batching,110144,21,15,9,4,45,18,72.25000000000003,2,0.42857142857142855,0.7142857142857143,1.2,3.0
demand_surge,batching,110145,21,14,12,7,41,4,66.85,0,0.5714285714285714,0.6666666666666666,0.2857142857142857,2.9285714285714284
demand_surge,batching,110146,25,16,9,9,42,20,59.299999999999976,0,0.36,0.64,1.25,2.625
demand_surge,batching,110147,28,15,5,13,45,41,1.550000000000014,0,0.17857142857142858,0.5357142857142857,2.7333333333333334,3.0
demand_surge,batching,110148,25,17,13,8,39,6,88.15,0,0.52,0.68,0.35294117647058826,2.2941176470588234
demand_surge,batching,110149,21,16,12,4,43,6,100.7500000000001,1,0.5714285714285714,0.7619047619047619,0.375,2.6875
demand_surge,batching,110150,19,14,10,5,42,10,78.30000000000004,0,0.5263157894736842,0.7368421052631579,0.7142857142857143,3.0
demand_surge,batching,110151,22,16,14,5,46,4,93.10000000000002,1,0.6363636363636364,0.7272727272727273,0.25,2.875
demand_surge,batching,110152,20,13,3,7,43,34,35.15,0,0.15,0.65,2.6153846153846154,3.3076923076923075
demand_surge,batching,110153,23,16,12,7,42,5,85.80000000000001,0,0.5217391304347826,0.6956521739130435,0.3125,2.625
demand_surge,batching,110154,24,17,16,7,44,4,95.80000000000001,0,0.6666666666666666,0.7083333333333334,0.23529411764705882,2.588235294117647
demand_surge,batching,110155,21,16,15,5,40,1,105.30000000000001,0,0.7142857142857143,0.7619047619047619,0.0625,2.5
demand_surge,batching,110156,23,17,12,6,43,8,101.35000000000007,0,0.5217391304347826,0.7391304347826086,0.47058823529411764,2.5294117647058822
demand_surge,batching,110157,19,17,15,2,42,3,137.20000000000007,0,0.7894736842105263,0.8947368421052632,0.17647058823529413,2.4705882352941178
demand_surge,batching,110158,26,14,7,10,44,29,8.300000000000004,2,0.2692307692307692,0.5384615384615384,2.0714285714285716,3.142857142857143
demand_surge,batching,110159,27,18,12,9,42,15,82.8,0,0.4444444444444444,0.6666666666666666,0.8333333333333334,2.3333333333333335
demand_surge,batching,110160,22,18,17,4,43,2,131.55000000000007,0,0.7727272727272727,0.8181818181818182,0.1111111111111111,2.388888888888889
demand_surge,batching,110161,20,16,13,4,44,4,109.80000000000008,0,0.65,0.8,0.25,2.75
demand_surge,batching,110162,21,11,4,9,44,41,-14.100000000000009,1,0.19047619047619047,0.5238095238095238,3.727272727272727,4.0
demand_surge,batching,110163,22,14,8,8,41,23,45.54999999999999,0,0.36363636363636365,0.6363636363636364,1.6428571428571428,2.9285714285714284
demand_surge,batching,110164,26,17,12,9,43,9,76.64999999999998,0,0.46153846153846156,0.6538461538461539,0.5294117647058824,2.5294117647058822
demand_surge,batching,110165,21,15,10,6,45,21,71.55,0,0.47619047619047616,0.7142857142857143,1.4,3.0
demand_surge,batching,110166,27,15,7,12,45,38,11.65,0,0.25925925925925924,0.5555555555555556,2.533333333333333,3.0
demand_surge,batching,110167,17,16,15,1,44,2,135.20000000000007,0,0.8823529411764706,0.9411764705882353,0.125,2.75
demand_surge,batching,110168,21,15,10,4,46,14,73.30000000000005,2,0.47619047619047616,0.7142857142857143,0.9333333333333333,3.066666666666667
demand_surge,batching,110169,25,17,12,8,42,13,82.19999999999999,0,0.48,0.68,0.7647058823529411,2.4705882352941178
demand_surge,batching,110170,23,17,9,6,44,19,93.30000000000003,0,0.391304347826087,0.7391304347826086,1.1176470588235294,2.588235294117647
demand_surge,batching,110171,21,15,9,5,46,28,65.6,1,0.42857142857142855,0.7142857142857143,1.8666666666666667,3.066666666666667
demand_surge,batching,110172,19,16,14,2,43,4,118.15000000000012,1,0.7368421052631579,0.8421052631578947,0.25,2.6875
demand_surge,batching,110173,22,18,16,4,43,3,130.85000000000008,0,0.7272727272727273,0.8181818181818182,0.16666666666666666,2.388888888888889
demand_surge,batching,110174,24,15,7,9,46,40,33.9,0,0.2916666666666667,0.625,2.6666666666666665,3.066666666666667
demand_surge,batching,110175,24,15,11,8,43,9,56.649999999999984,1,0.4583333333333333,0.625,0.6,2.8666666666666667
demand_surge,batching,110176,25,16,11,9,45,20,58.24999999999997,0,0.44,0.64,1.25,2.8125
demand_surge,batching,110177,23,17,9,6,46,12,97.50000000000003,0,0.391304347826087,0.7391304347826086,0.7058823529411765,2.7058823529411766
demand_surge,batching,110178,17,14,5,3,45,40,72.25000000000001,0,0.29411764705882354,0.8235294117647058,2.857142857142857,3.2142857142857144
demand_surge,batching,110179,21,15,6,5,46,33,62.800000000000004,1,0.2857142857142857,0.7142857142857143,2.2,3.066666666666667
demand_surge,batching,110180,19,14,11,5,42,6,81.09999999999998,0,0.5789473684210527,0.7368421052631579,0.42857142857142855,3.0
demand_surge,batching,110181,18,14,7,4,45,18,79.65,0,0.3888888888888889,0.7777777777777778,1.2857142857142858,3.2142857142857144
demand_surge,batching,110182,19,14,11,5,37,8,81.44999999999997,0,0.5789473684210527,0.7368421052631579,0.5714285714285714,2.642857142857143
demand_surge,batching,110183,28,17,13,11,41,12,59.249999999999964,0,0.4642857142857143,0.6071428571428571,0.7058823529411765,2.411764705882353
demand_surge,batching,110184,19,16,13,2,45,13,107.65000000000009,1,0.6842105263157895,0.8421052631578947,0.8125,2.8125
demand_surge,batching,110185,21,15,11,5,46,4,83.10000000000007,1,0.5238095238095238,0.7142857142857143,0.26666666666666666,3.066666666666667
demand_surge,batching,110186,16,15,12,1,43,8,121.35000000000007,0,0.75,0.9375,0.5333333333333333,2.8666666666666667
demand_surge,batching,110187,25,15,8,10,45,21,39.54999999999998,0,0.32,0.6,1.4,3.0
demand_surge,batching,110188,21,14,6,7,44,25,51.099999999999994,0,0.2857142857142857,0.6666666666666666,1.7857142857142858,3.142857142857143
demand_surge,batching,110189,18,15,11,3,40,19,98.70000000000005,0,0.6111111111111112,0.8333333333333334,1.2666666666666666,2.6666666666666665
demand_surge,batching,110190,25,14,6,11,46,28,16.29999999999999,0,0.24,0.56,2.0,3.2857142857142856
demand_surge,batching,110191,19,17,14,2,45,7,133.35000000000008,0,0.7368421052631579,0.8947368421052632,0.4117647058823529,2.6470588235294117
demand_surge,batching,110192,22,16,11,6,46,16,84.7,0,0.5,0.7272727272727273,1.0,2.875
demand_surge,batching,110193,22,16,10,6,44,27,77.70000000000003,0,0.45454545454545453,0.7272727272727273,1.6875,2.75
demand_surge,batching,110194,24,17,12,7,46,10,90.90000000000005,0,0.5,0.7083333333333334,0.5882352941176471,2.7058823529411766
demand_surge,batching,110195,20,17,14,3,45,9,123.95000000000007,0,0.7,0.85,0.5294117647058824,2.6470588235294117
demand_surge,batching,110196,21,13,9,8,40,13,42.89999999999998,0,0.42857142857142855,0.6190476190476191,1.0,3.076923076923077
demand_surge,batching,110197,21,16,11,5,45,10,97.25000000000003,0,0.5238095238095238,0.7619047619047619,0.625,2.8125
demand_surge,batching,110198,22,16,9,6,46,22,80.50000000000003,0,0.4090909090909091,0.7272727272727273,1.375,2.875
demand_surge,batching,110199,24,15,6,9,45,29,41.95,0,0.25,0.625,1.9333333333333333,3.0
demand_surge,batching,110200,17,14,10,3,39,5,98.85000000000004,0,0.5882352941176471,0.8235294117647058,0.35714285714285715,2.7857142857142856
demand_surge,batching,110201,23,15,7,8,46,38,43.300000000000004,0,0.30434782608695654,0.6521739130434783,2.533333333333333,3.066666666666667
demand_surge,batching,110202,20,15,9,4,45,22,78.15,1,0.45,0.75,1.4666666666666666,3.0
demand_surge,batching,110203,22,15,12,7,38,8,75.09999999999998,0,0.5454545454545454,0.6818181818181818,0.5333333333333333,2.533333333333333
demand_surge,batching,110204,22,13,6,8,44,32,18.799999999999986,1,0.2727272727272727,0.5909090909090909,2.4615384615384617,3.3846153846153846
demand_surge,batching,110205,23,17,11,6,44,14,96.80000000000005,0,0.4782608695652174,0.7391304347826086,0.8235294117647058,2.588235294117647
demand_surge,batching,110206,23,18,14,5,46,8,118.30000000000014,0,0.6086956521739131,0.782608695652174,0.4444444444444444,2.5555555555555554
demand_surge,batching,110207,22,15,9,7,44,17,66.69999999999999,0,0.4090909090909091,0.6818181818181818,1.1333333333333333,2.933333333333333
demand_surge,batching,110208,26,18,14,8,46,13,90.80000000000004,0,0.5384615384615384,0.6923076923076923,0.7222222222222222,2.5555555555555554
demand_surge,batching,110209,21,14,11,7,42,12,60.89999999999997,0,0.5238095238095238,0.6666666666666666,0.8571428571428571,3.0
demand_surge,batching,110210,20,17,17,3,45,0,130.25000000000006,0,0.85,0.85,0.0,2.6470588235294117
demand_surge,batching,110211,24,15,10,9,43,13,53.849999999999994,0,0.4166666666666667,0.625,0.8666666666666667,2.8666666666666667
demand_surge,batching,110212,25,15,12,10,42,8,49.699999999999974,0,0.48,0.6,0.5333333333333333,2.8
demand_surge,batching,110213,26,14,6,11,44,26,7.599999999999998,1,0.23076923076923078,0.5384615384615384,1.8571428571428572,3.142857142857143
demand_surge,batching,110214,24,15,5,9,43,30,41.95000000000002,0,0.20833333333333334,0.625,2.0,2.8666666666666667
demand_surge,batching,110215,21,16,12,5,46,6,99.70000000000005,0,0.5714285714285714,0.7619047619047619,0.375,2.875
demand_surge,batching,110216,23,13,7,9,44,20,20.6,1,0.30434782608695654,0.5652173913043478,1.5384615384615385,3.3846153846153846
demand_surge,batching,110217,23,15,9,6,46,11,60.10000000000001,2,0.391304347826087,0.6521739130434783,0.7333333333333333,3.066666666666667
demand_surge,batching,110218,20,14,9,6,39,20,64.35,0,0.45,0.7,1.4285714285714286,2.7857142857142856
demand_surge,batching,110219,19,14,10,5,43,14,75.15000000000002,0,0.5263157894736842,0.7368421052631579,1.0,3.0714285714285716
demand_surge,batching,110220,25,16,12,8,46,20,53.70000000000002,1,0.48,0.64,1.25,2.875
demand_surge,batching,110221,21,18,16,3,39,3,140.25000000000006,0,0.7619047619047619,0.8571428571428571,0.16666666666666666,2.1666666666666665
demand_surge,batching,110222,23,14,6,8,43,25,34.05000000000001,1,0.2608695652173913,0.6086956521739131,1.7857142857142858,3.0714285714285716
demand_surge,batching,110223,26,15,9,11,45,24,29.450000000000017,0,0.34615384615384615,0.5769230769230769,1.6,3.0
demand_surge,batching,110224,22,17,17,5,39,0,116.35000000000002,0,0.7727272727272727,0.7727272727272727,0.0,2.2941176470588234
demand_surge,batching,110225,25,15,8,9,45,15,41.64999999999999,1,0.32,0.6,1.0,3.0
demand_surge,batching,110226,19,15,10,4,44,13,93.50000000000004,0,0.5263157894736842,0.7894736842105263,0.8666666666666667,2.933333333333333
demand_surge,batching,110227,21,15,9,5,46,37,57.89999999999999,1,0.42857142857142855,0.7142857142857143,2.466666666666667,3.066666666666667
demand_surge,batching,110228,25,15,9,8,45,16,42.34999999999998,2,0.36,0.6,1.0666666666666667,3.0
demand_surge,batching,110229,22,14,9,7,44,18,44.499999999999986,1,0.4090909090909091,0.6363636363636364,1.2857142857142858,3.142857142857143
demand_surge,batching,110230,23,16,11,6,45,9,81.95000000000006,1,0.4782608695652174,0.6956521739130435,0.5625,2.8125
demand_surge,batching,110231,24,18,15,5,44,7,110.30000000000005,1,0.625,0.75,0.3888888888888889,2.4444444444444446
demand_surge,batching,110232,23,15,9,8,43,22,55.54999999999999,0,0.391304347826087,0.6521739130434783,1.4666666666666666,2.8666666666666667
demand_surge,batching,110233,19,15,8,4,40,17,92.10000000000001,0,0.42105263157894735,0.7894736842105263,1.1333333333333333,2.6666666666666665
demand_surge,batching,110234,19,11,4,8,37,21,18.35,0,0.21052631578947367,0.5789473684210527,1.9090909090909092,3.3636363636363638
demand_surge,batching,110235,18,15,10,2,44,15,96.60000000000008,1,0.5555555555555556,0.8333333333333334,1.0,2.933333333333333
demand_surge,batching,110236,22,20,20,2,44,0,168.60000000000014,0,0.9090909090909091,0.9090909090909091,0.0,2.2
demand_surge,batching,110237,18,13,9,5,40,11,68.3,0,0.5,0.7222222222222222,0.8461538461538461,3.076923076923077
demand_surge,batching,110238,19,16,11,3,45,15,109.75000000000007,0,0.5789473684210527,0.8421052631578947,0.9375,2.8125
demand_surge,batching,110239,17,15,11,2,42,12,110.90000000000006,0,0.6470588235294118,0.8823529411764706,0.8,2.8
demand_surge,batching,110240,21,15,7,6,42,20,73.30000000000001,0,0.3333333333333333,0.7142857142857143,1.3333333333333333,2.8
demand_surge,batching,110241,29,17,13,12,44,20,44.59999999999999,0,0.4482758620689655,0.5862068965517241,1.1764705882352942,2.588235294117647
demand_surge,batching,110242,25,15,10,10,40,12,47.6,0,0.4,0.6,0.8,2.6666666666666665
demand_surge,batching,110243,23,17,13,6,40,12,99.60000000000002,0,0.5652173913043478,0.7391304347826086,0.7058823529411765,2.3529411764705883
demand_surge,batching,110244,29,17,15,12,40,5,56.49999999999996,0,0.5172413793103449,0.5862068965517241,0.29411764705882354,2.3529411764705883
demand_surge,batching,110245,22,13,5,8,45,25,21.24999999999999,1,0.22727272727272727,0.5909090909090909,1.9230769230769231,3.4615384615384617
demand_surge,batching,110246,22,15,7,7,44,12,70.2,0,0.3181818181818182,0.6818181818181818,0.8,2.933333333333333
demand_surge,batching,110247,20,17,13,3,38,12,124.30000000000007,0,0.65,0.85,0.7058823529411765,2.235294117647059
demand_surge,batching,110248,26,14,10,10,45,17,14.949999999999967,2,0.38461538461538464,0.5384615384615384,1.2142857142857142,3.2142857142857144
demand_surge,batching,110249,17,16,14,0,41,4,134.85000000000008,1,0.8235294117647058,0.9411764705882353,0.25,2.5625
demand_surge,batching,110250,21,14,9,6,45,12,58.44999999999999,1,0.42857142857142855,0.6666666666666666,0.8571428571428571,3.2142857142857144
demand_surge,batching,110251,24,14,6,8,46,26,20.800000000000008,2,0.25,0.5833333333333334,1.8571428571428572,3.2857142857142856
demand_surge,batching,110252,19,17,14,2,46,5,134.4000000000001,0,0.7368421052631579,0.8947368421052632,0.29411764705882354,2.7058823529411766
demand_surge,batching,110253,16,14,12,1,43,2,107.55000000000005,1,0.75,0.875,0.14285714285714285,3.0714285714285716
demand_surge,batching,110254,21,14,8,7,41,19,56.349999999999994,0,0.38095238095238093,0.6666666666666666,1.3571428571428572,2.9285714285714284
demand_surge,batching,110255,19,15,10,3,42,16,92.10000000000005,1,0.5263157894736842,0.7894736842105263,1.0666666666666667,2.8
demand_surge,batching,110256,19,15,12,3,45,7,95.25000000000004,1,0.631578947368421,0.7894736842105263,0.4666666666666667,3.0
demand_surge,batching,110257,23,15,9,8,39,22,56.94999999999999,0,0.391304347826087,0.6521739130434783,1.4666666666666666,2.6
demand_surge,batching,110258,24,15,10,8,46,17,49.29999999999998,1,0.4166666666666667,0.625,1.1333333333333333,3.066666666666667
demand_surge,batching,110259,22,15,11,7,40,16,68.80000000000001,0,0.5,0.6818181818181818,1.0666666666666667,2.6666666666666665
demand_surge,batching,110260,21,13,7,8,40,30,31.000000000000014,0,0.3333333333333333,0.6190476190476191,2.3076923076923075,3.076923076923077
demand_surge,batching,110261,24,14,8,10,42,17,33.39999999999999,0,0.3333333333333333,0.5833333333333334,1.2142857142857142,3.0
demand_surge,batching,110262,21,14,8,7,44,25,51.1,0,0.38095238095238093,0.6666666666666666,1.7857142857142858,3.142857142857143
demand_surge,batching,110263,28,16,9,12,46,10,40.900000000000006,0,0.32142857142857145,0.5714285714285714,0.625,2.875
demand_surge,batching,110264,18,15,13,2,45,2,108.15000000000008,1,0.7222222222222222,0.8333333333333334,0.13333333333333333,3.0
demand_surge,batching,110265,22,14,9,8,38,10,55.70000000000001,0,0.4090909090909091,0.6363636363636364,0.7142857142857143,2.7142857142857144
demand_surge,batching,110266,27,18,17,9,37,1,94.35,0,0.6296296296296297,0.6666666666666666,0.05555555555555555,2.0555555555555554
demand_surge,batching,110267,18,17,17,1,39,0,148.35000000000008,0,0.9444444444444444,0.9444444444444444,0.0,2.2941176470588234
demand_surge,batching,110268,21,14,7,7,38,14,60.89999999999998,0,0.3333333333333333,0.6666666666666666,1.0,2.7142857142857144
demand_surge,batching,110269,19,14,12,5,42,6,81.10000000000004,0,0.631578947368421,0.7368421052631579,0.42857142857142855,3.0
demand_surge,batching,110270,26,14,6,11,45,32,5.85,1,0.23076923076923078,0.5384615384615384,2.2857142857142856,3.2142857142857144
demand_surge,batching,110271,22,16,14,6,44,9,90.30000000000001,0,0.6363636363636364,0.7272727272727273,0.5625,2.75
demand_surge,batching,110272,24,12,4,10,46,39,-24.29999999999999,2,0.16666666666666666,0.5,3.25,3.8333333333333335
demand_surge,batching,110273,16,13,10,3,38,4,89.9,0,0.625,0.8125,0.3076923076923077,2.923076923076923
demand_surge,batching,110274,23,16,9,7,45,37,62.349999999999994,0,0.391304347826087,0.6956521739130435,2.3125,2.8125
demand_surge,batching,110275,18,14,10,3,42,14,82.1000000000001,1,0.5555555555555556,0.7777777777777778,1.0,3.0
demand_surge,batching,110276,24,18,16,6,41,6,113.45000000000002,0,0.6666666666666666,0.75,0.3333333333333333,2.2777777777777777
demand_surge,batching,110277,20,14,6,6,43,21,62.249999999999986,0,0.3,0.7,1.5,3.0714285714285716
demand_surge,batching,110278,20,15,8,5,44,22,79.19999999999999,0,0.4,0.75,1.4666666666666666,2.933333333333333
demand_surge,batching,110279,20,13,9,5,44,13,44.59999999999998,2,0.45,0.65,1.0,3.3846153846153846
demand_surge,batching,110280,19,15,10,4,41,16,92.45,0,0.5263157894736842,0.7894736842105263,1.0666666666666667,2.7333333333333334
demand_surge,batching,110281,18,14,8,4,42,16,82.10000000000002,0,0.4444444444444444,0.7777777777777778,1.1428571428571428,3.0
demand_surge,batching,110282,17,17,16,0,38,1,156.00000000000014,0,0.9411764705882353,1.0,0.058823529411764705,2.235294117647059
demand_surge,batching,110283,25,17,13,8,44,6,86.4,0,0.52,0.68,0.35294117647058826,2.588235294117647
demand_surge,batching,110284,22,14,8,7,46,33,30.499999999999982,1,0.36363636363636365,0.6363636363636364,2.357142857142857,3.2857142857142856
demand_surge,batching,110285,24,13,3,11,46,41,-2.7999999999999714,0,0.125,0.5416666666666666,3.1538461538461537,3.5384615384615383
demand_surge,batching,110286,18,14,6,4,46,23,75.80000000000001,0,0.3333333333333333,0.7777777777777778,1.6428571428571428,3.2857142857142856
demand_surge,batching,110287,25,13,5,11,46,45,-14.299999999999992,1,0.2,0.52,3.4615384615384617,3.5384615384615383
demand_surge,batching,110288,20,14,7,6,45,43,46.15,0,0.35,0.7,3.0714285714285716,3.2142857142857144
demand_surge,batching,110289,26,15,9,11,42,13,38.199999999999996,0,0.34615384615384615,0.5769230769230769,0.8666666666666667,2.8
demand_surge,batching,110290,22,14,8,8,45,23,44.14999999999998,0,0.36363636363636365,0.6363636363636364,1.6428571428571428,3.2142857142857144
demand_surge,batching,110291,20,14,12,6,44,8,70.99999999999999,0,0.6,0.7,0.5714285714285714,3.142857142857143
demand_surge,batching,110292,21,17,14,4,43,5,119.45000000000007,0,0.6666666666666666,0.8095238095238095,0.29411764705882354,2.5294117647058822
demand_surge,batching,110293,21,17,15,2,46,5,118.40000000000012,2,0.7142857142857143,0.8095238095238095,0.29411764705882354,2.7058823529411766
demand_surge,batching,110294,25,14,7,10,46,48,-1.200000000000009,1,0.28,0.56,3.4285714285714284,3.2857142857142856
demand_surge,batching,110295,16,16,16,0,33,0,148.4500000000001,0,1.0,1.0,0.0,2.0625
demand_surge,batching,110296,22,17,15,5,40,4,113.20000000000005,0,0.6818181818181818,0.7727272727272727,0.23529411764705882,2.3529411764705883
demand_surge,batching,110297,26,15,4,11,45,39,18.950000000000006,0,0.15384615384615385,0.5769230769230769,2.6,3.0
demand_surge,batching,110298,26,17,12,9,44,11,74.89999999999998,0,0.46153846153846156,0.6538461538461539,0.6470588235294118,2.588235294117647
demand_surge,batching,110299,24,15,8,8,44,21,47.2,1,0.3333333333333333,0.625,1.4,2.933333333333333
demand_surge,linear_q_11,110000,19,13,10,5,45,10,47.35000000000001,1,0.5263157894736842,0.6842105263157895,0.7692307692307693,3.4615384615384617
demand_surge,linear_q_11,110001,22,16,14,6,47,24,78.75000000000003,0,0.6363636363636364,0.7272727272727273,1.5,2.9375
demand_surge,linear_q_11,110002,19,15,11,4,42,15,92.80000000000005,0,0.5789473684210527,0.7894736842105263,1.0,2.8
demand_surge,linear_q_11,110003,26,16,11,10,47,40,35.55000000000002,0,0.4230769230769231,0.6153846153846154,2.5,2.9375
demand_surge,linear_q_11,110004,20,16,13,4,43,27,94.05000000000004,0,0.65,0.8,1.6875,2.6875
demand_surge,linear_q_11,110005,22,17,15,4,48,11,101.30000000000008,1,0.6818181818181818,0.7727272727272727,0.6470588235294118,2.823529411764706
demand_surge,linear_q_11,110006,21,16,13,3,48,6,82.90000000000006,2,0.6190476190476191,0.7619047619047619,0.375,3.0
demand_surge,linear_q_11,110007,23,16,10,7,47,28,67.95000000000002,0,0.43478260869565216,0.6956521739130435,1.75,2.9375
demand_surge,linear_q_11,110008,26,20,20,5,48,0,121.2000000000001,1,0.7692307692307693,0.7692307692307693,0.0,2.4
demand_surge,linear_q_11,110009,22,16,13,6,43,19,83.65000000000002,0,0.5909090909090909,0.7272727272727273,1.1875,2.6875
demand_surge,linear_q_11,110010,21,17,14,4,45,7,117.35000000000011,0,0.6666666666666666,0.8095238095238095,0.4117647058823529,2.6470588235294117
demand_surge,linear_q_11,110011,28,16,12,12,43,32,26.550000000000004,0,0.42857142857142855,0.5714285714285714,2.0,2.6875
demand_surge,linear_q_11,110012,19,16,13,3,41,8,116.05000000000004,0,0.6842105263157895,0.8421052631578947,0.5,2.5625
demand_surge,linear_q_11,110013,27,18,14,9,46,19,78.60000000000001,0,0.5185185185185185,0.6666666666666666,1.0555555555555556,2.5555555555555554
demand_surge,linear_q_11,110014,17,15,13,2,43,7,114.05000000000005,0,0.7647058823529411,0.8823529411764706,0.4666666666666667,2.8666666666666667
demand_surge,linear_q_11,110015,24,17,16,7,42,8,93.70000000000003,0,0.6666666666666666,0.7083333333333334,0.47058823529411764,2.4705882352941178
demand_surge,linear_q_11,110016,15,14,13,1,48,4,112.40000000000003,0,0.8666666666666667,0.9333333333333333,0.2857142857142857,3.4285714285714284
demand_surge,linear_q_11,110017,28,14,10,14,43,19,-0.3499999999999879,0,0.35714285714285715,0.5,1.3571428571428572,3.0714285714285716
demand_surge,linear_q_11,110018,20,16,12,3,48,25,93.70000000000009,1,0.6,0.8,1.5625,3.0
demand_surge,linear_q_11,110019,20,18,16,2,42,4,146.50000000000009,0,0.8,0.9,0.2222222222222222,2.3333333333333335
demand_surge,linear_q_11,110020,20,17,15,3,43,18,118.35000000000008,0,0.75,0.85,1.0588235294117647,2.5294117647058822
demand_surge,linear_q_11,110021,26,19,15,7,46,14,108.10000000000007,0,0.5769230769230769,0.7307692307692307,0.7368421052631579,2.4210526315789473
demand_surge,linear_q_11,110022,19,18,18,1,45,0,156.25000000000009,0,0.9473684210526315,0.9473684210526315,0.0,2.5
demand_surge,linear_q_11,110023,17,17,16,0,41,12,147.25,0,0.9411764705882353,1.0,0.7058823529411765,2.411764705882353
demand_surge,linear_q_11,110024,16,16,15,0,46,4,141.10000000000008,0,0.9375,1.0,0.25,2.875
demand_surge,linear_q_11,110025,24,18,14,6,44,13,107.50000000000013,0,0.5833333333333334,0.75,0.7222222222222222,2.4444444444444446
demand_surge,linear_q_11,110026,22,15,13,6,48,5,55.50000000000003,1,0.5909090909090909,0.6818181818181818,0.3333333333333333,3.2
demand_surge,linear_q_11,110027,19,16,14,2,46,7,109.40000000000008,1,0.7368421052631579,0.8421052631578947,0.4375,2.875
demand_surge,linear_q_11,110028,22,14,9,8,47,24,42.749999999999986,0,0.4090909090909091,0.6363636363636364,1.7142857142857142,3.357142857142857
demand_surge,linear_q_11,110029,22,20,18,2,47,11,159.85000000000005,0,0.8181818181818182,0.9090909090909091,0.55,2.35
demand_surge,linear_q_11,110030,21,17,13,4,44,9,116.30000000000005,0,0.6190476190476191,0.8095238095238095,0.5294117647058824,2.588235294117647
demand_surge,linear_q_11,110031,30,16,10,14,48,33,8.100000000000005,0,0.3333333333333333,0.5333333333333333,2.0625,3.0
demand_surge,linear_q_11,110032,29,17,13,12,45,23,42.14999999999999,0,0.4482758620689655,0.5862068965517241,1.3529411764705883,2.6470588235294117
demand_surge,linear_q_11,110033,26,18,16,8,45,12,91.85000000000007,0,0.6153846153846154,0.6923076923076923,0.6666666666666666,2.5
demand_surge,linear_q_11,110034,21,15,10,6,44,24,69.80000000000001,0,0.47619047619047616,0.7142857142857143,1.6,2.933333333333333
demand_surge,linear_q_11,110035,27,17,13,10,48,32,50.80000000000001,0,0.48148148148148145,0.6296296296296297,1.8823529411764706,2.823529411764706
demand_surge,linear_q_11,110036,23,17,13,6,44,16,95.4000000000001,0,0.5652173913043478,0.7391304347826086,0.9411764705882353,2.588235294117647
demand_surge,linear_q_11,110037,23,18,14,5,46,26,105.70000000000002,0,0.6086956521739131,0.782608695652174,1.4444444444444444,2.5555555555555554
demand_surge,linear_q_11,110038,26,16,12,10,46,32,41.500000000000014,0,0.46153846153846156,0.6153846153846154,2.0,2.875
demand_surge,linear_q_11,110039,20,18,16,2,42,4,146.50000000000009,0,0.8,0.9,0.2222222222222222,2.3333333333333335
demand_surge,linear_q_11,110040,26,18,15,8,42,8,95.70000000000002,0,0.5769230769230769,0.6923076923076923,0.4444444444444444,2.3333333333333335
demand_surge,linear_q_11,110041,24,19,15,5,48,18,120.60000000000011,0,0.625,0.7916666666666666,0.9473684210526315,2.526315789473684
demand_surge,linear_q_11,110042,20,17,14,3,46,23,113.80000000000004,0,0.7,0.85,1.3529411764705883,2.7058823529411766
demand_surge,linear_q_11,110043,14,14,13,0,45,4,121.45000000000007,0,0.9285714285714286,1.0,0.2857142857142857,3.2142857142857144
demand_surge,linear_q_11,110044,23,18,18,5,45,0,124.25000000000006,0,0.782608695652174,0.782608695652174,0.0,2.5
demand_surge,linear_q_11,110045,26,19,13,7,44,10,111.60000000000004,0,0.5,0.7307692307692307,0.5263157894736842,2.3157894736842106
demand_surge,linear_q_11,110046,21,16,14,5,46,10,96.90000000000002,0,0.6666666666666666,0.7619047619047619,0.625,2.875
demand_surge,linear_q_11,110047,25,16,10,9,46,23,55.80000000000001,0,0.4,0.64,1.4375,2.875
demand_surge,linear_q_11,110048,22,16,14,6,46,23,79.80000000000004,0,0.6363636363636364,0.7272727272727273,1.4375,2.875
demand_surge,linear_q_11,110049,24,17,12,6,48,15,83.20000000000003,1,0.5,0.7083333333333334,0.8823529411764706,2.823529411764706
demand_surge,linear_q_11,110050,27,15,10,12,44,20,24.6,0,0.37037037037037035,0.5555555555555556,1.3333333333333333,2.933333333333333
demand_surge,linear_q_11,110051,22,20,19,2,46,6,163.70000000000005,0,0.8636363636363636,0.9090909090909091,0.3,2.3
demand_surge,linear_q_11,110052,21,16,11,5,44,17,92.70000000000003,0,0.5238095238095238,0.7619047619047619,1.0625,2.75
demand_surge,linear_q_11,110053,21,16,13,5,45,14,94.45000000000002,0,0.6190476190476191,0.7619047619047619,0.875,2.8125
demand_surge,linear_q_11,110054,23,17,16,5,46,1,96.80000000000007,1,0.6956521739130435,0.7391304347826086,0.058823529411764705,2.7058823529411766
demand_surge,linear_q_11,110055,26,18,16,8,46,21,85.20000000000005,0,0.6153846153846154,0.6923076923076923,1.1666666666666667,2.5555555555555554
demand_surge,linear_q_11,110056,23,18,15,5,48,26,105.00000000000004,0,0.6521739130434783,0.782608695652174,1.4444444444444444,2.6666666666666665
demand_surge,linear_q_11,110057,20,15,10,5,46,23,77.80000000000005,0,0.5,0.75,1.5333333333333334,3.066666666666667
demand_surge,linear_q_11,110058,20,17,16,3,41,10,124.65,0,0.8,0.85,0.5882352941176471,2.411764705882353
demand_surge,linear_q_11,110059,23,17,14,6,42,17,95.40000000000002,0,0.6086956521739131,0.7391304347826086,1.0,2.4705882352941178
demand_surge,linear_q_11,110060,18,16,14,2,48,9,120.90000000000009,0,0.7777777777777778,0.8888888888888888,0.5625,3.0
demand_surge,linear_q_11,110061,21,18,16,3,44,17,128.70000000000007,0,0.7619047619047619,0.8571428571428571,0.9444444444444444,2.4444444444444446
demand_surge,linear_q_11,110062,27,17,14,9,48,5,64.8,1,0.5185185185185185,0.6296296296296297,0.29411764705882354,2.823529411764706
demand_surge,linear_q_11,110063,17,16,16,0,43,0,136.2500000000001,1,0.9411764705882353,0.9411764705882353,0.0,2.6875
demand_surge,linear_q_11,110064,21,18,15,3,46,13,130.8000000000001,0,0.7142857142857143,0.8571428571428571,0.7222222222222222,2.5555555555555554
demand_surge,linear_q_11,110065,21,15,13,6,45,6,82.05,0,0.6190476190476191,0.7142857142857143,0.4,3.0
demand_surge,linear_q_11,110066,22,17,16,3,47,2,101.65000000000008,2,0.7272727272727273,0.7727272727272727,0.11764705882352941,2.764705882352941
demand_surge,linear_q_11,110067,19,18,18,1,42,0,157.3000000000001,0,0.9473684210526315,0.9473684210526315,0.0,2.3333333333333335
demand_surge,linear_q_11,110068,16,16,15,0,41,2,144.25000000000009,0,0.9375,1.0,0.125,2.5625
demand_surge,linear_q_11,110069,20,17,14,3,45,6,126.05000000000007,0,0.7,0.85,0.35294117647058826,2.6470588235294117
demand_surge,linear_q_11,110070,18,15,13,1,48,9,99.40000000000009,2,0.7222222222222222,0.8333333333333334,0.6,3.2
demand_surge,linear_q_11,110071,16,16,14,0,43,3,142.85000000000008,0,0.875,1.0,0.1875,2.6875
demand_surge,linear_q_11,110072,26,16,13,10,46,23,47.800000000000026,0,0.5,0.6153846153846154,1.4375,2.875
demand_surge,linear_q_11,110073,26,15,12,11,45,39,18.949999999999996,0,0.46153846153846156,0.5769230769230769,2.6,3.0
demand_surge,linear_q_11,110074,19,17,13,2,46,18,125.30000000000007,0,0.6842105263157895,0.8947368421052632,1.0588235294117647,2.7058823529411766
demand_surge,linear_q_11,110075,22,16,11,6,47,19,82.25000000000004,0,0.5,0.7272727272727273,1.1875,2.9375
demand_surge,linear_q_11,110076,24,16,15,7,46,21,65.20000000000006,1,0.625,0.6666666666666666,1.3125,2.875
demand_surge,linear_q_11,110077,20,15,13,5,43,12,86.55000000000004,0,0.65,0.75,0.8,2.8666666666666667
demand_surge,linear_q_11,110078,22,16,10,6,42,23,81.20000000000002,0,0.45454545454545453,0.7272727272727273,1.4375,2.625
demand_surge,linear_q_11,110079,20,16,13,4,46,21,97.20000000000002,0,0.65,0.8,1.3125,2.875
demand_surge,linear_q_11,110080,26,20,17,6,45,6,132.05000000000004,0,0.6538461538461539,0.7692307692307693,0.3,2.25
demand_surge,linear_q_11,110081,26,15,12,10,45,16,30.84999999999999,1,0.46153846153846156,0.5769230769230769,1.0666666666666667,3.0
demand_surge,linear_q_11,110082,18,17,16,1,46,7,141.00000000000003,0,0.8888888888888888,0.9444444444444444,0.4117647058823529,2.7058823529411766
demand_surge,linear_q_11,110083,20,16,13,3,46,12,103.50000000000011,1,0.65,0.8,0.75,2.875
demand_surge,linear_q_11,110084,19,17,15,2,48,6,133.0000000000001,0,0.7894736842105263,0.8947368421052632,0.35294117647058826,2.823529411764706
demand_surge,linear_q_11,110085,21,15,11,6,47,15,75.05000000000001,0,0.5238095238095238,0.7142857142857143,1.0,3.1333333333333333
demand_surge,linear_q_11,110086,21,18,16,3,44,3,138.50000000000003,0,0.7619047619047619,0.8571428571428571,0.16666666666666666,2.4444444444444446
demand_surge,linear_q_11,110087,28,19,17,9,45,15,91.75000000000006,0,0.6071428571428571,0.6785714285714286,0.7894736842105263,2.3684210526315788
demand_surge,linear_q_11,110088,22,14,12,8,46,36,34.70000000000001,0,0.5454545454545454,0.6363636363636364,2.5714285714285716,3.2857142857142856
demand_surge,linear_q_11,110089,19,14,10,5,45,25,66.75000000000001,0,0.5263157894736842,0.7368421052631579,1.7857142857142858,3.2142857142857144
demand_surge,linear_q_11,110090,23,15,11,7,47,18,56.950000000000024,1,0.4782608695652174,0.6521739130434783,1.2,3.1333333333333333
demand_surge,linear_q_11,110091,26,20,19,6,48,19,121.9000000000001,0,0.7307692307692307,0.7692307692307693,0.95,2.4
demand_surge,linear_q_11,110092,24,17,13,7,45,11,90.55000000000005,0,0.5416666666666666,0.7083333333333334,0.6470588235294118,2.6470588235294117
demand_surge,linear_q_11,110093,29,16,13,12,48,16,23.100000000000005,1,0.4482758620689655,0.5517241379310345,1.0,3.0
demand_surge,linear_q_11,110094,19,18,17,1,44,6,152.4000000000001,0,0.8947368421052632,0.9473684210526315,0.3333333333333333,2.4444444444444446
demand_surge,linear_q_11,110095,23,16,12,7,44,20,74.6,0,0.5217391304347826,0.6956521739130435,1.25,2.75
demand_surge,linear_q_11,110096,21,17,14,3,45,7,117.35000000000007,1,0.6666666666666666,0.8095238095238095,0.4117647058823529,2.6470588235294117
demand_surge,linear_q_11,110097,23,17,14,6,40,7,103.10000000000002,0,0.6086956521739131,0.7391304347826086,0.4117647058823529,2.3529411764705883
demand_surge,linear_q_11,110098,23,15,13,7,46,7,57.300000000000026,1,0.5652173913043478,0.6521739130434783,0.4666666666666667,3.066666666666667
demand_surge,linear_q_11,110099,15,15,15,0,40,0,136.00000000000006,0,1.0,1.0,0.0,2.6666666666666665
demand_surge,linear_q_11,110100,21,18,15,3,45,10,133.25000000000009,0,0.7142857142857143,0.8571428571428571,0.5555555555555556,2.5
demand_surge,linear_q_11,110101,23,19,18,4,46,4,139.10000000000002,0,0.782608695652174,0.8260869565217391,0.21052631578947367,2.4210526315789473
demand_surge,linear_q_11,110102,21,17,15,4,44,15,112.10000000000008,0,0.7142857142857143,0.8095238095238095,0.8823529411764706,2.588235294117647
demand_surge,linear_q_11,110103,22,15,10,6,48,15,62.50000000000003,1,0.45454545454545453,0.6818181818181818,1.0,3.2
demand_surge,linear_q_11,110104,23,18,17,5,45,3,122.15000000000009,0,0.7391304347826086,0.782608695652174,0.16666666666666666,2.5
demand_surge,linear_q_11,110105,22,17,15,4,46,18,101.30000000000004,1,0.6818181818181818,0.7727272727272727,1.0588235294117647,2.7058823529411766
demand_surge,linear_q_11,110106,18,15,13,3,47,26,91.35000000000005,0,0.7222222222222222,0.8333333333333334,1.7333333333333334,3.1333333333333333
demand_surge,linear_q_11,110107,22,17,15,5,45,10,107.25000000000004,0,0.6818181818181818,0.7727272727272727,0.5882352941176471,2.6470588235294117
demand_surge,linear_q_11,110108,14,13,11,0,47,5,90.15000000000003,1,0.7857142857142857,0.9285714285714286,0.38461538461538464,3.6153846153846154
demand_surge,linear_q_11,110109,22,15,9,7,47,21,62.85000000000001,0,0.4090909090909091,0.6818181818181818,1.4,3.1333333333333333
demand_surge,linear_q_11,110110,24,16,13,8,44,8,74.99999999999997,0,0.5416666666666666,0.6666666666666666,0.5,2.75
demand_surge,linear_q_11,110111,22,15,13,6,46,10,60.400000000000006,1,0.5909090909090909,0.6818181818181818,0.6666666666666666,3.066666666666667
demand_surge,linear_q_11,110112,25,18,13,7,46,24,91.10000000000007,0,0.52,0.72,1.3333333333333333,2.5555555555555554
demand_surge,linear_q_11,110113,23,19,17,4,45,9,135.95000000000002,0,0.7391304347826086,0.8260869565217391,0.47368421052631576,2.3684210526315788
demand_surge,linear_q_11,110114,17,16,14,1,43,13,127.85000000000005,0,0.8235294117647058,0.9411764705882353,0.8125,2.6875
demand_surge,linear_q_11,110115,22,15,9,5,45,15,59.35000000000004,2,0.4090909090909091,0.6818181818181818,1.0,3.0
demand_surge,linear_q_11,110116,24,14,10,9,46,19,21.499999999999996,1,0.4166666666666667,0.5833333333333334,1.3571428571428572,3.2857142857142856
demand_surge,linear_q_11,110117,23,17,13,6,41,23,91.55000000000005,0,0.5652173913043478,0.7391304347826086,1.3529411764705883,2.411764705882353
demand_surge,linear_q_11,110118,25,17,13,8,42,13,82.2,0,0.52,0.68,0.7647058823529411,2.4705882352941178
demand_surge,linear_q_11,110119,21,17,16,4,44,6,118.40000000000005,0,0.7619047619047619,0.8095238095238095,0.35294117647058826,2.588235294117647
demand_surge,linear_q_11,110120,23,18,14,5,43,15,114.45000000000006,0,0.6086956521739131,0.782608695652174,0.8333333333333334,2.388888888888889
demand_surge,linear_q_11,110121,21,15,12,5,48,9,67.70000000000003,1,0.5714285714285714,0.7142857142857143,0.6,3.2
demand_surge,linear_q_11,110122,23,16,15,5,46,6,73.20000000000009,2,0.6521739130434783,0.6956521739130435,0.375,2.875
demand_surge,linear_q_11,110123,18,15,9,3,43,20,96.95000000000005,0,0.5,0.8333333333333334,1.3333333333333333,2.8666666666666667
demand_surge,linear_q_11,110124,24,16,14,7,46,8,65.90000000000005,1,0.5833333333333334,0.6666666666666666,0.5,2.875
demand_surge,linear_q_11,110125,26,16,11,10,44,17,52.7,0,0.4230769230769231,0.6153846153846154,1.0625,2.75
demand_surge,linear_q_11,110126,23,18,16,5,46,22,108.50000000000006,0,0.6956521739130435,0.782608695652174,1.2222222222222223,2.5555555555555554
demand_surge,linear_q_11,110127,24,13,10,10,47,20,4.550000000000004,1,0.4166666666666667,0.5416666666666666,1.5384615384615385,3.6153846153846154
demand_surge,linear_q_11,110128,18,15,12,3,46,18,97.30000000000003,0,0.6666666666666666,0.8333333333333334,1.2,3.066666666666667
demand_surge,linear_q_11,110129,25,15,12,10,44,12,46.19999999999999,0,0.48,0.6,0.8,2.933333333333333
demand_surge,linear_q_11,110130,21,15,10,5,46,13,71.90000000000002,1,0.47619047619047616,0.7142857142857143,0.8666666666666667,3.066666666666667
demand_surge,linear_q_11,110131,21,17,12,4,45,17,110.3500000000001,0,0.5714285714285714,0.8095238095238095,1.0,2.6470588235294117
demand_surge,linear_q_11,110132,27,17,15,10,47,24,56.75000000000003,0,0.5555555555555556,0.6296296296296297,1.411764705882353,2.764705882352941
demand_surge,linear_q_11,110133,22,15,13,7,45,22,62.85000000000004,0,0.5909090909090909,0.6818181818181818,1.4666666666666666,3.0
demand_surge,linear_q_11,110134,24,18,14,6,47,16,104.35000000000007,0,0.5833333333333334,0.75,0.8888888888888888,2.611111111111111
demand_surge,linear_q_11,110135,25,16,10,9,45,21,57.55,0,0.4,0.64,1.3125,2.8125
demand_surge,linear_q_11,110136,27,17,14,10,42,10,68.3,0,0.5185185185185185,0.6296296296296297,0.5882352941176471,2.4705882352941178
demand_surge,linear_q_11,110137,15,13,11,2,42,5,95.80000000000004,0,0.7333333333333333,0.8666666666666667,0.38461538461538464,3.230769230769231
demand_surge,linear_q_11,110138,16,15,10,1,45,23,110.15000000000005,0,0.625,0.9375,1.5333333333333334,3.0
demand_surge,linear_q_11,110139,27,20,18,7,47,6,123.35000000000002,0,0.6666666666666666,0.7407407407407407,0.3,2.35
demand_surge,linear_q_11,110140,28,19,17,9,45,3,100.15000000000003,0,0.6071428571428571,0.6785714285714286,0.15789473684210525,2.3684210526315788
demand_surge,linear_q_11,110141,21,17,13,4,41,11,115.95000000000005,0,0.6190476190476191,0.8095238095238095,0.6470588235294118,2.411764705882353
demand_surge,linear_q_11,110142,23,19,16,4,46,19,128.60000000000008,0,0.6956521739130435,0.8260869565217391,1.0,2.4210526315789473
demand_surge,linear_q_11,110143,20,16,13,4,48,37,85.30000000000007,0,0.65,0.8,2.3125,3.0
demand_surge,linear_q_11,110144,21,19,15,2,48,11,149.50000000000006,0,0.7142857142857143,0.9047619047619048,0.5789473684210527,2.526315789473684
demand_surge,linear_q_11,110145,21,17,16,4,43,10,115.95000000000009,0,0.7619047619047619,0.8095238095238095,0.5882352941176471,2.5294117647058822
demand_surge,linear_q_11,110146,25,17,12,8,45,15,79.75,0,0.48,0.68,0.8823529411764706,2.6470588235294117
demand_surge,linear_q_11,110147,28,18,14,10,45,14,74.45,0,0.5,0.6428571428571429,0.7777777777777778,2.5
demand_surge,linear_q_11,110148,25,18,14,7,43,7,104.05000000000005,0,0.56,0.72,0.3888888888888889,2.388888888888889
demand_surge,linear_q_11,110149,21,16,15,4,46,16,92.70000000000006,1,0.7142857142857143,0.7619047619047619,1.0,2.875
demand_surge,linear_q_11,110150,19,16,14,3,40,19,108.70000000000003,0,0.7368421052631579,0.8421052631578947,1.1875,2.5
demand_surge,linear_q_11,110151,22,17,11,5,45,27,95.35000000000007,0,0.5,0.7727272727272727,1.588235294117647,2.6470588235294117
demand_surge,linear_q_11,110152,20,14,9,6,40,18,65.40000000000002,0,0.45,0.7,1.2857142857142858,2.857142857142857
demand_surge,linear_q_11,110153,23,16,12,7,42,19,75.99999999999999,0,0.5217391304347826,0.6956521739130435,1.1875,2.625
demand_surge,linear_q_11,110154,24,18,15,5,47,8,106.45000000000006,1,0.625,0.75,0.4444444444444444,2.611111111111111
demand_surge,linear_q_11,110155,21,19,17,2,46,18,145.29999999999995,0,0.8095238095238095,0.9047619047619048,0.9473684210526315,2.4210526315789473
demand_surge,linear_q_11,110156,23,16,14,5,45,4,76.35000000000007,2,0.6086956521739131,0.6956521739130435,0.25,2.8125
demand_surge,linear_q_11,110157,19,18,18,1,39,0,158.35000000000008,0,0.9473684210526315,0.9473684210526315,0.0,2.1666666666666665
demand_surge,linear_q_11,110158,26,17,14,8,48,8,75.60000000000004,1,0.5384615384615384,0.6538461538461539,0.47058823529411764,2.823529411764706
demand_surge,linear_q_11,110159,27,17,15,10,41,23,59.54999999999998,0,0.5555555555555556,0.6296296296296297,1.3529411764705883,2.411764705882353
demand_surge,linear_q_11,110160,22,18,18,4,45,0,132.2500000000001,0,0.8181818181818182,0.8181818181818182,0.0,2.5
demand_surge,linear_q_11,110161,20,16,15,4,45,16,101.05000000000005,0,0.75,0.8,1.0,2.8125
demand_surge,linear_q_11,110162,21,15,9,6,46,33,62.800000000000026,0,0.42857142857142855,0.7142857142857143,2.2,3.066666666666667
demand_surge,linear_q_11,110163,22,18,16,4,46,8,126.30000000000005,0,0.7272727272727273,0.8181818181818182,0.4444444444444444,2.5555555555555554
demand_surge,linear_q_11,110164,26,16,11,9,48,16,51.99999999999998,1,0.4230769230769231,0.6153846153846154,1.0,3.0
demand_surge,linear_q_11,110165,21,15,10,5,46,17,68.4,1,0.47619047619047616,0.7142857142857143,1.1333333333333333,3.066666666666667
demand_surge,linear_q_11,110166,27,16,10,11,44,21,41.9,0,0.37037037037037035,0.5925925925925926,1.3125,2.75
demand_surge,linear_q_11,110167,17,17,16,0,43,1,154.25000000000009,0,0.9411764705882353,1.0,0.058823529411764705,2.5294117647058822
demand_surge,linear_q_11,110168,21,19,16,2,45,18,145.6500000000001,0,0.7619047619047619,0.9047619047619048,0.9473684210526315,2.3684210526315788
demand_surge,linear_q_11,110169,25,16,10,9,47,19,58.249999999999986,0,0.4,0.64,1.1875,2.9375
demand_surge,linear_q_11,110170,23,16,14,7,45,26,70.05000000000005,0,0.6086956521739131,0.6956521739130435,1.625,2.8125
demand_surge,linear_q_11,110171,21,16,12,5,43,16,93.75000000000004,0,0.5714285714285714,0.7619047619047619,1.0,2.6875
demand_surge,linear_q_11,110172,19,17,15,1,46,2,136.50000000000009,1,0.7894736842105263,0.8947368421052632,0.11764705882352941,2.7058823529411766
demand_surge,linear_q_11,110173,22,16,12,6,47,28,75.95000000000002,0,0.5454545454545454,0.7272727272727273,1.75,2.9375
demand_surge,linear_q_11,110174,24,15,11,8,47,11,39.150000000000006,1,0.4583333333333333,0.625,0.7333333333333333,3.1333333333333333
demand_surge,linear_q_11,110175,24,14,12,9,48,14,28.499999999999982,1,0.5,0.5833333333333334,1.0,3.4285714285714284
demand_surge,linear_q_11,110176,25,15,10,10,44,24,37.79999999999999,0,0.4,0.6,1.6,2.933333333333333
demand_surge,linear_q_11,110177,23,17,14,6,46,21,91.20000000000005,0,0.6086956521739131,0.7391304347826086,1.2352941176470589,2.7058823529411766
demand_surge,linear_q_11,110178,17,16,14,1,42,6,133.10000000000005,0,0.8235294117647058,0.9411764705882353,0.375,2.625
demand_surge,linear_q_11,110179,21,14,9,7,46,40,39.900000000000006,0,0.42857142857142855,0.6666666666666666,2.857142857142857,3.2857142857142856
demand_surge,linear_q_11,110180,19,17,15,2,44,12,130.20000000000002,0,0.7894736842105263,0.8947368421052632,0.7058823529411765,2.588235294117647
demand_surge,linear_q_11,110181,18,16,15,1,47,2,119.1500000000001,1,0.8333333333333334,0.8888888888888888,0.125,2.9375
demand_surge,linear_q_11,110182,19,16,15,3,43,7,116.05000000000004,0,0.7894736842105263,0.8421052631578947,0.4375,2.6875
demand_surge,linear_q_11,110183,28,18,15,9,48,10,74.1,1,0.5357142857142857,0.6428571428571429,0.5555555555555556,2.6666666666666665
demand_surge,linear_q_11,110184,19,16,12,3,46,10,112.90000000000006,0,0.631578947368421,0.8421052631578947,0.625,2.875
demand_surge,linear_q_11,110185,21,17,16,3,48,3,104.40000000000006,1,0.7619047619047619,0.8095238095238095,0.17647058823529413,2.823529411764706
demand_surge,linear_q_11,110186,16,16,15,0,40,3,143.90000000000003,0,0.9375,1.0,0.1875,2.5
demand_surge,linear_q_11,110187,25,17,14,7,47,7,77.65,1,0.56,0.68,0.4117647058823529,2.764705882352941
demand_surge,linear_q_11,110188,21,16,14,5,45,7,99.35000000000002,0,0.6666666666666666,0.7619047619047619,0.4375,2.8125
demand_surge,linear_q_11,110189,18,15,14,3,42,2,109.90000000000003,0,0.7777777777777778,0.8333333333333334,0.13333333333333333,2.8
demand_surge,linear_q_11,110190,25,21,19,4,45,3,160.15000000000015,0,0.76,0.84,0.14285714285714285,2.142857142857143
demand_surge,linear_q_11,110191,19,17,15,2,45,20,124.25000000000009,0,0.7894736842105263,0.8947368421052632,1.1764705882352942,2.6470588235294117
demand_surge,linear_q_11,110192,22,16,15,6,43,4,94.15000000000003,0,0.6818181818181818,0.7272727272727273,0.25,2.6875
demand_surge,linear_q_11,110193,22,14,10,8,42,11,53.59999999999998,0,0.45454545454545453,0.6363636363636364,0.7857142857142857,3.0
demand_surge,linear_q_11,110194,24,17,14,7,47,21,82.85000000000002,0,0.5833333333333334,0.7083333333333334,1.2352941176470589,2.764705882352941
demand_surge,linear_q_11,110195,20,15,11,5,45,22,78.85000000000005,0,0.55,0.75,1.4666666666666666,3.0
demand_surge,linear_q_11,110196,21,15,14,6,44,15,76.1,0,0.6666666666666666,0.7142857142857143,1.0,2.933333333333333
demand_surge,linear_q_11,110197,21,17,15,4,44,5,119.10000000000011,0,0.7142857142857143,0.8095238095238095,0.29411764705882354,2.588235294117647
demand_surge,linear_q_11,110198,22,15,11,7,44,23,62.499999999999986,0,0.5,0.6818181818181818,1.5333333333333334,2.933333333333333
demand_surge,linear_q_11,110199,24,17,12,7,43,21,84.25000000000001,0,0.5,0.7083333333333334,1.2352941176470589,2.5294117647058822
demand_surge,linear_q_11,110200,17,17,17,0,42,0,155.3000000000001,0,1.0,1.0,0.0,2.4705882352941178
demand_surge,linear_q_11,110201,23,16,14,7,44,8,83.00000000000006,0,0.6086956521739131,0.6956521739130435,0.5,2.75
demand_surge,linear_q_11,110202,20,16,12,4,45,13,103.15000000000002,0,0.6,0.8,0.8125,2.8125
demand_surge,linear_q_11,110203,22,19,19,2,48,0,140.79999999999995,1,0.8636363636363636,0.8636363636363636,0.0,2.526315789473684
demand_surge,linear_q_11,110204,22,16,13,6,44,11,88.90000000000002,0,0.5909090909090909,0.7272727272727273,0.6875,2.75
demand_surge,linear_q_11,110205,23,16,12,7,45,24,71.45,0,0.5217391304347826,0.6956521739130435,1.5,2.8125
demand_surge,linear_q_11,110206,23,19,19,3,48,0,141.20000000000013,1,0.8260869565217391,0.8260869565217391,0.0,2.526315789473684
demand_surge,linear_q_11,110207,22,16,12,6,47,27,76.65000000000002,0,0.5454545454545454,0.7272727272727273,1.6875,2.9375
demand_surge,linear_q_11,110208,26,17,14,8,48,24,63.00000000000004,1,0.5384615384615384,0.6538461538461539,1.411764705882353,2.823529411764706
demand_surge,linear_q_11,110209,21,18,14,3,46,15,129.40000000000006,0,0.6666666666666666,0.8571428571428571,0.8333333333333334,2.5555555555555554
demand_surge,linear_q_11,110210,20,15,13,5,45,17,82.35000000000001,0,0.65,0.75,1.1333333333333333,3.0
demand_surge,linear_q_11,110211,24,16,12,8,42,10,74.30000000000003,0,0.5,0.6666666666666666,0.625,2.625
demand_surge,linear_q_11,110212,25,17,15,8,47,11,81.85,0,0.6,0.68,0.6470588235294118,2.764705882352941
demand_surge,linear_q_11,110213,26,17,16,8,48,1,66.50000000000004,1,0.6153846153846154,0.6538461538461539,0.058823529411764705,2.823529411764706
demand_surge,linear_q_11,110214,24,17,14,7,46,23,81.80000000000005,0,0.5833333333333334,0.7083333333333334,1.3529411764705883,2.7058823529411766
demand_surge,linear_q_11,110215,21,18,15,3,44,14,130.80000000000004,0,0.7142857142857143,0.8571428571428571,0.7777777777777778,2.4444444444444446
demand_surge,linear_q_11,110216,23,17,15,4,46,13,91.20000000000007,2,0.6521739130434783,0.7391304347826086,0.7647058823529411,2.7058823529411766
demand_surge,linear_q_11,110217,23,18,14,4,46,9,114.10000000000012,1,0.6086956521739131,0.782608695652174,0.5,2.5555555555555554
demand_surge,linear_q_11,110218,20,15,12,5,45,10,87.25000000000004,0,0.6,0.75,0.6666666666666666,3.0
demand_surge,linear_q_11,110219,19,17,15,2,47,4,134.7500000000001,0,0.7894736842105263,0.8947368421052632,0.23529411764705882,2.764705882352941
demand_surge,linear_q_11,110220,25,18,16,7,44,17,96.70000000000002,0,0.64,0.72,0.9444444444444444,2.4444444444444446
demand_surge,linear_q_11,110221,21,17,11,4,43,20,108.95000000000007,0,0.5238095238095238,0.8095238095238095,1.1764705882352942,2.5294117647058822
demand_surge,linear_q_11,110222,23,17,12,6,47,9,99.25000000000003,0,0.5217391304347826,0.7391304347826086,0.5294117647058824,2.764705882352941
demand_surge,linear_q_11,110223,26,17,14,9,46,11,74.2,0,0.5384615384615384,0.6538461538461539,0.6470588235294118,2.7058823529411766
demand_surge,linear_q_11,110224,22,18,17,4,47,16,120.35000000000002,0,0.7727272727272727,0.8181818181818182,0.8888888888888888,2.611111111111111
demand_surge,linear_q_11,110225,25,18,14,7,48,9,100.90000000000005,0,0.56,0.72,0.5,2.6666666666666665
demand_surge,linear_q_11,110226,19,15,12,3,46,10,81.60000000000007,1,0.631578947368421,0.7894736842105263,0.6666666666666666,3.066666666666667
demand_surge,linear_q_11,110227,21,18,14,3,45,13,131.15000000000006,0,0.6666666666666666,0.8571428571428571,0.7222222222222222,2.5
demand_surge,linear_q_11,110228,25,17,14,7,47,14,79.75000000000003,1,0.56,0.68,0.8235294117647058,2.764705882352941
demand_surge,linear_q_11,110229,22,18,17,4,45,3,130.1500000000001,0,0.7727272727272727,0.8181818181818182,0.16666666666666666,2.5
demand_surge,linear_q_11,110230,23,14,10,8,46,17,31.600000000000005,1,0.43478260869565216,0.6086956521739131,1.2142857142857142,3.2857142857142856
demand_surge,linear_q_11,110231,24,18,14,6,45,21,101.55000000000005,0,0.5833333333333334,0.75,1.1666666666666667,2.5
demand_surge,linear_q_11,110232,23,14,7,9,44,30,31.6,0,0.30434782608695654,0.6086956521739131,2.142857142857143,3.142857142857143
demand_surge,linear_q_11,110233,19,17,15,2,45,11,130.55000000000004,0,0.7894736842105263,0.8947368421052632,0.6470588235294118,2.6470588235294117
demand_surge,linear_q_11,110234,19,13,10,6,46,17,53.999999999999986,0,0.5263157894736842,0.6842105263157895,1.3076923076923077,3.5384615384615383
demand_surge,linear_q_11,110235,18,16,12,1,48,9,119.50000000000007,1,0.6666666666666666,0.8888888888888888,0.5625,3.0
demand_surge,linear_q_11,110236,22,19,18,3,45,11,142.5500000000001,0,0.8181818181818182,0.8636363636363636,0.5789473684210527,2.3684210526315788
demand_surge,linear_q_11,110237,18,13,10,5,44,8,68.99999999999997,0,0.5555555555555556,0.7222222222222222,0.6153846153846154,3.3846153846153846
demand_surge,linear_q_11,110238,19,16,14,3,45,26,102.05000000000005,0,0.7368421052631579,0.8421052631578947,1.625,2.8125
demand_surge,linear_q_11,110239,17,16,15,0,48,1,126.80000000000005,1,0.8823529411764706,0.9411764705882353,0.0625,3.0
demand_surge,linear_q_11,110240,21,17,12,4,48,26,103.00000000000006,0,0.5714285714285714,0.8095238095238095,1.5294117647058822,2.823529411764706
demand_surge,linear_q_11,110241,29,18,14,11,44,24,59.800000000000026,0,0.4827586206896552,0.6206896551724138,1.3333333333333333,2.4444444444444446
demand_surge,linear_q_11,110242,25,16,15,8,48,10,52.300000000000026,1,0.6,0.64,0.625,3.0
demand_surge,linear_q_11,110243,23,17,13,6,43,12,98.55000000000001,0,0.5652173913043478,0.7391304347826086,0.7058823529411765,2.5294117647058822
demand_surge,linear_q_11,110244,29,21,21,7,46,0,129.90000000000006,1,0.7241379310344828,0.7241379310344828,0.0,2.1904761904761907
demand_surge,linear_q_11,110245,22,15,9,6,47,26,55.85000000000002,1,0.4090909090909091,0.6818181818181818,1.7333333333333334,3.1333333333333333
demand_surge,linear_q_11,110246,22,15,11,6,47,20,55.150000000000034,1,0.5,0.6818181818181818,1.3333333333333333,3.1333333333333333
demand_surge,linear_q_11,110247,20,20,19,0,45,17,172.34999999999988,0,0.95,1.0,0.85,2.25
demand_surge,linear_q_11,110248,26,16,13,10,45,17,52.349999999999994,0,0.5,0.6153846153846154,1.0625,2.8125
demand_surge,linear_q_11,110249,17,17,16,0,47,3,151.45000000000013,0,0.9411764705882353,1.0,0.17647058823529413,2.764705882352941
demand_surge,linear_q_11,110250,21,15,12,6,47,15,75.05,0,0.5714285714285714,0.7142857142857143,1.0,3.1333333333333333
demand_surge,linear_q_11,110251,24,18,15,6,48,14,105.40000000000008,0,0.625,0.75,0.7777777777777778,2.6666666666666665
demand_surge,linear_q_11,110252,19,18,16,1,44,4,153.80000000000007,0,0.8421052631578947,0.9473684210526315,0.2222222222222222,2.4444444444444446
demand_surge,linear_q_11,110253,16,14,11,1,47,13,98.45000000000007,1,0.6875,0.875,0.9285714285714286,3.357142857142857
demand_surge,linear_q_11,110254,21,15,13,6,42,5,83.8,0,0.6190476190476191,0.7142857142857143,0.3333333333333333,2.8
demand_surge,linear_q_11,110255,19,15,13,3,47,6,88.25000000000004,1,0.6842105263157895,0.7894736842105263,0.4,3.1333333333333333
demand_surge,linear_q_11,110256,19,16,13,3,45,17,108.35000000000004,0,0.6842105263157895,0.8421052631578947,1.0625,2.8125
demand_surge,linear_q_11,110257,23,18,16,5,45,7,119.35000000000007,0,0.6956521739130435,0.782608695652174,0.3888888888888889,2.5
demand_surge,linear_q_11,110258,24,19,18,5,44,14,124.80000000000007,0,0.75,0.7916666666666666,0.7368421052631579,2.3157894736842106
demand_surge,linear_q_11,110259,22,17,15,5,47,16,102.35000000000001,0,0.6818181818181818,0.7727272727272727,0.9411764705882353,2.764705882352941
demand_surge,linear_q_11,110260,21,15,10,6,45,21,71.55000000000003,0,0.47619047619047616,0.7142857142857143,1.4,3.0
demand_surge,linear_q_11,110261,24,20,20,4,45,0,152.25000000000006,0,0.8333333333333334,0.8333333333333334,0.0,2.25
demand_surge,linear_q_11,110262,21,16,14,5,44,18,92.00000000000004,0,0.6666666666666666,0.7619047619047619,1.125,2.75
demand_surge,linear_q_11,110263,28,16,15,11,48,7,31.799999999999986,1,0.5357142857142857,0.5714285714285714,0.4375,3.0
demand_surge,linear_q_11,110264,18,17,16,1,43,11,139.25000000000009,0,0.8888888888888888,0.9444444444444444,0.6470588235294118,2.5294117647058822
demand_surge,linear_q_11,110265,22,16,15,6,41,3,95.55000000000001,0,0.6818181818181818,0.7272727272727273,0.1875,2.5625
demand_surge,linear_q_11,110266,27,16,13,10,47,28,35.94999999999998,1,0.48148148148148145,0.5925925925925926,1.75,2.9375
demand_surge,linear_q_11,110267,18,17,15,1,47,5,142.05,0,0.8333333333333334,0.9444444444444444,0.29411764705882354,2.764705882352941
demand_surge,linear_q_11,110268,21,18,14,3,47,17,127.65000000000009,0,0.6666666666666666,0.8571428571428571,0.9444444444444444,2.611111111111111
demand_surge,linear_q_11,110269,19,17,15,2,45,2,136.85000000000005,0,0.7894736842105263,0.8947368421052632,0.11764705882352941,2.6470588235294117
demand_surge,linear_q_11,110270,26,17,14,9,44,23,66.50000000000001,0,0.5384615384615384,0.6538461538461539,1.3529411764705883,2.588235294117647
demand_surge,linear_q_11,110271,22,17,15,5,42,6,111.10000000000005,0,0.6818181818181818,0.7727272727272727,0.35294117647058826,2.4705882352941178
demand_surge,linear_q_11,110272,24,19,15,5,45,16,123.05000000000007,0,0.625,0.7916666666666666,0.8421052631578947,2.3684210526315788
demand_surge,linear_q_11,110273,16,16,12,0,41,10,138.65000000000003,0,0.75,1.0,0.625,2.5625
demand_surge,linear_q_11,110274,23,15,13,7,46,7,50.30000000000004,1,0.5652173913043478,0.6521739130434783,0.4666666666666667,3.066666666666667
demand_surge,linear_q_11,110275,18,15,11,2,44,9,97.30000000000005,1,0.6111111111111112,0.8333333333333334,0.6,2.933333333333333
demand_surge,linear_q_11,110276,24,18,18,6,43,0,116.95000000000005,0,0.75,0.75,0.0,2.388888888888889
demand_surge,linear_q_11,110277,20,16,12,4,45,19,98.95000000000007,0,0.6,0.8,1.1875,2.8125
demand_surge,linear_q_11,110278,20,17,15,3,43,10,123.95000000000006,0,0.75,0.85,0.5882352941176471,2.5294117647058822
demand_surge,linear_q_11,110279,20,14,10,6,44,16,65.4,0,0.5,0.7,1.1428571428571428,3.142857142857143
demand_surge,linear_q_11,110280,19,14,10,5,44,16,73.4,0,0.5263157894736842,0.7368421052631579,1.1428571428571428,3.142857142857143
demand_surge,linear_q_11,110281,18,16,14,2,43,6,124.75000000000009,0,0.7777777777777778,0.8888888888888888,0.375,2.6875
demand_surge,linear_q_11,110282,17,16,16,1,42,0,137.30000000000007,0,0.9411764705882353,0.9411764705882353,0.0,2.625
demand_surge,linear_q_11,110283,25,18,16,7,46,9,101.60000000000001,0,0.64,0.72,0.5,2.5555555555555554
demand_surge,linear_q_11,110284,22,15,12,7,44,18,66.0,0,0.5454545454545454,0.6818181818181818,1.2,2.933333333333333
demand_surge,linear_q_11,110285,24,19,15,4,48,14,120.60000000000007,1,0.625,0.7916666666666666,0.7368421052631579,2.526315789473684
demand_surge,linear_q_11,110286,18,16,13,2,43,11,121.25000000000006,0,0.7222222222222222,0.8888888888888888,0.6875,2.6875
demand_surge,linear_q_11,110287,25,15,12,10,43,23,38.849999999999994,0,0.48,0.6,1.5333333333333334,2.8666666666666667
demand_surge,linear_q_11,110288,20,16,13,4,44,24,95.80000000000007,0,0.65,0.8,1.5,2.75
demand_surge,linear_q_11,110289,26,17,15,9,44,18,69.99999999999999,0,0.5769230769230769,0.6538461538461539,1.0588235294117647,2.588235294117647
demand_surge,linear_q_11,110290,22,17,17,4,48,0,102.00000000000006,1,0.7727272727272727,0.7727272727272727,0.0,2.823529411764706
demand_surge,linear_q_11,110291,20,15,10,5,43,16,83.75000000000001,0,0.5,0.75,1.0666666666666667,2.8666666666666667
demand_surge,linear_q_11,110292,21,17,15,4,46,18,109.3000000000001,0,0.7142857142857143,0.8095238095238095,1.0588235294117647,2.7058823529411766
demand_surge,linear_q_11,110293,21,16,12,5,45,18,91.65000000000005,0,0.5714285714285714,0.7619047619047619,1.125,2.8125
demand_surge,linear_q_11,110294,25,16,12,8,44,15,61.40000000000002,1,0.48,0.64,0.9375,2.75
demand_surge,linear_q_11,110295,16,15,13,1,42,4,124.50000000000006,0,0.8125,0.9375,0.26666666666666666,2.8
demand_surge,linear_q_11,110296,22,18,17,4,48,13,122.1000000000001,0,0.7727272727272727,0.8181818181818182,0.7222222222222222,2.6666666666666665
demand_surge,linear_q_11,110297,26,16,10,10,48,33,40.099999999999994,0,0.38461538461538464,0.6153846153846154,2.0625,3.0
demand_surge,linear_q_11,110298,26,19,18,7,44,7,113.70000000000007,0,0.6923076923076923,0.7307692307692307,0.3684210526315789,2.3157894736842106
demand_surge,linear_q_11,110299,24,16,13,8,44,15,70.1,0,0.5416666666666666,0.6666666666666666,0.9375,2.75
demand_surge,linear_q_22,110000,19,13,10,5,45,10,47.35000000000001,1,0.5263157894736842,0.6842105263157895,0.7692307692307693,3.4615384615384617
demand_surge,linear_q_22,110001,22,16,14,6,47,24,78.75000000000003,0,0.6363636363636364,0.7272727272727273,1.5,2.9375
demand_surge,linear_q_22,110002,19,15,11,4,42,15,92.80000000000005,0,0.5789473684210527,0.7894736842105263,1.0,2.8
demand_surge,linear_q_22,110003,26,16,11,10,47,40,35.55000000000002,0,0.4230769230769231,0.6153846153846154,2.5,2.9375
demand_surge,linear_q_22,110004,20,16,13,4,43,27,94.05000000000004,0,0.65,0.8,1.6875,2.6875
demand_surge,linear_q_22,110005,22,17,15,4,48,11,101.30000000000008,1,0.6818181818181818,0.7727272727272727,0.6470588235294118,2.823529411764706
demand_surge,linear_q_22,110006,21,16,13,3,48,6,82.90000000000006,2,0.6190476190476191,0.7619047619047619,0.375,3.0
demand_surge,linear_q_22,110007,23,16,10,7,47,28,67.95000000000002,0,0.43478260869565216,0.6956521739130435,1.75,2.9375
demand_surge,linear_q_22,110008,26,20,20,5,48,0,121.2000000000001,1,0.7692307692307693,0.7692307692307693,0.0,2.4
demand_surge,linear_q_22,110009,22,16,13,6,43,19,83.65000000000002,0,0.5909090909090909,0.7272727272727273,1.1875,2.6875
demand_surge,linear_q_22,110010,21,17,14,4,45,7,117.35000000000011,0,0.6666666666666666,0.8095238095238095,0.4117647058823529,2.6470588235294117
demand_surge,linear_q_22,110011,28,16,12,12,43,32,26.550000000000004,0,0.42857142857142855,0.5714285714285714,2.0,2.6875
demand_surge,linear_q_22,110012,19,16,13,3,41,8,116.05000000000004,0,0.6842105263157895,0.8421052631578947,0.5,2.5625
demand_surge,linear_q_22,110013,27,18,14,9,46,19,78.60000000000001,0,0.5185185185185185,0.6666666666666666,1.0555555555555556,2.5555555555555554
demand_surge,linear_q_22,110014,17,15,13,2,43,7,114.05000000000005,0,0.7647058823529411,0.8823529411764706,0.4666666666666667,2.8666666666666667
demand_surge,linear_q_22,110015,24,17,16,7,42,8,93.70000000000003,0,0.6666666666666666,0.7083333333333334,0.47058823529411764,2.4705882352941178
demand_surge,linear_q_22,110016,15,14,13,1,48,4,112.40000000000003,0,0.8666666666666667,0.9333333333333333,0.2857142857142857,3.4285714285714284
demand_surge,linear_q_22,110017,28,14,10,14,41,19,0.3500000000000121,0,0.35714285714285715,0.5,1.3571428571428572,2.9285714285714284
demand_surge,linear_q_22,110018,20,17,14,2,48,7,123.6000000000001,1,0.7,0.85,0.4117647058823529,2.823529411764706
demand_surge,linear_q_22,110019,20,18,16,2,42,4,146.50000000000009,0,0.8,0.9,0.2222222222222222,2.3333333333333335
demand_surge,linear_q_22,110020,20,17,15,3,43,18,118.35000000000008,0,0.75,0.85,1.0588235294117647,2.5294117647058822
demand_surge,linear_q_22,110021,26,19,15,7,46,14,108.10000000000007,0,0.5769230769230769,0.7307692307692307,0.7368421052631579,2.4210526315789473
demand_surge,linear_q_22,110022,19,18,18,1,45,0,156.25000000000009,0,0.9473684210526315,0.9473684210526315,0.0,2.5
demand_surge,linear_q_22,110023,17,17,16,0,41,12,147.25,0,0.9411764705882353,1.0,0.7058823529411765,2.411764705882353
demand_surge,linear_q_22,110024,16,16,15,0,45,8,138.64999999999998,0,0.9375,1.0,0.5,2.8125
demand_surge,linear_q_22,110025,24,18,14,6,42,13,108.20000000000012,0,0.5833333333333334,0.75,0.7222222222222222,2.3333333333333335
demand_surge,linear_q_22,110026,22,15,13,6,48,5,55.50000000000003,1,0.5909090909090909,0.6818181818181818,0.3333333333333333,3.2
demand_surge,linear_q_22,110027,19,16,14,2,46,7,109.40000000000008,1,0.7368421052631579,0.8421052631578947,0.4375,2.875
demand_surge,linear_q_22,110028,22,14,9,8,47,24,42.749999999999986,0,0.4090909090909091,0.6363636363636364,1.7142857142857142,3.357142857142857
demand_surge,linear_q_22,110029,22,20,18,2,47,11,159.85000000000005,0,0.8181818181818182,0.9090909090909091,0.55,2.35
demand_surge,linear_q_22,110030,21,17,13,4,44,9,116.30000000000005,0,0.6190476190476191,0.8095238095238095,0.5294117647058824,2.588235294117647
demand_surge,linear_q_22,110031,30,16,10,14,48,33,8.100000000000005,0,0.3333333333333333,0.5333333333333333,2.0625,3.0
demand_surge,linear_q_22,110032,29,17,13,12,45,23,42.14999999999999,0,0.4482758620689655,0.5862068965517241,1.3529411764705883,2.6470588235294117
demand_surge,linear_q_22,110033,26,18,16,8,45,12,91.85000000000007,0,0.6153846153846154,0.6923076923076923,0.6666666666666666,2.5
demand_surge,linear_q_22,110034,21,15,10,6,42,24,70.5,0,0.47619047619047616,0.7142857142857143,1.6,2.8
demand_surge,linear_q_22,110035,27,17,13,10,48,32,50.80000000000001,0,0.48148148148148145,0.6296296296296297,1.8823529411764706,2.823529411764706
demand_surge,linear_q_22,110036,23,17,13,6,44,16,95.4000000000001,0,0.5652173913043478,0.7391304347826086,0.9411764705882353,2.588235294117647
demand_surge,linear_q_22,110037,23,18,14,5,46,26,105.70000000000002,0,0.6086956521739131,0.782608695652174,1.4444444444444444,2.5555555555555554
demand_surge,linear_q_22,110038,26,16,12,10,46,32,41.500000000000014,0,0.46153846153846156,0.6153846153846154,2.0,2.875
demand_surge,linear_q_22,110039,20,18,16,2,42,4,146.50000000000009,0,0.8,0.9,0.2222222222222222,2.3333333333333335
demand_surge,linear_q_22,110040,26,18,15,8,42,8,95.70000000000002,0,0.5769230769230769,0.6923076923076923,0.4444444444444444,2.3333333333333335
demand_surge,linear_q_22,110041,24,19,15,5,48,18,120.60000000000011,0,0.625,0.7916666666666666,0.9473684210526315,2.526315789473684
demand_surge,linear_q_22,110042,20,17,14,3,46,23,113.80000000000004,0,0.7,0.85,1.3529411764705883,2.7058823529411766
demand_surge,linear_q_22,110043,14,14,13,0,43,4,122.15000000000006,0,0.9285714285714286,1.0,0.2857142857142857,3.0714285714285716
demand_surge,linear_q_22,110044,23,18,18,5,45,0,124.25000000000006,0,0.782608695652174,0.782608695652174,0.0,2.5
demand_surge,linear_q_22,110045,26,19,13,7,42,10,112.30000000000003,0,0.5,0.7307692307692307,0.5263157894736842,2.210526315789474
demand_surge,linear_q_22,110046,21,16,14,5,46,10,96.90000000000002,0,0.6666666666666666,0.7619047619047619,0.625,2.875
demand_surge,linear_q_22,110047,25,16,10,9,46,23,55.80000000000001,0,0.4,0.64,1.4375,2.875
demand_surge,linear_q_22,110048,22,16,14,6,46,23,79.80000000000004,0,0.6363636363636364,0.7272727272727273,1.4375,2.875
demand_surge,linear_q_22,110049,24,17,13,6,48,19,81.10000000000002,1,0.5416666666666666,0.7083333333333334,1.1176470588235294,2.823529411764706
demand_surge,linear_q_22,110050,27,15,10,12,42,20,25.300000000000004,0,0.37037037037037035,0.5555555555555556,1.3333333333333333,2.8
demand_surge,linear_q_22,110051,22,20,19,2,46,6,163.70000000000005,0,0.8636363636363636,0.9090909090909091,0.3,2.3
demand_surge,linear_q_22,110052,21,16,11,5,44,17,92.70000000000003,0,0.5238095238095238,0.7619047619047619,1.0625,2.75
demand_surge,linear_q_22,110053,21,16,13,5,45,14,94.45000000000002,0,0.6190476190476191,0.7619047619047619,0.875,2.8125
demand_surge,linear_q_22,110054,23,17,16,5,45,1,97.15000000000006,1,0.6956521739130435,0.7391304347826086,0.058823529411764705,2.6470588235294117
demand_surge,linear_q_22,110055,26,18,16,8,46,21,85.20000000000005,0,0.6153846153846154,0.6923076923076923,1.1666666666666667,2.5555555555555554
demand_surge,linear_q_22,110056,23,18,15,5,48,26,105.00000000000004,0,0.6521739130434783,0.782608695652174,1.4444444444444444,2.6666666666666665
demand_surge,linear_q_22,110057,20,15,10,5,46,23,77.80000000000005,0,0.5,0.75,1.5333333333333334,3.066666666666667
demand_surge,linear_q_22,110058,20,17,16,3,41,10,124.65,0,0.8,0.85,0.5882352941176471,2.411764705882353
demand_surge,linear_q_22,110059,23,17,14,6,42,17,95.40000000000002,0,0.6086956521739131,0.7391304347826086,1.0,2.4705882352941178
demand_surge,linear_q_22,110060,18,16,14,2,48,9,120.90000000000009,0,0.7777777777777778,0.8888888888888888,0.5625,3.0
demand_surge,linear_q_22,110061,21,18,16,3,44,17,128.70000000000007,0,0.7619047619047619,0.8571428571428571,0.9444444444444444,2.4444444444444446
demand_surge,linear_q_22,110062,27,17,14,9,48,5,64.8,1,0.5185185185185185,0.6296296296296297,0.29411764705882354,2.823529411764706
demand_surge,linear_q_22,110063,17,16,16,0,43,0,136.2500000000001,1,0.9411764705882353,0.9411764705882353,0.0,2.6875
demand_surge,linear_q_22,110064,21,18,15,3,46,13,130.8000000000001,0,0.7142857142857143,0.8571428571428571,0.7222222222222222,2.5555555555555554
demand_surge,linear_q_22,110065,21,15,13,6,45,6,82.05,0,0.6190476190476191,0.7142857142857143,0.4,3.0
demand_surge,linear_q_22,110066,22,17,16,3,46,3,101.30000000000007,2,0.7272727272727273,0.7727272727272727,0.17647058823529413,2.7058823529411766
demand_surge,linear_q_22,110067,19,18,18,1,42,0,157.3000000000001,0,0.9473684210526315,0.9473684210526315,0.0,2.3333333333333335
demand_surge,linear_q_22,110068,16,16,15,0,41,2,144.25000000000009,0,0.9375,1.0,0.125,2.5625
demand_surge,linear_q_22,110069,20,17,14,3,43,6,126.75000000000006,0,0.7,0.85,0.35294117647058826,2.5294117647058822
demand_surge,linear_q_22,110070,18,15,13,1,48,9,99.40000000000009,2,0.7222222222222222,0.8333333333333334,0.6,3.2
demand_surge,linear_q_22,110071,16,16,14,0,43,3,142.85000000000008,0,0.875,1.0,0.1875,2.6875
demand_surge,linear_q_22,110072,26,16,13,10,46,23,47.800000000000026,0,0.5,0.6153846153846154,1.4375,2.875
demand_surge,linear_q_22,110073,26,15,12,11,45,39,18.949999999999996,0,0.46153846153846156,0.5769230769230769,2.6,3.0
demand_surge,linear_q_22,110074,19,17,13,2,46,18,125.30000000000007,0,0.6842105263157895,0.8947368421052632,1.0588235294117647,2.7058823529411766
demand_surge,linear_q_22,110075,22,16,11,6,47,19,82.25000000000004,0,0.5,0.7272727272727273,1.1875,2.9375
demand_surge,linear_q_22,110076,24,16,15,7,46,21,65.20000000000006,1,0.625,0.6666666666666666,1.3125,2.875
demand_surge,linear_q_22,110077,20,15,13,5,43,12,86.55000000000004,0,0.65,0.75,0.8,2.8666666666666667
demand_surge,linear_q_22,110078,22,16,11,6,42,24,80.50000000000001,0,0.5,0.7272727272727273,1.5,2.625
demand_surge,linear_q_22,110079,20,16,13,4,46,21,97.20000000000002,0,0.65,0.8,1.3125,2.875
demand_surge,linear_q_22,110080,26,20,17,6,45,6,132.05000000000004,0,0.6538461538461539,0.7692307692307693,0.3,2.25
demand_surge,linear_q_22,110081,26,15,12,10,45,16,30.84999999999999,1,0.46153846153846156,0.5769230769230769,1.0666666666666667,3.0
demand_surge,linear_q_22,110082,18,17,15,1,46,9,139.60000000000002,0,0.8333333333333334,0.9444444444444444,0.5294117647058824,2.7058823529411766
demand_surge,linear_q_22,110083,20,16,13,3,46,12,103.50000000000011,1,0.65,0.8,0.75,2.875
demand_surge,linear_q_22,110084,19,16,14,2,45,6,116.0500000000001,1,0.7368421052631579,0.8421052631578947,0.375,2.8125
demand_surge,linear_q_22,110085,21,15,11,6,47,15,75.05000000000001,0,0.5238095238095238,0.7142857142857143,1.0,3.1333333333333333
demand_surge,linear_q_22,110086,21,18,16,3,44,3,138.50000000000003,0,0.7619047619047619,0.8571428571428571,0.16666666666666666,2.4444444444444446
demand_surge,linear_q_22,110087,28,19,17,9,45,15,91.75000000000006,0,0.6071428571428571,0.6785714285714286,0.7894736842105263,2.3684210526315788
demand_surge,linear_q_22,110088,22,14,12,8,46,36,34.70000000000001,0,0.5454545454545454,0.6363636363636364,2.5714285714285716,3.2857142857142856
demand_surge,linear_q_22,110089,19,14,10,5,45,25,66.75000000000001,0,0.5263157894736842,0.7368421052631579,1.7857142857142858,3.2142857142857144
demand_surge,linear_q_22,110090,23,15,11,7,47,18,56.950000000000024,1,0.4782608695652174,0.6521739130434783,1.2,3.1333333333333333
demand_surge,linear_q_22,110091,26,20,19,6,48,19,121.9000000000001,0,0.7307692307692307,0.7692307692307693,0.95,2.4
demand_surge,linear_q_22,110092,24,17,13,7,43,11,91.25000000000004,0,0.5416666666666666,0.7083333333333334,0.6470588235294118,2.5294117647058822
demand_surge,linear_q_22,110093,29,16,13,12,48,16,23.100000000000005,1,0.4482758620689655,0.5517241379310345,1.0,3.0
demand_surge,linear_q_22,110094,19,18,17,1,44,6,152.4000000000001,0,0.8947368421052632,0.9473684210526315,0.3333333333333333,2.4444444444444446
demand_surge,linear_q_22,110095,23,16,12,7,44,20,74.6,0,0.5217391304347826,0.6956521739130435,1.25,2.75
demand_surge,linear_q_22,110096,21,17,14,3,45,7,117.35000000000007,1,0.6666666666666666,0.8095238095238095,0.4117647058823529,2.6470588235294117
demand_surge,linear_q_22,110097,23,17,14,6,40,7,103.10000000000002,0,0.6086956521739131,0.7391304347826086,0.4117647058823529,2.3529411764705883
demand_surge,linear_q_22,110098,23,15,13,7,46,7,57.300000000000026,1,0.5652173913043478,0.6521739130434783,0.4666666666666667,3.066666666666667
demand_surge,linear_q_22,110099,15,15,15,0,40,0,136.00000000000006,0,1.0,1.0,0.0,2.6666666666666665
demand_surge,linear_q_22,110100,21,18,15,3,45,10,133.25000000000009,0,0.7142857142857143,0.8571428571428571,0.5555555555555556,2.5
demand_surge,linear_q_22,110101,23,19,18,4,46,4,139.10000000000002,0,0.782608695652174,0.8260869565217391,0.21052631578947367,2.4210526315789473
demand_surge,linear_q_22,110102,21,17,15,4,44,15,112.10000000000008,0,0.7142857142857143,0.8095238095238095,0.8823529411764706,2.588235294117647
demand_surge,linear_q_22,110103,22,15,10,7,39,12,71.94999999999999,0,0.45454545454545453,0.6818181818181818,0.8,2.6
demand_surge,linear_q_22,110104,23,18,17,5,43,3,122.85000000000008,0,0.7391304347826086,0.782608695652174,0.16666666666666666,2.388888888888889
demand_surge,linear_q_22,110105,22,17,15,4,46,18,101.30000000000004,1,0.6818181818181818,0.7727272727272727,1.0588235294117647,2.7058823529411766
demand_surge,linear_q_22,110106,18,15,13,3,47,26,91.35000000000005,0,0.7222222222222222,0.8333333333333334,1.7333333333333334,3.1333333333333333
demand_surge,linear_q_22,110107,22,17,15,5,45,10,107.25000000000004,0,0.6818181818181818,0.7727272727272727,0.5882352941176471,2.6470588235294117
demand_surge,linear_q_22,110108,14,13,11,0,47,5,90.15000000000003,1,0.7857142857142857,0.9285714285714286,0.38461538461538464,3.6153846153846154
demand_surge,linear_q_22,110109,22,15,9,7,47,21,62.85000000000001,0,0.4090909090909091,0.6818181818181818,1.4,3.1333333333333333
demand_surge,linear_q_22,110110,24,16,13,8,44,8,74.99999999999997,0,0.5416666666666666,0.6666666666666666,0.5,2.75
demand_surge,linear_q_22,110111,22,15,12,7,46,24,61.1,0,0.5454545454545454,0.6818181818181818,1.6,3.066666666666667
demand_surge,linear_q_22,110112,25,18,13,7,46,24,91.10000000000007,0,0.52,0.72,1.3333333333333333,2.5555555555555554
demand_surge,linear_q_22,110113,23,19,17,4,45,9,135.95000000000002,0,0.7391304347826086,0.8260869565217391,0.47368421052631576,2.3684210526315788
demand_surge,linear_q_22,110114,17,16,14,1,43,13,127.85000000000005,0,0.8235294117647058,0.9411764705882353,0.8125,2.6875
demand_surge,linear_q_22,110115,22,15,9,5,45,15,59.35000000000004,2,0.4090909090909091,0.6818181818181818,1.0,3.0
demand_surge,linear_q_22,110116,24,14,10,9,46,19,21.499999999999996,1,0.4166666666666667,0.5833333333333334,1.3571428571428572,3.2857142857142856
demand_surge,linear_q_22,110117,23,17,13,6,41,23,91.55000000000005,0,0.5652173913043478,0.7391304347826086,1.3529411764705883,2.411764705882353
demand_surge,linear_q_22,110118,25,17,13,8,42,13,82.2,0,0.52,0.68,0.7647058823529411,2.4705882352941178
demand_surge,linear_q_22,110119,21,17,16,4,42,6,119.10000000000004,0,0.7619047619047619,0.8095238095238095,0.35294117647058826,2.4705882352941178
demand_surge,linear_q_22,110120,23,18,14,5,43,15,114.45000000000006,0,0.6086956521739131,0.782608695652174,0.8333333333333334,2.388888888888889
demand_surge,linear_q_22,110121,21,15,12,5,48,9,67.70000000000003,1,0.5714285714285714,0.7142857142857143,0.6,3.2
demand_surge,linear_q_22,110122,23,16,15,5,46,6,73.20000000000009,2,0.6521739130434783,0.6956521739130435,0.375,2.875
demand_surge,linear_q_22,110123,18,15,9,3,41,20,97.65000000000003,0,0.5,0.8333333333333334,1.3333333333333333,2.7333333333333334
demand_surge,linear_q_22,110124,24,16,14,7,46,8,65.90000000000005,1,0.5833333333333334,0.6666666666666666,0.5,2.875
demand_surge,linear_q_22,110125,26,16,11,10,42,17,53.400000000000006,0,0.4230769230769231,0.6153846153846154,1.0625,2.625
demand_surge,linear_q_22,110126,23,18,16,5,46,22,108.50000000000006,0,0.6956521739130435,0.782608695652174,1.2222222222222223,2.5555555555555554
demand_surge,linear_q_22,110127,24,13,10,10,47,29,-1.749999999999993,1,0.4166666666666667,0.5416666666666666,2.230769230769231,3.6153846153846154
demand_surge,linear_q_22,110128,18,15,12,3,46,18,97.30000000000003,0,0.6666666666666666,0.8333333333333334,1.2,3.066666666666667
demand_surge,linear_q_22,110129,25,15,12,10,42,12,46.89999999999999,0,0.48,0.6,0.8,2.8
demand_surge,linear_q_22,110130,21,16,12,5,45,22,88.85000000000002,0,0.5714285714285714,0.7619047619047619,1.375,2.8125
demand_surge,linear_q_22,110131,21,17,12,4,45,17,110.3500000000001,0,0.5714285714285714,0.8095238095238095,1.0,2.6470588235294117
demand_surge,linear_q_22,110132,27,17,15,10,47,24,56.75000000000003,0,0.5555555555555556,0.6296296296296297,1.411764705882353,2.764705882352941
demand_surge,linear_q_22,110133,22,15,13,7,45,22,62.85000000000004,0,0.5909090909090909,0.6818181818181818,1.4666666666666666,3.0
demand_surge,linear_q_22,110134,24,18,14,6,47,16,104.35000000000007,0,0.5833333333333334,0.75,0.8888888888888888,2.611111111111111
demand_surge,linear_q_22,110135,25,16,10,9,45,21,57.55,0,0.4,0.64,1.3125,2.8125
demand_surge,linear_q_22,110136,27,17,14,10,42,10,68.3,0,0.5185185185185185,0.6296296296296297,0.5882352941176471,2.4705882352941178
demand_surge,linear_q_22,110137,15,13,11,2,42,5,95.80000000000004,0,0.7333333333333333,0.8666666666666667,0.38461538461538464,3.230769230769231
demand_surge,linear_q_22,110138,16,15,10,1,45,23,110.15000000000005,0,0.625,0.9375,1.5333333333333334,3.0
demand_surge,linear_q_22,110139,27,20,18,7,47,6,123.35000000000002,0,0.6666666666666666,0.7407407407407407,0.3,2.35
demand_surge,linear_q_22,110140,28,19,17,9,45,3,100.15000000000003,0,0.6071428571428571,0.6785714285714286,0.15789473684210525,2.3684210526315788
demand_surge,linear_q_22,110141,21,17,13,4,41,11,115.95000000000005,0,0.6190476190476191,0.8095238095238095,0.6470588235294118,2.411764705882353
demand_surge,linear_q_22,110142,23,19,16,4,46,19,128.60000000000008,0,0.6956521739130435,0.8260869565217391,1.0,2.4210526315789473
demand_surge,linear_q_22,110143,20,16,13,4,48,37,85.30000000000007,0,0.65,0.8,2.3125,3.0
demand_surge,linear_q_22,110144,21,19,15,2,48,11,149.50000000000006,0,0.7142857142857143,0.9047619047619048,0.5789473684210527,2.526315789473684
demand_surge,linear_q_22,110145,21,17,16,4,43,10,115.95000000000009,0,0.7619047619047619,0.8095238095238095,0.5882352941176471,2.5294117647058822
demand_surge,linear_q_22,110146,25,17,12,8,43,15,80.44999999999999,0,0.48,0.68,0.8823529411764706,2.5294117647058822
demand_surge,linear_q_22,110147,28,18,14,10,45,14,74.45,0,0.5,0.6428571428571429,0.7777777777777778,2.5
demand_surge,linear_q_22,110148,25,18,14,7,43,7,104.05000000000005,0,0.56,0.72,0.3888888888888889,2.388888888888889
demand_surge,linear_q_22,110149,21,16,15,4,46,16,92.70000000000006,1,0.7142857142857143,0.7619047619047619,1.0,2.875
demand_surge,linear_q_22,110150,19,16,13,3,41,19,108.35000000000004,0,0.6842105263157895,0.8421052631578947,1.1875,2.5625
demand_surge,linear_q_22,110151,22,19,17,3,43,15,140.4500000000001,0,0.7727272727272727,0.8636363636363636,0.7894736842105263,2.263157894736842
demand_surge,linear_q_22,110152,20,14,9,6,40,18,65.40000000000002,0,0.45,0.7,1.2857142857142858,2.857142857142857
demand_surge,linear_q_22,110153,23,16,12,7,42,19,75.99999999999999,0,0.5217391304347826,0.6956521739130435,1.1875,2.625
demand_surge,linear_q_22,110154,24,17,13,5,46,11,86.70000000000005,2,0.5416666666666666,0.7083333333333334,0.6470588235294118,2.7058823529411766
demand_surge,linear_q_22,110155,21,19,17,2,46,18,145.29999999999995,0,0.8095238095238095,0.9047619047619048,0.9473684210526315,2.4210526315789473
demand_surge,linear_q_22,110156,23,16,14,5,45,4,76.35000000000007,2,0.6086956521739131,0.6956521739130435,0.25,2.8125
demand_surge,linear_q_22,110157,19,18,18,1,39,0,158.35000000000008,0,0.9473684210526315,0.9473684210526315,0.0,2.1666666666666665
demand_surge,linear_q_22,110158,26,17,14,8,48,8,75.60000000000004,1,0.5384615384615384,0.6538461538461539,0.47058823529411764,2.823529411764706
demand_surge,linear_q_22,110159,27,17,15,10,41,23,59.54999999999998,0,0.5555555555555556,0.6296296296296297,1.3529411764705883,2.411764705882353
demand_surge,linear_q_22,110160,22,18,18,4,43,0,132.9500000000001,0,0.8181818181818182,0.8181818181818182,0.0,2.388888888888889
demand_surge,linear_q_22,110161,20,16,15,4,45,16,101.05000000000005,0,0.75,0.8,1.0,2.8125
demand_surge,linear_q_22,110162,21,15,10,6,43,26,68.75,0,0.47619047619047616,0.7142857142857143,1.7333333333333334,2.8666666666666667
demand_surge,linear_q_22,110163,22,18,16,4,46,8,126.30000000000005,0,0.7272727272727273,0.8181818181818182,0.4444444444444444,2.5555555555555554
demand_surge,linear_q_22,110164,26,16,11,9,48,16,51.99999999999998,1,0.4230769230769231,0.6153846153846154,1.0,3.0
demand_surge,linear_q_22,110165,21,15,10,5,46,17,68.4,1,0.47619047619047616,0.7142857142857143,1.1333333333333333,3.066666666666667
demand_surge,linear_q_22,110166,27,16,10,11,44,21,41.9,0,0.37037037037037035,0.5925925925925926,1.3125,2.75
demand_surge,linear_q_22,110167,17,17,16,0,43,1,154.25000000000009,0,0.9411764705882353,1.0,0.058823529411764705,2.5294117647058822
demand_surge,linear_q_22,110168,21,19,16,2,45,18,145.6500000000001,0,0.7619047619047619,0.9047619047619048,0.9473684210526315,2.3684210526315788
demand_surge,linear_q_22,110169,25,16,13,8,47,16,51.250000000000014,1,0.52,0.64,1.0,2.9375
demand_surge,linear_q_22,110170,23,16,14,7,45,26,70.05000000000005,0,0.6086956521739131,0.6956521739130435,1.625,2.8125
demand_surge,linear_q_22,110171,21,16,12,5,43,16,93.75000000000004,0,0.5714285714285714,0.7619047619047619,1.0,2.6875
demand_surge,linear_q_22,110172,19,17,15,1,46,2,136.50000000000009,1,0.7894736842105263,0.8947368421052632,0.11764705882352941,2.7058823529411766
demand_surge,linear_q_22,110173,22,16,12,6,47,28,75.95000000000002,0,0.5454545454545454,0.7272727272727273,1.75,2.9375
demand_surge,linear_q_22,110174,24,15,11,8,47,11,39.150000000000006,1,0.4583333333333333,0.625,0.7333333333333333,3.1333333333333333
demand_surge,linear_q_22,110175,24,14,12,9,48,14,28.499999999999982,1,0.5,0.5833333333333334,1.0,3.4285714285714284
demand_surge,linear_q_22,110176,25,15,10,10,44,24,37.79999999999999,0,0.4,0.6,1.6,2.933333333333333
demand_surge,linear_q_22,110177,23,17,14,6,46,21,91.20000000000005,0,0.6086956521739131,0.7391304347826086,1.2352941176470589,2.7058823529411766
demand_surge,linear_q_22,110178,17,16,14,1,42,6,133.10000000000005,0,0.8235294117647058,0.9411764705882353,0.375,2.625
demand_surge,linear_q_22,110179,21,14,9,7,46,40,39.900000000000006,0,0.42857142857142855,0.6666666666666666,2.857142857142857,3.2857142857142856
demand_surge,linear_q_22,110180,19,15,14,4,40,17,92.10000000000002,0,0.7368421052631579,0.7894736842105263,1.1333333333333333,2.6666666666666665
demand_surge,linear_q_22,110181,18,16,15,1,47,2,119.1500000000001,1,0.8333333333333334,0.8888888888888888,0.125,2.9375
demand_surge,linear_q_22,110182,19,16,15,3,43,7,116.05000000000004,0,0.7894736842105263,0.8421052631578947,0.4375,2.6875
demand_surge,linear_q_22,110183,28,18,15,9,48,10,74.1,1,0.5357142857142857,0.6428571428571429,0.5555555555555556,2.6666666666666665
demand_surge,linear_q_22,110184,19,16,14,3,43,17,109.05000000000004,0,0.7368421052631579,0.8421052631578947,1.0625,2.6875
demand_surge,linear_q_22,110185,21,17,16,3,48,3,104.40000000000006,1,0.7619047619047619,0.8095238095238095,0.17647058823529413,2.823529411764706
demand_surge,linear_q_22,110186,16,16,15,0,40,3,143.90000000000003,0,0.9375,1.0,0.1875,2.5
demand_surge,linear_q_22,110187,25,17,14,7,47,7,77.65,1,0.56,0.68,0.4117647058823529,2.764705882352941
demand_surge,linear_q_22,110188,21,16,14,5,45,7,99.35000000000002,0,0.6666666666666666,0.7619047619047619,0.4375,2.8125
demand_surge,linear_q_22,110189,18,15,14,3,42,2,109.90000000000003,0,0.7777777777777778,0.8333333333333334,0.13333333333333333,2.8
demand_surge,linear_q_22,110190,25,21,19,4,43,3,160.85000000000014,0,0.76,0.84,0.14285714285714285,2.0476190476190474
demand_surge,linear_q_22,110191,19,17,15,2,45,20,124.25000000000009,0,0.7894736842105263,0.8947368421052632,1.1764705882352942,2.6470588235294117
demand_surge,linear_q_22,110192,22,16,15,6,43,4,94.15000000000003,0,0.6818181818181818,0.7272727272727273,0.25,2.6875
demand_surge,linear_q_22,110193,22,14,10,8,40,11,54.29999999999998,0,0.45454545454545453,0.6363636363636364,0.7857142857142857,2.857142857142857
demand_surge,linear_q_22,110194,24,17,14,7,47,21,82.85000000000002,0,0.5833333333333334,0.7083333333333334,1.2352941176470589,2.764705882352941
demand_surge,linear_q_22,110195,20,15,11,5,43,22,79.55000000000004,0,0.55,0.75,1.4666666666666666,2.8666666666666667
demand_surge,linear_q_22,110196,21,15,14,6,44,15,76.1,0,0.6666666666666666,0.7142857142857143,1.0,2.933333333333333
demand_surge,linear_q_22,110197,21,17,15,4,42,5,119.8000000000001,0,0.7142857142857143,0.8095238095238095,0.29411764705882354,2.4705882352941178
demand_surge,linear_q_22,110198,22,15,11,7,42,23,63.19999999999999,0,0.5,0.6818181818181818,1.5333333333333334,2.8
demand_surge,linear_q_22,110199,24,17,12,7,41,21,84.95,0,0.5,0.7083333333333334,1.2352941176470589,2.411764705882353
demand_surge,linear_q_22,110200,17,17,17,0,42,0,155.3000000000001,0,1.0,1.0,0.0,2.4705882352941178
demand_surge,linear_q_22,110201,23,16,14,7,42,8,83.70000000000005,0,0.6086956521739131,0.6956521739130435,0.5,2.625
demand_surge,linear_q_22,110202,20,14,11,5,48,12,57.70000000000003,1,0.55,0.7,0.8571428571428571,3.4285714285714284
demand_surge,linear_q_22,110203,22,19,19,2,48,0,140.79999999999995,1,0.8636363636363636,0.8636363636363636,0.0,2.526315789473684
demand_surge,linear_q_22,110204,22,16,13,6,44,11,88.90000000000002,0,0.5909090909090909,0.7272727272727273,0.6875,2.75
demand_surge,linear_q_22,110205,23,16,11,6,47,27,68.65000000000005,1,0.4782608695652174,0.6956521739130435,1.6875,2.9375
demand_surge,linear_q_22,110206,23,19,19,3,48,0,141.20000000000013,1,0.8260869565217391,0.8260869565217391,0.0,2.526315789473684
demand_surge,linear_q_22,110207,22,16,12,6,47,27,76.65000000000002,0,0.5454545454545454,0.7272727272727273,1.6875,2.9375
demand_surge,linear_q_22,110208,26,17,14,8,48,24,63.00000000000004,1,0.5384615384615384,0.6538461538461539,1.411764705882353,2.823529411764706
demand_surge,linear_q_22,110209,21,18,14,3,46,15,129.40000000000006,0,0.6666666666666666,0.8571428571428571,0.8333333333333334,2.5555555555555554
demand_surge,linear_q_22,110210,20,16,14,4,45,17,100.35000000000001,0,0.7,0.8,1.0625,2.8125
demand_surge,linear_q_22,110211,24,16,12,8,42,10,74.30000000000003,0,0.5,0.6666666666666666,0.625,2.625
demand_surge,linear_q_22,110212,25,17,15,8,47,11,81.85,0,0.6,0.68,0.6470588235294118,2.764705882352941
demand_surge,linear_q_22,110213,26,17,16,8,48,1,66.50000000000004,1,0.6153846153846154,0.6538461538461539,0.058823529411764705,2.823529411764706
demand_surge,linear_q_22,110214,24,17,14,7,46,23,81.80000000000005,0,0.5833333333333334,0.7083333333333334,1.3529411764705883,2.7058823529411766
demand_surge,linear_q_22,110215,21,18,15,3,42,14,131.50000000000003,0,0.7142857142857143,0.8571428571428571,0.7777777777777778,2.3333333333333335
demand_surge,linear_q_22,110216,23,17,15,4,46,13,91.20000000000007,2,0.6521739130434783,0.7391304347826086,0.7647058823529411,2.7058823529411766
demand_surge,linear_q_22,110217,23,18,14,4,46,9,114.10000000000012,1,0.6086956521739131,0.782608695652174,0.5,2.5555555555555554
demand_surge,linear_q_22,110218,20,15,12,5,45,10,87.25000000000004,0,0.6,0.75,0.6666666666666666,3.0
demand_surge,linear_q_22,110219,19,17,15,2,47,4,134.7500000000001,0,0.7894736842105263,0.8947368421052632,0.23529411764705882,2.764705882352941
demand_surge,linear_q_22,110220,25,18,16,7,44,17,96.70000000000002,0,0.64,0.72,0.9444444444444444,2.4444444444444446
demand_surge,linear_q_22,110221,21,17,11,4,41,20,109.65000000000006,0,0.5238095238095238,0.8095238095238095,1.1764705882352942,2.411764705882353
demand_surge,linear_q_22,110222,23,17,12,6,47,9,99.25000000000003,0,0.5217391304347826,0.7391304347826086,0.5294117647058824,2.764705882352941
demand_surge,linear_q_22,110223,26,17,14,9,46,11,74.2,0,0.5384615384615384,0.6538461538461539,0.6470588235294118,2.7058823529411766
demand_surge,linear_q_22,110224,22,18,17,4,47,16,120.35000000000002,0,0.7727272727272727,0.8181818181818182,0.8888888888888888,2.611111111111111
demand_surge,linear_q_22,110225,25,18,14,7,48,9,100.90000000000005,0,0.56,0.72,0.5,2.6666666666666665
demand_surge,linear_q_22,110226,19,15,12,3,46,10,81.60000000000007,1,0.631578947368421,0.7894736842105263,0.6666666666666666,3.066666666666667
demand_surge,linear_q_22,110227,21,18,15,3,47,19,126.25000000000007,0,0.7142857142857143,0.8571428571428571,1.0555555555555556,2.611111111111111
demand_surge,linear_q_22,110228,25,17,14,7,47,14,79.75000000000003,1,0.56,0.68,0.8235294117647058,2.764705882352941
demand_surge,linear_q_22,110229,22,18,17,4,43,3,130.85000000000008,0,0.7727272727272727,0.8181818181818182,0.16666666666666666,2.388888888888889
demand_surge,linear_q_22,110230,23,14,10,8,46,17,31.600000000000005,1,0.43478260869565216,0.6086956521739131,1.2142857142857142,3.2857142857142856
demand_surge,linear_q_22,110231,24,18,14,6,45,21,101.55000000000005,0,0.5833333333333334,0.75,1.1666666666666667,2.5
demand_surge,linear_q_22,110232,23,14,10,8,47,11,27.050000000000022,1,0.43478260869565216,0.6086956521739131,0.7857142857142857,3.357142857142857
demand_surge,linear_q_22,110233,19,17,15,2,45,11,130.55000000000004,0,0.7894736842105263,0.8947368421052632,0.6470588235294118,2.6470588235294117
demand_surge,linear_q_22,110234,19,13,10,6,46,17,53.999999999999986,0,0.5263157894736842,0.6842105263157895,1.3076923076923077,3.5384615384615383
demand_surge,linear_q_22,110235,18,16,12,1,48,9,119.50000000000007,1,0.6666666666666666,0.8888888888888888,0.5625,3.0
demand_surge,linear_q_22,110236,22,19,18,3,45,11,142.5500000000001,0,0.8181818181818182,0.8636363636363636,0.5789473684210527,2.3684210526315788
demand_surge,linear_q_22,110237,18,14,12,4,45,5,88.75,0,0.6666666666666666,0.7777777777777778,0.35714285714285715,3.2142857142857144
demand_surge,linear_q_22,110238,19,16,14,3,45,26,102.05000000000005,0,0.7368421052631579,0.8421052631578947,1.625,2.8125
demand_surge,linear_q_22,110239,17,16,13,1,41,3,135.55000000000007,0,0.7647058823529411,0.9411764705882353,0.1875,2.5625
demand_surge,linear_q_22,110240,21,17,12,4,48,26,103.00000000000006,0,0.5714285714285714,0.8095238095238095,1.5294117647058822,2.823529411764706
demand_surge,linear_q_22,110241,29,18,14,11,44,24,59.800000000000026,0,0.4827586206896552,0.6206896551724138,1.3333333333333333,2.4444444444444446
demand_surge,linear_q_22,110242,25,16,15,8,48,10,52.300000000000026,1,0.6,0.64,0.625,3.0
demand_surge,linear_q_22,110243,23,17,15,6,42,7,102.40000000000003,0,0.6521739130434783,0.7391304347826086,0.4117647058823529,2.4705882352941178
demand_surge,linear_q_22,110244,29,21,21,7,46,0,129.90000000000006,1,0.7241379310344828,0.7241379310344828,0.0,2.1904761904761907
demand_surge,linear_q_22,110245,22,15,9,7,45,23,62.15,0,0.4090909090909091,0.6818181818181818,1.5333333333333334,3.0
demand_surge,linear_q_22,110246,22,16,12,6,47,32,73.15000000000003,0,0.5454545454545454,0.7272727272727273,2.0,2.9375
demand_surge,linear_q_22,110247,20,20,19,0,45,17,172.34999999999988,0,0.95,1.0,0.85,2.25
demand_surge,linear_q_22,110248,26,16,13,10,43,17,53.05,0,0.5,0.6153846153846154,1.0625,2.6875
demand_surge,linear_q_22,110249,17,17,16,0,47,3,151.45000000000013,0,0.9411764705882353,1.0,0.17647058823529413,2.764705882352941
demand_surge,linear_q_22,110250,21,15,12,6,47,15,75.05,0,0.5714285714285714,0.7142857142857143,1.0,3.1333333333333333
demand_surge,linear_q_22,110251,24,18,15,6,48,14,105.40000000000008,0,0.625,0.75,0.7777777777777778,2.6666666666666665
demand_surge,linear_q_22,110252,19,18,16,1,44,4,153.80000000000007,0,0.8421052631578947,0.9473684210526315,0.2222222222222222,2.4444444444444446
demand_surge,linear_q_22,110253,16,14,11,1,47,13,98.45000000000007,1,0.6875,0.875,0.9285714285714286,3.357142857142857
demand_surge,linear_q_22,110254,21,15,13,6,40,6,83.79999999999998,0,0.6190476190476191,0.7142857142857143,0.4,2.6666666666666665
demand_surge,linear_q_22,110255,19,15,13,3,47,6,88.25000000000004,1,0.6842105263157895,0.7894736842105263,0.4,3.1333333333333333
demand_surge,linear_q_22,110256,19,16,13,3,45,17,108.35000000000004,0,0.6842105263157895,0.8421052631578947,1.0625,2.8125
demand_surge,linear_q_22,110257,23,18,16,5,45,7,119.35000000000007,0,0.6956521739130435,0.782608695652174,0.3888888888888889,2.5
demand_surge,linear_q_22,110258,24,19,18,5,42,14,125.50000000000006,0,0.75,0.7916666666666666,0.7368421052631579,2.210526315789474
demand_surge,linear_q_22,110259,22,17,15,5,47,16,102.35000000000001,0,0.6818181818181818,0.7727272727272727,0.9411764705882353,2.764705882352941
demand_surge,linear_q_22,110260,21,16,14,5,45,24,87.45000000000005,0,0.6666666666666666,0.7619047619047619,1.5,2.8125
demand_surge,linear_q_22,110261,24,20,20,4,45,0,152.25000000000006,0,0.8333333333333334,0.8333333333333334,0.0,2.25
demand_surge,linear_q_22,110262,21,16,14,5,44,18,92.00000000000004,0,0.6666666666666666,0.7619047619047619,1.125,2.75
demand_surge,linear_q_22,110263,28,16,15,11,48,7,31.799999999999986,1,0.5357142857142857,0.5714285714285714,0.4375,3.0
demand_surge,linear_q_22,110264,18,17,16,1,43,11,139.25000000000009,0,0.8888888888888888,0.9444444444444444,0.6470588235294118,2.5294117647058822
demand_surge,linear_q_22,110265,22,16,15,6,41,3,95.55000000000001,0,0.6818181818181818,0.7272727272727273,0.1875,2.5625
demand_surge,linear_q_22,110266,27,16,13,10,47,28,35.94999999999998,1,0.48148148148148145,0.5925925925925926,1.75,2.9375
demand_surge,linear_q_22,110267,18,17,15,1,47,5,142.05,0,0.8333333333333334,0.9444444444444444,0.29411764705882354,2.764705882352941
demand_surge,linear_q_22,110268,21,18,14,3,47,17,127.65000000000009,0,0.6666666666666666,0.8571428571428571,0.9444444444444444,2.611111111111111
demand_surge,linear_q_22,110269,19,17,15,2,45,2,136.85000000000005,0,0.7894736842105263,0.8947368421052632,0.11764705882352941,2.6470588235294117
demand_surge,linear_q_22,110270,26,17,14,9,44,23,66.50000000000001,0,0.5384615384615384,0.6538461538461539,1.3529411764705883,2.588235294117647
demand_surge,linear_q_22,110271,22,17,15,5,42,6,111.10000000000005,0,0.6818181818181818,0.7727272727272727,0.35294117647058826,2.4705882352941178
demand_surge,linear_q_22,110272,24,19,15,5,43,16,123.75000000000006,0,0.625,0.7916666666666666,0.8421052631578947,2.263157894736842
demand_surge,linear_q_22,110273,16,16,12,0,41,10,138.65000000000003,0,0.75,1.0,0.625,2.5625
demand_surge,linear_q_22,110274,23,15,13,7,46,7,50.30000000000004,1,0.5652173913043478,0.6521739130434783,0.4666666666666667,3.066666666666667
demand_surge,linear_q_22,110275,18,15,11,2,44,9,97.30000000000005,1,0.6111111111111112,0.8333333333333334,0.6,2.933333333333333
demand_surge,linear_q_22,110276,24,18,18,6,43,0,116.95000000000005,0,0.75,0.75,0.0,2.388888888888889
demand_surge,linear_q_22,110277,20,16,12,4,45,19,98.95000000000007,0,0.6,0.8,1.1875,2.8125
demand_surge,linear_q_22,110278,20,17,15,3,43,10,123.95000000000006,0,0.75,0.85,0.5882352941176471,2.5294117647058822
demand_surge,linear_q_22,110279,20,15,11,5,45,12,85.85000000000001,0,0.55,0.75,0.8,3.0
demand_surge,linear_q_22,110280,19,14,10,5,44,16,73.4,0,0.5263157894736842,0.7368421052631579,1.1428571428571428,3.142857142857143
demand_surge,linear_q_22,110281,18,16,14,2,40,9,123.70000000000006,0,0.7777777777777778,0.8888888888888888,0.5625,2.5
demand_surge,linear_q_22,110282,17,16,16,1,42,0,137.30000000000007,0,0.9411764705882353,0.9411764705882353,0.0,2.625
demand_surge,linear_q_22,110283,25,18,16,7,46,9,101.60000000000001,0,0.64,0.72,0.5,2.5555555555555554
demand_surge,linear_q_22,110284,22,15,12,7,44,18,66.0,0,0.5454545454545454,0.6818181818181818,1.2,2.933333333333333
demand_surge,linear_q_22,110285,24,19,15,4,48,14,120.60000000000007,1,0.625,0.7916666666666666,0.7368421052631579,2.526315789473684
demand_surge,linear_q_22,110286,18,16,13,2,43,11,121.25000000000006,0,0.7222222222222222,0.8888888888888888,0.6875,2.6875
demand_surge,linear_q_22,110287,25,15,12,10,41,23,39.55,0,0.48,0.6,1.5333333333333334,2.7333333333333334
demand_surge,linear_q_22,110288,20,16,13,4,42,24,96.50000000000006,0,0.65,0.8,1.5,2.625
demand_surge,linear_q_22,110289,26,17,15,9,44,18,69.99999999999999,0,0.5769230769230769,0.6538461538461539,1.0588235294117647,2.588235294117647
demand_surge,linear_q_22,110290,22,17,17,4,48,0,102.00000000000006,1,0.7727272727272727,0.7727272727272727,0.0,2.823529411764706
demand_surge,linear_q_22,110291,20,15,10,5,43,16,83.75000000000001,0,0.5,0.75,1.0666666666666667,2.8666666666666667
demand_surge,linear_q_22,110292,21,16,14,4,45,18,90.95000000000009,1,0.6666666666666666,0.7619047619047619,1.125,2.8125
demand_surge,linear_q_22,110293,21,16,12,5,45,18,91.65000000000005,0,0.5714285714285714,0.7619047619047619,1.125,2.8125
demand_surge,linear_q_22,110294,25,16,12,8,44,15,61.40000000000002,1,0.48,0.64,0.9375,2.75
demand_surge,linear_q_22,110295,16,15,13,1,40,4,125.20000000000005,0,0.8125,0.9375,0.26666666666666666,2.6666666666666665
demand_surge,linear_q_22,110296,22,18,17,4,48,13,122.1000000000001,0,0.7727272727272727,0.8181818181818182,0.7222222222222222,2.6666666666666665
demand_surge,linear_q_22,110297,26,16,10,10,48,33,40.099999999999994,0,0.38461538461538464,0.6153846153846154,2.0625,3.0
demand_surge,linear_q_22,110298,26,19,18,7,42,7,114.40000000000006,0,0.6923076923076923,0.7307692307692307,0.3684210526315789,2.210526315789474
demand_surge,linear_q_22,110299,24,16,13,8,42,15,70.79999999999998,0,0.5416666666666666,0.6666666666666666,0.9375,2.625
demand_surge,linear_q_33,110000,19,13,10,5,45,10,47.35000000000001,1,0.5263157894736842,0.6842105263157895,0.7692307692307693,3.4615384615384617
demand_surge,linear_q_33,110001,22,16,14,6,47,24,78.75000000000003,0,0.6363636363636364,0.7272727272727273,1.5,2.9375
demand_surge,linear_q_33,110002,19,15,11,4,42,15,92.80000000000005,0,0.5789473684210527,0.7894736842105263,1.0,2.8
demand_surge,linear_q_33,110003,26,15,10,10,48,25,25.60000000000001,1,0.38461538461538464,0.5769230769230769,1.6666666666666667,3.2
demand_surge,linear_q_33,110004,20,16,13,4,43,27,94.05000000000004,0,0.65,0.8,1.6875,2.6875
demand_surge,linear_q_33,110005,22,17,15,4,48,11,101.30000000000008,1,0.6818181818181818,0.7727272727272727,0.6470588235294118,2.823529411764706
demand_surge,linear_q_33,110006,21,18,14,3,48,21,124.50000000000009,0,0.6666666666666666,0.8571428571428571,1.1666666666666667,2.6666666666666665
demand_surge,linear_q_33,110007,23,16,10,7,47,28,67.95000000000002,0,0.43478260869565216,0.6956521739130435,1.75,2.9375
demand_surge,linear_q_33,110008,26,20,20,5,48,0,121.2000000000001,1,0.7692307692307693,0.7692307692307693,0.0,2.4
demand_surge,linear_q_33,110009,22,16,13,6,43,19,83.65000000000002,0,0.5909090909090909,0.7272727272727273,1.1875,2.6875
demand_surge,linear_q_33,110010,21,17,14,4,45,7,117.35000000000011,0,0.6666666666666666,0.8095238095238095,0.4117647058823529,2.6470588235294117
demand_surge,linear_q_33,110011,28,16,12,12,43,32,26.550000000000004,0,0.42857142857142855,0.5714285714285714,2.0,2.6875
demand_surge,linear_q_33,110012,19,16,13,3,41,8,116.05000000000004,0,0.6842105263157895,0.8421052631578947,0.5,2.5625
demand_surge,linear_q_33,110013,27,18,14,9,46,19,78.60000000000001,0,0.5185185185185185,0.6666666666666666,1.0555555555555556,2.5555555555555554
demand_surge,linear_q_33,110014,17,15,13,2,43,7,114.05000000000005,0,0.7647058823529411,0.8823529411764706,0.4666666666666667,2.8666666666666667
demand_surge,linear_q_33,110015,24,17,16,7,46,8,92.30000000000005,0,0.6666666666666666,0.7083333333333334,0.47058823529411764,2.7058823529411766
demand_surge,linear_q_33,110016,15,14,13,1,48,4,112.40000000000003,0,0.8666666666666667,0.9333333333333333,0.2857142857142857,3.4285714285714284
demand_surge,linear_q_33,110017,28,14,10,14,43,19,-0.3499999999999879,0,0.35714285714285715,0.5,1.3571428571428572,3.0714285714285716
demand_surge,linear_q_33,110018,20,16,12,3,48,25,93.70000000000009,1,0.6,0.8,1.5625,3.0
demand_surge,linear_q_33,110019,20,18,16,2,42,4,146.50000000000009,0,0.8,0.9,0.2222222222222222,2.3333333333333335
demand_surge,linear_q_33,110020,20,17,15,3,43,18,118.35000000000008,0,0.75,0.85,1.0588235294117647,2.5294117647058822
demand_surge,linear_q_33,110021,26,19,15,7,46,14,108.10000000000007,0,0.5769230769230769,0.7307692307692307,0.7368421052631579,2.4210526315789473
demand_surge,linear_q_33,110022,19,18,18,1,45,0,156.25000000000009,0,0.9473684210526315,0.9473684210526315,0.0,2.5
demand_surge,linear_q_33,110023,17,17,16,0,40,3,153.9000000000001,0,0.9411764705882353,1.0,0.17647058823529413,2.3529411764705883
demand_surge,linear_q_33,110024,16,16,15,0,46,4,141.10000000000008,0,0.9375,1.0,0.25,2.875
demand_surge,linear_q_33,110025,24,18,14,6,44,13,107.50000000000013,0,0.5833333333333334,0.75,0.7222222222222222,2.4444444444444446
demand_surge,linear_q_33,110026,22,15,12,6,48,10,52.00000000000002,1,0.5454545454545454,0.6818181818181818,0.6666666666666666,3.2
demand_surge,linear_q_33,110027,19,16,14,2,46,7,109.40000000000008,1,0.7368421052631579,0.8421052631578947,0.4375,2.875
demand_surge,linear_q_33,110028,22,14,9,8,47,24,42.749999999999986,0,0.4090909090909091,0.6363636363636364,1.7142857142857142,3.357142857142857
demand_surge,linear_q_33,110029,22,20,18,2,47,11,159.85000000000005,0,0.8181818181818182,0.9090909090909091,0.55,2.35
demand_surge,linear_q_33,110030,21,17,16,4,45,1,121.55000000000007,0,0.7619047619047619,0.8095238095238095,0.058823529411764705,2.6470588235294117
demand_surge,linear_q_33,110031,30,16,10,14,48,33,8.100000000000005,0,0.3333333333333333,0.5333333333333333,2.0625,3.0
demand_surge,linear_q_33,110032,29,17,13,12,45,23,42.14999999999999,0,0.4482758620689655,0.5862068965517241,1.3529411764705883,2.6470588235294117
demand_surge,linear_q_33,110033,26,18,16,8,45,12,91.85000000000007,0,0.6153846153846154,0.6923076923076923,0.6666666666666666,2.5
demand_surge,linear_q_33,110034,21,15,10,6,44,24,69.80000000000001,0,0.47619047619047616,0.7142857142857143,1.6,2.933333333333333
demand_surge,linear_q_33,110035,27,17,13,10,48,32,50.80000000000001,0,0.48148148148148145,0.6296296296296297,1.8823529411764706,2.823529411764706
demand_surge,linear_q_33,110036,23,17,13,6,44,16,95.4000000000001,0,0.5652173913043478,0.7391304347826086,0.9411764705882353,2.588235294117647
demand_surge,linear_q_33,110037,23,18,14,5,46,26,105.70000000000002,0,0.6086956521739131,0.782608695652174,1.4444444444444444,2.5555555555555554
demand_surge,linear_q_33,110038,26,16,12,10,46,32,41.500000000000014,0,0.46153846153846156,0.6153846153846154,2.0,2.875
demand_surge,linear_q_33,110039,20,18,16,2,45,4,145.4500000000001,0,0.8,0.9,0.2222222222222222,2.5
demand_surge,linear_q_33,110040,26,18,15,8,42,8,95.70000000000002,0,0.5769230769230769,0.6923076923076923,0.4444444444444444,2.3333333333333335
demand_surge,linear_q_33,110041,24,19,15,5,48,18,120.60000000000011,0,0.625,0.7916666666666666,0.9473684210526315,2.526315789473684
demand_surge,linear_q_33,110042,20,17,14,3,46,23,113.80000000000004,0,0.7,0.85,1.3529411764705883,2.7058823529411766
demand_surge,linear_q_33,110043,14,14,13,0,45,4,121.45000000000007,0,0.9285714285714286,1.0,0.2857142857142857,3.2142857142857144
demand_surge,linear_q_33,110044,23,18,18,5,45,0,124.25000000000006,0,0.782608695652174,0.782608695652174,0.0,2.5
demand_surge,linear_q_33,110045,26,19,13,7,44,10,111.60000000000004,0,0.5,0.7307692307692307,0.5263157894736842,2.3157894736842106
demand_surge,linear_q_33,110046,21,16,14,5,46,10,96.90000000000002,0,0.6666666666666666,0.7619047619047619,0.625,2.875
demand_surge,linear_q_33,110047,25,16,12,9,43,17,61.05000000000001,0,0.48,0.64,1.0625,2.6875
demand_surge,linear_q_33,110048,22,16,14,6,46,23,79.80000000000004,0,0.6363636363636364,0.7272727272727273,1.4375,2.875
demand_surge,linear_q_33,110049,24,17,12,6,48,15,83.20000000000003,1,0.5,0.7083333333333334,0.8823529411764706,2.823529411764706
demand_surge,linear_q_33,110050,27,15,10,12,44,20,24.6,0,0.37037037037037035,0.5555555555555556,1.3333333333333333,2.933333333333333
demand_surge,linear_q_33,110051,22,20,19,2,46,6,163.70000000000005,0,0.8636363636363636,0.9090909090909091,0.3,2.3
demand_surge,linear_q_33,110052,21,16,11,5,44,17,92.70000000000003,0,0.5238095238095238,0.7619047619047619,1.0625,2.75
demand_surge,linear_q_33,110053,21,16,13,5,45,14,94.45000000000002,0,0.6190476190476191,0.7619047619047619,0.875,2.8125
demand_surge,linear_q_33,110054,23,18,15,5,46,6,119.70000000000009,0,0.6521739130434783,0.782608695652174,0.3333333333333333,2.5555555555555554
demand_surge,linear_q_33,110055,26,18,16,8,46,21,85.20000000000005,0,0.6153846153846154,0.6923076923076923,1.1666666666666667,2.5555555555555554
demand_surge,linear_q_33,110056,23,18,15,5,48,26,105.00000000000004,0,0.6521739130434783,0.782608695652174,1.4444444444444444,2.6666666666666665
demand_surge,linear_q_33,110057,20,15,10,5,46,23,77.80000000000005,0,0.5,0.75,1.5333333333333334,3.066666666666667
demand_surge,linear_q_33,110058,20,17,16,3,41,10,124.65,0,0.8,0.85,0.5882352941176471,2.411764705882353
demand_surge,linear_q_33,110059,23,16,12,6,48,20,69.70000000000002,1,0.5217391304347826,0.6956521739130435,1.25,3.0
demand_surge,linear_q_33,110060,18,16,14,2,48,9,120.90000000000009,0,0.7777777777777778,0.8888888888888888,0.5625,3.0
demand_surge,linear_q_33,110061,21,18,16,3,44,17,128.70000000000007,0,0.7619047619047619,0.8571428571428571,0.9444444444444444,2.4444444444444446
demand_surge,linear_q_33,110062,27,17,14,9,48,5,64.8,1,0.5185185185185185,0.6296296296296297,0.29411764705882354,2.823529411764706
demand_surge,linear_q_33,110063,17,17,17,0,44,0,154.60000000000014,0,1.0,1.0,0.0,2.588235294117647
demand_surge,linear_q_33,110064,21,18,15,3,46,13,130.8000000000001,0,0.7142857142857143,0.8571428571428571,0.7222222222222222,2.5555555555555554
demand_surge,linear_q_33,110065,21,15,13,6,45,6,82.05,0,0.6190476190476191,0.7142857142857143,0.4,3.0
demand_surge,linear_q_33,110066,22,17,16,3,47,2,101.65000000000008,2,0.7272727272727273,0.7727272727272727,0.11764705882352941,2.764705882352941
demand_surge,linear_q_33,110067,19,18,18,1,42,0,157.3000000000001,0,0.9473684210526315,0.9473684210526315,0.0,2.3333333333333335
demand_surge,linear_q_33,110068,16,16,15,0,41,2,144.25000000000009,0,0.9375,1.0,0.125,2.5625
demand_surge,linear_q_33,110069,20,17,14,3,45,6,126.05000000000007,0,0.7,0.85,0.35294117647058826,2.6470588235294117
demand_surge,linear_q_33,110070,18,15,13,1,48,9,99.40000000000009,2,0.7222222222222222,0.8333333333333334,0.6,3.2
demand_surge,linear_q_33,110071,16,16,14,0,43,3,142.85000000000008,0,0.875,1.0,0.1875,2.6875
demand_surge,linear_q_33,110072,26,16,13,10,46,23,47.800000000000026,0,0.5,0.6153846153846154,1.4375,2.875
demand_surge,linear_q_33,110073,26,15,12,11,45,39,18.949999999999996,0,0.46153846153846156,0.5769230769230769,2.6,3.0
demand_surge,linear_q_33,110074,19,17,14,2,46,15,127.40000000000008,0,0.7368421052631579,0.8947368421052632,0.8823529411764706,2.7058823529411766
demand_surge,linear_q_33,110075,22,16,11,6,47,19,82.25000000000004,0,0.5,0.7272727272727273,1.1875,2.9375
demand_surge,linear_q_33,110076,24,16,15,7,46,21,65.20000000000006,1,0.625,0.6666666666666666,1.3125,2.875
demand_surge,linear_q_33,110077,20,15,13,5,43,12,86.55000000000004,0,0.65,0.75,0.8,2.8666666666666667
demand_surge,linear_q_33,110078,22,16,12,6,42,20,83.30000000000003,0,0.5454545454545454,0.7272727272727273,1.25,2.625
demand_surge,linear_q_33,110079,20,16,13,4,46,21,97.20000000000002,0,0.65,0.8,1.3125,2.875
demand_surge,linear_q_33,110080,26,20,17,6,45,4,133.45000000000005,0,0.6538461538461539,0.7692307692307693,0.2,2.25
demand_surge,linear_q_33,110081,26,16,13,10,47,18,50.94999999999998,0,0.5,0.6153846153846154,1.125,2.9375
demand_surge,linear_q_33,110082,18,17,16,1,46,7,141.00000000000003,0,0.8888888888888888,0.9444444444444444,0.4117647058823529,2.7058823529411766
demand_surge,linear_q_33,110083,20,16,13,3,46,12,103.50000000000011,1,0.65,0.8,0.75,2.875
demand_surge,linear_q_33,110084,19,17,15,2,48,6,133.0000000000001,0,0.7894736842105263,0.8947368421052632,0.35294117647058826,2.823529411764706
demand_surge,linear_q_33,110085,21,15,11,6,47,15,75.05000000000001,0,0.5238095238095238,0.7142857142857143,1.0,3.1333333333333333
demand_surge,linear_q_33,110086,21,18,16,3,44,2,139.20000000000005,0,0.7619047619047619,0.8571428571428571,0.1111111111111111,2.4444444444444446
demand_surge,linear_q_33,110087,28,19,17,9,45,15,91.75000000000006,0,0.6071428571428571,0.6785714285714286,0.7894736842105263,2.3684210526315788
demand_surge,linear_q_33,110088,22,14,12,8,46,36,34.70000000000001,0,0.5454545454545454,0.6363636363636364,2.5714285714285716,3.2857142857142856
demand_surge,linear_q_33,110089,19,14,10,5,45,25,66.75000000000001,0,0.5263157894736842,0.7368421052631579,1.7857142857142858,3.2142857142857144
demand_surge,linear_q_33,110090,23,15,11,7,47,18,56.950000000000024,1,0.4782608695652174,0.6521739130434783,1.2,3.1333333333333333
demand_surge,linear_q_33,110091,26,20,19,6,48,19,121.9000000000001,0,0.7307692307692307,0.7692307692307693,0.95,2.4
demand_surge,linear_q_33,110092,24,17,13,7,45,11,90.55000000000005,0,0.5416666666666666,0.7083333333333334,0.6470588235294118,2.6470588235294117
demand_surge,linear_q_33,110093,29,16,13,12,48,16,23.100000000000005,1,0.4482758620689655,0.5517241379310345,1.0,3.0
demand_surge,linear_q_33,110094,19,18,17,1,44,6,152.4000000000001,0,0.8947368421052632,0.9473684210526315,0.3333333333333333,2.4444444444444446
demand_surge,linear_q_33,110095,23,16,12,7,44,20,74.6,0,0.5217391304347826,0.6956521739130435,1.25,2.75
demand_surge,linear_q_33,110096,21,17,15,3,48,3,119.10000000000008,1,0.7142857142857143,0.8095238095238095,0.17647058823529413,2.823529411764706
demand_surge,linear_q_33,110097,23,17,14,6,40,7,103.10000000000002,0,0.6086956521739131,0.7391304347826086,0.4117647058823529,2.3529411764705883
demand_surge,linear_q_33,110098,23,15,13,7,46,7,57.300000000000026,1,0.5652173913043478,0.6521739130434783,0.4666666666666667,3.066666666666667
demand_surge,linear_q_33,110099,15,15,15,0,40,0,136.00000000000006,0,1.0,1.0,0.0,2.6666666666666665
demand_surge,linear_q_33,110100,21,18,16,3,45,6,136.0500000000001,0,0.7619047619047619,0.8571428571428571,0.3333333333333333,2.5
demand_surge,linear_q_33,110101,23,19,18,4,46,4,139.10000000000002,0,0.782608695652174,0.8260869565217391,0.21052631578947367,2.4210526315789473
demand_surge,linear_q_33,110102,21,17,15,4,44,15,112.10000000000008,0,0.7142857142857143,0.8095238095238095,0.8823529411764706,2.588235294117647
demand_surge,linear_q_33,110103,22,15,10,6,48,15,62.50000000000003,1,0.45454545454545453,0.6818181818181818,1.0,3.2
demand_surge,linear_q_33,110104,23,18,17,5,45,3,122.15000000000009,0,0.7391304347826086,0.782608695652174,0.16666666666666666,2.5
demand_surge,linear_q_33,110105,22,17,14,4,48,15,102.70000000000006,1,0.6363636363636364,0.7727272727272727,0.8823529411764706,2.823529411764706
demand_surge,linear_q_33,110106,18,15,13,3,47,26,91.35000000000005,0,0.7222222222222222,0.8333333333333334,1.7333333333333334,3.1333333333333333
demand_surge,linear_q_33,110107,22,17,15,5,45,10,107.25000000000004,0,0.6818181818181818,0.7727272727272727,0.5882352941176471,2.6470588235294117
demand_surge,linear_q_33,110108,14,13,11,0,47,5,90.15000000000003,1,0.7857142857142857,0.9285714285714286,0.38461538461538464,3.6153846153846154
demand_surge,linear_q_33,110109,22,15,9,7,47,21,62.85000000000001,0,0.4090909090909091,0.6818181818181818,1.4,3.1333333333333333
demand_surge,linear_q_33,110110,24,16,13,8,44,8,74.99999999999997,0,0.5416666666666666,0.6666666666666666,0.5,2.75
demand_surge,linear_q_33,110111,22,15,12,7,46,24,61.1,0,0.5454545454545454,0.6818181818181818,1.6,3.066666666666667
demand_surge,linear_q_33,110112,25,19,16,6,47,15,115.0500000000001,0,0.64,0.76,0.7894736842105263,2.473684210526316
demand_surge,linear_q_33,110113,23,19,17,4,45,9,135.95000000000002,0,0.7391304347826086,0.8260869565217391,0.47368421052631576,2.3684210526315788
demand_surge,linear_q_33,110114,17,16,14,1,43,13,127.85000000000005,0,0.8235294117647058,0.9411764705882353,0.8125,2.6875
demand_surge,linear_q_33,110115,22,15,9,5,45,15,59.35000000000004,2,0.4090909090909091,0.6818181818181818,1.0,3.0
demand_surge,linear_q_33,110116,24,14,10,9,47,19,21.149999999999995,1,0.4166666666666667,0.5833333333333334,1.3571428571428572,3.357142857142857
demand_surge,linear_q_33,110117,23,17,13,6,41,23,91.55000000000005,0,0.5652173913043478,0.7391304347826086,1.3529411764705883,2.411764705882353
demand_surge,linear_q_33,110118,25,17,13,8,42,13,82.2,0,0.52,0.68,0.7647058823529411,2.4705882352941178
demand_surge,linear_q_33,110119,21,17,16,4,44,6,118.40000000000005,0,0.7619047619047619,0.8095238095238095,0.35294117647058826,2.588235294117647
demand_surge,linear_q_33,110120,23,18,14,5,43,15,114.45000000000006,0,0.6086956521739131,0.782608695652174,0.8333333333333334,2.388888888888889
demand_surge,linear_q_33,110121,21,15,12,5,48,9,67.70000000000003,1,0.5714285714285714,0.7142857142857143,0.6,3.2
demand_surge,linear_q_33,110122,23,16,15,5,46,6,73.20000000000009,2,0.6521739130434783,0.6956521739130435,0.375,2.875
demand_surge,linear_q_33,110123,18,15,12,3,43,13,101.85000000000005,0,0.6666666666666666,0.8333333333333334,0.8666666666666667,2.8666666666666667
demand_surge,linear_q_33,110124,24,18,17,6,47,11,107.8500000000001,0,0.7083333333333334,0.75,0.6111111111111112,2.611111111111111
demand_surge,linear_q_33,110125,26,16,11,10,44,17,52.7,0,0.4230769230769231,0.6153846153846154,1.0625,2.75
demand_surge,linear_q_33,110126,23,18,16,5,46,22,108.50000000000006,0,0.6956521739130435,0.782608695652174,1.2222222222222223,2.5555555555555554
demand_surge,linear_q_33,110127,24,13,10,10,47,29,-1.749999999999993,1,0.4166666666666667,0.5416666666666666,2.230769230769231,3.6153846153846154
demand_surge,linear_q_33,110128,18,15,12,3,46,18,97.30000000000003,0,0.6666666666666666,0.8333333333333334,1.2,3.066666666666667
demand_surge,linear_q_33,110129,25,15,12,10,44,12,46.19999999999999,0,0.48,0.6,0.8,2.933333333333333
demand_surge,linear_q_33,110130,21,15,9,5,46,18,68.40000000000002,1,0.42857142857142855,0.7142857142857143,1.2,3.066666666666667
demand_surge,linear_q_33,110131,21,17,12,4,45,17,110.3500000000001,0,0.5714285714285714,0.8095238095238095,1.0,2.6470588235294117
demand_surge,linear_q_33,110132,27,17,15,10,47,24,56.75000000000003,0,0.5555555555555556,0.6296296296296297,1.411764705882353,2.764705882352941
demand_surge,linear_q_33,110133,22,15,13,7,45,22,62.85000000000004,0,0.5909090909090909,0.6818181818181818,1.4666666666666666,3.0
demand_surge,linear_q_33,110134,24,18,14,6,47,16,104.35000000000007,0,0.5833333333333334,0.75,0.8888888888888888,2.611111111111111
demand_surge,linear_q_33,110135,25,16,10,9,45,21,57.55,0,0.4,0.64,1.3125,2.8125
demand_surge,linear_q_33,110136,27,17,14,10,42,10,68.3,0,0.5185185185185185,0.6296296296296297,0.5882352941176471,2.4705882352941178
demand_surge,linear_q_33,110137,15,13,11,2,42,5,95.80000000000004,0,0.7333333333333333,0.8666666666666667,0.38461538461538464,3.230769230769231
demand_surge,linear_q_33,110138,16,15,10,1,45,23,110.15000000000005,0,0.625,0.9375,1.5333333333333334,3.0
demand_surge,linear_q_33,110139,27,20,18,7,47,6,123.35000000000002,0,0.6666666666666666,0.7407407407407407,0.3,2.35
demand_surge,linear_q_33,110140,28,19,17,9,45,2,100.85000000000005,0,0.6071428571428571,0.6785714285714286,0.10526315789473684,2.3684210526315788
demand_surge,linear_q_33,110141,21,17,13,4,41,11,115.95000000000005,0,0.6190476190476191,0.8095238095238095,0.6470588235294118,2.411764705882353
demand_surge,linear_q_33,110142,23,19,16,4,46,19,128.60000000000008,0,0.6956521739130435,0.8260869565217391,1.0,2.4210526315789473
demand_surge,linear_q_33,110143,20,16,13,4,48,37,85.30000000000007,0,0.65,0.8,2.3125,3.0
demand_surge,linear_q_33,110144,21,19,15,2,48,11,149.50000000000006,0,0.7142857142857143,0.9047619047619048,0.5789473684210527,2.526315789473684
demand_surge,linear_q_33,110145,21,17,16,4,43,10,115.95000000000009,0,0.7619047619047619,0.8095238095238095,0.5882352941176471,2.5294117647058822
demand_surge,linear_q_33,110146,25,17,12,8,45,15,79.75,0,0.48,0.68,0.8823529411764706,2.6470588235294117
demand_surge,linear_q_33,110147,28,18,14,10,45,14,74.45,0,0.5,0.6428571428571429,0.7777777777777778,2.5
demand_surge,linear_q_33,110148,25,18,14,7,43,7,104.05000000000005,0,0.56,0.72,0.3888888888888889,2.388888888888889
demand_surge,linear_q_33,110149,21,16,14,4,48,13,93.40000000000008,1,0.6666666666666666,0.7619047619047619,0.8125,3.0
demand_surge,linear_q_33,110150,19,16,14,3,40,19,108.70000000000003,0,0.7368421052631579,0.8421052631578947,1.1875,2.5
demand_surge,linear_q_33,110151,22,17,11,5,45,27,95.35000000000007,0,0.5,0.7727272727272727,1.588235294117647,2.6470588235294117
demand_surge,linear_q_33,110152,20,14,9,6,40,16,66.80000000000001,0,0.45,0.7,1.1428571428571428,2.857142857142857
demand_surge,linear_q_33,110153,23,16,12,7,42,18,76.69999999999999,0,0.5217391304347826,0.6956521739130435,1.125,2.625
demand_surge,linear_q_33,110154,24,18,15,5,47,8,106.45000000000006,1,0.625,0.75,0.4444444444444444,2.611111111111111
demand_surge,linear_q_33,110155,21,19,17,2,46,18,145.29999999999995,0,0.8095238095238095,0.9047619047619048,0.9473684210526315,2.4210526315789473
demand_surge,linear_q_33,110156,23,16,14,5,45,4,76.35000000000007,2,0.6086956521739131,0.6956521739130435,0.25,2.8125
demand_surge,linear_q_33,110157,19,18,18,1,39,0,158.35000000000008,0,0.9473684210526315,0.9473684210526315,0.0,2.1666666666666665
demand_surge,linear_q_33,110158,26,17,14,8,48,8,75.60000000000004,1,0.5384615384615384,0.6538461538461539,0.47058823529411764,2.823529411764706
demand_surge,linear_q_33,110159,27,17,15,10,41,23,59.54999999999998,0,0.5555555555555556,0.6296296296296297,1.3529411764705883,2.411764705882353
demand_surge,linear_q_33,110160,22,18,18,4,45,0,132.2500000000001,0,0.8181818181818182,0.8181818181818182,0.0,2.5
demand_surge,linear_q_33,110161,20,16,15,4,45,16,101.05000000000005,0,0.75,0.8,1.0,2.8125
demand_surge,linear_q_33,110162,21,15,10,6,43,26,68.75,0,0.47619047619047616,0.7142857142857143,1.7333333333333334,2.8666666666666667
demand_surge,linear_q_33,110163,22,18,16,4,46,8,126.30000000000005,0,0.7272727272727273,0.8181818181818182,0.4444444444444444,2.5555555555555554
demand_surge,linear_q_33,110164,26,16,11,9,48,16,51.99999999999998,1,0.4230769230769231,0.6153846153846154,1.0,3.0
demand_surge,linear_q_33,110165,21,15,10,5,46,17,68.4,1,0.47619047619047616,0.7142857142857143,1.1333333333333333,3.066666666666667
demand_surge,linear_q_33,110166,27,16,10,11,44,21,41.9,0,0.37037037037037035,0.5925925925925926,1.3125,2.75
demand_surge,linear_q_33,110167,17,17,16,0,43,1,154.25000000000009,0,0.9411764705882353,1.0,0.058823529411764705,2.5294117647058822
demand_surge,linear_q_33,110168,21,19,16,2,45,16,147.0500000000001,0,0.7619047619047619,0.9047619047619048,0.8421052631578947,2.3684210526315788
demand_surge,linear_q_33,110169,25,16,10,9,47,19,58.249999999999986,0,0.4,0.64,1.1875,2.9375
demand_surge,linear_q_33,110170,23,16,14,7,45,26,70.05000000000005,0,0.6086956521739131,0.6956521739130435,1.625,2.8125
demand_surge,linear_q_33,110171,21,16,12,5,43,16,93.75000000000004,0,0.5714285714285714,0.7619047619047619,1.0,2.6875
demand_surge,linear_q_33,110172,19,18,17,1,45,1,155.5500000000001,0,0.8947368421052632,0.9473684210526315,0.05555555555555555,2.5
demand_surge,linear_q_33,110173,22,16,12,6,47,28,75.95000000000002,0,0.5454545454545454,0.7272727272727273,1.75,2.9375
demand_surge,linear_q_33,110174,24,15,11,8,47,11,39.150000000000006,1,0.4583333333333333,0.625,0.7333333333333333,3.1333333333333333
demand_surge,linear_q_33,110175,24,14,12,9,48,14,28.499999999999982,1,0.5,0.5833333333333334,1.0,3.4285714285714284
demand_surge,linear_q_33,110176,25,15,10,10,44,24,37.79999999999999,0,0.4,0.6,1.6,2.933333333333333
demand_surge,linear_q_33,110177,23,17,14,6,46,21,91.20000000000005,0,0.6086956521739131,0.7391304347826086,1.2352941176470589,2.7058823529411766
demand_surge,linear_q_33,110178,17,16,14,1,42,6,133.10000000000005,0,0.8235294117647058,0.9411764705882353,0.375,2.625
demand_surge,linear_q_33,110179,21,14,10,6,48,9,39.90000000000002,1,0.47619047619047616,0.6666666666666666,0.6428571428571429,3.4285714285714284
demand_surge,linear_q_33,110180,19,17,15,2,44,12,130.20000000000002,0,0.7894736842105263,0.8947368421052632,0.7058823529411765,2.588235294117647
demand_surge,linear_q_33,110181,18,16,15,1,47,2,119.1500000000001,1,0.8333333333333334,0.8888888888888888,0.125,2.9375
demand_surge,linear_q_33,110182,19,16,15,3,43,7,116.05000000000004,0,0.7894736842105263,0.8421052631578947,0.4375,2.6875
demand_surge,linear_q_33,110183,28,18,15,9,48,10,74.1,1,0.5357142857142857,0.6428571428571429,0.5555555555555556,2.6666666666666665
demand_surge,linear_q_33,110184,19,16,14,3,43,16,109.75000000000004,0,0.7368421052631579,0.8421052631578947,1.0,2.6875
demand_surge,linear_q_33,110185,21,17,16,3,48,3,104.40000000000006,1,0.7619047619047619,0.8095238095238095,0.17647058823529413,2.823529411764706
demand_surge,linear_q_33,110186,16,16,15,0,40,3,143.90000000000003,0,0.9375,1.0,0.1875,2.5
demand_surge,linear_q_33,110187,25,17,14,7,47,7,77.65,1,0.56,0.68,0.4117647058823529,2.764705882352941
demand_surge,linear_q_33,110188,21,16,14,5,45,7,99.35000000000002,0,0.6666666666666666,0.7619047619047619,0.4375,2.8125
demand_surge,linear_q_33,110189,18,15,14,3,42,2,109.90000000000003,0,0.7777777777777778,0.8333333333333334,0.13333333333333333,2.8
demand_surge,linear_q_33,110190,25,21,19,4,45,3,160.15000000000015,0,0.76,0.84,0.14285714285714285,2.142857142857143
demand_surge,linear_q_33,110191,19,17,15,2,45,20,124.25000000000009,0,0.7894736842105263,0.8947368421052632,1.1764705882352942,2.6470588235294117
demand_surge,linear_q_33,110192,22,16,15,6,43,4,94.15000000000003,0,0.6818181818181818,0.7272727272727273,0.25,2.6875
demand_surge,linear_q_33,110193,22,14,10,8,42,11,53.59999999999998,0,0.45454545454545453,0.6363636363636364,0.7857142857142857,3.0
demand_surge,linear_q_33,110194,24,17,14,7,47,21,82.85000000000002,0,0.5833333333333334,0.7083333333333334,1.2352941176470589,2.764705882352941
demand_surge,linear_q_33,110195,20,15,11,5,45,22,78.85000000000005,0,0.55,0.75,1.4666666666666666,3.0
demand_surge,linear_q_33,110196,21,15,14,6,44,15,76.1,0,0.6666666666666666,0.7142857142857143,1.0,2.933333333333333
demand_surge,linear_q_33,110197,21,17,15,4,44,5,119.10000000000011,0,0.7142857142857143,0.8095238095238095,0.29411764705882354,2.588235294117647
demand_surge,linear_q_33,110198,22,15,11,7,44,23,62.499999999999986,0,0.5,0.6818181818181818,1.5333333333333334,2.933333333333333
demand_surge,linear_q_33,110199,24,18,14,6,44,12,108.20000000000005,0,0.5833333333333334,0.75,0.6666666666666666,2.4444444444444446
demand_surge,linear_q_33,110200,17,17,17,0,42,0,155.3000000000001,0,1.0,1.0,0.0,2.4705882352941178
demand_surge,linear_q_33,110201,23,16,14,7,44,8,83.00000000000006,0,0.6086956521739131,0.6956521739130435,0.5,2.75
demand_surge,linear_q_33,110202,20,14,11,5,48,12,57.70000000000003,1,0.55,0.7,0.8571428571428571,3.4285714285714284
demand_surge,linear_q_33,110203,22,19,19,2,48,0,140.79999999999995,1,0.8636363636363636,0.8636363636363636,0.0,2.526315789473684
demand_surge,linear_q_33,110204,22,17,14,5,44,15,104.10000000000005,0,0.6363636363636364,0.7727272727272727,0.8823529411764706,2.588235294117647
demand_surge,linear_q_33,110205,23,16,11,6,47,27,68.65000000000005,1,0.4782608695652174,0.6956521739130435,1.6875,2.9375
demand_surge,linear_q_33,110206,23,19,19,3,48,0,141.20000000000013,1,0.8260869565217391,0.8260869565217391,0.0,2.526315789473684
demand_surge,linear_q_33,110207,22,16,13,5,48,23,74.20000000000002,1,0.5909090909090909,0.7272727272727273,1.4375,3.0
demand_surge,linear_q_33,110208,26,17,14,8,48,19,63.70000000000002,1,0.5384615384615384,0.6538461538461539,1.1176470588235294,2.823529411764706
demand_surge,linear_q_33,110209,21,18,14,3,46,15,129.40000000000006,0,0.6666666666666666,0.8571428571428571,0.8333333333333334,2.5555555555555554
demand_surge,linear_q_33,110210,20,15,13,5,45,16,83.05,0,0.65,0.75,1.0666666666666667,3.0
demand_surge,linear_q_33,110211,24,16,12,8,42,10,74.30000000000003,0,0.5,0.6666666666666666,0.625,2.625
demand_surge,linear_q_33,110212,25,17,15,8,47,11,81.85,0,0.6,0.68,0.6470588235294118,2.764705882352941
demand_surge,linear_q_33,110213,26,17,16,8,48,1,66.50000000000004,1,0.6153846153846154,0.6538461538461539,0.058823529411764705,2.823529411764706
demand_surge,linear_q_33,110214,24,17,14,7,46,23,81.80000000000005,0,0.5833333333333334,0.7083333333333334,1.3529411764705883,2.7058823529411766
demand_surge,linear_q_33,110215,21,18,15,3,44,14,130.80000000000004,0,0.7142857142857143,0.8571428571428571,0.7777777777777778,2.4444444444444446
demand_surge,linear_q_33,110216,23,17,15,4,46,13,91.20000000000007,2,0.6521739130434783,0.7391304347826086,0.7647058823529411,2.7058823529411766
demand_surge,linear_q_33,110217,23,18,14,4,46,9,114.10000000000012,1,0.6086956521739131,0.782608695652174,0.5,2.5555555555555554
demand_surge,linear_q_33,110218,20,15,12,5,45,10,87.25000000000004,0,0.6,0.75,0.6666666666666666,3.0
demand_surge,linear_q_33,110219,19,17,15,2,47,4,134.7500000000001,0,0.7894736842105263,0.8947368421052632,0.23529411764705882,2.764705882352941
demand_surge,linear_q_33,110220,25,18,16,7,44,17,96.70000000000002,0,0.64,0.72,0.9444444444444444,2.4444444444444446
demand_surge,linear_q_33,110221,21,17,11,4,43,20,108.95000000000007,0,0.5238095238095238,0.8095238095238095,1.1764705882352942,2.5294117647058822
demand_surge,linear_q_33,110222,23,17,13,6,47,7,100.65000000000005,0,0.5652173913043478,0.7391304347826086,0.4117647058823529,2.764705882352941
demand_surge,linear_q_33,110223,26,16,13,10,47,31,41.85,0,0.5,0.6153846153846154,1.9375,2.9375
demand_surge,linear_q_33,110224,22,18,17,4,47,16,120.35000000000002,0,0.7727272727272727,0.8181818181818182,0.8888888888888888,2.611111111111111
demand_surge,linear_q_33,110225,25,18,14,7,48,9,100.90000000000005,0,0.56,0.72,0.5,2.6666666666666665
demand_surge,linear_q_33,110226,19,15,12,3,46,10,81.60000000000007,1,0.631578947368421,0.7894736842105263,0.6666666666666666,3.066666666666667
demand_surge,linear_q_33,110227,21,18,14,3,45,13,131.15000000000006,0,0.6666666666666666,0.8571428571428571,0.7222222222222222,2.5
demand_surge,linear_q_33,110228,25,17,14,7,47,14,79.75000000000003,1,0.56,0.68,0.8235294117647058,2.764705882352941
demand_surge,linear_q_33,110229,22,18,17,4,45,3,130.1500000000001,0,0.7727272727272727,0.8181818181818182,0.16666666666666666,2.5
demand_surge,linear_q_33,110230,23,14,10,8,46,17,31.600000000000005,1,0.43478260869565216,0.6086956521739131,1.2142857142857142,3.2857142857142856
demand_surge,linear_q_33,110231,24,18,14,6,45,21,101.55000000000005,0,0.5833333333333334,0.75,1.1666666666666667,2.5
demand_surge,linear_q_33,110232,23,14,7,9,44,30,31.6,0,0.30434782608695654,0.6086956521739131,2.142857142857143,3.142857142857143
demand_surge,linear_q_33,110233,19,17,15,2,45,11,130.55000000000004,0,0.7894736842105263,0.8947368421052632,0.6470588235294118,2.6470588235294117
demand_surge,linear_q_33,110234,19,13,10,6,46,17,53.999999999999986,0,0.5263157894736842,0.6842105263157895,1.3076923076923077,3.5384615384615383
demand_surge,linear_q_33,110235,18,16,12,1,48,9,119.50000000000007,1,0.6666666666666666,0.8888888888888888,0.5625,3.0
demand_surge,linear_q_33,110236,22,19,18,3,45,11,142.5500000000001,0,0.8181818181818182,0.8636363636363636,0.5789473684210527,2.3684210526315788
demand_surge,linear_q_33,110237,18,14,12,4,45,5,88.75,0,0.6666666666666666,0.7777777777777778,0.35714285714285715,3.2142857142857144
demand_surge,linear_q_33,110238,19,16,14,3,45,26,102.05000000000005,0,0.7368421052631579,0.8421052631578947,1.625,2.8125
demand_surge,linear_q_33,110239,17,16,15,0,48,1,126.80000000000005,1,0.8823529411764706,0.9411764705882353,0.0625,3.0
demand_surge,linear_q_33,110240,21,17,12,4,48,26,103.00000000000006,0,0.5714285714285714,0.8095238095238095,1.5294117647058822,2.823529411764706
demand_surge,linear_q_33,110241,29,18,14,11,44,24,59.800000000000026,0,0.4827586206896552,0.6206896551724138,1.3333333333333333,2.4444444444444446
demand_surge,linear_q_33,110242,25,16,15,8,48,10,52.300000000000026,1,0.6,0.64,0.625,3.0
demand_surge,linear_q_33,110243,23,17,15,6,44,7,101.70000000000005,0,0.6521739130434783,0.7391304347826086,0.4117647058823529,2.588235294117647
demand_surge,linear_q_33,110244,29,21,21,7,46,0,129.90000000000006,1,0.7241379310344828,0.7241379310344828,0.0,2.1904761904761907
demand_surge,linear_q_33,110245,22,15,9,7,45,23,62.15,0,0.4090909090909091,0.6818181818181818,1.5333333333333334,3.0
demand_surge,linear_q_33,110246,22,16,12,6,47,32,73.15000000000003,0,0.5454545454545454,0.7272727272727273,2.0,2.9375
demand_surge,linear_q_33,110247,20,20,19,0,45,17,172.34999999999988,0,0.95,1.0,0.85,2.25
demand_surge,linear_q_33,110248,26,16,13,10,45,17,52.349999999999994,0,0.5,0.6153846153846154,1.0625,2.8125
demand_surge,linear_q_33,110249,17,17,16,0,47,3,151.45000000000013,0,0.9411764705882353,1.0,0.17647058823529413,2.764705882352941
demand_surge,linear_q_33,110250,21,15,12,6,47,15,75.05,0,0.5714285714285714,0.7142857142857143,1.0,3.1333333333333333
demand_surge,linear_q_33,110251,24,18,15,6,48,14,105.40000000000008,0,0.625,0.75,0.7777777777777778,2.6666666666666665
demand_surge,linear_q_33,110252,19,18,16,1,44,4,153.80000000000007,0,0.8421052631578947,0.9473684210526315,0.2222222222222222,2.4444444444444446
demand_surge,linear_q_33,110253,16,14,11,1,47,13,98.45000000000007,1,0.6875,0.875,0.9285714285714286,3.357142857142857
demand_surge,linear_q_33,110254,21,15,13,6,42,5,83.8,0,0.6190476190476191,0.7142857142857143,0.3333333333333333,2.8
demand_surge,linear_q_33,110255,19,15,13,3,47,6,88.25000000000004,1,0.6842105263157895,0.7894736842105263,0.4,3.1333333333333333
demand_surge,linear_q_33,110256,19,15,9,3,45,18,86.15000000000002,1,0.47368421052631576,0.7894736842105263,1.2,3.0
demand_surge,linear_q_33,110257,23,18,16,5,45,7,119.35000000000007,0,0.6956521739130435,0.782608695652174,0.3888888888888889,2.5
demand_surge,linear_q_33,110258,24,19,18,5,44,14,124.80000000000007,0,0.75,0.7916666666666666,0.7368421052631579,2.3157894736842106
demand_surge,linear_q_33,110259,22,17,15,5,47,16,102.35000000000001,0,0.6818181818181818,0.7727272727272727,0.9411764705882353,2.764705882352941
demand_surge,linear_q_33,110260,21,15,11,6,42,20,73.30000000000003,0,0.5238095238095238,0.7142857142857143,1.3333333333333333,2.8
demand_surge,linear_q_33,110261,24,20,20,4,45,0,152.25000000000006,0,0.8333333333333334,0.8333333333333334,0.0,2.25
demand_surge,linear_q_33,110262,21,15,10,5,46,18,67.70000000000002,1,0.47619047619047616,0.7142857142857143,1.2,3.066666666666667
demand_surge,linear_q_33,110263,28,16,15,11,48,8,31.099999999999977,1,0.5357142857142857,0.5714285714285714,0.5,3.0
demand_surge,linear_q_33,110264,18,17,16,1,43,11,139.25000000000009,0,0.8888888888888888,0.9444444444444444,0.6470588235294118,2.5294117647058822
demand_surge,linear_q_33,110265,22,16,15,6,41,3,95.55000000000001,0,0.6818181818181818,0.7272727272727273,0.1875,2.5625
demand_surge,linear_q_33,110266,27,16,13,10,47,28,35.94999999999998,1,0.48148148148148145,0.5925925925925926,1.75,2.9375
demand_surge,linear_q_33,110267,18,17,15,1,47,5,142.05,0,0.8333333333333334,0.9444444444444444,0.29411764705882354,2.764705882352941
demand_surge,linear_q_33,110268,21,18,14,3,47,14,129.75000000000009,0,0.6666666666666666,0.8571428571428571,0.7777777777777778,2.611111111111111
demand_surge,linear_q_33,110269,19,17,15,2,45,2,136.85000000000005,0,0.7894736842105263,0.8947368421052632,0.11764705882352941,2.6470588235294117
demand_surge,linear_q_33,110270,26,17,14,9,44,23,66.50000000000001,0,0.5384615384615384,0.6538461538461539,1.3529411764705883,2.588235294117647
demand_surge,linear_q_33,110271,22,17,15,5,42,6,111.10000000000005,0,0.6818181818181818,0.7727272727272727,0.35294117647058826,2.4705882352941178
demand_surge,linear_q_33,110272,24,19,15,5,45,16,123.05000000000007,0,0.625,0.7916666666666666,0.8421052631578947,2.3684210526315788
demand_surge,linear_q_33,110273,16,16,12,0,41,10,138.65000000000003,0,0.75,1.0,0.625,2.5625
demand_surge,linear_q_33,110274,23,17,13,6,47,28,85.95000000000003,0,0.5652173913043478,0.7391304347826086,1.6470588235294117,2.764705882352941
demand_surge,linear_q_33,110275,18,15,11,2,44,9,97.30000000000005,1,0.6111111111111112,0.8333333333333334,0.6,2.933333333333333
demand_surge,linear_q_33,110276,24,18,18,6,43,0,116.95000000000005,0,0.75,0.75,0.0,2.388888888888889
demand_surge,linear_q_33,110277,20,16,13,4,45,15,101.75000000000007,0,0.65,0.8,0.9375,2.8125
demand_surge,linear_q_33,110278,20,17,15,3,43,10,123.95000000000006,0,0.75,0.85,0.5882352941176471,2.5294117647058822
demand_surge,linear_q_33,110279,20,15,11,5,45,10,87.25,0,0.55,0.75,0.6666666666666666,3.0
demand_surge,linear_q_33,110280,19,15,12,4,44,19,89.30000000000003,0,0.631578947368421,0.7894736842105263,1.2666666666666666,2.933333333333333
demand_surge,linear_q_33,110281,18,16,14,2,43,6,124.75000000000009,0,0.7777777777777778,0.8888888888888888,0.375,2.6875
demand_surge,linear_q_33,110282,17,16,16,1,42,0,137.30000000000007,0,0.9411764705882353,0.9411764705882353,0.0,2.625
demand_surge,linear_q_33,110283,25,18,16,7,46,9,101.60000000000001,0,0.64,0.72,0.5,2.5555555555555554
demand_surge,linear_q_33,110284,22,15,12,7,44,18,66.0,0,0.5454545454545454,0.6818181818181818,1.2,2.933333333333333
demand_surge,linear_q_33,110285,24,19,15,4,48,14,120.60000000000007,1,0.625,0.7916666666666666,0.7368421052631579,2.526315789473684
demand_surge,linear_q_33,110286,18,16,13,2,43,11,121.25000000000006,0,0.7222222222222222,0.8888888888888888,0.6875,2.6875
demand_surge,linear_q_33,110287,25,15,12,10,43,23,38.849999999999994,0,0.48,0.6,1.5333333333333334,2.8666666666666667
demand_surge,linear_q_33,110288,20,16,13,4,44,24,95.80000000000007,0,0.65,0.8,1.5,2.75
demand_surge,linear_q_33,110289,26,17,15,9,44,18,69.99999999999999,0,0.5769230769230769,0.6538461538461539,1.0588235294117647,2.588235294117647
demand_surge,linear_q_33,110290,22,17,17,4,48,0,102.00000000000006,1,0.7727272727272727,0.7727272727272727,0.0,2.823529411764706
demand_surge,linear_q_33,110291,20,15,10,5,43,16,83.75000000000001,0,0.5,0.75,1.0666666666666667,2.8666666666666667
demand_surge,linear_q_33,110292,21,17,15,4,46,18,109.3000000000001,0,0.7142857142857143,0.8095238095238095,1.0588235294117647,2.7058823529411766
demand_surge,linear_q_33,110293,21,16,12,5,45,18,91.65000000000005,0,0.5714285714285714,0.7619047619047619,1.125,2.8125
demand_surge,linear_q_33,110294,25,17,15,8,44,4,87.80000000000004,0,0.6,0.68,0.23529411764705882,2.588235294117647
demand_surge,linear_q_33,110295,16,15,13,1,42,4,124.50000000000006,0,0.8125,0.9375,0.26666666666666666,2.8
demand_surge,linear_q_33,110296,22,18,17,4,48,13,122.1000000000001,0,0.7727272727272727,0.8181818181818182,0.7222222222222222,2.6666666666666665
demand_surge,linear_q_33,110297,26,16,10,10,48,33,40.099999999999994,0,0.38461538461538464,0.6153846153846154,2.0625,3.0
demand_surge,linear_q_33,110298,26,19,18,7,44,7,113.70000000000007,0,0.6923076923076923,0.7307692307692307,0.3684210526315789,2.3157894736842106
demand_surge,linear_q_33,110299,24,16,13,8,44,15,70.1,0,0.5416666666666666,0.6666666666666666,0.9375,2.75
demand_surge,random,110000,19,13,7,6,38,28,49.10000000000001,0,0.3684210526315789,0.6842105263157895,2.1538461538461537,2.923076923076923
demand_surge,random,110001,22,13,9,7,41,17,28.249999999999996,2,0.4090909090909091,0.5909090909090909,1.3076923076923077,3.1538461538461537
demand_surge,random,110002,19,13,7,6,34,36,44.900000000000006,0,0.3684210526315789,0.6842105263157895,2.769230769230769,2.6153846153846154
demand_surge,random,110003,26,11,4,15,34,60,-63.899999999999984,0,0.15384615384615385,0.4230769230769231,5.454545454545454,3.090909090909091
demand_surge,random,110004,20,14,9,6,39,36,53.15000000000001,0,0.45,0.7,2.5714285714285716,2.7857142857142856
demand_surge,random,110005,22,13,8,9,34,9,39.79999999999998,0,0.36363636363636365,0.5909090909090909,0.6923076923076923,2.6153846153846154
demand_surge,random,110006,21,13,6,7,36,55,14.900000000000011,1,0.2857142857142857,0.6190476190476191,4.230769230769231,2.769230769230769
demand_surge,random,110007,23,14,8,9,42,26,35.099999999999994,0,0.34782608695652173,0.6086956521739131,1.8571428571428572,3.0
demand_surge,random,110008,26,14,8,11,39,29,8.649999999999991,1,0.3076923076923077,0.5384615384615384,2.0714285714285716,2.7857142857142856
demand_surge,random,110009,22,12,6,9,24,21,14.100000000000009,1,0.2727272727272727,0.5454545454545454,1.75,2.0
demand_surge,random,110010,21,11,5,8,34,55,-20.399999999999984,2,0.23809523809523808,0.5238095238095238,5.0,3.090909090909091
demand_surge,random,110011,28,12,6,14,35,29,-46.84999999999998,2,0.21428571428571427,0.42857142857142855,2.4166666666666665,2.9166666666666665
demand_surge,random,110012,19,13,9,4,34,24,47.7,2,0.47368421052631576,0.6842105263157895,1.8461538461538463,2.6153846153846154
demand_surge,random,110013,27,12,5,13,37,50,-52.849999999999994,2,0.18518518518518517,0.4444444444444444,4.166666666666667,3.0833333333333335
demand_surge,random,110014,17,12,8,4,37,10,58.64999999999999,1,0.47058823529411764,0.7058823529411765,0.8333333333333334,3.0833333333333335
demand_surge,random,110015,24,12,5,11,35,40,-16.24999999999998,1,0.20833333333333334,0.5,3.3333333333333335,2.9166666666666665
demand_surge,random,110016,15,14,12,1,41,7,112.75000000000004,0,0.8,0.9333333333333333,0.5,2.9285714285714284
demand_surge,random,110017,28,12,4,16,40,61,-64.69999999999999,0,0.14285714285714285,0.42857142857142855,5.083333333333333,3.3333333333333335
demand_surge,random,110018,20,14,7,6,35,36,54.550000000000004,0,0.35,0.7,2.5714285714285716,2.5
demand_surge,random,110019,20,14,7,6,38,26,60.50000000000003,0,0.35,0.7,1.8571428571428572,2.7142857142857144
demand_surge,random,110020,20,14,10,6,43,21,62.24999999999999,0,0.5,0.7,1.5,3.0714285714285716
demand_surge,random,110021,26,14,6,11,37,27,10.750000000000007,1,0.23076923076923078,0.5384615384615384,1.9285714285714286,2.642857142857143
demand_surge,random,110022,19,13,7,6,39,37,42.449999999999996,0,0.3684210526315789,0.6842105263157895,2.8461538461538463,3.0
demand_surge,random,110023,17,11,5,6,35,35,25.250000000000007,0,0.29411764705882354,0.6470588235294118,3.1818181818181817,3.1818181818181817
demand_surge,random,110024,16,11,7,3,40,17,37.099999999999994,2,0.4375,0.6875,1.5454545454545454,3.6363636363636362
demand_surge,random,110025,24,13,7,9,39,33,0.350000000000005,2,0.2916666666666667,0.5416666666666666,2.5384615384615383,3.0
demand_surge,random,110026,22,12,6,10,41,51,-10.050000000000006,0,0.2727272727272727,0.5454545454545454,4.25,3.4166666666666665
demand_surge,random,110027,19,13,6,6,40,29,47.7,0,0.3157894736842105,0.6842105263157895,2.230769230769231,3.076923076923077
demand_surge,random,110028,22,12,5,9,43,32,-0.2499999999999849,1,0.22727272727272727,0.5454545454545454,2.6666666666666665,3.5833333333333335
demand_surge,random,110029,22,9,4,10,41,47,-70.35,3,0.18181818181818182,0.4090909090909091,5.222222222222222,4.555555555555555
demand_surge,random,110030,21,13,5,7,39,29,29.95,1,0.23809523809523808,0.6190476190476191,2.230769230769231,3.0
demand_surge,random,110031,30,10,3,19,31,72,-121.24999999999997,1,0.1,0.3333333333333333,7.2,3.1
demand_surge,random,110032,29,16,12,13,34,11,36.4,0,0.41379310344827586,0.5517241379310345,0.6875,2.125
demand_surge,random,110033,26,13,4,12,35,42,-15.649999999999997,1,0.15384615384615385,0.5,3.230769230769231,2.6923076923076925
demand_surge,random,110034,21,11,2,8,36,71,-38.59999999999998,2,0.09523809523809523,0.5238095238095238,6.454545454545454,3.272727272727273
demand_surge,random,110035,27,13,7,13,32,25,-14.199999999999978,1,0.25925925925925924,0.48148148148148145,1.9230769230769231,2.4615384615384617
demand_surge,random,110036,23,14,9,8,37,29,29.849999999999984,1,0.391304347826087,0.6086956521739131,2.0714285714285716,2.642857142857143
demand_surge,random,110037,23,16,11,7,35,17,79.85,0,0.4782608695652174,0.6956521739130435,1.0625,2.1875
demand_surge,random,110038,26,14,8,11,38,27,11.800000000000013,1,0.3076923076923077,0.5384615384615384,1.9285714285714286,2.7142857142857144
demand_surge,random,110039,20,14,7,5,40,34,52.8,1,0.35,0.7,2.4285714285714284,2.857142857142857
demand_surge,random,110040,26,15,12,10,39,17,36.45000000000002,1,0.46153846153846156,0.5769230769230769,1.1333333333333333,2.6
demand_surge,random,110041,24,14,8,10,38,46,14.499999999999993,0,0.3333333333333333,0.5833333333333334,3.2857142857142856,2.7142857142857144
demand_surge,random,110042,20,15,11,5,36,11,89.70000000000002,0,0.55,0.75,0.7333333333333333,2.4
demand_surge,random,110043,14,11,8,1,38,9,63.60000000000001,2,0.5714285714285714,0.7857142857142857,0.8181818181818182,3.4545454545454546
demand_surge,random,110044,23,11,5,11,38,20,-29.399999999999995,1,0.21739130434782608,0.4782608695652174,1.8181818181818181,3.4545454545454546
demand_surge,random,110045,26,14,6,12,38,34,6.900000000000013,0,0.23076923076923078,0.5384615384615384,2.4285714285714284,2.7142857142857144
demand_surge,random,110046,21,11,6,7,42,29,-14.800000000000013,3,0.2857142857142857,0.5238095238095238,2.6363636363636362,3.8181818181818183
demand_surge,random,110047,25,12,8,11,38,19,-19.69999999999999,2,0.32,0.48,1.5833333333333333,3.1666666666666665
demand_surge,random,110048,22,16,11,6,39,21,83.65000000000005,0,0.5,0.7272727272727273,1.3125,2.4375
demand_surge,random,110049,24,13,6,11,38,46,-3.499999999999997,0,0.25,0.5416666666666666,3.5384615384615383,2.923076923076923
demand_surge,random,110050,27,12,5,13,37,51,-51.44999999999999,2,0.18518518518518517,0.4444444444444444,4.25,3.0833333333333335
demand_surge,random,110051,22,14,6,7,40,37,34.00000000000003,1,0.2727272727272727,0.6363636363636364,2.642857142857143,2.857142857142857
demand_surge,random,110052,21,12,8,7,43,26,12.64999999999998,2,0.38095238095238093,0.5714285714285714,2.1666666666666665,3.5833333333333335
demand_surge,random,110053,21,12,4,9,30,40,9.500000000000004,0,0.19047619047619047,0.5714285714285714,3.3333333333333335,2.5
demand_surge,random,110054,23,12,6,9,38,37,-9.300000000000004,2,0.2608695652173913,0.5217391304347826,3.0833333333333335,3.1666666666666665
demand_surge,random,110055,26,15,9,10,38,23,32.599999999999994,1,0.34615384615384615,0.5769230769230769,1.5333333333333334,2.533333333333333
demand_surge,random,110056,23,12,4,11,32,50,-14.199999999999983,0,0.17391304347826086,0.5217391304347826,4.166666666666667,2.6666666666666665
demand_surge,random,110057,20,11,6,6,42,8,2.2999999999999865,3,0.3,0.55,0.7272727272727273,3.8181818181818183
demand_surge,random,110058,20,14,9,6,44,22,61.19999999999998,0,0.45,0.7,1.5714285714285714,3.142857142857143
demand_surge,random,110059,23,12,9,8,40,17,-11.400000000000002,3,0.391304347826087,0.5217391304347826,1.4166666666666667,3.3333333333333335
demand_surge,random,110060,18,12,5,5,38,42,28.600000000000005,1,0.2777777777777778,0.6666666666666666,3.5,3.1666666666666665
demand_surge,random,110061,21,14,11,7,36,27,52.49999999999999,0,0.5238095238095238,0.6666666666666666,1.9285714285714286,2.5714285714285716
demand_surge,random,110062,27,12,4,13,31,50,-64.04999999999998,2,0.14814814814814814,0.4444444444444444,4.166666666666667,2.5833333333333335
demand_surge,random,110063,17,14,10,2,37,9,96.05000000000004,1,0.5882352941176471,0.8235294117647058,0.6428571428571429,2.642857142857143
demand_surge,random,110064,21,12,5,9,36,50,0.3999999999999979,0,0.23809523809523808,0.5714285714285714,4.166666666666667,3.0
demand_surge,random,110065,21,11,8,8,38,18,-0.79999999999999,2,0.38095238095238093,0.5238095238095238,1.6363636363636365,3.4545454545454546
demand_surge,random,110066,22,12,7,8,38,28,1.5,2,0.3181818181818182,0.5454545454545454,2.3333333333333335,3.1666666666666665
demand_surge,random,110067,19,14,10,5,35,28,68.14999999999998,0,0.5263157894736842,0.7368421052631579,2.0,2.5
demand_surge,random,110068,16,12,5,3,34,29,53.000000000000014,1,0.3125,0.75,2.4166666666666665,2.8333333333333335
demand_surge,random,110069,20,13,5,7,40,45,28.500000000000014,0,0.25,0.65,3.4615384615384617,3.076923076923077
demand_surge,random,110070,18,8,4,6,29,46,-61.249999999999986,4,0.2222222222222222,0.4444444444444444,5.75,3.625
demand_surge,random,110071,16,13,8,3,40,43,61.89999999999999,0,0.5,0.8125,3.3076923076923075,3.076923076923077
demand_surge,random,110072,26,13,6,13,39,52,-24.049999999999997,0,0.23076923076923078,0.5,4.0,3.0
demand_surge,random,110073,26,14,7,12,37,28,11.450000000000008,0,0.2692307692307692,0.5384615384615384,2.0,2.642857142857143
demand_surge,random,110074,19,14,10,4,42,12,69.89999999999999,1,0.5263157894736842,0.7368421052631579,0.8571428571428571,3.0
demand_surge,random,110075,22,13,7,8,39,27,24.050000000000008,1,0.3181818181818182,0.5909090909090909,2.076923076923077,3.0
demand_surge,random,110076,24,14,8,10,41,39,18.35,0,0.3333333333333333,0.5833333333333334,2.7857142857142856,2.9285714285714284
demand_surge,random,110077,20,13,6,7,33,39,35.15000000000001,0,0.3,0.65,3.0,2.5384615384615383
demand_surge,random,110078,22,13,5,9,36,38,18.799999999999994,0,0.22727272727272727,0.5909090909090909,2.923076923076923,2.769230769230769
demand_surge,random,110079,20,11,5,7,32,34,0.20000000000000284,2,0.25,0.55,3.090909090909091,2.909090909090909
demand_surge,random,110080,26,15,8,11,41,29,27.350000000000016,0,0.3076923076923077,0.5769230769230769,1.9333333333333333,2.7333333333333334
demand_surge,random,110081,26,13,5,13,39,52,-24.049999999999965,0,0.19230769230769232,0.5,4.0,3.0
demand_surge,random,110082,18,15,12,2,41,18,96.95000000000006,1,0.6666666666666666,0.8333333333333334,1.2,2.7333333333333334
demand_surge,random,110083,20,13,8,6,38,30,39.69999999999999,1,0.4,0.65,2.3076923076923075,2.923076923076923
demand_surge,random,110084,19,13,9,4,36,27,47.000000000000014,2,0.47368421052631576,0.6842105263157895,2.076923076923077,2.769230769230769
demand_surge,random,110085,21,14,10,6,38,15,58.79999999999998,1,0.47619047619047616,0.6666666666666666,1.0714285714285714,2.7142857142857144
demand_surge,random,110086,21,10,4,9,34,31,-36.999999999999986,2,0.19047619047619047,0.47619047619047616,3.1,3.4
demand_surge,random,110087,28,14,7,14,39,22,-1.0499999999999836,0,0.25,0.5,1.5714285714285714,2.7857142857142856
demand_surge,random,110088,22,12,5,8,39,17,11.650000000000013,2,0.22727272727272727,0.5454545454545454,1.4166666666666667,3.25
demand_surge,random,110089,19,11,3,8,37,45,1.5500000000000131,0,0.15789473684210525,0.5789473684210527,4.090909090909091,3.3636363636363638
demand_surge,random,110090,23,11,6,10,43,30,-32.55,2,0.2608695652173913,0.4782608695652174,2.727272727272727,3.909090909090909
demand_surge,random,110091,26,14,9,11,37,32,0.25000000000000355,1,0.34615384615384615,0.5384615384615384,2.2857142857142856,2.642857142857143
demand_surge,random,110092,24,14,8,9,38,34,20.800000000000008,1,0.3333333333333333,0.5833333333333334,2.4285714285714284,2.7142857142857144
demand_surge,random,110093,29,15,7,14,40,23,7.900000000000022,0,0.2413793103448276,0.5172413793103449,1.5333333333333334,2.6666666666666665
demand_surge,random,110094,19,14,11,3,40,14,71.30000000000004,2,0.5789473684210527,0.7368421052631579,1.0,2.857142857142857
demand_surge,random,110095,23,15,10,8,40,20,57.999999999999986,0,0.43478260869565216,0.6521739130434783,1.3333333333333333,2.6666666666666665
demand_surge,random,110096,21,13,8,6,43,17,39.049999999999976,2,0.38095238095238093,0.6190476190476191,1.3076923076923077,3.3076923076923075
demand_surge,random,110097,23,13,5,10,35,37,11.850000000000021,0,0.21739130434782608,0.5652173913043478,2.8461538461538463,2.6923076923076925
demand_surge,random,110098,23,15,7,7,33,25,56.95000000000001,1,0.30434782608695654,0.6521739130434783,1.6666666666666667,2.2
demand_surge,random,110099,15,14,13,1,31,1,120.45000000000002,0,0.8666666666666667,0.9333333333333333,0.07142857142857142,2.2142857142857144
demand_surge,random,110100,21,12,5,8,41,61,-12.549999999999992,1,0.23809523809523808,0.5714285714285714,5.083333333333333,3.4166666666666665
demand_surge,random,110101,23,10,4,12,38,43,-51.599999999999994,1,0.17391304347826086,0.43478260869565216,4.3,3.8
demand_surge,random,110102,21,15,8,6,44,30,65.60000000000001,0,0.38095238095238093,0.7142857142857143,2.0,2.933333333333333
demand_surge,random,110103,22,13,6,9,36,42,16.0,0,0.2727272727272727,0.5909090909090909,3.230769230769231,2.769230769230769
demand_surge,random,110104,23,11,7,11,38,47,-35.69999999999999,1,0.30434782608695654,0.4782608695652174,4.2727272727272725,3.4545454545454546
demand_surge,random,110105,22,16,15,5,40,13,85.40000000000002,1,0.6818181818181818,0.7272727272727273,0.8125,2.5
demand_surge,random,110106,18,14,8,3,37,26,74.75,1,0.4444444444444444,0.7777777777777778,1.8571428571428572,2.642857142857143
demand_surge,random,110107,22,11,5,10,43,36,-18.950000000000003,1,0.22727272727272727,0.5,3.272727272727273,3.909090909090909
demand_surge,random,110108,14,12,7,2,40,23,73.90000000000005,0,0.5,0.8571428571428571,1.9166666666666667,3.3333333333333335
demand_surge,random,110109,22,12,7,6,42,19,0.10000000000000142,4,0.3181818181818182,0.5454545454545454,1.5833333333333333,3.5
demand_surge,random,110110,24,13,7,9,40,23,9.800000000000004,2,0.2916666666666667,0.5416666666666666,1.7692307692307692,3.076923076923077
demand_surge,random,110111,22,12,8,8,40,32,-6.1999999999999975,2,0.36363636363636365,0.5454545454545454,2.6666666666666665,3.3333333333333335
demand_surge,random,110112,25,16,12,7,43,15,60.35000000000004,2,0.48,0.64,0.9375,2.6875
demand_surge,random,110113,23,13,6,10,36,52,1.000000000000024,0,0.2608695652173913,0.5652173913043478,4.0,2.769230769230769
demand_surge,random,110114,17,12,7,4,41,27,42.55,1,0.4117647058823529,0.7058823529411765,2.25,3.4166666666666665
demand_surge,random,110115,22,13,5,8,39,30,20.550000000000015,1,0.22727272727272727,0.5909090909090909,2.3076923076923075,3.0
demand_surge,random,110116,24,15,9,9,43,27,44.04999999999999,0,0.375,0.625,1.8,2.8666666666666667
demand_surge,random,110117,23,14,9,8,39,16,30.550000000000008,1,0.391304347826087,0.6086956521739131,1.1428571428571428,2.7857142857142856
demand_surge,random,110118,25,13,5,10,39,25,-4.849999999999984,2,0.2,0.52,1.9230769230769231,3.0
demand_surge,random,110119,21,12,6,7,36,42,-2.3999999999999844,2,0.2857142857142857,0.5714285714285714,3.5,3.0
demand_surge,random,110120,23,12,7,9,38,25,-5.799999999999988,2,0.30434782608695654,0.5217391304347826,2.0833333333333335,3.1666666666666665
demand_surge,random,110121,21,14,9,6,42,16,58.09999999999999,1,0.42857142857142855,0.6666666666666666,1.1428571428571428,3.0
demand_surge,random,110122,23,13,9,7,38,13,19.89999999999999,3,0.391304347826087,0.5652173913043478,1.0,2.923076923076923
demand_surge,random,110123,18,13,10,4,38,15,61.300000000000026,1,0.5555555555555556,0.7222222222222222,1.1538461538461537,2.923076923076923
demand_surge,random,110124,24,15,11,8,39,20,47.54999999999997,1,0.4583333333333333,0.625,1.3333333333333333,2.6
demand_surge,random,110125,26,14,6,12,41,24,12.85000000000002,0,0.23076923076923078,0.5384615384615384,1.7142857142857142,2.9285714285714284
demand_surge,random,110126,23,11,5,10,35,37,-32.55,2,0.21739130434782608,0.4782608695652174,3.3636363636363638,3.1818181818181817
demand_surge,random,110127,24,12,6,12,43,48,-24.649999999999995,0,0.25,0.5,4.0,3.5833333333333335
demand_surge,random,110128,18,15,12,3,38,9,106.40000000000002,0,0.6666666666666666,0.8333333333333334,0.6,2.533333333333333
demand_surge,random,110129,25,10,2,13,35,40,-65.14999999999999,2,0.08,0.4,4.0,3.5
demand_surge,random,110130,21,14,9,6,39,32,40.95000000000006,1,0.42857142857142855,0.6666666666666666,2.2857142857142856,2.7857142857142856
demand_surge,random,110131,21,13,5,7,37,36,27.150000000000023,1,0.23809523809523808,0.6190476190476191,2.769230769230769,2.8461538461538463
demand_surge,random,110132,27,14,8,13,42,30,0.2999999999999965,0,0.2962962962962963,0.5185185185185185,2.142857142857143,3.0
demand_surge,random,110133,22,11,6,10,39,38,-21.04999999999999,1,0.2727272727272727,0.5,3.4545454545454546,3.5454545454545454
demand_surge,random,110134,24,11,3,12,35,63,-53.14999999999998,1,0.125,0.4583333333333333,5.7272727272727275,3.1818181818181817
demand_surge,random,110135,25,9,2,13,36,44,-104.50000000000003,3,0.08,0.36,4.888888888888889,4.0
demand_surge,random,110136,27,12,6,13,35,45,-45.84999999999998,2,0.2222222222222222,0.4444444444444444,3.75,2.9166666666666665
demand_surge,random,110137,15,12,8,3,39,19,69.05,0,0.5333333333333333,0.8,1.5833333333333333,3.25
demand_surge,random,110138,16,14,10,2,42,27,90.39999999999999,0,0.625,0.875,1.9285714285714286,3.0
demand_surge,random,110139,27,13,4,14,41,54,-34.14999999999995,0,0.14814814814814814,0.48148148148148145,4.153846153846154,3.1538461538461537
demand_surge,random,110140,28,15,7,13,36,40,5.400000000000016,0,0.25,0.5357142857142857,2.6666666666666665,2.4
demand_surge,random,110141,21,11,2,8,40,48,-23.199999999999978,2,0.09523809523809523,0.5238095238095238,4.363636363636363,3.6363636363636362
demand_surge,random,110142,23,17,13,5,42,22,91.20000000000007,1,0.5652173913043478,0.7391304347826086,1.2941176470588236,2.4705882352941178
demand_surge,random,110143,20,12,6,7,30,31,21.7,1,0.3,0.6,2.5833333333333335,2.5
demand_surge,random,110144,21,11,7,7,31,23,-6.7499999999999964,3,0.3333333333333333,0.5238095238095238,2.090909090909091,2.8181818181818183
demand_surge,random,110145,21,13,5,8,38,16,41.5,0,0.23809523809523808,0.6190476190476191,1.2307692307692308,2.923076923076923
demand_surge,random,110146,25,14,8,11,35,19,26.45000000000001,0,0.32,0.56,1.3571428571428572,2.5
demand_surge,random,110147,28,14,8,13,36,38,-13.99999999999999,1,0.2857142857142857,0.5,2.7142857142857144,2.5714285714285716
demand_surge,random,110148,25,13,4,12,36,46,-10.799999999999988,0,0.16,0.52,3.5384615384615383,2.769230769230769
demand_surge,random,110149,21,13,11,7,39,12,36.95000000000002,1,0.5238095238095238,0.6190476190476191,0.9230769230769231,3.0
demand_surge,random,110150,19,14,11,3,40,16,67.80000000000004,2,0.5789473684210527,0.7368421052631579,1.1428571428571428,2.857142857142857
demand_surge,random,110151,22,17,11,5,40,13,106.90000000000003,0,0.5,0.7727272727272727,0.7647058823529411,2.3529411764705883
demand_surge,random,110152,20,10,2,10,31,77,-44.749999999999986,0,0.1,0.5,7.7,3.1
demand_surge,random,110153,23,14,6,9,40,37,28.100000000000005,0,0.2608695652173913,0.6086956521739131,2.642857142857143,2.857142857142857
demand_surge,random,110154,24,12,5,10,39,27,-16.249999999999993,2,0.20833333333333334,0.5,2.25,3.25
demand_surge,random,110155,21,15,11,6,40,12,79.60000000000002,0,0.5238095238095238,0.7142857142857143,0.8,2.6666666666666665
demand_surge,random,110156,23,10,3,10,34,40,-53.00000000000001,3,0.13043478260869565,0.43478260869565216,4.0,3.4
demand_surge,random,110157,19,15,10,4,43,15,92.45000000000003,0,0.5263157894736842,0.7894736842105263,1.0,2.8666666666666667
demand_surge,random,110158,26,12,8,11,44,12,-41.0,3,0.3076923076923077,0.46153846153846156,1.0,3.6666666666666665
demand_surge,random,110159,27,14,8,13,40,30,1.0000000000000027,0,0.2962962962962963,0.5185185185185185,2.142857142857143,2.857142857142857
demand_surge,random,110160,22,13,4,9,32,33,23.700000000000017,0,0.18181818181818182,0.5909090909090909,2.5384615384615383,2.4615384615384617
demand_surge,random,110161,20,15,10,5,41,13,86.55,0,0.5,0.75,0.8666666666666667,2.7333333333333334
demand_surge,random,110162,21,11,4,9,39,42,-26.350000000000012,1,0.19047619047619047,0.5238095238095238,3.8181818181818183,3.5454545454545454
demand_surge,random,110163,22,13,7,9,41,30,22.64999999999999,0,0.3181818181818182,0.5909090909090909,2.3076923076923075,3.1538461538461537
demand_surge,random,110164,26,11,3,14,40,71,-74.39999999999998,1,0.11538461538461539,0.4230769230769231,6.454545454545454,3.6363636363636362
demand_surge,random,110165,21,10,5,10,37,47,-41.55,1,0.23809523809523808,0.47619047619047616,4.7,3.7
demand_surge,random,110166,27,12,5,13,39,39,-52.14999999999999,2,0.18518518518518517,0.4444444444444444,3.25,3.25
demand_surge,random,110167,17,14,10,3,38,15,92.2,0,0.5882352941176471,0.8235294117647058,1.0714285714285714,2.7142857142857144
demand_surge,random,110168,21,13,8,7,39,31,30.65,1,0.38095238095238093,0.6190476190476191,2.3846153846153846,3.0
demand_surge,random,110169,25,11,6,12,29,42,-43.64999999999999,2,0.24,0.44,3.8181818181818183,2.6363636363636362
demand_surge,random,110170,23,13,11,8,38,13,19.199999999999974,2,0.4782608695652174,0.5652173913043478,1.0,2.923076923076923
demand_surge,random,110171,21,13,7,6,41,31,25.75,2,0.3333333333333333,0.6190476190476191,2.3846153846153846,3.1538461538461537
demand_surge,random,110172,19,12,8,5,44,26,19.89999999999999,2,0.42105263157894735,0.631578947368421,2.1666666666666665,3.6666666666666665
demand_surge,random,110173,22,8,1,11,30,36,-94.99999999999999,3,0.045454545454545456,0.36363636363636365,4.5,3.75
demand_surge,random,110174,24,13,5,10,39,56,-12.949999999999983,1,0.20833333333333334,0.5416666666666666,4.3076923076923075,3.0
demand_surge,random,110175,24,11,7,11,41,35,-37.750000000000014,2,0.2916666666666667,0.4583333333333333,3.1818181818181817,3.727272727272727
demand_surge,random,110176,25,12,6,11,38,39,-27.399999999999995,2,0.24,0.48,3.25,3.1666666666666665
demand_surge,random,110177,23,12,8,8,35,19,-8.949999999999989,3,0.34782608695652173,0.5217391304347826,1.5833333333333333,2.9166666666666665
demand_surge,random,110178,17,13,4,3,36,35,49.00000000000003,1,0.23529411764705882,0.7647058823529411,2.6923076923076925,2.769230769230769
demand_surge,random,110179,21,12,5,8,37,45,2.1500000000000092,1,0.23809523809523808,0.5714285714285714,3.75,3.0833333333333335
demand_surge,random,110180,19,13,9,5,41,17,55.04999999999998,1,0.47368421052631576,0.6842105263157895,1.3076923076923077,3.1538461538461537
demand_surge,random,110181,18,11,5,5,39,29,8.850000000000012,2,0.2777777777777778,0.6111111111111112,2.6363636363636362,3.5454545454545454
demand_surge,random,110182,19,12,5,6,36,31,28.300000000000008,1,0.2631578947368421,0.631578947368421,2.5833333333333335,3.0
demand_surge,random,110183,28,13,6,14,38,43,-35.5,1,0.21428571428571427,0.4642857142857143,3.3076923076923075,2.923076923076923
demand_surge,random,110184,19,11,7,6,36,45,-7.200000000000001,2,0.3684210526315789,0.5789473684210527,4.090909090909091,3.272727272727273
demand_surge,random,110185,21,15,10,6,39,18,75.75000000000001,0,0.47619047619047616,0.7142857142857143,1.2,2.6
demand_surge,random,110186,16,15,10,1,36,27,110.50000000000004,0,0.625,0.9375,1.8,2.4
demand_surge,random,110187,25,12,5,12,39,53,-34.75000000000001,1,0.2,0.48,4.416666666666667,3.25
demand_surge,random,110188,21,10,5,9,37,37,-38.749999999999986,2,0.23809523809523808,0.47619047619047616,3.7,3.7
demand_surge,random,110189,18,12,9,3,41,12,40.14999999999998,3,0.5,0.6666666666666666,1.0,3.4166666666666665
demand_surge,random,110190,25,10,5,11,29,41,-69.34999999999998,4,0.2,0.4,4.1,2.9
demand_surge,random,110191,19,13,4,6,37,34,45.25000000000002,0,0.21052631578947367,0.6842105263157895,2.6153846153846154,2.8461538461538463
demand_surge,random,110192,22,15,12,6,43,5,73.35000000000001,1,0.5454545454545454,0.6818181818181818,0.3333333333333333,2.8666666666666667
demand_surge,random,110193,22,14,11,8,33,13,55.34999999999998,0,0.5,0.6363636363636364,0.9285714285714286,2.357142857142857
demand_surge,random,110194,24,15,12,9,39,17,52.44999999999998,0,0.5,0.625,1.1333333333333333,2.6
demand_surge,random,110195,20,12,6,7,33,33,21.35000000000001,1,0.3,0.6,2.75,2.75
demand_surge,random,110196,21,12,7,8,40,26,11.59999999999999,1,0.3333333333333333,0.5714285714285714,2.1666666666666665,3.3333333333333335
demand_surge,random,110197,21,13,6,8,36,50,18.400000000000013,0,0.2857142857142857,0.6190476190476191,3.8461538461538463,2.769230769230769
demand_surge,random,110198,22,10,5,9,35,41,-61.45,3,0.22727272727272727,0.45454545454545453,4.1,3.5
demand_surge,random,110199,24,11,7,11,29,53,-53.85000000000001,2,0.2916666666666667,0.4583333333333333,4.818181818181818,2.6363636363636362
demand_surge,random,110200,17,14,10,3,36,8,97.80000000000004,0,0.5882352941176471,0.8235294117647058,0.5714285714285714,2.5714285714285716
demand_surge,random,110201,23,12,7,10,32,18,7.500000000000025,1,0.30434782608695654,0.5217391304347826,1.5,2.6666666666666665
demand_surge,random,110202,20,11,3,8,40,48,-12.39999999999999,1,0.15,0.55,4.363636363636363,3.6363636363636362
demand_surge,random,110203,22,16,13,5,39,10,88.55000000000004,1,0.5909090909090909,0.7272727272727273,0.625,2.4375
demand_surge,random,110204,22,16,13,6,41,8,92.05000000000001,0,0.5909090909090909,0.7272727272727273,0.5,2.5625
demand_surge,random,110205,23,14,10,8,39,37,24.95,1,0.43478260869565216,0.6086956521739131,2.642857142857143,2.7857142857142856
demand_surge,random,110206,23,12,5,9,31,26,-3.3499999999999943,2,0.21739130434782608,0.5217391304347826,2.1666666666666665,2.5833333333333335
demand_surge,random,110207,22,14,13,6,42,4,53.599999999999994,2,0.5909090909090909,0.6363636363636364,0.2857142857142857,3.0
demand_surge,random,110208,26,11,5,14,34,62,-70.19999999999997,1,0.19230769230769232,0.4230769230769231,5.636363636363637,3.090909090909091
demand_surge,random,110209,21,12,7,9,46,44,1.0999999999999979,0,0.3333333333333333,0.5714285714285714,3.6666666666666665,3.8333333333333335
demand_surge,random,110210,20,11,5,9,33,40,-1.549999999999998,0,0.25,0.55,3.6363636363636362,3.0
demand_surge,random,110211,24,11,4,12,41,73,-65.05000000000001,1,0.16666666666666666,0.4583333333333333,6.636363636363637,3.727272727272727
demand_surge,random,110212,25,11,4,13,38,34,-46.099999999999994,1,0.16,0.44,3.090909090909091,3.4545454545454546
demand_surge,random,110213,26,16,9,8,39,24,47.44999999999999,2,0.34615384615384615,0.6153846153846154,1.5,2.4375
demand_surge,random,110214,24,11,7,10,40,29,-44.400000000000006,3,0.2916666666666667,0.4583333333333333,2.6363636363636362,3.6363636363636362
demand_surge,random,110215,21,13,7,8,34,35,29.6,0,0.3333333333333333,0.6190476190476191,2.6923076923076925,2.6153846153846154
demand_surge,random,110216,23,11,6,10,41,31,-31.14999999999999,2,0.2608695652173913,0.4782608695652174,2.8181818181818183,3.727272727272727
demand_surge,random,110217,23,11,5,10,36,39,-33.59999999999999,2,0.21739130434782608,0.4782608695652174,3.5454545454545454,3.272727272727273
demand_surge,random,110218,20,13,5,7,33,44,31.650000000000016,0,0.25,0.65,3.3846153846153846,2.5384615384615383
demand_surge,random,110219,19,16,14,3,38,8,117.10000000000008,0,0.7368421052631579,0.8421052631578947,0.5,2.375
demand_surge,random,110220,25,11,4,13,35,43,-51.34999999999998,1,0.16,0.44,3.909090909090909,3.1818181818181817
demand_surge,random,110221,21,15,12,6,40,24,71.20000000000002,0,0.5714285714285714,0.7142857142857143,1.6,2.6666666666666665
demand_surge,random,110222,23,11,7,10,33,21,-18.549999999999994,2,0.30434782608695654,0.4782608695652174,1.9090909090909092,3.0
demand_surge,random,110223,26,14,8,11,41,30,6.550000000000011,1,0.3076923076923077,0.5384615384615384,2.142857142857143,2.9285714285714284
demand_surge,random,110224,22,15,12,7,30,4,80.7,0,0.5454545454545454,0.6818181818181818,0.26666666666666666,2.0
demand_surge,random,110225,25,11,4,13,40,53,-54.5,1,0.16,0.44,4.818181818181818,3.6363636363636362
demand_surge,random,110226,19,12,6,6,40,43,17.8,1,0.3157894736842105,0.631578947368421,3.5833333333333335,3.3333333333333335
demand_surge,random,110227,21,14,10,5,43,25,46.550000000000026,2,0.47619047619047616,0.6666666666666666,1.7857142857142858,3.0714285714285716
demand_surge,random,110228,25,15,9,10,30,23,43.4,0,0.36,0.6,1.5333333333333334,2.0
demand_surge,random,110229,22,12,6,9,42,51,-11.799999999999994,1,0.2727272727272727,0.5454545454545454,4.25,3.5
demand_surge,random,110230,23,13,6,10,41,51,-0.04999999999998295,0,0.2608695652173913,0.5652173913043478,3.923076923076923,3.1538461538461537
demand_surge,random,110231,24,15,10,8,30,22,50.69999999999999,1,0.4166666666666667,0.625,1.4666666666666666,2.0
demand_surge,random,110232,23,10,4,11,32,31,-47.39999999999998,2,0.17391304347826086,0.43478260869565216,3.1,3.2
demand_surge,random,110233,19,13,7,6,42,32,44.89999999999999,0,0.3684210526315789,0.6842105263157895,2.4615384615384617,3.230769230769231
demand_surge,random,110234,19,12,8,7,40,22,34.59999999999999,0,0.42105263157894735,0.631578947368421,1.8333333333333333,3.3333333333333335
demand_surge,random,110235,18,10,3,6,40,66,-33.29999999999998,2,0.16666666666666666,0.5555555555555556,6.6,4.0
demand_surge,random,110236,22,15,7,7,34,19,68.79999999999998,0,0.3181818181818182,0.6818181818181818,1.2666666666666666,2.2666666666666666
demand_surge,random,110237,18,11,5,6,35,44,9.55,1,0.2777777777777778,0.6111111111111112,4.0,3.1818181818181817
demand_surge,random,110238,19,11,8,5,36,12,13.09999999999999,3,0.42105263157894735,0.5789473684210527,1.0909090909090908,3.272727272727273
demand_surge,random,110239,17,12,9,2,39,16,44.65000000000001,3,0.5294117647058824,0.7058823529411765,1.3333333333333333,3.25
demand_surge,random,110240,21,14,9,5,42,16,55.30000000000001,2,0.42857142857142855,0.6666666666666666,1.1428571428571428,3.0
demand_surge,random,110241,29,13,5,16,37,32,-33.349999999999966,0,0.1724137931034483,0.4482758620689655,2.4615384615384617,2.8461538461538463
demand_surge,random,110242,25,13,8,12,40,49,-14.29999999999998,0,0.32,0.52,3.769230769230769,3.076923076923077
demand_surge,random,110243,23,11,6,10,43,43,-37.44999999999999,2,0.2608695652173913,0.4782608695652174,3.909090909090909,3.909090909090909
demand_surge,random,110244,29,15,9,13,34,28,5.099999999999994,1,0.3103448275862069,0.5172413793103449,1.8666666666666667,2.2666666666666666
demand_surge,random,110245,22,12,6,8,34,37,-4.799999999999985,2,0.2727272727272727,0.5454545454545454,3.0833333333333335,2.8333333333333335
demand_surge,random,110246,22,13,9,6,42,27,8.29999999999998,3,0.4090909090909091,0.5909090909090909,2.076923076923077,3.230769230769231
demand_surge,random,110247,20,15,9,5,37,32,74.64999999999999,0,0.45,0.75,2.1333333333333333,2.466666666666667
demand_surge,random,110248,26,13,6,13,42,48,-22.299999999999994,0,0.23076923076923078,0.5,3.6923076923076925,3.230769230769231
demand_surge,random,110249,17,14,8,2,39,20,88.35000000000002,1,0.47058823529411764,0.8235294117647058,1.4285714285714286,2.7857142857142856
demand_surge,random,110250,21,14,11,7,39,17,58.449999999999996,0,0.5238095238095238,0.6666666666666666,1.2142857142857142,2.7857142857142856
demand_surge,random,110251,24,11,3,11,32,57,-46.49999999999997,2,0.125,0.4583333333333333,5.181818181818182,2.909090909090909
demand_surge,random,110252,19,14,9,4,40,24,68.50000000000004,1,0.47368421052631576,0.7368421052631579,1.7142857142857142,2.857142857142857
demand_surge,random,110253,16,13,11,2,37,9,86.75000000000001,1,0.6875,0.8125,0.6923076923076923,2.8461538461538463
demand_surge,random,110254,21,13,9,7,39,16,36.249999999999986,1,0.42857142857142855,0.6190476190476191,1.2307692307692308,3.0
demand_surge,random,110255,19,12,7,7,38,44,19.89999999999999,0,0.3684210526315789,0.631578947368421,3.6666666666666665,3.1666666666666665
demand_surge,random,110256,19,13,8,6,36,14,59.59999999999999,0,0.42105263157894735,0.6842105263157895,1.0769230769230769,2.769230769230769
demand_surge,random,110257,23,13,8,10,41,40,7.65,0,0.34782608695652173,0.5652173913043478,3.076923076923077,3.1538461538461537
demand_surge,random,110258,24,10,4,12,39,51,-73.95,2,0.16666666666666666,0.4166666666666667,5.1,3.9
demand_surge,random,110259,22,10,3,10,38,40,-44.99999999999999,2,0.13636363636363635,0.45454545454545453,4.0,3.8
demand_surge,random,110260,21,12,6,9,42,47,0.4000000000000121,0,0.2857142857142857,0.5714285714285714,3.9166666666666665,3.5
demand_surge,random,110261,24,13,7,11,34,41,1.4000000000000048,0,0.2916666666666667,0.5416666666666666,3.1538461538461537,2.6153846153846154
demand_surge,random,110262,21,13,5,8,41,30,30.65,0,0.23809523809523808,0.6190476190476191,2.3076923076923075,3.1538461538461537
demand_surge,random,110263,28,14,6,14,35,32,-6.649999999999997,0,0.21428571428571427,0.5,2.2857142857142856,2.5
demand_surge,random,110264,18,13,11,3,36,10,60.60000000000001,2,0.6111111111111112,0.7222222222222222,0.7692307692307693,2.769230769230769
demand_surge,random,110265,22,12,8,9,41,28,4.650000000000002,1,0.36363636363636365,0.5454545454545454,2.3333333333333335,3.4166666666666665
demand_surge,random,110266,27,14,8,12,43,31,-4.249999999999992,1,0.2962962962962963,0.5185185185185185,2.2142857142857144,3.0714285714285716
demand_surge,random,110267,18,14,12,4,37,11,87.35000000000004,0,0.6666666666666666,0.7777777777777778,0.7857142857142857,2.642857142857143
demand_surge,random,110268,21,11,4,9,41,54,-24.94999999999999,1,0.19047619047619047,0.5238095238095238,4.909090909090909,3.727272727272727
demand_surge,random,110269,19,12,7,6,40,28,27.599999999999998,1,0.3684210526315789,0.631578947368421,2.3333333333333335,3.3333333333333335
demand_surge,random,110270,26,9,2,13,38,36,-108.29999999999998,4,0.07692307692307693,0.34615384615384615,4.0,4.222222222222222
demand_surge,random,110271,22,13,5,8,38,34,18.100000000000023,1,0.22727272727272727,0.5909090909090909,2.6153846153846154,2.923076923076923
demand_surge,random,110272,24,14,9,9,41,18,27.45,1,0.375,0.5833333333333334,1.2857142857142858,2.9285714285714284
demand_surge,random,110273,16,13,5,3,39,34,68.55000000000001,0,0.3125,0.8125,2.6153846153846154,3.0
demand_surge,random,110274,23,14,8,9,38,42,25.300000000000004,0,0.34782608695652173,0.6086956521739131,3.0,2.7142857142857144
demand_surge,random,110275,18,14,9,4,37,23,78.95,0,0.5,0.7777777777777778,1.6428571428571428,2.642857142857143
demand_surge,random,110276,24,14,9,8,32,22,28.499999999999993,2,0.375,0.5833333333333334,1.5714285714285714,2.2857142857142856
demand_surge,random,110277,20,12,10,5,39,19,18.55000000000001,3,0.5,0.6,1.5833333333333333,3.25
demand_surge,random,110278,20,11,8,7,36,25,-10.299999999999999,2,0.4,0.55,2.272727272727273,3.272727272727273
demand_surge,random,110279,20,10,4,9,39,24,-20.249999999999986,1,0.2,0.5,2.4,3.9
demand_surge,random,110280,19,14,9,5,40,31,64.3,0,0.47368421052631576,0.7368421052631579,2.2142857142857144,2.857142857142857
demand_surge,random,110281,18,12,6,5,42,36,30.700000000000006,1,0.3333333333333333,0.6666666666666666,3.0,3.5
demand_surge,random,110282,17,13,10,4,38,13,75.6,0,0.5882352941176471,0.7647058823529411,1.0,2.923076923076923
demand_surge,random,110283,25,15,11,9,38,23,39.19999999999999,1,0.44,0.6,1.5333333333333334,2.533333333333333
demand_surge,random,110284,22,12,5,8,38,36,-2.700000000000003,2,0.22727272727272727,0.5454545454545454,3.0,3.1666666666666665
demand_surge,random,110285,24,13,6,11,37,41,0.3500000000000114,0,0.25,0.5416666666666666,3.1538461538461537,2.8461538461538463
demand_surge,random,110286,18,10,4,5,32,41,-26.999999999999986,3,0.2222222222222222,0.5555555555555556,4.1,3.2
demand_surge,random,110287,25,12,3,13,40,54,-35.80000000000001,0,0.12,0.48,4.5,3.3333333333333335
demand_surge,random,110288,20,12,5,7,42,43,11.19999999999999,1,0.25,0.6,3.5833333333333335,3.5
demand_surge,random,110289,26,11,6,14,40,36,-54.09999999999995,1,0.23076923076923078,0.4230769230769231,3.272727272727273,3.6363636363636362
demand_surge,random,110290,22,13,8,9,36,34,21.599999999999994,0,0.36363636363636365,0.5909090909090909,2.6153846153846154,2.769230769230769
demand_surge,random,110291,20,13,7,7,38,46,28.5,0,0.35,0.65,3.5384615384615383,2.923076923076923
demand_surge,random,110292,21,16,11,5,41,18,93.05000000000005,0,0.5238095238095238,0.7619047619047619,1.125,2.5625
demand_surge,random,110293,21,12,6,7,35,47,2.1500000000000092,2,0.2857142857142857,0.5714285714285714,3.9166666666666665,2.9166666666666665
demand_surge,random,110294,25,13,7,12,34,47,-10.799999999999994,0,0.28,0.52,3.6153846153846154,2.6153846153846154
demand_surge,random,110295,16,13,9,3,45,10,83.25000000000001,0,0.5625,0.8125,0.7692307692307693,3.4615384615384617
demand_surge,random,110296,22,15,10,6,42,19,59.700000000000045,1,0.45454545454545453,0.6818181818181818,1.2666666666666666,2.8
demand_surge,random,110297,26,11,4,13,39,53,-66.34999999999998,2,0.15384615384615385,0.4230769230769231,4.818181818181818,3.5454545454545454
demand_surge,random,110298,26,12,8,11,37,42,-46.24999999999999,3,0.3076923076923077,0.46153846153846156,3.5,3.0833333333333335
demand_surge,random,110299,24,14,7,10,34,27,29.20000000000001,0,0.2916666666666667,0.5833333333333334,1.9285714285714286,2.4285714285714284
tight_deadlines,nearest,120000,12,12,9,0,44,7,99.70000000000009,0,0.75,1.0,0.5833333333333334,3.6666666666666665
tight_deadlines,nearest,120001,9,9,8,0,35,1,77.05000000000001,0,0.8888888888888888,1.0,0.1111111111111111,3.888888888888889
tight_deadlines,nearest,120002,11,11,10,0,37,2,95.65000000000003,0,0.9090909090909091,1.0,0.18181818181818182,3.3636363636363638
tight_deadlines,nearest,120003,17,12,2,3,48,54,18.400000000000013,2,0.11764705882352941,0.7058823529411765,4.5,4.0
tight_deadlines,nearest,120004,19,12,2,7,47,79,-7.7499999999999805,0,0.10526315789473684,0.631578947368421,6.583333333333333,3.9166666666666665
tight_deadlines,nearest,120005,15,14,9,1,48,31,93.50000000000001,0,0.6,0.9333333333333333,2.2142857142857144,3.4285714285714284
tight_deadlines,nearest,120006,11,11,10,0,42,1,94.60000000000004,0,0.9090909090909091,1.0,0.09090909090909091,3.8181818181818183
tight_deadlines,nearest,120007,14,14,5,0,45,37,98.35000000000004,0,0.35714285714285715,1.0,2.642857142857143,3.2142857142857144
tight_deadlines,nearest,120008,15,15,13,0,45,3,132.15000000000003,0,0.8666666666666667,1.0,0.2,3.0
tight_deadlines,nearest,120009,13,13,12,0,43,2,113.55000000000004,0,0.9230769230769231,1.0,0.15384615384615385,3.3076923076923075
tight_deadlines,nearest,120010,15,14,5,1,46,38,89.30000000000007,0,0.3333333333333333,0.9333333333333333,2.7142857142857144,3.2857142857142856
tight_deadlines,nearest,120011,22,13,3,9,47,78,-13.049999999999995,0,0.13636363636363635,0.5909090909090909,6.0,3.6153846153846154
tight_deadlines,nearest,120012,18,15,2,2,48,45,74.20000000000006,1,0.1111111111111111,0.8333333333333334,3.0,3.2
tight_deadlines,nearest,120013,12,12,10,0,40,2,104.60000000000005,0,0.8333333333333334,1.0,0.16666666666666666,3.3333333333333335
tight_deadlines,nearest,120014,16,15,8,0,48,23,102.10000000000008,1,0.5,0.9375,1.5333333333333334,3.2
tight_deadlines,nearest,120015,13,13,9,0,45,8,108.65000000000012,0,0.6923076923076923,1.0,0.6153846153846154,3.4615384615384617
tight_deadlines,nearest,120016,16,15,7,1,45,35,101.75000000000006,0,0.4375,0.9375,2.3333333333333335,3.0
tight_deadlines,nearest,120017,18,14,6,4,48,46,58.99999999999999,0,0.3333333333333333,0.7777777777777778,3.2857142857142856,3.4285714285714284
tight_deadlines,nearest,120018,12,12,8,0,44,8,99.00000000000009,0,0.6666666666666666,1.0,0.6666666666666666,3.6666666666666665
tight_deadlines,nearest,120019,8,8,8,0,39,0,66.34999999999998,0,1.0,1.0,0.0,4.875
tight_deadlines,nearest,120020,16,16,12,0,42,12,136.9000000000001,0,0.75,1.0,0.75,2.625
tight_deadlines,nearest,120021,12,12,6,0,46,24,87.10000000000008,0,0.5,1.0,2.0,3.8333333333333335
tight_deadlines,nearest,120022,10,10,10,0,38,0,86.70000000000002,0,1.0,1.0,0.0,3.8
tight_deadlines,nearest,120023,16,12,7,2,48,35,29.89999999999995,2,0.4375,0.75,2.9166666666666665,4.0
tight_deadlines,nearest,120024,14,14,12,0,41,3,123.5500000000001,0,0.8571428571428571,1.0,0.21428571428571427,2.9285714285714284
tight_deadlines,nearest,120025,16,14,4,2,48,65,61.700000000000024,0,0.25,0.875,4.642857142857143,3.4285714285714284
tight_deadlines,nearest,120026,11,11,10,0,40,3,93.90000000000008,0,0.9090909090909091,1.0,0.2727272727272727,3.6363636363636362
tight_deadlines,nearest,120027,12,12,8,0,46,26,85.70000000000005,0,0.6666666666666666,1.0,2.1666666666666665,3.8333333333333335
tight_deadlines,nearest,120028,10,10,5,0,39,22,70.95000000000003,0,0.5,1.0,2.2,3.9
tight_deadlines,nearest,120029,13,13,12,0,46,5,110.40000000000009,0,0.9230769230769231,1.0,0.38461538461538464,3.5384615384615383
tight_deadlines,nearest,120030,14,14,7,0,45,28,104.65000000000012,0,0.5,1.0,2.0,3.2142857142857144
tight_deadlines,nearest,120031,14,14,5,0,47,39,96.25000000000003,0,0.35714285714285715,1.0,2.7857142857142856,3.357142857142857
tight_deadlines,nearest,120032,13,13,12,0,43,6,110.75000000000003,0,0.9230769230769231,1.0,0.46153846153846156,3.3076923076923075
tight_deadlines,nearest,120033,8,8,8,0,32,0,68.79999999999998,0,1.0,1.0,0.0,4.0
tight_deadlines,nearest,120034,15,15,10,0,48,12,124.80000000000008,0,0.6666666666666666,1.0,0.8,3.2
tight_deadlines,nearest,120035,12,12,9,0,39,9,100.05000000000007,0,0.75,1.0,0.75,3.25
tight_deadlines,nearest,120036,17,14,5,3,45,45,68.75000000000001,0,0.29411764705882354,0.8235294117647058,3.2142857142857144,3.2142857142857144
tight_deadlines,nearest,120037,17,14,6,2,48,39,61.400000000000006,1,0.35294117647058826,0.8235294117647058,2.7857142857142856,3.4285714285714284
tight_deadlines,nearest,120038,17,16,11,1,48,20,121.20000000000007,0,0.6470588235294118,0.9411764705882353,1.25,3.0
tight_deadlines,nearest,120039,19,15,8,3,48,35,71.10000000000004,1,0.42105263157894735,0.7894736842105263,2.3333333333333335,3.2
tight_deadlines,nearest,120040,16,16,10,0,43,19,131.65000000000003,0,0.625,1.0,1.1875,2.6875
tight_deadlines,nearest,120041,16,14,5,2,46,44,77.10000000000008,0,0.3125,0.875,3.142857142857143,3.2857142857142856
tight_deadlines,nearest,120042,15,13,6,2,46,42,68.50000000000004,0,0.4,0.8666666666666667,3.230769230769231,3.5384615384615383
tight_deadlines,nearest,120043,11,11,10,0,38,1,96.00000000000006,0,0.9090909090909091,1.0,0.09090909090909091,3.4545454545454546
tight_deadlines,nearest,120044,19,16,5,3,48,56,80.00000000000004,0,0.2631578947368421,0.8421052631578947,3.5,3.0
tight_deadlines,nearest,120045,17,15,6,2,42,41,90.60000000000004,0,0.35294117647058826,0.8823529411764706,2.7333333333333334,2.8
tight_deadlines,nearest,120046,17,14,7,3,42,28,81.70000000000006,0,0.4117647058823529,0.8235294117647058,2.0,3.0
tight_deadlines,nearest,120047,19,17,7,2,48,31,115.50000000000009,0,0.3684210526315789,0.8947368421052632,1.8235294117647058,2.823529411764706
tight_deadlines,nearest,120048,10,10,8,0,39,2,84.95000000000005,0,0.8,1.0,0.2,3.9
tight_deadlines,nearest,120049,23,14,3,8,48,68,-1.2999999999999803,1,0.13043478260869565,0.6086956521739131,4.857142857142857,3.4285714285714284
tight_deadlines,nearest,120050,15,13,3,2,47,58,56.95000000000001,0,0.2,0.8666666666666667,4.461538461538462,3.6153846153846154
tight_deadlines,nearest,120051,16,16,10,0,45,16,133.0500000000001,0,0.625,1.0,1.0,2.8125
tight_deadlines,nearest,120052,14,14,10,0,38,11,119.00000000000006,0,0.7142857142857143,1.0,0.7857142857142857,2.7142857142857144
tight_deadlines,nearest,120053,13,13,7,0,41,17,103.75000000000009,0,0.5384615384615384,1.0,1.3076923076923077,3.1538461538461537
tight_deadlines,nearest,120054,15,14,2,0,48,59,69.00000000000001,1,0.13333333333333333,0.9333333333333333,4.214285714285714,3.4285714285714284
tight_deadlines,nearest,120055,18,15,4,3,44,25,93.10000000000004,0,0.2222222222222222,0.8333333333333334,1.6666666666666667,2.933333333333333
tight_deadlines,nearest,120056,14,14,12,0,44,2,123.20000000000006,0,0.8571428571428571,1.0,0.14285714285714285,3.142857142857143
tight_deadlines,nearest,120057,13,13,12,0,40,1,115.30000000000007,0,0.9230769230769231,1.0,0.07692307692307693,3.076923076923077
tight_deadlines,nearest,120058,12,12,9,0,43,6,100.75000000000003,0,0.75,1.0,0.5,3.5833333333333335
tight_deadlines,nearest,120059,6,6,6,0,32,0,48.799999999999976,0,1.0,1.0,0.0,5.333333333333333
tight_deadlines,nearest,120060,13,12,8,0,48,11,83.30000000000004,1,0.6153846153846154,0.9230769230769231,0.9166666666666666,4.0
tight_deadlines,nearest,120061,18,15,5,3,45,43,80.15000000000005,0,0.2777777777777778,0.8333333333333334,2.8666666666666667,3.0
tight_deadlines,nearest,120062,14,14,9,0,40,10,119.00000000000006,0,0.6428571428571429,1.0,0.7142857142857143,2.857142857142857
tight_deadlines,nearest,120063,8,8,8,0,33,0,68.44999999999999,0,1.0,1.0,0.0,4.125
tight_deadlines,nearest,120064,14,13,8,1,47,22,90.15,0,0.5714285714285714,0.9285714285714286,1.6923076923076923,3.6153846153846154
tight_deadlines,nearest,120065,11,11,11,0,40,0,96.00000000000003,0,1.0,1.0,0.0,3.6363636363636362
tight_deadlines,nearest,120066,13,13,7,0,47,17,101.65000000000012,0,0.5384615384615384,1.0,1.3076923076923077,3.6153846153846154
tight_deadlines,nearest,120067,7,7,7,0,34,0,58.09999999999997,0,1.0,1.0,0.0,4.857142857142857
tight_deadlines,nearest,120068,14,13,4,1,41,42,78.25000000000004,0,0.2857142857142857,0.9285714285714286,3.230769230769231,3.1538461538461537
tight_deadlines,nearest,120069,17,13,4,4,48,51,45.50000000000001,0,0.23529411764705882,0.7647058823529411,3.923076923076923,3.6923076923076925
tight_deadlines,nearest,120070,17,13,2,3,48,58,35.0,1,0.11764705882352941,0.7647058823529411,4.461538461538462,3.6923076923076925
tight_deadlines,nearest,120071,11,11,9,0,45,3,92.15000000000006,0,0.8181818181818182,1.0,0.2727272727272727,4.090909090909091
tight_deadlines,nearest,120072,8,8,8,0,32,0,68.8,0,1.0,1.0,0.0,4.0
tight_deadlines,nearest,120073,14,14,12,0,43,2,123.55000000000011,0,0.8571428571428571,1.0,0.14285714285714285,3.0714285714285716
tight_deadlines,nearest,120074,15,14,8,0,48,30,91.40000000000008,1,0.5333333333333333,0.9333333333333333,2.142857142857143,3.4285714285714284
tight_deadlines,nearest,120075,16,11,3,4,45,62,3.8500000000000103,1,0.1875,0.6875,5.636363636363637,4.090909090909091
tight_deadlines,nearest,120076,14,14,13,0,40,1,125.30000000000007,0,0.9285714285714286,1.0,0.07142857142857142,2.857142857142857
tight_deadlines,nearest,120077,14,14,14,0,36,0,127.40000000000006,0,1.0,1.0,0.0,2.5714285714285716
tight_deadlines,nearest,120078,11,11,5,0,38,13,87.60000000000002,0,0.45454545454545453,1.0,1.1818181818181819,3.4545454545454546
tight_deadlines,nearest,120079,14,14,6,0,48,25,105.70000000000009,0,0.42857142857142855,1.0,1.7857142857142858,3.4285714285714284
tight_deadlines,nearest,120080,15,13,6,2,48,48,63.60000000000001,0,0.4,0.8666666666666667,3.6923076923076925,3.6923076923076925
tight_deadlines,nearest,120081,12,12,9,0,41,8,100.05000000000008,0,0.75,1.0,0.6666666666666666,3.4166666666666665
tight_deadlines,nearest,120082,15,15,12,0,44,5,131.1000000000001,0,0.8,1.0,0.3333333333333333,2.933333333333333
tight_deadlines,nearest,120083,10,10,10,0,39,0,86.35000000000004,0,1.0,1.0,0.0,3.9
tight_deadlines,nearest,120084,16,12,5,4,48,36,46.00000000000001,0,0.3125,0.75,3.0,4.0
tight_deadlines,nearest,120085,19,15,7,4,45,28,82.65000000000005,0,0.3684210526315789,0.7894736842105263,1.8666666666666667,3.0
tight_deadlines,nearest,120086,7,7,7,0,30,0,59.49999999999997,0,1.0,1.0,0.0,4.285714285714286
tight_deadlines,nearest,120087,19,16,8,3,45,22,104.85000000000005,0,0.42105263157894735,0.8421052631578947,1.375,2.8125
tight_deadlines,nearest,120088,17,14,5,3,42,35,76.8,0,0.29411764705882354,0.8235294117647058,2.5,3.0
tight_deadlines,nearest,120089,13,12,6,1,48,23,79.10000000000002,0,0.46153846153846156,0.9230769230769231,1.9166666666666667,4.0
tight_deadlines,nearest,120090,8,8,8,0,32,0,68.8,0,1.0,1.0,0.0,4.0
tight_deadlines,nearest,120091,11,11,8,0,47,17,81.65000000000008,0,0.7272727272727273,1.0,1.5454545454545454,4.2727272727272725
tight_deadlines,nearest,120092,13,12,9,0,44,10,87.50000000000001,1,0.6923076923076923,0.9230769230769231,0.8333333333333334,3.6666666666666665
tight_deadlines,nearest,120093,10,10,3,0,45,28,64.65000000000002,0,0.3,1.0,2.8,4.5
tight_deadlines,nearest,120094,16,15,9,1,45,24,109.45000000000012,0,0.5625,0.9375,1.6,3.0
tight_deadlines,nearest,120095,19,15,5,4,48,50,66.20000000000003,0,0.2631578947368421,0.7894736842105263,3.3333333333333335,3.2
tight_deadlines,nearest,120096,10,10,9,0,41,1,84.95000000000005,0,0.9,1.0,0.1,4.1
tight_deadlines,nearest,120097,16,16,9,0,47,25,126.05000000000007,0,0.5625,1.0,1.5625,2.9375
tight_deadlines,nearest,120098,21,15,6,6,48,42,55.800000000000026,0,0.2857142857142857,0.7142857142857143,2.8,3.2
tight_deadlines,nearest,120099,11,11,10,0,45,3,92.15000000000003,0,0.9090909090909091,1.0,0.2727272727272727,4.090909090909091
tight_deadlines,nearest,120100,16,13,8,2,48,36,59.099999999999966,1,0.5,0.8125,2.769230769230769,3.6923076923076925
tight_deadlines,nearest,120101,18,15,5,3,48,42,79.80000000000003,0,0.2777777777777778,0.8333333333333334,2.8,3.2
tight_deadlines,nearest,120102,9,9,9,0,43,0,74.95,0,1.0,1.0,0.0,4.777777777777778
tight_deadlines,nearest,120103,13,13,7,0,48,32,90.8000000000001,0,0.5384615384615384,1.0,2.4615384615384617,3.6923076923076925
tight_deadlines,nearest,120104,13,13,12,0,38,1,116.00000000000003,0,0.9230769230769231,1.0,0.07692307692307693,2.923076923076923
tight_deadlines,nearest,120105,9,9,1,0,36,26,59.2,0,0.1111111111111111,1.0,2.888888888888889,4.0
tight_deadlines,nearest,120106,18,15,7,3,48,51,73.50000000000001,0,0.3888888888888889,0.8333333333333334,3.4,3.2
tight_deadlines,nearest,120107,13,13,8,0,48,15,102.70000000000006,0,0.6153846153846154,1.0,1.1538461538461537,3.6923076923076925
tight_deadlines,nearest,120108,19,16,6,2,48,42,87.00000000000004,1,0.3157894736842105,0.8421052631578947,2.625,3.0
tight_deadlines,nearest,120109,17,14,9,2,48,29,74.70000000000002,1,0.5294117647058824,0.8235294117647058,2.0714285714285716,3.4285714285714284
tight_deadlines,nearest,120110,15,14,11,1,43,14,107.15000000000009,0,0.7333333333333333,0.9333333333333333,1.0,3.0714285714285716
tight_deadlines,nearest,120111,16,16,9,0,48,16,132.00000000000009,0,0.5625,1.0,1.0,3.0
tight_deadlines,nearest,120112,16,16,10,0,46,21,129.20000000000007,0,0.625,1.0,1.3125,2.875
tight_deadlines,nearest,120113,13,12,6,1,45,25,78.75000000000003,0,0.46153846153846156,0.9230769230769231,2.0833333333333335,3.75
tight_deadlines,nearest,120114,13,13,11,0,43,4,112.15000000000009,0,0.8461538461538461,1.0,0.3076923076923077,3.3076923076923075
tight_deadlines,nearest,120115,14,14,6,0,45,24,107.45000000000006,0,0.42857142857142855,1.0,1.7142857142857142,3.2142857142857144
tight_deadlines,nearest,120116,17,15,10,2,44,14,108.8000000000001,0,0.5882352941176471,0.8823529411764706,0.9333333333333333,2.933333333333333
tight_deadlines,nearest,120117,16,15,8,1,48,26,107.00000000000007,0,0.5,0.9375,1.7333333333333334,3.2
tight_deadlines,nearest,120118,15,15,15,0,44,0,134.60000000000008,0,1.0,1.0,0.0,2.933333333333333
tight_deadlines,nearest,120119,17,14,9,3,45,22,84.85000000000001,0,0.5294117647058824,0.8235294117647058,1.5714285714285714,3.2142857142857144
tight_deadlines,nearest,120120,14,14,11,0,45,8,118.65000000000009,0,0.7857142857142857,1.0,0.5714285714285714,3.2142857142857144
tight_deadlines,nearest,120121,15,12,4,3,47,52,43.15000000000001,0,0.26666666666666666,0.8,4.333333333333333,3.9166666666666665
tight_deadlines,nearest,120122,16,15,10,1,48,19,111.90000000000006,0,0.625,0.9375,1.2666666666666666,3.2
tight_deadlines,nearest,120123,15,14,7,1,46,27,97.00000000000006,0,0.4666666666666667,0.9333333333333333,1.9285714285714286,3.2857142857142856
tight_deadlines,nearest,120124,14,14,7,0,43,20,110.95000000000009,0,0.5,1.0,1.4285714285714286,3.0714285714285716
tight_deadlines,nearest,120125,18,15,3,3,46,51,74.20000000000003,0,0.16666666666666666,0.8333333333333334,3.4,3.066666666666667
tight_deadlines,nearest,120126,14,13,7,1,40,12,99.60000000000008,0,0.5,0.9285714285714286,0.9230769230769231,3.076923076923077
tight_deadlines,nearest,120127,13,13,7,0,48,24,96.40000000000008,0,0.5384615384615384,1.0,1.8461538461538463,3.6923076923076925
tight_deadlines,nearest,120128,17,14,5,3,42,36,76.10000000000005,0,0.29411764705882354,0.8235294117647058,2.5714285714285716,3.0
tight_deadlines,nearest,120129,15,14,8,1,47,36,90.35000000000001,0,0.5333333333333333,0.9333333333333333,2.5714285714285716,3.357142857142857
tight_deadlines,nearest,120130,12,10,6,1,43,29,45.850000000000016,1,0.5,0.8333333333333334,2.9,4.3
tight_deadlines,nearest,120131,16,15,11,0,48,22,107.7000000000001,1,0.6875,0.9375,1.4666666666666666,3.2
tight_deadlines,nearest,120132,15,15,9,0,48,38,106.60000000000004,0,0.6,1.0,2.533333333333333,3.2
tight_deadlines,nearest,120133,13,12,6,0,48,33,66.50000000000003,1,0.46153846153846156,0.9230769230769231,2.75,4.0
tight_deadlines,nearest,120134,12,12,11,0,42,2,103.90000000000006,0,0.9166666666666666,1.0,0.16666666666666666,3.5
tight_deadlines,nearest,120135,14,14,13,0,41,6,121.45000000000007,0,0.9285714285714286,1.0,0.42857142857142855,2.9285714285714284
tight_deadlines,nearest,120136,18,15,5,3,48,41,80.50000000000006,0,0.2777777777777778,0.8333333333333334,2.7333333333333334,3.2
tight_deadlines,nearest,120137,14,12,6,2,38,12,82.30000000000003,0,0.42857142857142855,0.8571428571428571,1.0,3.1666666666666665
tight_deadlines,nearest,120138,13,13,8,0,42,8,109.70000000000003,0,0.6153846153846154,1.0,0.6153846153846154,3.230769230769231
tight_deadlines,nearest,120139,8,8,7,0,37,4,64.25,0,0.875,1.0,0.5,4.625
tight_deadlines,nearest,120140,13,12,5,1,43,32,74.55000000000005,0,0.38461538461538464,0.9230769230769231,2.6666666666666665,3.5833333333333335
tight_deadlines,nearest,120141,13,13,7,0,42,26,97.10000000000007,0,0.5384615384615384,1.0,2.0,3.230769230769231
tight_deadlines,nearest,120142,12,12,12,0,43,0,104.95000000000007,0,1.0,1.0,0.0,3.5833333333333335
tight_deadlines,nearest,120143,14,14,6,0,44,40,96.60000000000005,0,0.42857142857142855,1.0,2.857142857142857,3.142857142857143
tight_deadlines,nearest,120144,15,14,6,1,47,26,97.35000000000001,0,0.4,0.9333333333333333,1.8571428571428572,3.357142857142857
tight_deadlines,nearest,120145,9,9,9,0,36,0,77.4,0,1.0,1.0,0.0,4.0
tight_deadlines,nearest,120146,15,14,9,1,46,14,106.10000000000008,0,0.6,0.9333333333333333,1.0,3.2857142857142856
tight_deadlines,nearest,120147,10,10,8,0,37,6,82.85000000000004,0,0.8,1.0,0.6,3.7
tight_deadlines,nearest,120148,18,14,7,4,44,29,72.30000000000003,0,0.3888888888888889,0.7777777777777778,2.0714285714285716,3.142857142857143
tight_deadlines,nearest,120149,9,9,9,0,38,0,76.70000000000002,0,1.0,1.0,0.0,4.222222222222222
tight_deadlines,nearest,120150,16,14,9,2,48,27,88.30000000000004,0,0.5625,0.875,1.9285714285714286,3.4285714285714284
tight_deadlines,nearest,120151,11,11,9,0,37,6,92.85000000000005,0,0.8181818181818182,1.0,0.5454545454545454,3.3636363636363638
tight_deadlines,nearest,120152,14,13,6,1,46,27,87.00000000000007,0,0.42857142857142855,0.9285714285714286,2.076923076923077,3.5384615384615383
tight_deadlines,nearest,120153,15,13,7,2,46,31,76.2,0,0.4666666666666667,0.8666666666666667,2.3846153846153846,3.5384615384615383
tight_deadlines,nearest,120154,20,15,2,5,48,83,35.10000000000002,0,0.1,0.75,5.533333333333333,3.2
tight_deadlines,nearest,120155,15,15,8,0,42,35,110.80000000000007,0,0.5333333333333333,1.0,2.3333333333333335,2.8
tight_deadlines,nearest,120156,11,11,6,0,48,18,80.60000000000008,0,0.5454545454545454,1.0,1.6363636363636365,4.363636363636363
tight_deadlines,nearest,120157,17,13,3,3,48,43,46.90000000000002,1,0.17647058823529413,0.7647058823529411,3.3076923076923075,3.6923076923076925
tight_deadlines,nearest,120158,12,12,12,0,41,0,105.65000000000006,0,1.0,1.0,0.0,3.4166666666666665
tight_deadlines,nearest,120159,15,15,6,0,48,29,112.90000000000006,0,0.4,1.0,1.9333333333333333,3.2
tight_deadlines,nearest,120160,14,14,12,0,43,5,121.4500000000001,0,0.8571428571428571,1.0,0.35714285714285715,3.0714285714285716
tight_deadlines,nearest,120161,15,13,5,1,48,50,58.70000000000002,1,0.3333333333333333,0.8666666666666667,3.8461538461538463,3.6923076923076925
tight_deadlines,nearest,120162,19,17,8,2,45,38,111.6500000000001,0,0.42105263157894735,0.8947368421052632,2.235294117647059,2.6470588235294117
tight_deadlines,nearest,120163,12,12,11,0,43,7,100.05000000000008,0,0.9166666666666666,1.0,0.5833333333333334,3.5833333333333335
tight_deadlines,nearest,120164,12,12,10,0,44,4,101.80000000000004,0,0.8333333333333334,1.0,0.3333333333333333,3.6666666666666665
tight_deadlines,nearest,120165,18,17,12,1,43,25,129.45000000000007,0,0.6666666666666666,0.9444444444444444,1.4705882352941178,2.5294117647058822
tight_deadlines,nearest,120166,13,13,11,0,42,4,112.50000000000007,0,0.8461538461538461,1.0,0.3076923076923077,3.230769230769231
tight_deadlines,nearest,120167,17,15,5,2,43,40,90.95000000000005,0,0.29411764705882354,0.8823529411764706,2.6666666666666665,2.8666666666666667
tight_deadlines,nearest,120168,15,14,6,1,40,23,101.90000000000006,0,0.4,0.9333333333333333,1.6428571428571428,2.857142857142857
tight_deadlines,nearest,120169,11,11,11,0,34,0,98.10000000000002,0,1.0,1.0,0.0,3.090909090909091
tight_deadlines,nearest,120170,18,15,6,3,39,36,87.15000000000002,0,0.3333333333333333,0.8333333333333334,2.4,2.6
tight_deadlines,nearest,120171,11,11,5,0,44,27,75.70000000000006,0,0.45454545454545453,1.0,2.4545454545454546,4.0
tight_deadlines,nearest,120172,17,13,5,3,48,35,51.800000000000026,1,0.29411764705882354,0.7647058823529411,2.6923076923076925,3.6923076923076925
tight_deadlines,nearest,120173,12,11,5,1,41,33,64.55000000000001,0,0.4166666666666667,0.9166666666666666,3.0,3.727272727272727
tight_deadlines,nearest,120174,19,15,5,4,48,43,71.10000000000004,0,0.2631578947368421,0.7894736842105263,2.8666666666666667,3.2
tight_deadlines,nearest,120175,16,13,9,3,44,13,81.50000000000003,0,0.5625,0.8125,1.0,3.3846153846153846
tight_deadlines,nearest,120176,14,12,4,1,48,45,51.50000000000004,1,0.2857142857142857,0.8571428571428571,3.75,4.0
tight_deadlines,nearest,120177,20,19,16,1,41,8,162.05000000000013,0,0.8,0.95,0.42105263157894735,2.1578947368421053
tight_deadlines,nearest,120178,13,13,7,0,45,24,97.45000000000005,0,0.5384615384615384,1.0,1.8461538461538463,3.4615384615384617
tight_deadlines,nearest,120179,14,14,10,0,48,16,112.00000000000009,0,0.7142857142857143,1.0,1.1428571428571428,3.4285714285714284
tight_deadlines,nearest,120180,15,15,12,0,47,10,126.5500000000001,0,0.8,1.0,0.6666666666666666,3.1333333333333333
tight_deadlines,nearest,120181,8,8,5,0,27,11,62.84999999999999,0,0.625,1.0,1.375,3.375
tight_deadlines,nearest,120182,17,17,14,0,43,8,149.35000000000008,0,0.8235294117647058,1.0,0.47058823529411764,2.5294117647058822
tight_deadlines,nearest,120183,15,14,9,1,48,23,99.10000000000004,0,0.6,0.9333333333333333,1.6428571428571428,3.4285714285714284
tight_deadlines,nearest,120184,11,11,11,0,37,0,97.05000000000007,0,1.0,1.0,0.0,3.3636363636363638
tight_deadlines,nearest,120185,12,12,10,0,44,7,99.70000000000005,0,0.8333333333333334,1.0,0.5833333333333334,3.6666666666666665
tight_deadlines,nearest,120186,18,15,9,3,45,31,88.55000000000004,0,0.5,0.8333333333333334,2.066666666666667,3.0
tight_deadlines,nearest,120187,13,13,10,0,44,3,112.50000000000004,0,0.7692307692307693,1.0,0.23076923076923078,3.3846153846153846
tight_deadlines,nearest,120188,19,16,6,3,47,38,92.95000000000009,0,0.3157894736842105,0.8421052631578947,2.375,2.9375
tight_deadlines,nearest,120189,15,13,4,2,44,47,65.70000000000003,0,0.26666666666666666,0.8666666666666667,3.6153846153846154,3.3846153846153846
tight_deadlines,nearest,120190,12,12,7,0,46,27,85.00000000000001,0,0.5833333333333334,1.0,2.25,3.8333333333333335
tight_deadlines,nearest,120191,12,12,6,0,42,27,86.40000000000005,0,0.5,1.0,2.25,3.5
tight_deadlines,nearest,120192,16,16,12,0,48,16,132.00000000000006,0,0.75,1.0,1.0,3.0
tight_deadlines,nearest,120193,12,12,5,0,43,33,81.85000000000005,0,0.4166666666666667,1.0,2.75,3.5833333333333335
tight_deadlines,nearest,120194,20,15,4,5,45,56,55.05000000000001,0,0.2,0.75,3.7333333333333334,3.0
tight_deadlines,nearest,120195,15,14,7,1,43,20,102.95000000000006,0,0.4666666666666667,0.9333333333333333,1.4285714285714286,3.0714285714285716
tight_deadlines,nearest,120196,17,15,8,1,48,33,89.90000000000005,1,0.47058823529411764,0.8823529411764706,2.2,3.2
tight_deadlines,nearest,120197,15,15,12,0,45,9,127.95000000000007,0,0.8,1.0,0.6,3.0
tight_deadlines,nearest,120198,16,15,6,1,48,41,96.50000000000004,0,0.375,0.9375,2.7333333333333334,3.2
tight_deadlines,nearest,120199,20,15,6,5,47,50,58.55000000000001,0,0.3,0.75,3.3333333333333335,3.1333333333333333
tight_deadlines,nearest,120200,17,14,6,2,48,52,59.3,1,0.35294117647058826,0.8235294117647058,3.7142857142857144,3.4285714285714284
tight_deadlines,nearest,120201,13,13,9,0,41,14,105.85000000000005,0,0.6923076923076923,1.0,1.0769230769230769,3.1538461538461537
tight_deadlines,nearest,120202,13,13,12,0,42,2,113.90000000000008,0,0.9230769230769231,1.0,0.15384615384615385,3.230769230769231
tight_deadlines,nearest,120203,15,15,12,0,42,13,126.20000000000007,0,0.8,1.0,0.8666666666666667,2.8
tight_deadlines,nearest,120204,16,15,12,0,48,9,114.70000000000007,1,0.75,0.9375,0.6,3.2
tight_deadlines,nearest,120205,12,12,5,0,40,29,85.70000000000003,0,0.4166666666666667,1.0,2.4166666666666665,3.3333333333333335
tight_deadlines,nearest,120206,18,16,9,2,48,27,108.30000000000007,0,0.5,0.8888888888888888,1.6875,3.0
tight_deadlines,nearest,120207,17,16,7,1,48,42,105.80000000000007,0,0.4117647058823529,0.9411764705882353,2.625,3.0
tight_deadlines,nearest,120208,10,10,9,0,37,2,85.65000000000006,0,0.9,1.0,0.2,3.7
tight_deadlines,nearest,120209,12,12,7,0,40,11,98.30000000000007,0,0.5833333333333334,1.0,0.9166666666666666,3.3333333333333335
tight_deadlines,nearest,120210,17,13,7,4,38,19,71.4,0,0.4117647058823529,0.7647058823529411,1.4615384615384615,2.923076923076923
tight_deadlines,nearest,120211,11,11,11,0,37,0,97.05000000000007,0,1.0,1.0,0.0,3.3636363636363638
tight_deadlines,nearest,120212,8,8,4,0,39,20,52.35000000000001,0,0.5,1.0,2.5,4.875
tight_deadlines,nearest,120213,14,12,2,1,48,52,48.000000000000014,1,0.14285714285714285,0.8571428571428571,4.333333333333333,4.0
tight_deadlines,nearest,120214,14,12,4,2,48,57,47.300000000000026,0,0.2857142857142857,0.8571428571428571,4.75,4.0
tight_deadlines,nearest,120215,19,16,10,3,47,26,101.35000000000007,0,0.5263157894736842,0.8421052631578947,1.625,2.9375
tight_deadlines,nearest,120216,13,13,9,0,46,10,106.90000000000008,0,0.6923076923076923,1.0,0.7692307692307693,3.5384615384615383
tight_deadlines,nearest,120217,18,17,13,1,48,25,127.70000000000007,0,0.7222222222222222,0.9444444444444444,1.4705882352941178,2.823529411764706
tight_deadlines,nearest,120218,13,13,8,0,40,9,109.70000000000003,0,0.6153846153846154,1.0,0.6923076923076923,3.076923076923077
tight_deadlines,nearest,120219,12,12,8,0,43,15,94.45000000000007,0,0.6666666666666666,1.0,1.25,3.5833333333333335
tight_deadlines,nearest,120220,17,15,5,2,48,62,73.80000000000003,0,0.29411764705882354,0.8823529411764706,4.133333333333334,3.2
tight_deadlines,nearest,120221,12,12,7,0,42,13,96.20000000000003,0,0.5833333333333334,1.0,1.0833333333333333,3.5
tight_deadlines,nearest,120222,10,10,10,0,36,0,87.4,0,1.0,1.0,0.0,3.6
tight_deadlines,nearest,120223,12,12,10,0,38,8,101.10000000000002,0,0.8333333333333334,1.0,0.6666666666666666,3.1666666666666665
tight_deadlines,nearest,120224,15,15,11,0,41,7,130.75000000000009,0,0.7333333333333333,1.0,0.4666666666666667,2.7333333333333334
tight_deadlines,nearest,120225,13,13,10,0,43,14,105.15000000000006,0,0.7692307692307693,1.0,1.0769230769230769,3.3076923076923075
tight_deadlines,nearest,120226,15,15,12,0,45,11,126.55000000000007,0,0.8,1.0,0.7333333333333333,3.0
tight_deadlines,nearest,120227,15,14,5,1,44,40,88.60000000000008,0,0.3333333333333333,0.9333333333333333,2.857142857142857,3.142857142857143
tight_deadlines,nearest,120228,17,14,5,3,44,40,72.60000000000002,0,0.29411764705882354,0.8235294117647058,2.857142857142857,3.142857142857143
tight_deadlines,nearest,120229,18,16,7,2,46,27,109.00000000000009,0,0.3888888888888889,0.8888888888888888,1.6875,2.875
tight_deadlines,nearest,120230,20,15,8,5,44,27,75.70000000000005,0,0.4,0.75,1.8,2.933333333333333
tight_deadlines,nearest,120231,13,13,6,0,48,21,98.50000000000006,0,0.46153846153846156,1.0,1.6153846153846154,3.6923076923076925
tight_deadlines,nearest,120232,15,14,11,1,45,10,109.25000000000006,0,0.7333333333333333,0.9333333333333333,0.7142857142857143,3.2142857142857144
tight_deadlines,nearest,120233,15,15,9,0,43,18,122.35000000000007,0,0.6,1.0,1.2,2.8666666666666667
tight_deadlines,nearest,120234,16,13,5,3,44,31,68.90000000000005,0,0.3125,0.8125,2.3846153846153846,3.3846153846153846
tight_deadlines,nearest,120235,12,12,11,0,40,1,105.30000000000001,0,0.9166666666666666,1.0,0.08333333333333333,3.3333333333333335
tight_deadlines,nearest,120236,13,12,7,1,44,35,72.10000000000001,0,0.5384615384615384,0.9230769230769231,2.9166666666666665,3.6666666666666665
tight_deadlines,nearest,120237,16,16,10,0,48,9,136.9000000000001,0,0.625,1.0,0.5625,3.0
tight_deadlines,nearest,120238,19,16,8,3,47,38,92.95000000000005,0,0.42105263157894735,0.8421052631578947,2.375,2.9375
tight_deadlines,nearest,120239,16,13,5,2,48,50,52.099999999999994,1,0.3125,0.8125,3.8461538461538463,3.6923076923076925
tight_deadlines,nearest,120240,16,14,4,2,43,47,76.05000000000007,0,0.25,0.875,3.357142857142857,3.0714285714285716
tight_deadlines,nearest,120241,13,13,9,0,46,9,107.60000000000007,0,0.6923076923076923,1.0,0.6923076923076923,3.5384615384615383
tight_deadlines,nearest,120242,19,13,5,6,46,60,23.9,0,0.2631578947368421,0.6842105263157895,4.615384615384615,3.5384615384615383
tight_deadlines,nearest,120243,6,6,5,0,28,1,49.49999999999998,0,0.8333333333333334,1.0,0.16666666666666666,4.666666666666667
tight_deadlines,nearest,120244,14,14,10,0,45,9,117.95000000000006,0,0.7142857142857143,1.0,0.6428571428571429,3.2142857142857144
tight_deadlines,nearest,120245,16,14,9,2,44,26,90.4,0,0.5625,0.875,1.8571428571428572,3.142857142857143
tight_deadlines,nearest,120246,13,12,6,0,44,25,74.2,1,0.46153846153846156,0.9230769230769231,2.0833333333333335,3.6666666666666665
tight_deadlines,nearest,120247,17,13,3,4,47,52,45.15000000000001,0,0.17647058823529413,0.7647058823529411,4.0,3.6153846153846154
tight_deadlines,nearest,120248,16,16,14,0,48,3,141.10000000000008,0,0.875,1.0,0.1875,3.0
tight_deadlines,nearest,120249,10,10,10,0,38,0,86.70000000000005,0,1.0,1.0,0.0,3.8
tight_deadlines,nearest,120250,15,15,9,0,47,27,114.65000000000002,0,0.6,1.0,1.8,3.1333333333333333
tight_deadlines,nearest,120251,19,16,9,3,48,34,95.40000000000002,0,0.47368421052631576,0.8421052631578947,2.125,3.0
tight_deadlines,nearest,120252,17,14,4,3,46,73,48.80000000000001,0,0.23529411764705882,0.8235294117647058,5.214285714285714,3.2857142857142856
tight_deadlines,nearest,120253,14,14,10,0,42,6,121.10000000000004,0,0.7142857142857143,1.0,0.42857142857142855,3.0
tight_deadlines,nearest,120254,16,13,7,3,46,34,66.10000000000004,0,0.4375,0.8125,2.6153846153846154,3.5384615384615383
tight_deadlines,nearest,120255,12,12,5,0,44,30,83.60000000000005,0,0.4166666666666667,1.0,2.5,3.6666666666666665
tight_deadlines,nearest,120256,13,13,10,0,41,9,109.35000000000005,0,0.7692307692307693,1.0,0.6923076923076923,3.1538461538461537
tight_deadlines,nearest,120257,16,16,11,0,48,9,136.90000000000003,0,0.6875,1.0,0.5625,3.0
tight_deadlines,nearest,120258,18,16,8,2,46,25,110.40000000000009,0,0.4444444444444444,0.8888888888888888,1.5625,2.875
tight_deadlines,nearest,120259,12,12,8,0,46,8,98.30000000000007,0,0.6666666666666666,1.0,0.6666666666666666,3.8333333333333335
tight_deadlines,nearest,120260,15,15,15,0,39,0,136.35000000000008,0,1.0,1.0,0.0,2.6
tight_deadlines,nearest,120261,15,15,15,0,43,0,134.9500000000001,0,1.0,1.0,0.0,2.8666666666666667
tight_deadlines,nearest,120262,21,16,6,5,48,40,75.20000000000005,0,0.2857142857142857,0.7619047619047619,2.5,3.0
tight_deadlines,nearest,120263,14,13,9,0,48,19,89.80000000000008,1,0.6428571428571429,0.9285714285714286,1.4615384615384615,3.6923076923076925
tight_deadlines,nearest,120264,10,10,7,0,34,12,79.69999999999999,0,0.7,1.0,1.2,3.4
tight_deadlines,nearest,120265,15,14,8,1,44,11,108.90000000000009,0,0.5333333333333333,0.9333333333333333,0.7857142857142857,3.142857142857143
tight_deadlines,nearest,120266,13,12,4,1,47,32,73.15000000000005,0,0.3076923076923077,0.9230769230769231,2.6666666666666665,3.9166666666666665
tight_deadlines,nearest,120267,15,14,5,1,45,26,98.0500000000001,0,0.3333333333333333,0.9333333333333333,1.8571428571428572,3.2142857142857144
tight_deadlines,nearest,120268,14,13,7,0,45,28,81.75000000000003,1,0.5,0.9285714285714286,2.1538461538461537,3.4615384615384617
tight_deadlines,nearest,120269,16,12,6,2,48,40,29.899999999999977,2,0.375,0.75,3.3333333333333335,4.0
tight_deadlines,nearest,120270,14,13,7,0,48,26,81.40000000000006,1,0.5,0.9285714285714286,2.0,3.6923076923076925
tight_deadlines,nearest,120271,12,12,7,0,46,16,92.70000000000003,0,0.5833333333333334,1.0,1.3333333333333333,3.8333333333333335
tight_deadlines,nearest,120272,11,11,11,0,36,0,97.40000000000006,0,1.0,1.0,0.0,3.272727272727273
tight_deadlines,nearest,120273,14,12,5,2,43,21,74.25000000000004,0,0.35714285714285715,0.8571428571428571,1.75,3.5833333333333335
tight_deadlines,nearest,120274,14,14,8,0,48,34,99.40000000000006,0,0.5714285714285714,1.0,2.4285714285714284,3.4285714285714284
tight_deadlines,nearest,120275,16,13,5,1,48,43,47.89999999999999,2,0.3125,0.8125,3.3076923076923075,3.6923076923076925
tight_deadlines,nearest,120276,7,7,6,0,34,2,56.69999999999997,0,0.8571428571428571,1.0,0.2857142857142857,4.857142857142857
tight_deadlines,nearest,120277,13,13,4,0,48,36,88.00000000000001,0,0.3076923076923077,1.0,2.769230769230769,3.6923076923076925
tight_deadlines,nearest,120278,9,9,8,0,45,4,71.45,0,0.8888888888888888,1.0,0.4444444444444444,5.0
tight_deadlines,nearest,120279,13,13,10,0,40,8,110.40000000000003,0,0.7692307692307693,1.0,0.6153846153846154,3.076923076923077
tight_deadlines,nearest,120280,15,15,15,0,42,0,135.3000000000001,0,1.0,1.0,0.0,2.8
tight_deadlines,nearest,120281,8,8,8,0,32,0,68.8,0,1.0,1.0,0.0,4.0
tight_deadlines,nearest,120282,15,14,7,1,40,23,101.90000000000008,0,0.4666666666666667,0.9333333333333333,1.6428571428571428,2.857142857142857
tight_deadlines,nearest,120283,10,10,8,0,40,5,82.50000000000001,0,0.8,1.0,0.5,4.0
tight_deadlines,nearest,120284,14,12,5,1,48,49,48.0,1,0.35714285714285715,0.8571428571428571,4.083333333333333,4.0
tight_deadlines,nearest,120285,15,15,8,0,48,14,123.4000000000001,0,0.5333333333333333,1.0,0.9333333333333333,3.2
tight_deadlines,nearest,120286,11,11,9,0,41,10,88.65000000000003,0,0.8181818181818182,1.0,0.9090909090909091,3.727272727272727
tight_deadlines,nearest,120287,12,12,10,0,40,4,103.20000000000005,0,0.8333333333333334,1.0,0.3333333333333333,3.3333333333333335
tight_deadlines,nearest,120288,14,14,9,0,46,13,114.8000000000001,0,0.6428571428571429,1.0,0.9285714285714286,3.2857142857142856
tight_deadlines,nearest,120289,20,15,5,4,48,38,63.80000000000007,1,0.25,0.75,2.533333333333333,3.2
tight_deadlines,nearest,120290,19,15,9,4,47,27,82.65000000000002,0,0.47368421052631576,0.7894736842105263,1.8,3.1333333333333333
tight_deadlines,nearest,120291,11,11,11,0,44,0,94.60000000000007,0,1.0,1.0,0.0,4.0
tight_deadlines,nearest,120292,13,13,10,0,48,14,103.4000000000001,0,0.7692307692307693,1.0,1.0769230769230769,3.6923076923076925
tight_deadlines,nearest,120293,11,11,9,0,44,3,92.50000000000007,0,0.8181818181818182,1.0,0.2727272727272727,4.0
tight_deadlines,nearest,120294,15,12,6,1,48,30,46.3,2,0.4,0.8,2.5,4.0
tight_deadlines,nearest,120295,13,13,9,0,40,11,108.30000000000007,0,0.6923076923076923,1.0,0.8461538461538461,3.076923076923077
tight_deadlines,nearest,120296,20,14,6,6,44,38,50.000000000000014,0,0.3,0.7,2.7142857142857144,3.142857142857143
tight_deadlines,nearest,120297,16,16,16,0,44,0,144.6000000000001,0,1.0,1.0,0.0,2.75
tight_deadlines,nearest,120298,17,15,7,2,44,30,97.60000000000004,0,0.4117647058823529,0.8823529411764706,2.0,2.933333333333333
tight_deadlines,nearest,120299,17,15,9,0,48,24,91.30000000000005,2,0.5294117647058824,0.8823529411764706,1.6,3.2
tight_deadlines,deadline,120000,12,12,9,0,44,5,101.1000000000001,0,0.75,1.0,0.4166666666666667,3.6666666666666665
tight_deadlines,deadline,120001,9,9,8,0,35,1,77.05000000000001,0,0.8888888888888888,1.0,0.1111111111111111,3.888888888888889
tight_deadlines,deadline,120002,11,11,10,0,37,1,96.35000000000002,0,0.9090909090909091,1.0,0.09090909090909091,3.3636363636363638
tight_deadlines,deadline,120003,17,14,2,3,48,67,52.30000000000001,0,0.11764705882352941,0.8235294117647058,4.785714285714286,3.4285714285714284
tight_deadlines,deadline,120004,19,12,2,7,48,86,-12.999999999999998,0,0.10526315789473684,0.631578947368421,7.166666666666667,4.0
tight_deadlines,deadline,120005,15,13,8,1,48,30,71.30000000000001,1,0.5333333333333333,0.8666666666666667,2.3076923076923075,3.6923076923076925
tight_deadlines,deadline,120006,11,11,10,0,42,1,94.60000000000004,0,0.9090909090909091,1.0,0.09090909090909091,3.8181818181818183
tight_deadlines,deadline,120007,14,14,4,0,45,45,92.75000000000003,0,0.2857142857142857,1.0,3.2142857142857144,3.2142857142857144
tight_deadlines,deadline,120008,15,15,13,0,45,3,132.15000000000003,0,0.8666666666666667,1.0,0.2,3.0
tight_deadlines,deadline,120009,13,13,13,0,43,0,114.95000000000005,0,1.0,1.0,0.0,3.3076923076923075
tight_deadlines,deadline,120010,15,14,5,1,47,64,70.75,0,0.3333333333333333,0.9333333333333333,4.571428571428571,3.357142857142857
tight_deadlines,deadline,120011,22,13,2,9,48,79,-14.099999999999989,0,0.09090909090909091,0.5909090909090909,6.076923076923077,3.6923076923076925
tight_deadlines,deadline,120012,18,15,2,2,48,45,74.20000000000006,1,0.1111111111111111,0.8333333333333334,3.0,3.2
tight_deadlines,deadline,120013,12,12,11,0,40,1,105.30000000000004,0,0.9166666666666666,1.0,0.08333333333333333,3.3333333333333335
tight_deadlines,deadline,120014,16,15,10,0,48,25,104.90000000000008,1,0.625,0.9375,1.6666666666666667,3.2
tight_deadlines,deadline,120015,13,13,9,0,45,8,108.65000000000012,0,0.6923076923076923,1.0,0.6153846153846154,3.4615384615384617
tight_deadlines,deadline,120016,16,16,3,0,48,47,110.30000000000008,0,0.1875,1.0,2.9375,3.0
tight_deadlines,deadline,120017,18,14,6,4,48,46,58.99999999999999,0,0.3333333333333333,0.7777777777777778,3.2857142857142856,3.4285714285714284
tight_deadlines,deadline,120018,12,12,9,0,44,6,100.40000000000009,0,0.75,1.0,0.5,3.6666666666666665
tight_deadlines,deadline,120019,8,8,8,0,39,0,66.34999999999998,0,1.0,1.0,0.0,4.875
tight_deadlines,deadline,120020,16,16,11,0,42,11,137.60000000000008,0,0.6875,1.0,0.6875,2.625
tight_deadlines,deadline,120021,12,12,6,0,45,15,93.75000000000007,0,0.5,1.0,1.25,3.75
tight_deadlines,deadline,120022,10,10,10,0,38,0,86.70000000000002,0,1.0,1.0,0.0,3.8
tight_deadlines,deadline,120023,16,11,7,2,48,32,10.499999999999954,3,0.4375,0.6875,2.909090909090909,4.363636363636363
tight_deadlines,deadline,120024,14,14,12,0,41,3,123.5500000000001,0,0.8571428571428571,1.0,0.21428571428571427,2.9285714285714284
tight_deadlines,deadline,120025,16,13,4,3,48,70,40.20000000000002,0,0.25,0.8125,5.384615384615385,3.6923076923076925
tight_deadlines,deadline,120026,11,11,10,0,40,3,93.90000000000008,0,0.9090909090909091,1.0,0.2727272727272727,3.6363636363636362
tight_deadlines,deadline,120027,12,12,5,0,45,23,88.15000000000003,0,0.4166666666666667,1.0,1.9166666666666667,3.75
tight_deadlines,deadline,120028,10,10,5,0,40,27,67.10000000000002,0,0.5,1.0,2.7,4.0
tight_deadlines,deadline,120029,13,13,11,0,46,2,112.50000000000009,0,0.8461538461538461,1.0,0.15384615384615385,3.5384615384615383
tight_deadlines,deadline,120030,14,14,7,0,45,27,105.35000000000011,0,0.5,1.0,1.9285714285714286,3.2142857142857144
tight_deadlines,deadline,120031,14,14,3,0,48,47,90.30000000000001,0,0.21428571428571427,1.0,3.357142857142857,3.4285714285714284
tight_deadlines,deadline,120032,13,13,11,0,43,6,110.75000000000003,0,0.8461538461538461,1.0,0.46153846153846156,3.3076923076923075
tight_deadlines,deadline,120033,8,8,8,0,32,0,68.79999999999998,0,1.0,1.0,0.0,4.0
tight_deadlines,deadline,120034,15,15,9,0,48,11,125.50000000000007,0,0.6,1.0,0.7333333333333333,3.2
tight_deadlines,deadline,120035,12,12,10,0,39,6,102.15000000000006,0,0.8333333333333334,1.0,0.5,3.25
tight_deadlines,deadline,120036,17,14,3,3,45,49,65.95000000000005,0,0.17647058823529413,0.8235294117647058,3.5,3.2142857142857144
tight_deadlines,deadline,120037,17,15,6,2,48,64,72.39999999999998,0,0.35294117647058826,0.8823529411764706,4.266666666666667,3.2
tight_deadlines,deadline,120038,17,16,11,1,48,22,119.80000000000007,0,0.6470588235294118,0.9411764705882353,1.375,3.0
tight_deadlines,deadline,120039,19,15,7,3,48,36,71.10000000000002,1,0.3684210526315789,0.7894736842105263,2.4,3.2
tight_deadlines,deadline,120040,16,16,10,0,43,19,131.65000000000003,0,0.625,1.0,1.1875,2.6875
tight_deadlines,deadline,120041,16,14,4,2,47,35,83.05000000000005,0,0.25,0.875,2.5,3.357142857142857
tight_deadlines,deadline,120042,15,13,4,2,48,49,62.90000000000003,0,0.26666666666666666,0.8666666666666667,3.769230769230769,3.6923076923076925
tight_deadlines,deadline,120043,11,11,10,0,38,1,96.00000000000006,0,0.9090909090909091,1.0,0.09090909090909091,3.4545454545454546
tight_deadlines,deadline,120044,19,15,6,4,45,44,71.45000000000002,0,0.3157894736842105,0.7894736842105263,2.933333333333333,3.0
tight_deadlines,deadline,120045,17,15,7,1,48,39,85.70000000000005,1,0.4117647058823529,0.8823529411764706,2.6,3.2
tight_deadlines,deadline,120046,17,14,7,3,42,30,80.30000000000003,0,0.4117647058823529,0.8235294117647058,2.142857142857143,3.0
tight_deadlines,deadline,120047,19,17,5,2,48,34,113.40000000000009,0,0.2631578947368421,0.8947368421052632,2.0,2.823529411764706
tight_deadlines,deadline,120048,10,10,9,0,39,1,85.65000000000003,0,0.9,1.0,0.1,3.9
tight_deadlines,deadline,120049,23,14,2,9,46,68,4.300000000000024,0,0.08695652173913043,0.6086956521739131,4.857142857142857,3.2857142857142856
tight_deadlines,deadline,120050,15,13,3,2,47,65,52.050000000000004,0,0.2,0.8666666666666667,5.0,3.6153846153846154
tight_deadlines,deadline,120051,16,16,9,0,45,14,134.4500000000001,0,0.5625,1.0,0.875,2.8125
tight_deadlines,deadline,120052,14,14,10,0,38,7,121.80000000000004,0,0.7142857142857143,1.0,0.5,2.7142857142857144
tight_deadlines,deadline,120053,13,13,7,0,41,17,103.75000000000009,0,0.5384615384615384,1.0,1.3076923076923077,3.1538461538461537
tight_deadlines,deadline,120054,15,13,4,2,43,56,59.75,0,0.26666666666666666,0.8666666666666667,4.3076923076923075,3.3076923076923075
tight_deadlines,deadline,120055,18,15,5,3,44,21,95.90000000000005,0,0.2777777777777778,0.8333333333333334,1.4,2.933333333333333
tight_deadlines,deadline,120056,14,14,12,0,44,2,123.20000000000006,0,0.8571428571428571,1.0,0.14285714285714285,3.142857142857143
tight_deadlines,deadline,120057,13,13,12,0,40,1,115.30000000000007,0,0.9230769230769231,1.0,0.07692307692307693,3.076923076923077
tight_deadlines,deadline,120058,12,12,10,0,43,3,102.85000000000002,0,0.8333333333333334,1.0,0.25,3.5833333333333335
tight_deadlines,deadline,120059,6,6,6,0,32,0,48.799999999999976,0,1.0,1.0,0.0,5.333333333333333
tight_deadlines,deadline,120060,13,12,8,0,48,8,85.40000000000002,1,0.6153846153846154,0.9230769230769231,0.6666666666666666,4.0
tight_deadlines,deadline,120061,18,15,6,3,45,34,86.45000000000003,0,0.3333333333333333,0.8333333333333334,2.2666666666666666,3.0
tight_deadlines,deadline,120062,14,14,10,0,40,6,121.80000000000007,0,0.7142857142857143,1.0,0.42857142857142855,2.857142857142857
tight_deadlines,deadline,120063,8,8,8,0,33,0,68.44999999999999,0,1.0,1.0,0.0,4.125
tight_deadlines,deadline,120064,14,13,7,1,47,18,92.95000000000002,0,0.5,0.9285714285714286,1.3846153846153846,3.6153846153846154
tight_deadlines,deadline,120065,11,11,11,0,40,0,96.00000000000003,0,1.0,1.0,0.0,3.6363636363636362
tight_deadlines,deadline,120066,13,13,9,0,47,7,108.65000000000012,0,0.6923076923076923,1.0,0.5384615384615384,3.6153846153846154
tight_deadlines,deadline,120067,7,7,7,0,34,0,58.09999999999997,0,1.0,1.0,0.0,4.857142857142857
tight_deadlines,deadline,120068,14,13,2,1,41,43,77.55000000000004,0,0.14285714285714285,0.9285714285714286,3.3076923076923075,3.1538461538461537
tight_deadlines,deadline,120069,17,13,3,4,48,59,39.90000000000001,0,0.17647058823529413,0.7647058823529411,4.538461538461538,3.6923076923076925
tight_deadlines,deadline,120070,17,13,3,3,48,55,37.8,1,0.17647058823529413,0.7647058823529411,4.230769230769231,3.6923076923076925
tight_deadlines,deadline,120071,11,11,9,0,45,3,92.15000000000006,0,0.8181818181818182,1.0,0.2727272727272727,4.090909090909091
tight_deadlines,deadline,120072,8,8,8,0,32,0,68.8,0,1.0,1.0,0.0,4.0
tight_deadlines,deadline,120073,14,14,12,0,43,2,123.55000000000011,0,0.8571428571428571,1.0,0.14285714285714285,3.0714285714285716
tight_deadlines,deadline,120074,15,14,6,0,48,28,92.80000000000005,1,0.4,0.9333333333333333,2.0,3.4285714285714284
tight_deadlines,deadline,120075,16,11,3,4,45,67,1.0500000000000096,1,0.1875,0.6875,6.090909090909091,4.090909090909091
tight_deadlines,deadline,120076,14,14,13,0,40,1,125.30000000000007,0,0.9285714285714286,1.0,0.07142857142857142,2.857142857142857
tight_deadlines,deadline,120077,14,14,14,0,36,0,127.40000000000006,0,1.0,1.0,0.0,2.5714285714285716
tight_deadlines,deadline,120078,11,11,6,0,38,12,88.30000000000003,0,0.5454545454545454,1.0,1.0909090909090908,3.4545454545454546
tight_deadlines,deadline,120079,14,14,4,0,48,31,101.50000000000007,0,0.2857142857142857,1.0,2.2142857142857144,3.4285714285714284
tight_deadlines,deadline,120080,15,13,4,2,48,44,66.40000000000002,0,0.26666666666666666,0.8666666666666667,3.3846153846153846,3.6923076923076925
tight_deadlines,deadline,120081,12,12,6,0,41,10,98.65000000000008,0,0.5,1.0,0.8333333333333334,3.4166666666666665
tight_deadlines,deadline,120082,15,15,14,0,44,1,133.9000000000001,0,0.9333333333333333,1.0,0.06666666666666667,2.933333333333333
tight_deadlines,deadline,120083,10,10,10,0,39,0,86.35000000000004,0,1.0,1.0,0.0,3.9
tight_deadlines,deadline,120084,16,12,5,4,44,22,57.20000000000001,0,0.3125,0.75,1.8333333333333333,3.6666666666666665
tight_deadlines,deadline,120085,19,15,4,4,47,59,60.250000000000014,0,0.21052631578947367,0.7894736842105263,3.933333333333333,3.1333333333333333
tight_deadlines,deadline,120086,7,7,7,0,30,0,59.49999999999997,0,1.0,1.0,0.0,4.285714285714286
tight_deadlines,deadline,120087,19,16,9,3,45,14,110.45000000000007,0,0.47368421052631576,0.8421052631578947,0.875,2.8125
tight_deadlines,deadline,120088,17,14,5,3,42,35,76.8,0,0.29411764705882354,0.8235294117647058,2.5,3.0
tight_deadlines,deadline,120089,13,12,3,1,48,25,77.70000000000003,0,0.23076923076923078,0.9230769230769231,2.0833333333333335,4.0
tight_deadlines,deadline,120090,8,8,8,0,32,0,68.8,0,1.0,1.0,0.0,4.0
tight_deadlines,deadline,120091,11,11,5,0,47,15,83.05000000000008,0,0.45454545454545453,1.0,1.3636363636363635,4.2727272727272725
tight_deadlines,deadline,120092,13,12,9,0,44,10,87.50000000000001,1,0.6923076923076923,0.9230769230769231,0.8333333333333334,3.6666666666666665
tight_deadlines,deadline,120093,10,10,3,0,46,36,58.70000000000001,0,0.3,1.0,3.6,4.6
tight_deadlines,deadline,120094,16,15,9,1,45,23,110.15000000000009,0,0.5625,0.9375,1.5333333333333334,3.0
tight_deadlines,deadline,120095,19,15,5,4,46,30,80.90000000000005,0,0.2631578947368421,0.7894736842105263,2.0,3.066666666666667
tight_deadlines,deadline,120096,10,10,9,0,41,1,84.95000000000005,0,0.9,1.0,0.1,4.1
tight_deadlines,deadline,120097,16,16,7,0,47,27,124.65000000000006,0,0.4375,1.0,1.6875,2.9375
tight_deadlines,deadline,120098,21,15,5,6,48,42,55.80000000000002,0,0.23809523809523808,0.7142857142857143,2.8,3.2
tight_deadlines,deadline,120099,11,11,10,0,45,1,93.55000000000004,0,0.9090909090909091,1.0,0.09090909090909091,4.090909090909091
tight_deadlines,deadline,120100,16,13,8,2,48,36,59.099999999999966,1,0.5,0.8125,2.769230769230769,3.6923076923076925
tight_deadlines,deadline,120101,18,15,4,3,48,47,76.30000000000004,0,0.2222222222222222,0.8333333333333334,3.1333333333333333,3.2
tight_deadlines,deadline,120102,9,9,9,0,43,0,74.95,0,1.0,1.0,0.0,4.777777777777778
tight_deadlines,deadline,120103,13,13,5,0,48,31,91.50000000000009,0,0.38461538461538464,1.0,2.3846153846153846,3.6923076923076925
tight_deadlines,deadline,120104,13,13,12,0,38,1,116.00000000000003,0,0.9230769230769231,1.0,0.07692307692307693,2.923076923076923
tight_deadlines,deadline,120105,9,9,1,0,36,28,57.8,0,0.1111111111111111,1.0,3.111111111111111,4.0
tight_deadlines,deadline,120106,18,14,7,4,43,46,60.749999999999986,0,0.3888888888888889,0.7777777777777778,3.2857142857142856,3.0714285714285716
tight_deadlines,deadline,120107,13,13,7,0,48,12,104.80000000000007,0,0.5384615384615384,1.0,0.9230769230769231,3.6923076923076925
tight_deadlines,deadline,120108,19,16,6,2,48,40,88.40000000000005,1,0.3157894736842105,0.8421052631578947,2.5,3.0
tight_deadlines,deadline,120109,17,14,7,3,47,42,70.15,0,0.4117647058823529,0.8235294117647058,3.0,3.357142857142857
tight_deadlines,deadline,120110,15,14,11,1,43,9,110.65000000000006,0,0.7333333333333333,0.9333333333333333,0.6428571428571429,3.0714285714285716
tight_deadlines,deadline,120111,16,16,9,0,48,16,132.00000000000009,0,0.5625,1.0,1.0,3.0
tight_deadlines,deadline,120112,16,16,11,0,46,20,129.9000000000001,0,0.6875,1.0,1.25,2.875
tight_deadlines,deadline,120113,13,12,6,1,45,25,78.75000000000003,0,0.46153846153846156,0.9230769230769231,2.0833333333333335,3.75
tight_deadlines,deadline,120114,13,13,12,0,43,3,112.85000000000008,0,0.9230769230769231,1.0,0.23076923076923078,3.3076923076923075
tight_deadlines,deadline,120115,14,13,6,1,46,29,85.60000000000007,0,0.42857142857142855,0.9285714285714286,2.230769230769231,3.5384615384615383
tight_deadlines,deadline,120116,17,15,11,2,44,8,113.00000000000006,0,0.6470588235294118,0.8823529411764706,0.5333333333333333,2.933333333333333
tight_deadlines,deadline,120117,16,15,8,1,43,18,114.35000000000008,0,0.5,0.9375,1.2,2.8666666666666667
tight_deadlines,deadline,120118,15,15,15,0,44,0,134.60000000000008,0,1.0,1.0,0.0,2.933333333333333
tight_deadlines,deadline,120119,17,14,7,3,47,29,79.25000000000004,0,0.4117647058823529,0.8235294117647058,2.0714285714285716,3.357142857142857
tight_deadlines,deadline,120120,14,14,11,0,45,8,118.65000000000009,0,0.7857142857142857,1.0,0.5714285714285714,3.2142857142857144
tight_deadlines,deadline,120121,15,12,4,3,47,52,43.15000000000001,0,0.26666666666666666,0.8,4.333333333333333,3.9166666666666665
tight_deadlines,deadline,120122,16,15,11,1,48,16,114.00000000000009,0,0.6875,0.9375,1.0666666666666667,3.2
tight_deadlines,deadline,120123,15,14,7,1,46,27,97.00000000000006,0,0.4666666666666667,0.9333333333333333,1.9285714285714286,3.2857142857142856
tight_deadlines,deadline,120124,14,14,7,0,43,17,113.05000000000008,0,0.5,1.0,1.2142857142857142,3.0714285714285716
tight_deadlines,deadline,120125,18,15,2,3,48,56,70.00000000000006,0,0.1111111111111111,0.8333333333333334,3.7333333333333334,3.2
tight_deadlines,deadline,120126,14,13,7,1,40,12,99.60000000000008,0,0.5,0.9285714285714286,0.9230769230769231,3.076923076923077
tight_deadlines,deadline,120127,13,13,6,0,48,27,94.30000000000007,0,0.46153846153846156,1.0,2.076923076923077,3.6923076923076925
tight_deadlines,deadline,120128,17,14,3,3,42,42,71.90000000000006,0,0.17647058823529413,0.8235294117647058,3.0,3.0
tight_deadlines,deadline,120129,15,13,7,1,48,22,76.19999999999999,1,0.4666666666666667,0.8666666666666667,1.6923076923076923,3.6923076923076925
tight_deadlines,deadline,120130,12,10,4,1,43,26,47.95000000000001,1,0.3333333333333333,0.8333333333333334,2.6,4.3
tight_deadlines,deadline,120131,16,15,7,0,48,26,104.90000000000009,1,0.4375,0.9375,1.7333333333333334,3.2
tight_deadlines,deadline,120132,15,15,7,0,48,41,104.50000000000004,0,0.4666666666666667,1.0,2.7333333333333334,3.2
tight_deadlines,deadline,120133,13,10,4,1,48,23,31.200000000000017,2,0.3076923076923077,0.7692307692307693,2.3,4.8
tight_deadlines,deadline,120134,12,12,11,0,42,2,103.90000000000006,0,0.9166666666666666,1.0,0.16666666666666666,3.5
tight_deadlines,deadline,120135,14,14,12,0,41,5,122.15000000000009,0,0.8571428571428571,1.0,0.35714285714285715,2.9285714285714284
tight_deadlines,deadline,120136,18,15,6,3,48,47,76.30000000000003,0,0.3333333333333333,0.8333333333333334,3.1333333333333333,3.2
tight_deadlines,deadline,120137,14,12,7,2,38,11,83.00000000000001,0,0.5,0.8571428571428571,0.9166666666666666,3.1666666666666665
tight_deadlines,deadline,120138,13,13,9,0,42,7,110.40000000000002,0,0.6923076923076923,1.0,0.5384615384615384,3.230769230769231
tight_deadlines,deadline,120139,8,8,7,0,37,4,64.25,0,0.875,1.0,0.5,4.625
tight_deadlines,deadline,120140,13,12,3,1,46,40,67.90000000000002,0,0.23076923076923078,0.9230769230769231,3.3333333333333335,3.8333333333333335
tight_deadlines,deadline,120141,13,13,5,0,42,22,99.90000000000005,0,0.38461538461538464,1.0,1.6923076923076923,3.230769230769231
tight_deadlines,deadline,120142,12,12,12,0,43,0,104.95000000000007,0,1.0,1.0,0.0,3.5833333333333335
tight_deadlines,deadline,120143,14,14,7,0,44,36,99.40000000000002,0,0.5,1.0,2.5714285714285716,3.142857142857143
tight_deadlines,deadline,120144,15,14,6,1,47,26,97.35000000000001,0,0.4,0.9333333333333333,1.8571428571428572,3.357142857142857
tight_deadlines,deadline,120145,9,9,9,0,36,0,77.4,0,1.0,1.0,0.0,4.0
tight_deadlines,deadline,120146,15,14,9,1,46,7,111.00000000000009,0,0.6,0.9333333333333333,0.5,3.2857142857142856
tight_deadlines,deadline,120147,10,10,8,0,37,6,82.85000000000004,0,0.8,1.0,0.6,3.7
tight_deadlines,deadline,120148,18,14,7,4,44,30,71.60000000000002,0,0.3888888888888889,0.7777777777777778,2.142857142857143,3.142857142857143
tight_deadlines,deadline,120149,9,9,9,0,38,0,76.70000000000002,0,1.0,1.0,0.0,4.222222222222222
tight_deadlines,deadline,120150,16,14,6,2,48,39,79.9,0,0.375,0.875,2.7857142857142856,3.4285714285714284
tight_deadlines,deadline,120151,11,11,8,0,37,3,94.95000000000003,0,0.7272727272727273,1.0,0.2727272727272727,3.3636363636363638
tight_deadlines,deadline,120152,14,13,5,1,46,27,87.00000000000007,0,0.35714285714285715,0.9285714285714286,2.076923076923077,3.5384615384615383
tight_deadlines,deadline,120153,15,13,7,2,46,31,76.2,0,0.4666666666666667,0.8666666666666667,2.3846153846153846,3.5384615384615383
tight_deadlines,deadline,120154,20,15,3,5,48,79,37.90000000000003,0,0.15,0.75,5.266666666666667,3.2
tight_deadlines,deadline,120155,15,15,8,0,42,35,110.80000000000007,0,0.5333333333333333,1.0,2.3333333333333335,2.8
tight_deadlines,deadline,120156,11,11,7,0,48,11,85.50000000000006,0,0.6363636363636364,1.0,1.0,4.363636363636363
tight_deadlines,deadline,120157,17,13,2,3,48,43,46.90000000000002,1,0.11764705882352941,0.7647058823529411,3.3076923076923075,3.6923076923076925
tight_deadlines,deadline,120158,12,12,12,0,41,0,105.65000000000006,0,1.0,1.0,0.0,3.4166666666666665
tight_deadlines,deadline,120159,15,15,6,0,48,29,112.90000000000006,0,0.4,1.0,1.9333333333333333,3.2
tight_deadlines,deadline,120160,14,14,12,0,43,4,122.15000000000012,0,0.8571428571428571,1.0,0.2857142857142857,3.0714285714285716
tight_deadlines,deadline,120161,15,13,5,1,48,48,60.10000000000002,1,0.3333333333333333,0.8666666666666667,3.6923076923076925,3.6923076923076925
tight_deadlines,deadline,120162,19,17,7,2,45,41,109.55000000000008,0,0.3684210526315789,0.8947368421052632,2.411764705882353,2.6470588235294117
tight_deadlines,deadline,120163,12,12,11,0,42,1,104.6000000000001,0,0.9166666666666666,1.0,0.08333333333333333,3.5
tight_deadlines,deadline,120164,12,12,11,0,44,3,102.50000000000004,0,0.9166666666666666,1.0,0.25,3.6666666666666665
tight_deadlines,deadline,120165,18,17,12,1,43,22,131.5500000000001,0,0.6666666666666666,0.9444444444444444,1.2941176470588236,2.5294117647058822
tight_deadlines,deadline,120166,13,13,11,0,42,4,112.50000000000007,0,0.8461538461538461,1.0,0.3076923076923077,3.230769230769231
tight_deadlines,deadline,120167,17,16,3,1,43,51,101.25000000000006,0,0.17647058823529413,0.9411764705882353,3.1875,2.6875
tight_deadlines,deadline,120168,15,14,8,1,38,15,108.20000000000005,0,0.5333333333333333,0.9333333333333333,1.0714285714285714,2.7142857142857144
tight_deadlines,deadline,120169,11,11,11,0,34,0,98.10000000000002,0,1.0,1.0,0.0,3.090909090909091
tight_deadlines,deadline,120170,18,15,6,3,39,28,92.75000000000004,0,0.3333333333333333,0.8333333333333334,1.8666666666666667,2.6
tight_deadlines,deadline,120171,11,11,2,0,43,28,75.35000000000004,0,0.18181818181818182,1.0,2.5454545454545454,3.909090909090909
tight_deadlines,deadline,120172,17,13,5,3,48,35,51.800000000000026,1,0.29411764705882354,0.7647058823529411,2.6923076923076925,3.6923076923076925
tight_deadlines,deadline,120173,12,11,5,1,41,33,64.55000000000001,0,0.4166666666666667,0.9166666666666666,3.0,3.727272727272727
tight_deadlines,deadline,120174,19,15,5,4,48,45,69.70000000000003,0,0.2631578947368421,0.7894736842105263,3.0,3.2
tight_deadlines,deadline,120175,16,13,9,3,44,13,81.50000000000003,0,0.5625,0.8125,1.0,3.3846153846153846
tight_deadlines,deadline,120176,14,12,5,1,48,44,52.20000000000003,1,0.35714285714285715,0.8571428571428571,3.6666666666666665,4.0
tight_deadlines,deadline,120177,20,20,16,0,41,6,181.45000000000013,0,0.8,1.0,0.3,2.05
tight_deadlines,deadline,120178,13,13,6,0,45,27,95.35000000000004,0,0.46153846153846156,1.0,2.076923076923077,3.4615384615384617
tight_deadlines,deadline,120179,14,14,9,0,48,9,116.9000000000001,0,0.6428571428571429,1.0,0.6428571428571429,3.4285714285714284
tight_deadlines,deadline,120180,15,15,13,0,47,7,128.65000000000012,0,0.8666666666666667,1.0,0.4666666666666667,3.1333333333333333
tight_deadlines,deadline,120181,8,8,5,0,27,11,62.84999999999999,0,0.625,1.0,1.375,3.375
tight_deadlines,deadline,120182,17,17,12,0,43,8,149.35000000000008,0,0.7058823529411765,1.0,0.47058823529411764,2.5294117647058822
tight_deadlines,deadline,120183,15,14,7,1,48,20,101.20000000000006,0,0.4666666666666667,0.9333333333333333,1.4285714285714286,3.4285714285714284
tight_deadlines,deadline,120184,11,11,11,0,37,0,97.05000000000007,0,1.0,1.0,0.0,3.3636363636363638
tight_deadlines,deadline,120185,12,12,10,0,44,3,102.50000000000006,0,0.8333333333333334,1.0,0.25,3.6666666666666665
tight_deadlines,deadline,120186,18,16,6,2,48,38,100.60000000000005,0,0.3333333333333333,0.8888888888888888,2.375,3.0
tight_deadlines,deadline,120187,13,13,10,0,44,3,112.50000000000004,0,0.7692307692307693,1.0,0.23076923076923078,3.3846153846153846
tight_deadlines,deadline,120188,19,14,5,4,48,35,54.50000000000004,1,0.2631578947368421,0.7368421052631579,2.5,3.4285714285714284
tight_deadlines,deadline,120189,15,13,5,2,44,42,69.20000000000003,0,0.3333333333333333,0.8666666666666667,3.230769230769231,3.3846153846153846
tight_deadlines,deadline,120190,12,12,6,0,46,33,80.8,0,0.5,1.0,2.75,3.8333333333333335
tight_deadlines,deadline,120191,12,11,4,1,42,24,70.50000000000001,0,0.3333333333333333,0.9166666666666666,2.1818181818181817,3.8181818181818183
tight_deadlines,deadline,120192,16,16,12,0,48,13,134.10000000000008,0,0.75,1.0,0.8125,3.0
tight_deadlines,deadline,120193,12,12,6,0,42,30,84.30000000000004,0,0.5,1.0,2.5,3.5
tight_deadlines,deadline,120194,20,15,4,5,45,56,55.05000000000001,0,0.2,0.75,3.7333333333333334,3.0
tight_deadlines,deadline,120195,15,14,6,1,43,18,104.35000000000005,0,0.4,0.9333333333333333,1.2857142857142858,3.0714285714285716
tight_deadlines,deadline,120196,17,15,8,2,47,40,89.55000000000004,0,0.47058823529411764,0.8823529411764706,2.6666666666666665,3.1333333333333333
tight_deadlines,deadline,120197,15,15,12,0,45,6,130.05000000000007,0,0.8,1.0,0.4,3.0
tight_deadlines,deadline,120198,16,14,6,1,48,31,80.60000000000005,1,0.375,0.875,2.2142857142857144,3.4285714285714284
tight_deadlines,deadline,120199,20,15,7,5,44,22,79.20000000000006,0,0.35,0.75,1.4666666666666666,2.933333333333333
tight_deadlines,deadline,120200,17,15,6,2,46,33,94.80000000000004,0,0.35294117647058826,0.8823529411764706,2.2,3.066666666666667
tight_deadlines,deadline,120201,13,13,9,0,41,14,105.85000000000005,0,0.6923076923076923,1.0,1.0769230769230769,3.1538461538461537
tight_deadlines,deadline,120202,13,13,12,0,42,2,113.90000000000008,0,0.9230769230769231,1.0,0.15384615384615385,3.230769230769231
tight_deadlines,deadline,120203,15,15,10,0,42,15,124.80000000000007,0,0.6666666666666666,1.0,1.0,2.8
tight_deadlines,deadline,120204,16,15,11,0,48,7,116.10000000000008,1,0.6875,0.9375,0.4666666666666667,3.2
tight_deadlines,deadline,120205,12,12,5,0,40,27,87.10000000000005,0,0.4166666666666667,1.0,2.25,3.3333333333333335
tight_deadlines,deadline,120206,18,16,8,2,48,30,106.20000000000005,0,0.4444444444444444,0.8888888888888888,1.875,3.0
tight_deadlines,deadline,120207,17,16,8,1,48,42,105.80000000000007,0,0.47058823529411764,0.9411764705882353,2.625,3.0
tight_deadlines,deadline,120208,10,10,9,0,37,2,85.65000000000006,0,0.9,1.0,0.2,3.7
tight_deadlines,deadline,120209,12,12,7,0,40,11,98.30000000000007,0,0.5833333333333334,1.0,0.9166666666666666,3.3333333333333335
tight_deadlines,deadline,120210,17,13,7,4,38,20,70.70000000000003,0,0.4117647058823529,0.7647058823529411,1.5384615384615385,2.923076923076923
tight_deadlines,deadline,120211,11,11,11,0,37,0,97.05000000000007,0,1.0,1.0,0.0,3.3636363636363638
tight_deadlines,deadline,120212,8,8,1,0,39,19,53.050000000000004,0,0.125,1.0,2.375,4.875
tight_deadlines,deadline,120213,14,12,3,1,48,57,44.5,1,0.21428571428571427,0.8571428571428571,4.75,4.0
tight_deadlines,deadline,120214,14,11,2,2,48,48,30.70000000000002,1,0.14285714285714285,0.7857142857142857,4.363636363636363,4.363636363636363
tight_deadlines,deadline,120215,19,16,10,3,47,26,101.35000000000007,0,0.5263157894736842,0.8421052631578947,1.625,2.9375
tight_deadlines,deadline,120216,13,13,8,0,46,8,108.30000000000008,0,0.6153846153846154,1.0,0.6153846153846154,3.5384615384615383
tight_deadlines,deadline,120217,18,17,10,1,48,26,127.00000000000007,0,0.5555555555555556,0.9444444444444444,1.5294117647058822,2.823529411764706
tight_deadlines,deadline,120218,13,13,8,0,40,9,109.70000000000003,0,0.6153846153846154,1.0,0.6923076923076923,3.076923076923077
tight_deadlines,deadline,120219,12,12,8,0,43,14,95.15000000000008,0,0.6666666666666666,1.0,1.1666666666666667,3.5833333333333335
tight_deadlines,deadline,120220,17,15,4,2,48,56,78.00000000000004,0,0.23529411764705882,0.8823529411764706,3.7333333333333334,3.2
tight_deadlines,deadline,120221,12,12,6,0,43,14,95.15000000000002,0,0.5,1.0,1.1666666666666667,3.5833333333333335
tight_deadlines,deadline,120222,10,10,10,0,36,0,87.4,0,1.0,1.0,0.0,3.6
tight_deadlines,deadline,120223,12,12,10,0,38,8,101.10000000000002,0,0.8333333333333334,1.0,0.6666666666666666,3.1666666666666665
tight_deadlines,deadline,120224,15,15,11,0,41,7,130.75000000000009,0,0.7333333333333333,1.0,0.4666666666666667,2.7333333333333334
tight_deadlines,deadline,120225,13,13,10,0,43,14,105.15000000000006,0,0.7692307692307693,1.0,1.0769230769230769,3.3076923076923075
tight_deadlines,deadline,120226,15,15,12,0,45,11,126.55000000000007,0,0.8,1.0,0.7333333333333333,3.0
tight_deadlines,deadline,120227,15,14,5,1,44,40,88.60000000000008,0,0.3333333333333333,0.9333333333333333,2.857142857142857,3.142857142857143
tight_deadlines,deadline,120228,17,13,5,4,44,39,55.30000000000001,0,0.29411764705882354,0.7647058823529411,3.0,3.3846153846153846
tight_deadlines,deadline,120229,18,16,7,2,46,24,111.10000000000008,0,0.3888888888888889,0.8888888888888888,1.5,2.875
tight_deadlines,deadline,120230,20,15,8,5,41,37,69.75000000000001,0,0.4,0.75,2.466666666666667,2.7333333333333334
tight_deadlines,deadline,120231,13,13,6,0,48,21,98.50000000000006,0,0.46153846153846156,1.0,1.6153846153846154,3.6923076923076925
tight_deadlines,deadline,120232,15,14,11,1,45,10,109.25000000000006,0,0.7333333333333333,0.9333333333333333,0.7142857142857143,3.2142857142857144
tight_deadlines,deadline,120233,15,15,8,0,43,12,126.55000000000007,0,0.5333333333333333,1.0,0.8,2.8666666666666667
tight_deadlines,deadline,120234,16,13,4,3,44,28,71.00000000000003,0,0.25,0.8125,2.1538461538461537,3.3846153846153846
tight_deadlines,deadline,120235,12,12,11,0,40,1,105.30000000000001,0,0.9166666666666666,1.0,0.08333333333333333,3.3333333333333335
tight_deadlines,deadline,120236,13,13,6,0,48,45,81.7,0,0.46153846153846156,1.0,3.4615384615384617,3.6923076923076925
tight_deadlines,deadline,120237,16,16,10,0,48,9,136.9000000000001,0,0.625,1.0,0.5625,3.0
tight_deadlines,deadline,120238,19,15,6,2,48,38,63.400000000000006,2,0.3157894736842105,0.7894736842105263,2.533333333333333,3.2
tight_deadlines,deadline,120239,16,13,5,3,48,57,49.300000000000004,0,0.3125,0.8125,4.384615384615385,3.6923076923076925
tight_deadlines,deadline,120240,16,15,4,1,43,52,90.55000000000005,0,0.25,0.9375,3.466666666666667,2.8666666666666667
tight_deadlines,deadline,120241,13,13,9,0,46,8,108.30000000000005,0,0.6923076923076923,1.0,0.6153846153846154,3.5384615384615383
tight_deadlines,deadline,120242,19,13,5,5,48,72,7.800000000000004,1,0.2631578947368421,0.6842105263157895,5.538461538461538,3.6923076923076925
tight_deadlines,deadline,120243,6,6,5,0,28,1,49.49999999999998,0,0.8333333333333334,1.0,0.16666666666666666,4.666666666666667
tight_deadlines,deadline,120244,14,14,10,0,45,8,118.65000000000005,0,0.7142857142857143,1.0,0.5714285714285714,3.2142857142857144
tight_deadlines,deadline,120245,16,14,9,2,44,20,94.60000000000004,0,0.5625,0.875,1.4285714285714286,3.142857142857143
tight_deadlines,deadline,120246,13,12,6,0,44,25,74.2,1,0.46153846153846156,0.9230769230769231,2.0833333333333335,3.6666666666666665
tight_deadlines,deadline,120247,17,13,3,4,43,41,54.250000000000014,0,0.17647058823529413,0.7647058823529411,3.1538461538461537,3.3076923076923075
tight_deadlines,deadline,120248,16,16,14,0,48,3,141.10000000000008,0,0.875,1.0,0.1875,3.0
tight_deadlines,deadline,120249,10,10,10,0,38,0,86.70000000000005,0,1.0,1.0,0.0,3.8
tight_deadlines,deadline,120250,15,13,8,2,40,12,91.6,0,0.5333333333333333,0.8666666666666667,0.9230769230769231,3.076923076923077
tight_deadlines,deadline,120251,19,16,9,3,48,34,95.40000000000002,0,0.47368421052631576,0.8421052631578947,2.125,3.0
tight_deadlines,deadline,120252,17,14,2,2,48,60,53.000000000000014,1,0.11764705882352941,0.8235294117647058,4.285714285714286,3.4285714285714284
tight_deadlines,deadline,120253,14,14,10,0,42,6,121.10000000000004,0,0.7142857142857143,1.0,0.42857142857142855,3.0
tight_deadlines,deadline,120254,16,13,7,3,46,34,66.10000000000004,0,0.4375,0.8125,2.6153846153846154,3.5384615384615383
tight_deadlines,deadline,120255,12,12,6,0,44,26,86.40000000000003,0,0.5,1.0,2.1666666666666665,3.6666666666666665
tight_deadlines,deadline,120256,13,13,9,0,41,8,110.05000000000005,0,0.6923076923076923,1.0,0.6153846153846154,3.1538461538461537
tight_deadlines,deadline,120257,16,16,11,0,48,9,136.90000000000003,0,0.6875,1.0,0.5625,3.0
tight_deadlines,deadline,120258,18,16,8,2,46,19,114.60000000000008,0,0.4444444444444444,0.8888888888888888,1.1875,2.875
tight_deadlines,deadline,120259,12,12,8,0,46,8,98.30000000000007,0,0.6666666666666666,1.0,0.6666666666666666,3.8333333333333335
tight_deadlines,deadline,120260,15,15,15,0,39,0,136.35000000000008,0,1.0,1.0,0.0,2.6
tight_deadlines,deadline,120261,15,15,15,0,43,0,134.9500000000001,0,1.0,1.0,0.0,2.8666666666666667
tight_deadlines,deadline,120262,21,16,5,5,48,44,72.40000000000003,0,0.23809523809523808,0.7619047619047619,2.75,3.0
tight_deadlines,deadline,120263,14,13,7,0,48,22,87.70000000000005,1,0.5,0.9285714285714286,1.6923076923076923,3.6923076923076925
tight_deadlines,deadline,120264,10,10,7,0,34,12,79.69999999999999,0,0.7,1.0,1.2,3.4
tight_deadlines,deadline,120265,15,14,8,1,44,11,108.90000000000009,0,0.5333333333333333,0.9333333333333333,0.7857142857142857,3.142857142857143
tight_deadlines,deadline,120266,13,12,3,1,47,33,72.45000000000006,0,0.23076923076923078,0.9230769230769231,2.75,3.9166666666666665
tight_deadlines,deadline,120267,15,14,6,1,45,25,98.75000000000009,0,0.4,0.9333333333333333,1.7857142857142858,3.2142857142857144
tight_deadlines,deadline,120268,14,13,6,1,45,36,81.05000000000003,0,0.42857142857142855,0.9285714285714286,2.769230769230769,3.4615384615384617
tight_deadlines,deadline,120269,16,12,5,2,48,47,27.09999999999998,2,0.3125,0.75,3.9166666666666665,4.0
tight_deadlines,deadline,120270,14,14,6,0,48,28,103.60000000000005,0,0.42857142857142855,1.0,2.0,3.4285714285714284
tight_deadlines,deadline,120271,12,12,8,0,47,21,88.85000000000002,0,0.6666666666666666,1.0,1.75,3.9166666666666665
tight_deadlines,deadline,120272,11,11,11,0,36,0,97.40000000000006,0,1.0,1.0,0.0,3.272727272727273
tight_deadlines,deadline,120273,14,13,5,1,46,26,87.70000000000006,0,0.35714285714285715,0.9285714285714286,2.0,3.5384615384615383
tight_deadlines,deadline,120274,14,14,6,0,48,26,105.00000000000009,0,0.42857142857142855,1.0,1.8571428571428572,3.4285714285714284
tight_deadlines,deadline,120275,16,13,5,1,48,47,45.09999999999998,2,0.3125,0.8125,3.6153846153846154,3.6923076923076925
tight_deadlines,deadline,120276,7,7,6,0,34,2,56.69999999999997,0,0.8571428571428571,1.0,0.2857142857142857,4.857142857142857
tight_deadlines,deadline,120277,13,12,5,0,48,40,62.3,1,0.38461538461538464,0.9230769230769231,3.3333333333333335,4.0
tight_deadlines,deadline,120278,9,9,9,0,45,0,74.25,0,1.0,1.0,0.0,5.0
tight_deadlines,deadline,120279,13,13,10,0,40,8,110.40000000000003,0,0.7692307692307693,1.0,0.6153846153846154,3.076923076923077
tight_deadlines,deadline,120280,15,15,15,0,42,0,135.3000000000001,0,1.0,1.0,0.0,2.8
tight_deadlines,deadline,120281,8,8,8,0,32,0,68.8,0,1.0,1.0,0.0,4.0
tight_deadlines,deadline,120282,15,14,7,1,40,20,104.00000000000007,0,0.4666666666666667,0.9333333333333333,1.4285714285714286,2.857142857142857
tight_deadlines,deadline,120283,10,10,8,0,40,2,84.60000000000002,0,0.8,1.0,0.2,4.0
tight_deadlines,deadline,120284,14,13,5,1,48,53,68.10000000000001,0,0.35714285714285715,0.9285714285714286,4.076923076923077,3.6923076923076925
tight_deadlines,deadline,120285,15,15,8,0,48,14,123.4000000000001,0,0.5333333333333333,1.0,0.9333333333333333,3.2
tight_deadlines,deadline,120286,11,11,6,0,42,14,85.50000000000003,0,0.5454545454545454,1.0,1.2727272727272727,3.8181818181818183
tight_deadlines,deadline,120287,12,12,10,0,40,3,103.90000000000003,0,0.8333333333333334,1.0,0.25,3.3333333333333335
tight_deadlines,deadline,120288,14,14,9,0,46,10,116.9000000000001,0,0.6428571428571429,1.0,0.7142857142857143,3.2857142857142856
tight_deadlines,deadline,120289,20,15,5,5,48,41,64.50000000000004,0,0.25,0.75,2.7333333333333334,3.2
tight_deadlines,deadline,120290,19,15,9,4,47,27,82.65000000000002,0,0.47368421052631576,0.7894736842105263,1.8,3.1333333333333333
tight_deadlines,deadline,120291,11,11,11,0,44,0,94.60000000000007,0,1.0,1.0,0.0,4.0
tight_deadlines,deadline,120292,13,13,9,0,48,10,106.2000000000001,0,0.6923076923076923,1.0,0.7692307692307693,3.6923076923076925
tight_deadlines,deadline,120293,11,11,9,0,44,3,92.50000000000007,0,0.8181818181818182,1.0,0.2727272727272727,4.0
tight_deadlines,deadline,120294,15,11,7,1,48,23,29.699999999999978,3,0.4666666666666667,0.7333333333333333,2.090909090909091,4.363636363636363
tight_deadlines,deadline,120295,13,13,10,0,40,8,110.40000000000009,0,0.7692307692307693,1.0,0.6153846153846154,3.076923076923077
tight_deadlines,deadline,120296,20,15,6,5,44,38,68.00000000000003,0,0.3,0.75,2.533333333333333,2.933333333333333
tight_deadlines,deadline,120297,16,16,16,0,44,0,144.6000000000001,0,1.0,1.0,0.0,2.75
tight_deadlines,deadline,120298,17,15,5,2,44,32,96.20000000000003,0,0.29411764705882354,0.8823529411764706,2.1333333333333333,2.933333333333333
tight_deadlines,deadline,120299,17,15,7,2,47,22,102.15000000000009,0,0.4117647058823529,0.8823529411764706,1.4666666666666666,3.1333333333333333
tight_deadlines,batching,120000,12,12,8,0,44,9,98.30000000000008,0,0.6666666666666666,1.0,0.75,3.6666666666666665
tight_deadlines,batching,120001,9,9,8,0,34,4,75.30000000000003,0,0.8888888888888888,1.0,0.4444444444444444,3.7777777777777777
tight_deadlines,batching,120002,11,11,9,0,32,3,96.70000000000002,0,0.8181818181818182,1.0,0.2727272727272727,2.909090909090909
tight_deadlines,batching,120003,17,14,7,3,38,41,74.00000000000003,0,0.4117647058823529,0.8235294117647058,2.9285714285714284,2.7142857142857144
tight_deadlines,batching,120004,19,12,4,7,38,41,22.000000000000014,0,0.21052631578947367,0.631578947368421,3.4166666666666665,3.1666666666666665
tight_deadlines,batching,120005,15,15,8,0,45,25,116.75000000000004,0,0.5333333333333333,1.0,1.6666666666666667,3.0
tight_deadlines,batching,120006,11,11,11,0,31,0,99.15,0,1.0,1.0,0.0,2.8181818181818183
tight_deadlines,batching,120007,14,14,10,0,39,10,119.35000000000008,0,0.7142857142857143,1.0,0.7142857142857143,2.7857142857142856
tight_deadlines,batching,120008,15,15,10,0,47,16,122.35000000000007,0,0.6666666666666666,1.0,1.0666666666666667,3.1333333333333333
tight_deadlines,batching,120009,13,13,11,0,39,2,114.95000000000002,0,0.8461538461538461,1.0,0.15384615384615385,3.0
tight_deadlines,batching,120010,15,13,6,2,40,30,79.00000000000006,0,0.4,0.8666666666666667,2.3076923076923075,3.076923076923077
tight_deadlines,batching,120011,22,13,3,9,47,85,-17.950000000000017,0,0.13636363636363635,0.5909090909090909,6.538461538461538,3.6153846153846154
tight_deadlines,batching,120012,18,14,4,4,43,47,60.050000000000004,0,0.2222222222222222,0.7777777777777778,3.357142857142857,3.0714285714285716
tight_deadlines,batching,120013,12,12,10,0,38,7,101.80000000000004,0,0.8333333333333334,1.0,0.5833333333333334,3.1666666666666665
tight_deadlines,batching,120014,16,15,10,0,48,25,104.90000000000008,1,0.625,0.9375,1.6666666666666667,3.2
tight_deadlines,batching,120015,13,12,2,1,46,33,72.80000000000005,0,0.15384615384615385,0.9230769230769231,2.75,3.8333333333333335
tight_deadlines,batching,120016,16,14,2,2,45,66,62.05000000000004,0,0.125,0.875,4.714285714285714,3.2142857142857144
tight_deadlines,batching,120017,18,13,5,5,40,23,59.89999999999999,0,0.2777777777777778,0.7222222222222222,1.7692307692307692,3.076923076923077
tight_deadlines,batching,120018,12,12,5,0,39,22,90.95000000000007,0,0.4166666666666667,1.0,1.8333333333333333,3.25
tight_deadlines,batching,120019,8,8,8,0,34,0,68.1,0,1.0,1.0,0.0,4.25
tight_deadlines,batching,120020,16,13,4,3,40,41,63.300000000000026,0,0.25,0.8125,3.1538461538461537,3.076923076923077
tight_deadlines,batching,120021,12,12,3,0,45,45,72.75000000000006,0,0.25,1.0,3.75,3.75
tight_deadlines,batching,120022,10,10,9,0,40,3,83.90000000000003,0,0.9,1.0,0.3,4.0
tight_deadlines,batching,120023,16,11,5,2,47,37,7.349999999999962,3,0.3125,0.6875,3.3636363636363638,4.2727272727272725
tight_deadlines,batching,120024,14,13,6,1,37,24,92.25000000000003,0,0.42857142857142855,0.9285714285714286,1.8461538461538463,2.8461538461538463
tight_deadlines,batching,120025,16,13,4,3,45,65,44.750000000000014,0,0.25,0.8125,5.0,3.4615384615384617
tight_deadlines,batching,120026,11,11,7,0,35,13,88.65000000000002,0,0.6363636363636364,1.0,1.1818181818181819,3.1818181818181817
tight_deadlines,batching,120027,12,12,8,0,40,7,101.10000000000005,0,0.6666666666666666,1.0,0.5833333333333334,3.3333333333333335
tight_deadlines,batching,120028,10,10,4,0,37,14,77.25000000000004,0,0.4,1.0,1.4,3.7
tight_deadlines,batching,120029,13,13,12,0,35,2,116.35000000000005,0,0.9230769230769231,1.0,0.15384615384615385,2.6923076923076925
tight_deadlines,batching,120030,14,14,9,0,42,18,112.70000000000007,0,0.6428571428571429,1.0,1.2857142857142858,3.0
tight_deadlines,batching,120031,14,14,7,0,42,18,112.70000000000007,0,0.5,1.0,1.2857142857142858,3.0
tight_deadlines,batching,120032,13,13,10,0,46,11,106.20000000000007,0,0.7692307692307693,1.0,0.8461538461538461,3.5384615384615383
tight_deadlines,batching,120033,8,8,7,0,32,1,68.1,0,0.875,1.0,0.125,4.0
tight_deadlines,batching,120034,15,15,15,0,40,0,136.00000000000009,0,1.0,1.0,0.0,2.6666666666666665
tight_deadlines,batching,120035,12,12,9,0,39,5,102.85000000000007,0,0.75,1.0,0.4166666666666667,3.25
tight_deadlines,batching,120036,17,14,3,3,45,49,65.95000000000005,0,0.17647058823529413,0.8235294117647058,3.5,3.2142857142857144
tight_deadlines,batching,120037,17,15,4,2,45,58,77.65000000000005,0,0.23529411764705882,0.8823529411764706,3.8666666666666667,3.0
tight_deadlines,batching,120038,17,15,8,1,46,26,94.10000000000004,1,0.47058823529411764,0.8823529411764706,1.7333333333333334,3.066666666666667
tight_deadlines,batching,120039,19,16,3,3,43,40,92.95000000000003,0,0.15789473684210525,0.8421052631578947,2.5,2.6875
tight_deadlines,batching,120040,16,13,5,2,45,42,58.74999999999997,1,0.3125,0.8125,3.230769230769231,3.4615384615384617
tight_deadlines,batching,120041,16,13,4,3,44,34,66.80000000000005,0,0.25,0.8125,2.6153846153846154,3.3846153846153846
tight_deadlines,batching,120042,15,14,7,1,43,43,86.85000000000004,0,0.4666666666666667,0.9333333333333333,3.0714285714285716,3.0714285714285716
tight_deadlines,batching,120043,11,11,3,0,40,18,83.40000000000006,0,0.2727272727272727,1.0,1.6363636363636365,3.6363636363636362
tight_deadlines,batching,120044,19,15,7,4,37,27,86.15000000000003,0,0.3684210526315789,0.7894736842105263,1.8,2.466666666666667
tight_deadlines,batching,120045,17,15,7,1,48,39,85.70000000000005,1,0.4117647058823529,0.8823529411764706,2.6,3.2
tight_deadlines,batching,120046,17,14,9,3,43,14,91.15000000000005,0,0.5294117647058824,0.8235294117647058,1.0,3.0714285714285716
tight_deadlines,batching,120047,19,17,11,2,42,16,128.10000000000008,0,0.5789473684210527,0.8947368421052632,0.9411764705882353,2.4705882352941178
tight_deadlines,batching,120048,10,10,8,0,39,3,84.25000000000004,0,0.8,1.0,0.3,3.9
tight_deadlines,batching,120049,23,15,5,7,46,63,20.900000000000013,1,0.21739130434782608,0.6521739130434783,4.2,3.066666666666667
tight_deadlines,batching,120050,15,13,3,2,47,65,52.050000000000004,0,0.2,0.8666666666666667,5.0,3.6153846153846154
tight_deadlines,batching,120051,16,16,9,0,45,14,134.4500000000001,0,0.5625,1.0,0.875,2.8125
tight_deadlines,batching,120052,14,14,14,0,32,0,128.80000000000007,0,1.0,1.0,0.0,2.2857142857142856
tight_deadlines,batching,120053,13,13,7,0,40,21,101.30000000000008,0,0.5384615384615384,1.0,1.6153846153846154,3.076923076923077
tight_deadlines,batching,120054,15,13,4,2,43,56,59.75,0,0.26666666666666666,0.8666666666666667,4.3076923076923075,3.3076923076923075
tight_deadlines,batching,120055,18,13,3,5,40,41,47.300000000000004,0,0.16666666666666666,0.7222222222222222,3.1538461538461537,3.076923076923077
tight_deadlines,batching,120056,14,14,11,0,37,3,124.95000000000009,0,0.7857142857142857,1.0,0.21428571428571427,2.642857142857143
tight_deadlines,batching,120057,13,13,13,0,33,0,118.45000000000007,0,1.0,1.0,0.0,2.5384615384615383
tight_deadlines,batching,120058,12,12,11,0,34,3,106.00000000000001,0,0.9166666666666666,1.0,0.25,2.8333333333333335
tight_deadlines,batching,120059,6,6,6,0,26,0,50.89999999999997,0,1.0,1.0,0.0,4.333333333333333
tight_deadlines,batching,120060,13,13,11,0,42,5,111.80000000000007,0,0.8461538461538461,1.0,0.38461538461538464,3.230769230769231
tight_deadlines,batching,120061,18,15,4,3,45,31,88.55000000000003,0,0.2222222222222222,0.8333333333333334,2.066666666666667,3.0
tight_deadlines,batching,120062,14,13,10,1,38,8,103.10000000000004,0,0.7142857142857143,0.9285714285714286,0.6153846153846154,2.923076923076923
tight_deadlines,batching,120063,8,8,8,0,33,0,68.44999999999999,0,1.0,1.0,0.0,4.125
tight_deadlines,batching,120064,14,11,3,2,46,42,35.60000000000001,1,0.21428571428571427,0.7857142857142857,3.8181818181818183,4.181818181818182
tight_deadlines,batching,120065,11,11,11,0,36,0,97.40000000000003,0,1.0,1.0,0.0,3.272727272727273
tight_deadlines,batching,120066,13,13,9,0,47,7,108.65000000000012,0,0.6923076923076923,1.0,0.5384615384615384,3.6153846153846154
tight_deadlines,batching,120067,7,7,6,0,34,1,57.39999999999998,0,0.8571428571428571,1.0,0.14285714285714285,4.857142857142857
tight_deadlines,batching,120068,14,13,2,1,41,43,77.55000000000004,0,0.14285714285714285,0.9285714285714286,3.3076923076923075,3.1538461538461537
tight_deadlines,batching,120069,17,13,3,4,48,59,39.90000000000001,0,0.17647058823529413,0.7647058823529411,4.538461538461538,3.6923076923076925
tight_deadlines,batching,120070,17,16,7,1,44,31,114.90000000000006,0,0.4117647058823529,0.9411764705882353,1.9375,2.75
tight_deadlines,batching,120071,11,11,7,0,45,10,87.25000000000006,0,0.6363636363636364,1.0,0.9090909090909091,4.090909090909091
tight_deadlines,batching,120072,8,8,8,0,25,0,71.25,0,1.0,1.0,0.0,3.125
tight_deadlines,batching,120073,14,14,12,0,39,2,124.95000000000009,0,0.8571428571428571,1.0,0.14285714285714285,2.7857142857142856
tight_deadlines,batching,120074,15,14,7,0,46,29,92.80000000000003,1,0.4666666666666667,0.9333333333333333,2.0714285714285716,3.2857142857142856
tight_deadlines,batching,120075,16,13,4,3,39,42,62.95000000000002,0,0.25,0.8125,3.230769230769231,3.0
tight_deadlines,batching,120076,14,14,7,0,41,23,109.55000000000003,0,0.5,1.0,1.6428571428571428,2.9285714285714284
tight_deadlines,batching,120077,14,14,10,0,38,6,122.5000000000001,0,0.7142857142857143,1.0,0.42857142857142855,2.7142857142857144
tight_deadlines,batching,120078,11,11,9,0,32,5,95.30000000000004,0,0.8181818181818182,1.0,0.45454545454545453,2.909090909090909
tight_deadlines,batching,120079,14,14,11,0,41,10,118.65000000000009,0,0.7857142857142857,1.0,0.7142857142857143,2.9285714285714284
tight_deadlines,batching,120080,15,15,5,0,42,27,116.40000000000005,0,0.3333333333333333,1.0,1.8,2.8
tight_deadlines,batching,120081,12,12,2,0,44,26,86.40000000000008,0,0.16666666666666666,1.0,2.1666666666666665,3.6666666666666665
tight_deadlines,batching,120082,15,15,12,0,47,4,130.75000000000009,0,0.8,1.0,0.26666666666666666,3.1333333333333333
tight_deadlines,batching,120083,10,10,7,0,34,6,83.90000000000002,0,0.7,1.0,0.6,3.4
tight_deadlines,batching,120084,16,14,7,2,42,27,90.40000000000002,0,0.4375,0.875,1.9285714285714286,3.0
tight_deadlines,batching,120085,19,15,4,4,46,68,54.30000000000001,0,0.21052631578947367,0.7894736842105263,4.533333333333333,3.066666666666667
tight_deadlines,batching,120086,7,7,5,0,29,2,58.44999999999998,0,0.7142857142857143,1.0,0.2857142857142857,4.142857142857143
tight_deadlines,batching,120087,19,14,4,5,45,66,38.05000000000001,0,0.21052631578947367,0.7368421052631579,4.714285714285714,3.2142857142857144
tight_deadlines,batching,120088,17,14,6,3,39,45,70.85000000000002,0,0.35294117647058826,0.8235294117647058,3.2142857142857144,2.7857142857142856
tight_deadlines,batching,120089,13,12,6,0,44,15,81.20000000000003,1,0.46153846153846156,0.9230769230769231,1.25,3.6666666666666665
tight_deadlines,batching,120090,8,8,5,0,32,3,66.69999999999999,0,0.625,1.0,0.375,4.0
tight_deadlines,batching,120091,11,11,9,0,41,2,94.25000000000007,0,0.8181818181818182,1.0,0.18181818181818182,3.727272727272727
tight_deadlines,batching,120092,13,12,7,1,38,21,84.00000000000001,0,0.5384615384615384,0.9230769230769231,1.75,3.1666666666666665
tight_deadlines,batching,120093,10,10,3,0,34,27,69.20000000000003,0,0.3,1.0,2.7,3.4
tight_deadlines,batching,120094,16,13,2,3,46,40,61.900000000000006,0,0.125,0.8125,3.076923076923077,3.5384615384615383
tight_deadlines,batching,120095,19,16,3,3,47,38,92.95000000000005,0,0.15789473684210525,0.8421052631578947,2.375,2.9375
tight_deadlines,batching,120096,10,10,7,0,37,3,84.95000000000006,0,0.7,1.0,0.3,3.7
tight_deadlines,batching,120097,16,15,4,1,44,32,104.20000000000007,0,0.25,0.9375,2.1333333333333333,2.933333333333333
tight_deadlines,batching,120098,21,15,5,6,48,42,55.80000000000002,0,0.23809523809523808,0.7142857142857143,2.8,3.2
tight_deadlines,batching,120099,11,11,7,0,42,8,89.70000000000005,0,0.6363636363636364,1.0,0.7272727272727273,3.8181818181818183
tight_deadlines,batching,120100,16,13,8,2,38,31,66.10000000000001,1,0.5,0.8125,2.3846153846153846,2.923076923076923
tight_deadlines,batching,120101,18,13,3,5,46,75,21.400000000000023,0,0.16666666666666666,0.7222222222222222,5.769230769230769,3.5384615384615383
tight_deadlines,batching,120102,9,9,9,0,37,0,77.05000000000001,0,1.0,1.0,0.0,4.111111111111111
tight_deadlines,batching,120103,13,13,6,0,46,15,103.4000000000001,0,0.46153846153846156,1.0,1.1538461538461537,3.5384615384615383
tight_deadlines,batching,120104,13,12,5,1,37,23,82.95000000000002,0,0.38461538461538464,0.9230769230769231,1.9166666666666667,3.0833333333333335
tight_deadlines,batching,120105,9,9,4,0,33,15,67.95000000000002,0,0.4444444444444444,1.0,1.6666666666666667,3.6666666666666665
tight_deadlines,batching,120106,18,12,5,5,45,53,12.850000000000009,1,0.2777777777777778,0.6666666666666666,4.416666666666667,3.75
tight_deadlines,batching,120107,13,13,8,0,46,13,104.80000000000008,0,0.6153846153846154,1.0,1.0,3.5384615384615383
tight_deadlines,batching,120108,19,15,5,4,46,44,71.10000000000005,0,0.2631578947368421,0.7894736842105263,2.933333333333333,3.066666666666667
tight_deadlines,batching,120109,17,13,3,3,46,25,60.900000000000034,1,0.17647058823529413,0.7647058823529411,1.9230769230769231,3.5384615384615383
tight_deadlines,batching,120110,15,15,10,0,43,13,125.85000000000008,0,0.6666666666666666,1.0,0.8666666666666667,2.8666666666666667
tight_deadlines,batching,120111,16,15,5,1,46,30,104.90000000000009,0,0.3125,0.9375,2.0,3.066666666666667
tight_deadlines,batching,120112,16,16,7,0,45,36,119.05000000000007,0,0.4375,1.0,2.25,2.8125
tight_deadlines,batching,120113,13,13,9,0,41,7,110.75000000000007,0,0.6923076923076923,1.0,0.5384615384615384,3.1538461538461537
tight_deadlines,batching,120114,13,13,12,0,39,3,114.25000000000009,0,0.9230769230769231,1.0,0.23076923076923078,3.0
tight_deadlines,batching,120115,14,14,9,0,40,13,116.90000000000008,0,0.6428571428571429,1.0,0.9285714285714286,2.857142857142857
tight_deadlines,batching,120116,17,17,16,0,39,2,154.9500000000001,0,0.9411764705882353,1.0,0.11764705882352941,2.2941176470588234
tight_deadlines,batching,120117,16,15,5,1,47,27,106.65000000000008,0,0.3125,0.9375,1.8,3.1333333333333333
tight_deadlines,batching,120118,15,15,13,0,43,4,132.1500000000001,0,0.8666666666666667,1.0,0.26666666666666666,2.8666666666666667
tight_deadlines,batching,120119,17,15,8,2,47,35,93.05000000000005,0,0.47058823529411764,0.8823529411764706,2.3333333333333335,3.1333333333333333
tight_deadlines,batching,120120,14,14,7,0,45,18,111.65000000000005,0,0.5,1.0,1.2857142857142858,3.2142857142857144
tight_deadlines,batching,120121,15,11,3,4,43,59,21.65,0,0.2,0.7333333333333333,5.363636363636363,3.909090909090909
tight_deadlines,batching,120122,16,14,6,1,45,15,93.55000000000005,1,0.375,0.875,1.0714285714285714,3.2142857142857144
tight_deadlines,batching,120123,15,13,3,2,45,50,63.250000000000014,0,0.2,0.8666666666666667,3.8461538461538463,3.4615384615384617
tight_deadlines,batching,120124,14,13,3,1,39,44,77.55000000000004,0,0.21428571428571427,0.9285714285714286,3.3846153846153846,3.0
tight_deadlines,batching,120125,18,13,2,3,46,60,22.10000000000003,2,0.1111111111111111,0.7222222222222222,4.615384615384615,3.5384615384615383
tight_deadlines,batching,120126,14,11,4,3,39,22,56.94999999999999,0,0.2857142857142857,0.7857142857142857,2.0,3.5454545454545454
tight_deadlines,batching,120127,13,12,4,0,45,26,75.25000000000007,1,0.3076923076923077,0.9230769230769231,2.1666666666666665,3.75
tight_deadlines,batching,120128,17,14,3,3,42,42,71.90000000000006,0,0.17647058823529413,0.8235294117647058,3.0,3.0
tight_deadlines,batching,120129,15,13,9,2,45,20,84.25000000000001,0,0.6,0.8666666666666667,1.5384615384615385,3.4615384615384617
tight_deadlines,batching,120130,12,10,4,1,37,26,50.050000000000004,1,0.3333333333333333,0.8333333333333334,2.6,3.7
tight_deadlines,batching,120131,16,12,2,2,43,67,21.150000000000006,2,0.125,0.75,5.583333333333333,3.5833333333333335
tight_deadlines,batching,120132,15,14,5,1,47,45,84.05000000000004,0,0.3333333333333333,0.9333333333333333,3.2142857142857144,3.357142857142857
tight_deadlines,batching,120133,13,12,8,0,44,15,81.90000000000005,1,0.6153846153846154,0.9230769230769231,1.25,3.6666666666666665
tight_deadlines,batching,120134,12,12,9,0,45,7,99.3500000000001,0,0.75,1.0,0.5833333333333334,3.75
tight_deadlines,batching,120135,14,14,12,0,35,3,125.65000000000009,0,0.8571428571428571,1.0,0.21428571428571427,2.5
tight_deadlines,batching,120136,18,14,4,4,46,53,54.800000000000026,0,0.2222222222222222,0.7777777777777778,3.7857142857142856,3.2857142857142856
tight_deadlines,batching,120137,14,12,6,2,38,22,75.30000000000001,0,0.42857142857142855,0.8571428571428571,1.8333333333333333,3.1666666666666665
tight_deadlines,batching,120138,13,12,5,1,42,21,82.60000000000004,0,0.38461538461538464,0.9230769230769231,1.75,3.5
tight_deadlines,batching,120139,8,8,6,0,36,6,63.199999999999996,0,0.75,1.0,0.75,4.5
tight_deadlines,batching,120140,13,12,3,1,46,40,67.90000000000002,0,0.23076923076923078,0.9230769230769231,3.3333333333333335,3.8333333333333335
tight_deadlines,batching,120141,13,13,6,0,42,30,94.30000000000001,0,0.46153846153846156,1.0,2.3076923076923075,3.230769230769231
tight_deadlines,batching,120142,12,12,8,0,39,10,99.35000000000011,0,0.6666666666666666,1.0,0.8333333333333334,3.25
tight_deadlines,batching,120143,14,13,3,1,44,46,74.40000000000005,0,0.21428571428571427,0.9285714285714286,3.5384615384615383,3.3846153846153846
tight_deadlines,batching,120144,15,13,4,2,43,35,74.45000000000003,0,0.26666666666666666,0.8666666666666667,2.6923076923076925,3.3076923076923075
tight_deadlines,batching,120145,9,9,7,0,34,2,76.7,0,0.7777777777777778,1.0,0.2222222222222222,3.7777777777777777
tight_deadlines,batching,120146,15,13,7,2,42,21,84.60000000000001,0,0.4666666666666667,0.8666666666666667,1.6153846153846154,3.230769230769231
tight_deadlines,batching,120147,10,10,5,0,39,14,76.55000000000007,0,0.5,1.0,1.4,3.9
tight_deadlines,batching,120148,18,14,5,4,43,36,67.75000000000003,0,0.2777777777777778,0.7777777777777778,2.5714285714285716,3.0714285714285716
tight_deadlines,batching,120149,9,9,7,0,36,3,75.30000000000001,0,0.7777777777777778,1.0,0.3333333333333333,4.0
tight_deadlines,batching,120150,16,13,6,3,43,39,63.65000000000003,0,0.375,0.8125,3.0,3.3076923076923075
tight_deadlines,batching,120151,11,11,8,0,33,3,96.35000000000002,0,0.7272727272727273,1.0,0.2727272727272727,3.0
tight_deadlines,batching,120152,14,12,3,2,45,54,50.45000000000003,0,0.21428571428571427,0.8571428571428571,4.5,3.75
tight_deadlines,batching,120153,15,13,8,2,34,17,90.20000000000003,0,0.5333333333333333,0.8666666666666667,1.3076923076923077,2.6153846153846154
tight_deadlines,batching,120154,20,13,3,7,46,65,12.400000000000018,0,0.15,0.65,5.0,3.5384615384615383
tight_deadlines,batching,120155,15,13,5,2,40,51,64.30000000000003,0,0.3333333333333333,0.8666666666666667,3.923076923076923,3.076923076923077
tight_deadlines,batching,120156,11,11,5,0,47,17,81.65000000000005,0,0.45454545454545453,1.0,1.5454545454545454,4.2727272727272725
tight_deadlines,batching,120157,17,13,2,3,48,43,46.90000000000002,1,0.11764705882352941,0.7647058823529411,3.3076923076923075,3.6923076923076925
tight_deadlines,batching,120158,12,12,11,0,39,1,105.65000000000008,0,0.9166666666666666,1.0,0.08333333333333333,3.25
tight_deadlines,batching,120159,15,14,4,1,45,32,93.85000000000005,0,0.26666666666666666,0.9333333333333333,2.2857142857142856,3.2142857142857144
tight_deadlines,batching,120160,14,14,13,0,34,3,126.00000000000009,0,0.9285714285714286,1.0,0.21428571428571427,2.4285714285714284
tight_deadlines,batching,120161,15,13,5,1,47,56,54.849999999999994,1,0.3333333333333333,0.8666666666666667,4.3076923076923075,3.6153846153846154
tight_deadlines,batching,120162,19,13,2,6,44,76,13.400000000000023,0,0.10526315789473684,0.6842105263157895,5.846153846153846,3.3846153846153846
tight_deadlines,batching,120163,12,12,9,0,43,5,101.45000000000009,0,0.75,1.0,0.4166666666666667,3.5833333333333335
tight_deadlines,batching,120164,12,12,7,0,42,12,96.90000000000005,0,0.5833333333333334,1.0,1.0,3.5
tight_deadlines,batching,120165,18,14,4,4,39,31,72.65000000000003,0,0.2222222222222222,0.7777777777777778,2.2142857142857144,2.7857142857142856
tight_deadlines,batching,120166,13,13,11,0,42,3,113.20000000000006,0,0.8461538461538461,1.0,0.23076923076923078,3.230769230769231
tight_deadlines,batching,120167,17,13,3,4,45,84,23.45000000000001,0,0.17647058823529413,0.7647058823529411,6.461538461538462,3.4615384615384617
tight_deadlines,batching,120168,15,12,4,3,33,27,65.55000000000001,0,0.26666666666666666,0.8,2.25,2.75
tight_deadlines,batching,120169,11,11,11,0,34,0,98.10000000000001,0,1.0,1.0,0.0,3.090909090909091
tight_deadlines,batching,120170,18,16,7,2,43,29,108.65000000000006,0,0.3888888888888889,0.8888888888888888,1.8125,2.6875
tight_deadlines,batching,120171,11,11,7,0,38,7,91.80000000000008,0,0.6363636363636364,1.0,0.6363636363636364,3.4545454545454546
tight_deadlines,batching,120172,17,14,7,3,45,39,72.95000000000003,0,0.4117647058823529,0.8235294117647058,2.7857142857142856,3.2142857142857144
tight_deadlines,batching,120173,12,11,5,1,36,33,66.30000000000001,0,0.4166666666666667,0.9166666666666666,3.0,3.272727272727273
tight_deadlines,batching,120174,19,15,2,4,47,64,56.750000000000014,0,0.10526315789473684,0.7894736842105263,4.266666666666667,3.1333333333333333
tight_deadlines,batching,120175,16,11,3,4,45,41,22.050000000000004,1,0.1875,0.6875,3.727272727272727,4.090909090909091
tight_deadlines,batching,120176,14,11,2,2,46,64,20.900000000000013,1,0.14285714285714285,0.7857142857142857,5.818181818181818,4.181818181818182
tight_deadlines,batching,120177,20,16,6,4,45,47,79.35000000000002,0,0.3,0.8,2.9375,2.8125
tight_deadlines,batching,120178,13,13,10,0,39,9,110.05000000000005,0,0.7692307692307693,1.0,0.6923076923076923,3.0
tight_deadlines,batching,120179,14,13,6,0,44,33,79.30000000000001,1,0.42857142857142855,0.9285714285714286,2.5384615384615383,3.3846153846153846
tight_deadlines,batching,120180,15,15,13,0,47,7,128.65000000000012,0,0.8666666666666667,1.0,0.4666666666666667,3.1333333333333333
tight_deadlines,batching,120181,8,7,3,1,22,17,42.400000000000006,0,0.375,0.875,2.4285714285714284,3.142857142857143
tight_deadlines,batching,120182,17,17,16,0,38,1,156.0000000000001,0,0.9411764705882353,1.0,0.058823529411764705,2.235294117647059
tight_deadlines,batching,120183,15,14,3,1,46,40,87.90000000000003,0,0.2,0.9333333333333333,2.857142857142857,3.2857142857142856
tight_deadlines,batching,120184,11,11,11,0,32,0,98.80000000000004,0,1.0,1.0,0.0,2.909090909090909
tight_deadlines,batching,120185,12,12,9,0,46,7,99.00000000000004,0,0.75,1.0,0.5833333333333334,3.8333333333333335
tight_deadlines,batching,120186,18,15,3,3,47,46,77.35000000000005,0,0.16666666666666666,0.8333333333333334,3.066666666666667,3.1333333333333333
tight_deadlines,batching,120187,13,13,8,0,42,16,104.10000000000002,0,0.6153846153846154,1.0,1.2307692307692308,3.230769230769231
tight_deadlines,batching,120188,19,13,3,5,46,58,21.100000000000012,1,0.15789473684210525,0.6842105263157895,4.461538461538462,3.5384615384615383
tight_deadlines,batching,120189,15,13,6,2,41,25,82.15000000000003,0,0.4,0.8666666666666667,1.9230769230769231,3.1538461538461537
tight_deadlines,batching,120190,12,11,4,1,41,29,67.35000000000002,0,0.3333333333333333,0.9166666666666666,2.6363636363636362,3.727272727272727
tight_deadlines,batching,120191,12,12,9,0,36,4,104.60000000000005,0,0.75,1.0,0.3333333333333333,3.0
tight_deadlines,batching,120192,16,14,9,2,39,20,96.35000000000007,0,0.5625,0.875,1.4285714285714286,2.7857142857142856
tight_deadlines,batching,120193,12,12,2,0,42,46,73.10000000000004,0,0.16666666666666666,1.0,3.8333333333333335,3.5
tight_deadlines,batching,120194,20,14,4,6,42,68,29.70000000000001,0,0.2,0.7,4.857142857142857,3.0
tight_deadlines,batching,120195,15,14,10,1,37,11,111.35000000000005,0,0.6666666666666666,0.9333333333333333,0.7857142857142857,2.642857142857143
tight_deadlines,batching,120196,17,14,5,2,46,48,62.10000000000004,1,0.29411764705882354,0.8235294117647058,3.4285714285714284,3.2857142857142856
tight_deadlines,batching,120197,15,15,6,0,43,22,119.55000000000005,0,0.4,1.0,1.4666666666666666,2.8666666666666667
tight_deadlines,batching,120198,16,14,7,1,46,28,83.40000000000003,1,0.4375,0.875,2.0,3.2857142857142856
tight_deadlines,batching,120199,20,16,7,4,44,28,93.00000000000004,0,0.35,0.8,1.75,2.75
tight_deadlines,batching,120200,17,14,3,3,45,46,68.05000000000004,0,0.17647058823529413,0.8235294117647058,3.2857142857142856,3.2142857142857144
tight_deadlines,batching,120201,13,13,9,0,39,9,110.05000000000007,0,0.6923076923076923,1.0,0.6923076923076923,3.0
tight_deadlines,batching,120202,13,13,8,0,40,11,108.30000000000008,0,0.6153846153846154,1.0,0.8461538461538461,3.076923076923077
tight_deadlines,batching,120203,15,14,7,1,37,26,100.85000000000005,0,0.4666666666666667,0.9333333333333333,1.8571428571428572,2.642857142857143
tight_deadlines,batching,120204,16,11,3,3,44,58,0.7000000000000028,2,0.1875,0.6875,5.2727272727272725,4.0
tight_deadlines,batching,120205,12,11,5,1,31,21,76.45000000000002,0,0.4166666666666667,0.9166666666666666,1.9090909090909092,2.8181818181818183
tight_deadlines,batching,120206,18,15,8,3,40,30,91.0,0,0.4444444444444444,0.8333333333333334,2.0,2.6666666666666665
tight_deadlines,batching,120207,17,16,8,1,44,42,107.20000000000006,0,0.47058823529411764,0.9411764705882353,2.625,2.75
tight_deadlines,batching,120208,10,10,5,0,36,12,79.00000000000004,0,0.5,1.0,1.2,3.6
tight_deadlines,batching,120209,12,12,1,0,43,50,69.95000000000003,0,0.08333333333333333,1.0,4.166666666666667,3.5833333333333335
tight_deadlines,batching,120210,17,12,4,5,37,28,47.45000000000001,0,0.23529411764705882,0.7058823529411765,2.3333333333333335,3.0833333333333335
tight_deadlines,batching,120211,11,11,2,0,40,29,75.70000000000005,0,0.18181818181818182,1.0,2.6363636363636362,3.6363636363636362
tight_deadlines,batching,120212,8,8,6,0,33,2,67.04999999999998,0,0.75,1.0,0.25,4.125
tight_deadlines,batching,120213,14,14,7,0,44,18,112.00000000000006,0,0.5,1.0,1.2857142857142858,3.142857142857143
tight_deadlines,batching,120214,14,13,4,1,44,46,74.40000000000002,0,0.2857142857142857,0.9285714285714286,3.5384615384615383,3.3846153846153846
tight_deadlines,batching,120215,19,15,5,3,45,48,63.05,1,0.2631578947368421,0.7894736842105263,3.2,3.0
tight_deadlines,batching,120216,13,13,12,0,42,4,112.50000000000006,0,0.9230769230769231,1.0,0.3076923076923077,3.230769230769231
tight_deadlines,batching,120217,18,14,3,4,42,60,51.3,0,0.16666666666666666,0.7777777777777778,4.285714285714286,3.0
tight_deadlines,batching,120218,13,13,7,0,37,10,110.05000000000004,0,0.5384615384615384,1.0,0.7692307692307693,2.8461538461538463
tight_deadlines,batching,120219,12,12,6,0,32,13,99.70000000000003,0,0.5,1.0,1.0833333333333333,2.6666666666666665
tight_deadlines,batching,120220,17,15,5,2,43,55,80.45000000000005,0,0.29411764705882354,0.8823529411764706,3.6666666666666665,2.8666666666666667
tight_deadlines,batching,120221,12,12,7,0,41,16,94.45000000000005,0,0.5833333333333334,1.0,1.3333333333333333,3.4166666666666665
tight_deadlines,batching,120222,10,10,8,0,38,2,85.30000000000003,0,0.8,1.0,0.2,3.8
tight_deadlines,batching,120223,12,12,9,0,31,9,102.85000000000005,0,0.75,1.0,0.75,2.5833333333333335
tight_deadlines,batching,120224,15,14,3,1,43,42,87.55000000000004,0,0.2,0.9333333333333333,3.0,3.0714285714285716
tight_deadlines,batching,120225,13,13,10,0,37,6,112.85000000000002,0,0.7692307692307693,1.0,0.46153846153846156,2.8461538461538463
tight_deadlines,batching,120226,15,15,8,0,44,28,115.00000000000007,0,0.5333333333333333,1.0,1.8666666666666667,2.933333333333333
tight_deadlines,batching,120227,15,14,3,1,44,62,73.20000000000003,0,0.2,0.9333333333333333,4.428571428571429,3.142857142857143
tight_deadlines,batching,120228,17,11,2,6,36,40,21.400000000000013,0,0.11764705882352941,0.6470588235294118,3.6363636363636362,3.272727272727273
tight_deadlines,batching,120229,18,17,9,1,46,22,130.50000000000006,0,0.5,0.9444444444444444,1.2941176470588236,2.7058823529411766
tight_deadlines,batching,120230,20,15,8,5,41,37,69.75000000000001,0,0.4,0.75,2.466666666666667,2.7333333333333334
tight_deadlines,batching,120231,13,11,1,0,45,35,45.35000000000004,2,0.07692307692307693,0.8461538461538461,3.1818181818181817,4.090909090909091
tight_deadlines,batching,120232,15,11,4,2,44,38,27.59999999999998,2,0.26666666666666666,0.7333333333333333,3.4545454545454546,4.0
tight_deadlines,batching,120233,15,15,6,0,42,21,120.60000000000005,0,0.4,1.0,1.4,2.8
tight_deadlines,batching,120234,16,13,4,3,44,28,71.00000000000003,0,0.25,0.8125,2.1538461538461537,3.3846153846153846
tight_deadlines,batching,120235,12,12,12,0,34,0,108.10000000000002,0,1.0,1.0,0.0,2.8333333333333335
tight_deadlines,batching,120236,13,13,6,0,48,45,81.7,0,0.46153846153846156,1.0,3.4615384615384617,3.6923076923076925
tight_deadlines,batching,120237,16,15,7,1,43,24,110.15000000000008,0,0.4375,0.9375,1.6,2.8666666666666667
tight_deadlines,batching,120238,19,17,9,2,45,32,115.85000000000005,0,0.47368421052631576,0.8947368421052632,1.8823529411764706,2.6470588235294117
tight_deadlines,batching,120239,16,11,2,4,45,66,5.9500000000000135,1,0.125,0.6875,6.0,4.090909090909091
tight_deadlines,batching,120240,16,15,4,1,43,52,90.55000000000005,0,0.25,0.9375,3.466666666666667,2.8666666666666667
tight_deadlines,batching,120241,13,13,11,0,37,3,114.95000000000005,0,0.8461538461538461,1.0,0.23076923076923078,2.8461538461538463
tight_deadlines,batching,120242,19,12,5,7,36,49,17.10000000000001,0,0.2631578947368421,0.631578947368421,4.083333333333333,3.0
tight_deadlines,batching,120243,6,6,6,0,28,0,50.19999999999997,0,1.0,1.0,0.0,4.666666666666667
tight_deadlines,batching,120244,14,14,10,0,45,8,118.65000000000005,0,0.7142857142857143,1.0,0.5714285714285714,3.2142857142857144
tight_deadlines,batching,120245,16,13,6,3,43,29,70.65000000000002,0,0.375,0.8125,2.230769230769231,3.3076923076923075
tight_deadlines,batching,120246,13,12,6,0,44,25,74.2,1,0.46153846153846156,0.9230769230769231,2.0833333333333335,3.6666666666666665
tight_deadlines,batching,120247,17,11,4,6,37,51,13.350000000000012,0,0.23529411764705882,0.6470588235294118,4.636363636363637,3.3636363636363638
tight_deadlines,batching,120248,16,15,10,0,46,12,114.70000000000009,1,0.625,0.9375,0.8,3.066666666666667
tight_deadlines,batching,120249,10,10,8,0,38,3,84.60000000000004,0,0.8,1.0,0.3,3.8
tight_deadlines,batching,120250,15,13,8,2,33,15,91.95000000000002,0,0.5333333333333333,0.8666666666666667,1.1538461538461537,2.5384615384615383
tight_deadlines,batching,120251,19,15,3,4,44,54,64.8,0,0.15789473684210525,0.7894736842105263,3.6,2.933333333333333
tight_deadlines,batching,120252,17,15,6,2,40,35,95.50000000000006,0,0.35294117647058826,0.8823529411764706,2.3333333333333335,2.6666666666666665
tight_deadlines,batching,120253,14,14,8,0,42,15,114.80000000000005,0,0.5714285714285714,1.0,1.0714285714285714,3.0
tight_deadlines,batching,120254,16,11,2,5,42,71,5.600000000000012,0,0.125,0.6875,6.454545454545454,3.8181818181818183
tight_deadlines,batching,120255,12,12,7,0,40,19,92.70000000000003,0,0.5833333333333334,1.0,1.5833333333333333,3.3333333333333335
tight_deadlines,batching,120256,13,13,6,0,41,17,103.75000000000004,0,0.46153846153846156,1.0,1.3076923076923077,3.1538461538461537
tight_deadlines,batching,120257,16,16,15,0,44,2,143.20000000000007,0,0.9375,1.0,0.125,2.75
tight_deadlines,batching,120258,18,14,5,3,46,44,56.900000000000034,1,0.2777777777777778,0.7777777777777778,3.142857142857143,3.2857142857142856
tight_deadlines,batching,120259,12,12,3,0,45,35,79.75000000000004,0,0.25,1.0,2.9166666666666665,3.75
tight_deadlines,batching,120260,15,15,14,0,37,1,136.35000000000008,0,0.9333333333333333,1.0,0.06666666666666667,2.466666666666667
tight_deadlines,batching,120261,15,15,12,0,43,6,130.7500000000001,0,0.8,1.0,0.4,2.8666666666666667
tight_deadlines,batching,120262,21,17,10,4,45,44,91.45000000000005,0,0.47619047619047616,0.8095238095238095,2.588235294117647,2.6470588235294117
tight_deadlines,batching,120263,14,14,10,0,43,6,120.75000000000009,0,0.7142857142857143,1.0,0.42857142857142855,3.0714285714285716
tight_deadlines,batching,120264,10,10,7,0,30,15,79.0,0,0.7,1.0,1.5,3.0
tight_deadlines,batching,120265,15,14,4,1,43,21,102.25000000000007,0,0.26666666666666666,0.9333333333333333,1.5,3.0714285714285716
tight_deadlines,batching,120266,13,12,5,1,38,26,80.50000000000007,0,0.38461538461538464,0.9230769230769231,2.1666666666666665,3.1666666666666665
tight_deadlines,batching,120267,15,14,11,1,39,7,113.45000000000009,0,0.7333333333333333,0.9333333333333333,0.5,2.7857142857142856
tight_deadlines,batching,120268,14,14,9,0,44,14,114.80000000000007,0,0.6428571428571429,1.0,1.0,3.142857142857143
tight_deadlines,batching,120269,16,14,4,1,46,33,80.60000000000004,1,0.25,0.875,2.357142857142857,3.2857142857142856
tight_deadlines,batching,120270,14,13,5,0,46,36,75.10000000000001,1,0.35714285714285715,0.9285714285714286,2.769230769230769,3.5384615384615383
tight_deadlines,batching,120271,12,11,6,1,44,17,74.70000000000003,0,0.5,0.9166666666666666,1.5454545454545454,4.0
tight_deadlines,batching,120272,11,11,11,0,33,0,98.45000000000005,0,1.0,1.0,0.0,3.0
tight_deadlines,batching,120273,14,11,5,3,38,33,49.6,0,0.35714285714285715,0.7857142857142857,3.0,3.4545454545454546
tight_deadlines,batching,120274,14,12,8,2,40,12,81.60000000000007,0,0.5714285714285714,0.8571428571428571,1.0,3.3333333333333335
tight_deadlines,batching,120275,16,12,3,2,47,59,19.05000000000002,2,0.1875,0.75,4.916666666666667,3.9166666666666665
tight_deadlines,batching,120276,7,7,7,0,26,0,60.89999999999997,0,1.0,1.0,0.0,3.7142857142857144
tight_deadlines,batching,120277,13,11,4,1,47,39,45.35000000000001,1,0.3076923076923077,0.8461538461538461,3.5454545454545454,4.2727272727272725
tight_deadlines,batching,120278,9,9,7,0,38,5,73.20000000000002,0,0.7777777777777778,1.0,0.5555555555555556,4.222222222222222
tight_deadlines,batching,120279,13,12,5,1,42,40,69.3,0,0.38461538461538464,0.9230769230769231,3.3333333333333335,3.5
tight_deadlines,batching,120280,15,14,8,1,39,15,107.85000000000008,0,0.5333333333333333,0.9333333333333333,1.0714285714285714,2.7857142857142856
tight_deadlines,batching,120281,8,8,8,0,30,0,69.5,0,1.0,1.0,0.0,3.75
tight_deadlines,batching,120282,15,14,6,1,43,36,91.75000000000007,0,0.4,0.9333333333333333,2.5714285714285716,3.0714285714285716
tight_deadlines,batching,120283,10,10,9,0,34,3,86.0,0,0.9,1.0,0.3,3.4
tight_deadlines,batching,120284,14,11,2,1,45,61,19.150000000000006,2,0.14285714285714285,0.7857142857142857,5.545454545454546,4.090909090909091
tight_deadlines,batching,120285,15,14,6,1,45,39,88.95000000000005,0,0.4,0.9333333333333333,2.7857142857142856,3.2142857142857144
tight_deadlines,batching,120286,11,11,9,0,40,4,93.20000000000005,0,0.8181818181818182,1.0,0.36363636363636365,3.6363636363636362
tight_deadlines,batching,120287,12,12,11,0,36,1,106.70000000000005,0,0.9166666666666666,1.0,0.08333333333333333,3.0
tight_deadlines,batching,120288,14,14,10,0,41,5,122.15000000000012,0,0.7142857142857143,1.0,0.35714285714285715,2.9285714285714284
tight_deadlines,batching,120289,20,14,5,5,47,32,50.35000000000002,1,0.25,0.7,2.2857142857142856,3.357142857142857
tight_deadlines,batching,120290,19,15,9,4,47,34,77.74999999999999,0,0.47368421052631576,0.7894736842105263,2.2666666666666666,3.1333333333333333
tight_deadlines,batching,120291,11,11,11,0,40,0,96.00000000000007,0,1.0,1.0,0.0,3.6363636363636362
tight_deadlines,batching,120292,13,13,10,0,39,7,111.45000000000007,0,0.7692307692307693,1.0,0.5384615384615384,3.0
tight_deadlines,batching,120293,11,11,7,0,43,4,92.15000000000006,0,0.6363636363636364,1.0,0.36363636363636365,3.909090909090909
tight_deadlines,batching,120294,15,11,5,2,46,35,26.899999999999963,2,0.3333333333333333,0.7333333333333333,3.1818181818181817,4.181818181818182
tight_deadlines,batching,120295,13,13,6,0,43,19,101.65000000000008,0,0.46153846153846156,1.0,1.4615384615384615,3.3076923076923075
tight_deadlines,batching,120296,20,13,3,7,44,71,8.90000000000002,0,0.15,0.65,5.461538461538462,3.3846153846153846
tight_deadlines,batching,120297,16,16,12,0,43,10,137.95000000000005,0,0.75,1.0,0.625,2.6875
tight_deadlines,batching,120298,17,16,6,1,44,27,117.70000000000003,0,0.35294117647058826,0.9411764705882353,1.6875,2.75
tight_deadlines,batching,120299,17,15,7,1,44,27,95.50000000000007,1,0.4117647058823529,0.8823529411764706,1.8,2.933333333333333
tight_deadlines,linear_q_11,120000,12,12,6,0,41,20,91.65000000000003,0,0.5,1.0,1.6666666666666667,3.4166666666666665
tight_deadlines,linear_q_11,120001,9,9,8,0,31,1,78.44999999999999,0,0.8888888888888888,1.0,0.1111111111111111,3.4444444444444446
tight_deadlines,linear_q_11,120002,11,11,10,0,37,2,95.65000000000003,0,0.9090909090909091,1.0,0.18181818181818182,3.3636363636363638
tight_deadlines,linear_q_11,120003,17,15,6,2,40,33,96.90000000000008,0,0.35294117647058826,0.8823529411764706,2.2,2.6666666666666665
tight_deadlines,linear_q_11,120004,19,15,6,4,45,52,65.85000000000004,0,0.3157894736842105,0.7894736842105263,3.466666666666667,3.0
tight_deadlines,linear_q_11,120005,15,14,11,1,43,17,105.05000000000004,0,0.7333333333333333,0.9333333333333333,1.2142857142857142,3.0714285714285716
tight_deadlines,linear_q_11,120006,11,11,10,0,32,1,98.10000000000002,0,0.9090909090909091,1.0,0.09090909090909091,2.909090909090909
tight_deadlines,linear_q_11,120007,14,14,12,0,46,25,106.40000000000006,0,0.8571428571428571,1.0,1.7857142857142858,3.2857142857142856
tight_deadlines,linear_q_11,120008,15,15,13,0,42,4,132.50000000000003,0,0.8666666666666667,1.0,0.26666666666666666,2.8
tight_deadlines,linear_q_11,120009,13,13,13,0,43,0,114.95000000000005,0,1.0,1.0,0.0,3.3076923076923075
tight_deadlines,linear_q_11,120010,15,15,11,0,45,29,113.95000000000005,0,0.7333333333333333,1.0,1.9333333333333333,3.0
tight_deadlines,linear_q_11,120011,22,17,8,5,48,56,74.00000000000004,0,0.36363636363636365,0.7727272727272727,3.2941176470588234,2.823529411764706
tight_deadlines,linear_q_11,120012,18,16,9,2,40,33,106.90000000000006,0,0.5,0.8888888888888888,2.0625,2.5
tight_deadlines,linear_q_11,120013,12,12,9,0,40,4,103.20000000000005,0,0.75,1.0,0.3333333333333333,3.3333333333333335
tight_deadlines,linear_q_11,120014,16,16,11,0,46,18,131.3000000000001,0,0.6875,1.0,1.125,2.875
tight_deadlines,linear_q_11,120015,13,13,9,0,40,15,105.50000000000007,0,0.6923076923076923,1.0,1.1538461538461537,3.076923076923077
tight_deadlines,linear_q_11,120016,16,16,13,0,48,29,122.90000000000008,0,0.8125,1.0,1.8125,3.0
tight_deadlines,linear_q_11,120017,18,15,8,3,43,18,98.35000000000007,0,0.4444444444444444,0.8333333333333334,1.2,2.8666666666666667
tight_deadlines,linear_q_11,120018,12,12,11,0,40,7,101.10000000000008,0,0.9166666666666666,1.0,0.5833333333333334,3.3333333333333335
tight_deadlines,linear_q_11,120019,8,8,5,0,36,12,59.0,0,0.625,1.0,1.5,4.5
tight_deadlines,linear_q_11,120020,16,15,11,1,39,17,116.45000000000006,0,0.6875,0.9375,1.1333333333333333,2.6
tight_deadlines,linear_q_11,120021,12,12,8,0,40,38,79.40000000000003,0,0.6666666666666666,1.0,3.1666666666666665,3.3333333333333335
tight_deadlines,linear_q_11,120022,10,10,10,0,38,0,86.70000000000002,0,1.0,1.0,0.0,3.8
tight_deadlines,linear_q_11,120023,16,15,8,1,45,29,105.95000000000002,0,0.5,0.9375,1.9333333333333333,3.0
tight_deadlines,linear_q_11,120024,14,14,11,0,41,4,122.8500000000001,0,0.7857142857142857,1.0,0.2857142857142857,2.9285714285714284
tight_deadlines,linear_q_11,120025,16,16,10,0,43,24,128.1500000000001,0,0.625,1.0,1.5,2.6875
tight_deadlines,linear_q_11,120026,11,11,9,0,36,7,92.50000000000006,0,0.8181818181818182,1.0,0.6363636363636364,3.272727272727273
tight_deadlines,linear_q_11,120027,12,12,9,0,41,7,100.75000000000006,0,0.75,1.0,0.5833333333333334,3.4166666666666665
tight_deadlines,linear_q_11,120028,10,10,6,0,34,8,82.50000000000003,0,0.6,1.0,0.8,3.4
tight_deadlines,linear_q_11,120029,13,13,13,0,36,0,117.40000000000003,0,1.0,1.0,0.0,2.769230769230769
tight_deadlines,linear_q_11,120030,14,14,9,0,41,18,113.05000000000007,0,0.6428571428571429,1.0,1.2857142857142858,2.9285714285714284
tight_deadlines,linear_q_11,120031,14,14,10,0,44,18,112.00000000000004,0,0.7142857142857143,1.0,1.2857142857142858,3.142857142857143
tight_deadlines,linear_q_11,120032,13,13,11,0,43,6,110.75000000000003,0,0.8461538461538461,1.0,0.46153846153846156,3.3076923076923075
tight_deadlines,linear_q_11,120033,8,8,8,0,32,0,68.79999999999998,0,1.0,1.0,0.0,4.0
tight_deadlines,linear_q_11,120034,15,15,13,0,42,12,126.90000000000006,0,0.8666666666666667,1.0,0.8,2.8
tight_deadlines,linear_q_11,120035,12,12,11,0,39,2,104.95000000000007,0,0.9166666666666666,1.0,0.16666666666666666,3.25
tight_deadlines,linear_q_11,120036,17,12,4,4,48,50,11.400000000000013,1,0.23529411764705882,0.7058823529411765,4.166666666666667,4.0
tight_deadlines,linear_q_11,120037,17,17,11,0,43,18,142.35000000000005,0,0.6470588235294118,1.0,1.0588235294117647,2.5294117647058822
tight_deadlines,linear_q_11,120038,17,16,11,1,46,29,115.60000000000004,0,0.6470588235294118,0.9411764705882353,1.8125,2.875
tight_deadlines,linear_q_11,120039,19,16,7,3,45,38,93.65000000000005,0,0.3684210526315789,0.8421052631578947,2.375,2.8125
tight_deadlines,linear_q_11,120040,16,16,12,0,46,28,124.30000000000003,0,0.75,1.0,1.75,2.875
tight_deadlines,linear_q_11,120041,16,16,13,0,44,14,134.8000000000001,0,0.8125,1.0,0.875,2.75
tight_deadlines,linear_q_11,120042,15,14,8,1,39,20,104.35000000000008,0,0.5333333333333333,0.9333333333333333,1.4285714285714286,2.7857142857142856
tight_deadlines,linear_q_11,120043,11,11,10,0,38,1,96.00000000000006,0,0.9090909090909091,1.0,0.09090909090909091,3.4545454545454546
tight_deadlines,linear_q_11,120044,19,15,8,4,43,33,79.85000000000002,0,0.42105263157894735,0.7894736842105263,2.2,2.8666666666666667
tight_deadlines,linear_q_11,120045,17,14,8,3,45,56,61.05000000000001,0,0.47058823529411764,0.8235294117647058,4.0,3.2142857142857144
tight_deadlines,linear_q_11,120046,17,15,10,2,40,10,113.00000000000009,0,0.5882352941176471,0.8823529411764706,0.6666666666666666,2.6666666666666665
tight_deadlines,linear_q_11,120047,19,17,12,2,40,25,122.50000000000009,0,0.631578947368421,0.8947368421052632,1.4705882352941178,2.3529411764705883
tight_deadlines,linear_q_11,120048,10,10,8,0,39,4,83.55000000000004,0,0.8,1.0,0.4,3.9
tight_deadlines,linear_q_11,120049,23,16,7,7,48,53,50.10000000000003,0,0.30434782608695654,0.6956521739130435,3.3125,3.0
tight_deadlines,linear_q_11,120050,15,14,9,1,37,21,104.35000000000007,0,0.6,0.9333333333333333,1.5,2.642857142857143
tight_deadlines,linear_q_11,120051,16,16,13,0,42,5,141.80000000000007,0,0.8125,1.0,0.3125,2.625
tight_deadlines,linear_q_11,120052,14,14,11,0,34,5,124.60000000000005,0,0.7857142857142857,1.0,0.35714285714285715,2.4285714285714284
tight_deadlines,linear_q_11,120053,13,13,9,0,41,21,100.95000000000012,0,0.6923076923076923,1.0,1.6153846153846154,3.1538461538461537
tight_deadlines,linear_q_11,120054,15,14,9,1,39,26,100.15000000000003,0,0.6,0.9333333333333333,1.8571428571428572,2.7857142857142856
tight_deadlines,linear_q_11,120055,18,14,7,4,47,46,59.35000000000004,0,0.3888888888888889,0.7777777777777778,3.2857142857142856,3.357142857142857
tight_deadlines,linear_q_11,120056,14,14,11,0,44,8,119.00000000000007,0,0.7857142857142857,1.0,0.5714285714285714,3.142857142857143
tight_deadlines,linear_q_11,120057,13,13,11,0,42,3,113.20000000000007,0,0.8461538461538461,1.0,0.23076923076923078,3.230769230769231
tight_deadlines,linear_q_11,120058,12,12,9,0,40,4,103.20000000000005,0,0.75,1.0,0.3333333333333333,3.3333333333333335
tight_deadlines,linear_q_11,120059,6,6,6,0,32,0,48.799999999999976,0,1.0,1.0,0.0,5.333333333333333
tight_deadlines,linear_q_11,120060,13,13,10,0,42,10,108.30000000000004,0,0.7692307692307693,1.0,0.7692307692307693,3.230769230769231
tight_deadlines,linear_q_11,120061,18,15,8,3,43,44,80.15000000000005,0,0.4444444444444444,0.8333333333333334,2.933333333333333,2.8666666666666667
tight_deadlines,linear_q_11,120062,14,14,10,0,44,14,114.80000000000008,0,0.7142857142857143,1.0,1.0,3.142857142857143
tight_deadlines,linear_q_11,120063,8,8,8,0,33,0,68.44999999999999,0,1.0,1.0,0.0,4.125
tight_deadlines,linear_q_11,120064,14,12,7,1,46,24,64.1,1,0.5,0.8571428571428571,2.0,3.8333333333333335
tight_deadlines,linear_q_11,120065,11,11,11,0,39,0,96.35000000000002,0,1.0,1.0,0.0,3.5454545454545454
tight_deadlines,linear_q_11,120066,13,13,7,0,44,18,102.00000000000006,0,0.5384615384615384,1.0,1.3846153846153846,3.3846153846153846
tight_deadlines,linear_q_11,120067,7,7,6,0,31,1,58.44999999999998,0,0.8571428571428571,1.0,0.14285714285714285,4.428571428571429
tight_deadlines,linear_q_11,120068,14,13,7,1,40,37,82.10000000000004,0,0.5,0.9285714285714286,2.8461538461538463,3.076923076923077
tight_deadlines,linear_q_11,120069,17,14,7,3,47,65,54.050000000000026,0,0.4117647058823529,0.8235294117647058,4.642857142857143,3.357142857142857
tight_deadlines,linear_q_11,120070,17,16,10,1,44,11,128.9000000000001,0,0.5882352941176471,0.9411764705882353,0.6875,2.75
tight_deadlines,linear_q_11,120071,11,11,9,0,43,16,83.75000000000004,0,0.8181818181818182,1.0,1.4545454545454546,3.909090909090909
tight_deadlines,linear_q_11,120072,8,8,8,0,32,0,68.8,0,1.0,1.0,0.0,4.0
tight_deadlines,linear_q_11,120073,14,14,12,0,41,11,117.95000000000007,0,0.8571428571428571,1.0,0.7857142857142857,2.9285714285714284
tight_deadlines,linear_q_11,120074,15,15,10,0,45,28,114.65000000000002,0,0.6666666666666666,1.0,1.8666666666666667,3.0
tight_deadlines,linear_q_11,120075,16,14,8,2,44,47,75.70000000000003,0,0.5,0.875,3.357142857142857,3.142857142857143
tight_deadlines,linear_q_11,120076,14,14,13,0,40,1,125.30000000000007,0,0.9285714285714286,1.0,0.07142857142857142,2.857142857142857
tight_deadlines,linear_q_11,120077,14,14,14,0,36,0,127.40000000000006,0,1.0,1.0,0.0,2.5714285714285716
tight_deadlines,linear_q_11,120078,11,11,9,0,39,25,78.85000000000002,0,0.8181818181818182,1.0,2.272727272727273,3.5454545454545454
tight_deadlines,linear_q_11,120079,14,14,12,0,45,33,101.15000000000009,0,0.8571428571428571,1.0,2.357142857142857,3.2142857142857144
tight_deadlines,linear_q_11,120080,15,15,13,0,43,17,123.05000000000004,0,0.8666666666666667,1.0,1.1333333333333333,2.8666666666666667
tight_deadlines,linear_q_11,120081,12,12,10,0,41,29,85.35000000000005,0,0.8333333333333334,1.0,2.4166666666666665,3.4166666666666665
tight_deadlines,linear_q_11,120082,15,15,14,0,45,1,133.5500000000001,0,0.9333333333333333,1.0,0.06666666666666667,3.0
tight_deadlines,linear_q_11,120083,10,10,10,0,36,0,87.4,0,1.0,1.0,0.0,3.6
tight_deadlines,linear_q_11,120084,16,13,10,3,42,18,78.70000000000003,0,0.625,0.8125,1.3846153846153846,3.230769230769231
tight_deadlines,linear_q_11,120085,19,16,8,3,43,38,94.35000000000005,0,0.42105263157894735,0.8421052631578947,2.375,2.6875
tight_deadlines,linear_q_11,120086,7,7,7,0,30,0,59.49999999999997,0,1.0,1.0,0.0,4.285714285714286
tight_deadlines,linear_q_11,120087,19,18,16,1,40,12,149.60000000000008,0,0.8421052631578947,0.9473684210526315,0.6666666666666666,2.2222222222222223
tight_deadlines,linear_q_11,120088,17,14,5,3,44,52,64.20000000000002,0,0.29411764705882354,0.8235294117647058,3.7142857142857144,3.142857142857143
tight_deadlines,linear_q_11,120089,13,13,7,0,43,21,100.25000000000006,0,0.5384615384615384,1.0,1.6153846153846154,3.3076923076923075
tight_deadlines,linear_q_11,120090,8,8,8,0,32,0,68.8,0,1.0,1.0,0.0,4.0
tight_deadlines,linear_q_11,120091,11,11,6,0,44,13,85.50000000000007,0,0.5454545454545454,1.0,1.1818181818181819,4.0
tight_deadlines,linear_q_11,120092,13,13,10,0,43,22,99.55000000000001,0,0.7692307692307693,1.0,1.6923076923076923,3.3076923076923075
tight_deadlines,linear_q_11,120093,10,10,6,0,38,26,68.50000000000001,0,0.6,1.0,2.6,3.8
tight_deadlines,linear_q_11,120094,16,15,11,1,40,13,118.90000000000008,0,0.6875,0.9375,0.8666666666666667,2.6666666666666665
tight_deadlines,linear_q_11,120095,19,17,8,2,45,24,121.45000000000009,0,0.42105263157894735,0.8947368421052632,1.411764705882353,2.6470588235294117
tight_deadlines,linear_q_11,120096,10,10,8,0,39,9,80.05000000000001,0,0.8,1.0,0.9,3.9
tight_deadlines,linear_q_11,120097,16,16,14,0,40,2,144.60000000000008,0,0.875,1.0,0.125,2.5
tight_deadlines,linear_q_11,120098,21,15,8,6,42,32,64.90000000000003,0,0.38095238095238093,0.7142857142857143,2.1333333333333333,2.8
tight_deadlines,linear_q_11,120099,11,11,10,0,38,3,94.60000000000002,0,0.9090909090909091,1.0,0.2727272727272727,3.4545454545454546
tight_deadlines,linear_q_11,120100,16,14,8,2,47,29,87.25000000000001,0,0.5,0.875,2.0714285714285716,3.357142857142857
tight_deadlines,linear_q_11,120101,18,17,11,1,46,30,124.90000000000005,0,0.6111111111111112,0.9444444444444444,1.7647058823529411,2.7058823529411766
tight_deadlines,linear_q_11,120102,9,9,8,0,39,2,74.95000000000002,0,0.8888888888888888,1.0,0.2222222222222222,4.333333333333333
tight_deadlines,linear_q_11,120103,13,13,10,0,43,13,105.8500000000001,0,0.7692307692307693,1.0,1.0,3.3076923076923075
tight_deadlines,linear_q_11,120104,13,13,12,0,35,2,116.35000000000002,0,0.9230769230769231,1.0,0.15384615384615385,2.6923076923076925
tight_deadlines,linear_q_11,120105,9,9,5,0,31,5,75.65000000000003,0,0.5555555555555556,1.0,0.5555555555555556,3.4444444444444446
tight_deadlines,linear_q_11,120106,18,17,9,1,47,30,124.55000000000005,0,0.5,0.9444444444444444,1.7647058823529411,2.764705882352941
tight_deadlines,linear_q_11,120107,13,13,9,0,42,13,106.20000000000003,0,0.6923076923076923,1.0,1.0,3.230769230769231
tight_deadlines,linear_q_11,120108,19,17,9,2,46,38,111.30000000000008,0,0.47368421052631576,0.8947368421052632,2.235294117647059,2.7058823529411766
tight_deadlines,linear_q_11,120109,17,17,12,0,46,16,142.70000000000002,0,0.7058823529411765,1.0,0.9411764705882353,2.7058823529411766
tight_deadlines,linear_q_11,120110,15,14,10,1,39,10,111.35000000000007,0,0.6666666666666666,0.9333333333333333,0.7142857142857143,2.7857142857142856
tight_deadlines,linear_q_11,120111,16,15,10,0,48,12,108.4000000000001,1,0.625,0.9375,0.8,3.2
tight_deadlines,linear_q_11,120112,16,16,14,0,44,17,132.70000000000007,0,0.875,1.0,1.0625,2.75
tight_deadlines,linear_q_11,120113,13,11,6,2,39,37,54.45,0,0.46153846153846156,0.8461538461538461,3.3636363636363638,3.5454545454545454
tight_deadlines,linear_q_11,120114,13,13,12,0,39,3,114.25000000000006,0,0.9230769230769231,1.0,0.23076923076923078,3.0
tight_deadlines,linear_q_11,120115,14,14,13,0,38,3,124.60000000000005,0,0.9285714285714286,1.0,0.21428571428571427,2.7142857142857144
tight_deadlines,linear_q_11,120116,17,16,13,1,42,9,131.00000000000006,0,0.7647058823529411,0.9411764705882353,0.5625,2.625
tight_deadlines,linear_q_11,120117,16,16,10,0,45,25,126.75000000000009,0,0.625,1.0,1.5625,2.8125
tight_deadlines,linear_q_11,120118,15,15,15,0,41,0,135.65000000000006,0,1.0,1.0,0.0,2.7333333333333334
tight_deadlines,linear_q_11,120119,17,16,12,1,46,13,126.80000000000008,0,0.7058823529411765,0.9411764705882353,0.8125,2.875
tight_deadlines,linear_q_11,120120,14,14,11,0,40,11,118.30000000000008,0,0.7857142857142857,1.0,0.7857142857142857,2.857142857142857
tight_deadlines,linear_q_11,120121,15,15,12,0,39,8,130.75000000000006,0,0.8,1.0,0.5333333333333333,2.6
tight_deadlines,linear_q_11,120122,16,15,11,1,46,13,116.80000000000005,0,0.6875,0.9375,0.8666666666666667,3.066666666666667
tight_deadlines,linear_q_11,120123,15,14,10,0,46,20,94.9000000000001,1,0.6666666666666666,0.9333333333333333,1.4285714285714286,3.2857142857142856
tight_deadlines,linear_q_11,120124,14,14,11,0,41,9,119.35000000000005,0,0.7857142857142857,1.0,0.6428571428571429,2.9285714285714284
tight_deadlines,linear_q_11,120125,18,17,11,1,46,33,122.80000000000008,0,0.6111111111111112,0.9444444444444444,1.9411764705882353,2.7058823529411766
tight_deadlines,linear_q_11,120126,14,14,9,0,40,14,116.20000000000006,0,0.6428571428571429,1.0,1.0,2.857142857142857
tight_deadlines,linear_q_11,120127,13,13,10,0,47,11,105.85000000000007,0,0.7692307692307693,1.0,0.8461538461538461,3.6153846153846154
tight_deadlines,linear_q_11,120128,17,13,5,4,45,63,38.150000000000006,0,0.29411764705882354,0.7647058823529411,4.846153846153846,3.4615384615384617
tight_deadlines,linear_q_11,120129,15,13,8,1,48,16,70.60000000000002,1,0.5333333333333333,0.8666666666666667,1.2307692307692308,3.6923076923076925
tight_deadlines,linear_q_11,120130,12,12,9,0,39,10,99.35000000000004,0,0.75,1.0,0.8333333333333334,3.25
tight_deadlines,linear_q_11,120131,16,16,12,0,44,21,129.9000000000001,0,0.75,1.0,1.3125,2.75
tight_deadlines,linear_q_11,120132,15,14,9,0,48,26,76.69999999999999,1,0.6,0.9333333333333333,1.8571428571428572,3.4285714285714284
tight_deadlines,linear_q_11,120133,13,12,8,0,44,11,82.60000000000005,1,0.6153846153846154,0.9230769230769231,0.9166666666666666,3.6666666666666665
tight_deadlines,linear_q_11,120134,12,12,10,0,40,13,96.90000000000006,0,0.8333333333333334,1.0,1.0833333333333333,3.3333333333333335
tight_deadlines,linear_q_11,120135,14,14,10,0,42,13,116.20000000000007,0,0.7142857142857143,1.0,0.9285714285714286,3.0
tight_deadlines,linear_q_11,120136,18,15,8,3,44,55,72.10000000000001,0,0.4444444444444444,0.8333333333333334,3.6666666666666665,2.933333333333333
tight_deadlines,linear_q_11,120137,14,13,10,1,39,14,98.55000000000003,0,0.7142857142857143,0.9285714285714286,1.0769230769230769,3.0
tight_deadlines,linear_q_11,120138,13,12,11,1,43,3,94.85000000000004,0,0.8461538461538461,0.9230769230769231,0.25,3.5833333333333335
tight_deadlines,linear_q_11,120139,8,8,7,0,36,4,64.60000000000001,0,0.875,1.0,0.5,4.5
tight_deadlines,linear_q_11,120140,13,12,8,1,38,23,82.60000000000007,0,0.6153846153846154,0.9230769230769231,1.9166666666666667,3.1666666666666665
tight_deadlines,linear_q_11,120141,13,13,7,0,40,24,99.20000000000003,0,0.5384615384615384,1.0,1.8461538461538463,3.076923076923077
tight_deadlines,linear_q_11,120142,12,12,10,0,43,4,102.15000000000008,0,0.8333333333333334,1.0,0.3333333333333333,3.5833333333333335
tight_deadlines,linear_q_11,120143,14,14,8,0,42,24,108.50000000000006,0,0.5714285714285714,1.0,1.7142857142857142,3.0
tight_deadlines,linear_q_11,120144,15,14,9,1,48,26,97.00000000000003,0,0.6,0.9333333333333333,1.8571428571428572,3.4285714285714284
tight_deadlines,linear_q_11,120145,9,9,9,0,36,0,77.4,0,1.0,1.0,0.0,4.0
tight_deadlines,linear_q_11,120146,15,14,11,1,46,34,92.10000000000007,0,0.7333333333333333,0.9333333333333333,2.4285714285714284,3.2857142857142856
tight_deadlines,linear_q_11,120147,10,10,8,0,34,4,85.30000000000001,0,0.8,1.0,0.4,3.4
tight_deadlines,linear_q_11,120148,18,16,12,2,42,24,112.50000000000003,0,0.6666666666666666,0.8888888888888888,1.5,2.625
tight_deadlines,linear_q_11,120149,9,9,7,0,40,2,74.60000000000001,0,0.7777777777777778,1.0,0.2222222222222222,4.444444444444445
tight_deadlines,linear_q_11,120150,16,15,11,1,44,25,109.10000000000005,0,0.6875,0.9375,1.6666666666666667,2.933333333333333
tight_deadlines,linear_q_11,120151,11,11,9,0,37,10,90.05000000000004,0,0.8181818181818182,1.0,0.9090909090909091,3.3636363636363638
tight_deadlines,linear_q_11,120152,14,13,10,1,40,10,101.0000000000001,0,0.7142857142857143,0.9285714285714286,0.7692307692307693,3.076923076923077
tight_deadlines,linear_q_11,120153,15,12,7,2,44,25,51.89999999999998,1,0.4666666666666667,0.8,2.0833333333333335,3.6666666666666665
tight_deadlines,linear_q_11,120154,20,15,6,5,47,64,48.75000000000002,0,0.3,0.75,4.266666666666667,3.1333333333333333
tight_deadlines,linear_q_11,120155,15,15,12,0,42,31,113.60000000000007,0,0.8,1.0,2.066666666666667,2.8
tight_deadlines,linear_q_11,120156,11,11,10,0,41,3,93.55000000000004,0,0.9090909090909091,1.0,0.2727272727272727,3.727272727272727
tight_deadlines,linear_q_11,120157,17,14,5,3,48,51,63.50000000000004,0,0.29411764705882354,0.8235294117647058,3.642857142857143,3.4285714285714284
tight_deadlines,linear_q_11,120158,12,12,9,0,39,9,100.05000000000003,0,0.75,1.0,0.75,3.25
tight_deadlines,linear_q_11,120159,15,15,9,0,45,29,113.95000000000006,0,0.6,1.0,1.9333333333333333,3.0
tight_deadlines,linear_q_11,120160,14,14,10,0,44,15,114.1000000000001,0,0.7142857142857143,1.0,1.0714285714285714,3.142857142857143
tight_deadlines,linear_q_11,120161,15,15,11,0,40,18,123.40000000000005,0,0.7333333333333333,1.0,1.2,2.6666666666666665
tight_deadlines,linear_q_11,120162,19,19,15,0,43,7,170.05000000000013,0,0.7894736842105263,1.0,0.3684210526315789,2.263157894736842
tight_deadlines,linear_q_11,120163,12,12,10,0,39,6,102.15000000000006,0,0.8333333333333334,1.0,0.5,3.25
tight_deadlines,linear_q_11,120164,12,12,11,0,41,7,100.75000000000001,0,0.9166666666666666,1.0,0.5833333333333334,3.4166666666666665
tight_deadlines,linear_q_11,120165,18,17,12,1,43,25,129.45000000000007,0,0.6666666666666666,0.9444444444444444,1.4705882352941178,2.5294117647058822
tight_deadlines,linear_q_11,120166,13,13,12,0,43,1,114.25000000000009,0,0.9230769230769231,1.0,0.07692307692307693,3.3076923076923075
tight_deadlines,linear_q_11,120167,17,15,5,2,47,59,76.25000000000006,0,0.29411764705882354,0.8823529411764706,3.933333333333333,3.1333333333333333
tight_deadlines,linear_q_11,120168,15,14,10,1,36,7,114.50000000000006,0,0.6666666666666666,0.9333333333333333,0.5,2.5714285714285716
tight_deadlines,linear_q_11,120169,11,11,10,0,33,8,92.85000000000002,0,0.9090909090909091,1.0,0.7272727272727273,3.0
tight_deadlines,linear_q_11,120170,18,18,16,0,43,7,160.05000000000013,0,0.8888888888888888,1.0,0.3888888888888889,2.388888888888889
tight_deadlines,linear_q_11,120171,11,11,9,0,36,5,93.90000000000003,0,0.8181818181818182,1.0,0.45454545454545453,3.272727272727273
tight_deadlines,linear_q_11,120172,17,16,11,1,48,27,116.30000000000004,0,0.6470588235294118,0.9411764705882353,1.6875,3.0
tight_deadlines,linear_q_11,120173,12,12,9,0,36,9,101.10000000000002,0,0.75,1.0,0.75,3.0
tight_deadlines,linear_q_11,120174,19,14,5,5,47,72,33.15000000000003,0,0.2631578947368421,0.7368421052631579,5.142857142857143,3.357142857142857
tight_deadlines,linear_q_11,120175,16,14,10,2,41,24,92.85000000000005,0,0.625,0.875,1.7142857142857142,2.9285714285714284
tight_deadlines,linear_q_11,120176,14,14,7,0,43,32,102.55000000000007,0,0.5,1.0,2.2857142857142856,3.0714285714285716
tight_deadlines,linear_q_11,120177,20,20,15,0,47,32,161.14999999999992,0,0.75,1.0,1.6,2.35
tight_deadlines,linear_q_11,120178,13,13,9,0,47,32,91.15000000000003,0,0.6923076923076923,1.0,2.4615384615384617,3.6153846153846154
tight_deadlines,linear_q_11,120179,14,14,11,0,45,10,117.25000000000009,0,0.7857142857142857,1.0,0.7142857142857143,3.2142857142857144
tight_deadlines,linear_q_11,120180,15,15,10,0,40,15,125.50000000000006,0,0.6666666666666666,1.0,1.0,2.6666666666666665
tight_deadlines,linear_q_11,120181,8,8,6,0,27,14,60.75,0,0.75,1.0,1.75,3.375
tight_deadlines,linear_q_11,120182,17,17,15,0,40,7,151.10000000000005,0,0.8823529411764706,1.0,0.4117647058823529,2.3529411764705883
tight_deadlines,linear_q_11,120183,15,15,10,0,46,35,109.40000000000002,0,0.6666666666666666,1.0,2.3333333333333335,3.066666666666667
tight_deadlines,linear_q_11,120184,11,11,11,0,33,0,98.45000000000005,0,1.0,1.0,0.0,3.0
tight_deadlines,linear_q_11,120185,12,12,8,0,43,24,88.15000000000003,0,0.6666666666666666,1.0,2.0,3.5833333333333335
tight_deadlines,linear_q_11,120186,18,18,15,0,44,11,156.90000000000006,0,0.8333333333333334,1.0,0.6111111111111112,2.4444444444444446
tight_deadlines,linear_q_11,120187,13,12,10,0,40,6,87.50000000000003,1,0.7692307692307693,0.9230769230769231,0.5,3.3333333333333335
tight_deadlines,linear_q_11,120188,19,15,7,4,47,45,70.05000000000003,0,0.3684210526315789,0.7894736842105263,3.0,3.1333333333333333
tight_deadlines,linear_q_11,120189,15,14,9,1,40,9,111.70000000000007,0,0.6,0.9333333333333333,0.6428571428571429,2.857142857142857
tight_deadlines,linear_q_11,120190,12,12,10,0,39,9,100.05000000000004,0,0.8333333333333334,1.0,0.75,3.25
tight_deadlines,linear_q_11,120191,12,12,12,0,37,0,107.05000000000004,0,1.0,1.0,0.0,3.0833333333333335
tight_deadlines,linear_q_11,120192,16,16,13,0,45,14,134.45000000000005,0,0.8125,1.0,0.875,2.8125
tight_deadlines,linear_q_11,120193,12,12,9,0,38,26,88.50000000000004,0,0.75,1.0,2.1666666666666665,3.1666666666666665
tight_deadlines,linear_q_11,120194,20,17,8,3,46,41,101.20000000000006,0,0.4,0.85,2.411764705882353,2.7058823529411766
tight_deadlines,linear_q_11,120195,15,15,13,0,45,25,116.75000000000006,0,0.8666666666666667,1.0,1.6666666666666667,3.0
tight_deadlines,linear_q_11,120196,17,17,11,0,44,22,139.2,0,0.6470588235294118,1.0,1.2941176470588236,2.588235294117647
tight_deadlines,linear_q_11,120197,15,15,12,0,45,5,130.75000000000006,0,0.8,1.0,0.3333333333333333,3.0
tight_deadlines,linear_q_11,120198,16,15,9,1,43,27,108.05000000000005,0,0.5625,0.9375,1.8,2.8666666666666667
tight_deadlines,linear_q_11,120199,20,17,11,3,42,34,107.50000000000006,0,0.55,0.85,2.0,2.4705882352941178
tight_deadlines,linear_q_11,120200,17,15,12,2,40,10,113.00000000000009,0,0.7058823529411765,0.8823529411764706,0.6666666666666666,2.6666666666666665
tight_deadlines,linear_q_11,120201,13,13,10,0,39,18,103.75000000000004,0,0.7692307692307693,1.0,1.3846153846153846,3.0
tight_deadlines,linear_q_11,120202,13,13,12,0,42,2,113.90000000000008,0,0.9230769230769231,1.0,0.15384615384615385,3.230769230769231
tight_deadlines,linear_q_11,120203,15,15,13,0,40,26,117.80000000000005,0,0.8666666666666667,1.0,1.7333333333333334,2.6666666666666665
tight_deadlines,linear_q_11,120204,16,16,13,0,42,6,141.10000000000005,0,0.8125,1.0,0.375,2.625
tight_deadlines,linear_q_11,120205,12,12,7,0,42,36,80.10000000000005,0,0.5833333333333334,1.0,3.0,3.5
tight_deadlines,linear_q_11,120206,18,17,11,1,48,35,120.70000000000002,0,0.6111111111111112,0.9444444444444444,2.0588235294117645,2.823529411764706
tight_deadlines,linear_q_11,120207,17,15,7,1,48,33,79.40000000000002,1,0.4117647058823529,0.8823529411764706,2.2,3.2
tight_deadlines,linear_q_11,120208,10,10,8,0,31,10,82.15000000000003,0,0.8,1.0,1.0,3.1
tight_deadlines,linear_q_11,120209,12,12,10,0,41,20,91.65000000000003,0,0.8333333333333334,1.0,1.6666666666666667,3.4166666666666665
tight_deadlines,linear_q_11,120210,17,14,10,3,38,9,96.40000000000002,0,0.5882352941176471,0.8235294117647058,0.6428571428571429,2.7142857142857144
tight_deadlines,linear_q_11,120211,11,11,10,0,38,2,95.30000000000007,0,0.9090909090909091,1.0,0.18181818181818182,3.4545454545454546
tight_deadlines,linear_q_11,120212,8,8,4,0,34,10,61.099999999999994,0,0.5,1.0,1.25,4.25
tight_deadlines,linear_q_11,120213,14,14,11,0,43,16,113.75000000000004,0,0.7857142857142857,1.0,1.1428571428571428,3.0714285714285716
tight_deadlines,linear_q_11,120214,14,14,6,0,47,32,101.15000000000003,0,0.42857142857142855,1.0,2.2857142857142856,3.357142857142857
tight_deadlines,linear_q_11,120215,19,17,13,2,47,29,117.25000000000006,0,0.6842105263157895,0.8947368421052632,1.7058823529411764,2.764705882352941
tight_deadlines,linear_q_11,120216,13,13,9,0,43,10,107.95000000000005,0,0.6923076923076923,1.0,0.7692307692307693,3.3076923076923075
tight_deadlines,linear_q_11,120217,18,17,13,1,44,22,131.20000000000005,0,0.7222222222222222,0.9444444444444444,1.2941176470588236,2.588235294117647
tight_deadlines,linear_q_11,120218,13,13,11,0,38,2,115.30000000000005,0,0.8461538461538461,1.0,0.15384615384615385,2.923076923076923
tight_deadlines,linear_q_11,120219,12,12,7,0,41,13,96.55000000000008,0,0.5833333333333334,1.0,1.0833333333333333,3.4166666666666665
tight_deadlines,linear_q_11,120220,17,15,9,2,43,35,94.45000000000006,0,0.5294117647058824,0.8823529411764706,2.3333333333333335,2.8666666666666667
tight_deadlines,linear_q_11,120221,12,12,8,0,40,8,100.40000000000002,0,0.6666666666666666,1.0,0.6666666666666666,3.3333333333333335
tight_deadlines,linear_q_11,120222,10,10,9,0,37,7,82.15,0,0.9,1.0,0.7,3.7
tight_deadlines,linear_q_11,120223,12,12,10,0,40,9,99.70000000000003,0,0.8333333333333334,1.0,0.75,3.3333333333333335
tight_deadlines,linear_q_11,120224,15,15,13,0,39,4,133.55000000000007,0,0.8666666666666667,1.0,0.26666666666666666,2.6
tight_deadlines,linear_q_11,120225,13,13,10,0,43,16,103.75000000000006,0,0.7692307692307693,1.0,1.2307692307692308,3.3076923076923075
tight_deadlines,linear_q_11,120226,15,15,13,0,41,10,128.65000000000006,0,0.8666666666666667,1.0,0.6666666666666666,2.7333333333333334
tight_deadlines,linear_q_11,120227,15,15,11,0,43,39,107.65000000000006,0,0.7333333333333333,1.0,2.6,2.8666666666666667
tight_deadlines,linear_q_11,120228,17,13,8,4,38,36,59.500000000000014,0,0.47058823529411764,0.7647058823529411,2.769230769230769,2.923076923076923
tight_deadlines,linear_q_11,120229,18,16,11,2,44,35,104.10000000000008,0,0.6111111111111112,0.8888888888888888,2.1875,2.75
tight_deadlines,linear_q_11,120230,20,15,8,5,39,38,69.75000000000003,0,0.4,0.75,2.533333333333333,2.6
tight_deadlines,linear_q_11,120231,13,13,10,0,39,10,109.35000000000005,0,0.7692307692307693,1.0,0.7692307692307693,3.0
tight_deadlines,linear_q_11,120232,15,15,9,0,47,25,116.05000000000004,0,0.6,1.0,1.6666666666666667,3.1333333333333333
tight_deadlines,linear_q_11,120233,15,15,14,0,38,2,135.30000000000007,0,0.9333333333333333,1.0,0.13333333333333333,2.533333333333333
tight_deadlines,linear_q_11,120234,16,13,8,3,44,56,51.40000000000002,0,0.5,0.8125,4.3076923076923075,3.3846153846153846
tight_deadlines,linear_q_11,120235,12,12,8,0,41,4,102.85000000000002,0,0.6666666666666666,1.0,0.3333333333333333,3.4166666666666665
tight_deadlines,linear_q_11,120236,13,13,10,0,36,3,115.30000000000007,0,0.7692307692307693,1.0,0.23076923076923078,2.769230769230769
tight_deadlines,linear_q_11,120237,16,16,13,0,44,16,133.40000000000012,0,0.8125,1.0,1.0,2.75
tight_deadlines,linear_q_11,120238,19,17,9,2,45,33,115.15000000000005,0,0.47368421052631576,0.8947368421052632,1.9411764705882353,2.6470588235294117
tight_deadlines,linear_q_11,120239,16,14,12,1,48,5,90.40000000000006,1,0.75,0.875,0.35714285714285715,3.4285714285714284
tight_deadlines,linear_q_11,120240,16,16,11,0,44,31,122.90000000000008,0,0.6875,1.0,1.9375,2.75
tight_deadlines,linear_q_11,120241,13,12,10,0,47,6,71.75000000000004,1,0.7692307692307693,0.9230769230769231,0.5,3.9166666666666665
tight_deadlines,linear_q_11,120242,19,15,8,4,40,32,81.60000000000004,0,0.42105263157894735,0.7894736842105263,2.1333333333333333,2.6666666666666665
tight_deadlines,linear_q_11,120243,6,6,5,0,25,1,50.54999999999998,0,0.8333333333333334,1.0,0.16666666666666666,4.166666666666667
tight_deadlines,linear_q_11,120244,14,14,12,0,44,9,118.30000000000005,0,0.8571428571428571,1.0,0.6428571428571429,3.142857142857143
tight_deadlines,linear_q_11,120245,16,15,10,1,41,33,104.55000000000004,0,0.625,0.9375,2.2,2.7333333333333334
tight_deadlines,linear_q_11,120246,13,13,10,0,41,20,101.65000000000005,0,0.7692307692307693,1.0,1.5384615384615385,3.1538461538461537
tight_deadlines,linear_q_11,120247,17,12,5,5,42,50,30.30000000000001,0,0.29411764705882354,0.7058823529411765,4.166666666666667,3.5
tight_deadlines,linear_q_11,120248,16,16,15,0,41,1,144.95000000000007,0,0.9375,1.0,0.0625,2.5625
tight_deadlines,linear_q_11,120249,10,10,10,0,37,0,87.05000000000004,0,1.0,1.0,0.0,3.7
tight_deadlines,linear_q_11,120250,15,14,10,1,44,30,95.59999999999998,0,0.6666666666666666,0.9333333333333333,2.142857142857143,3.142857142857143
tight_deadlines,linear_q_11,120251,19,17,13,2,45,11,130.55000000000007,0,0.6842105263157895,0.8947368421052632,0.6470588235294118,2.6470588235294117
tight_deadlines,linear_q_11,120252,17,17,12,0,44,20,140.60000000000005,0,0.7058823529411765,1.0,1.1764705882352942,2.588235294117647
tight_deadlines,linear_q_11,120253,14,14,13,0,37,3,124.95000000000007,0,0.9285714285714286,1.0,0.21428571428571427,2.642857142857143
tight_deadlines,linear_q_11,120254,16,14,11,2,39,16,99.15000000000003,0,0.6875,0.875,1.1428571428571428,2.7857142857142856
tight_deadlines,linear_q_11,120255,12,12,7,0,43,24,88.15000000000002,0,0.5833333333333334,1.0,2.0,3.5833333333333335
tight_deadlines,linear_q_11,120256,13,13,11,0,42,15,104.80000000000004,0,0.8461538461538461,1.0,1.1538461538461537,3.230769230769231
tight_deadlines,linear_q_11,120257,16,16,12,0,44,8,139.00000000000003,0,0.75,1.0,0.5,2.75
tight_deadlines,linear_q_11,120258,18,15,8,3,45,29,89.95000000000005,0,0.4444444444444444,0.8333333333333334,1.9333333333333333,3.0
tight_deadlines,linear_q_11,120259,12,12,10,0,42,7,100.40000000000005,0,0.8333333333333334,1.0,0.5833333333333334,3.5
tight_deadlines,linear_q_11,120260,15,15,15,0,39,0,136.35000000000008,0,1.0,1.0,0.0,2.6
tight_deadlines,linear_q_11,120261,15,15,14,0,40,13,126.90000000000005,0,0.9333333333333333,1.0,0.8666666666666667,2.6666666666666665
tight_deadlines,linear_q_11,120262,21,17,8,4,44,33,99.50000000000003,0,0.38095238095238093,0.8095238095238095,1.9411764705882353,2.588235294117647
tight_deadlines,linear_q_11,120263,14,14,11,0,42,13,116.20000000000007,0,0.7857142857142857,1.0,0.9285714285714286,3.0
tight_deadlines,linear_q_11,120264,10,10,8,0,38,8,81.10000000000002,0,0.8,1.0,0.8,3.8
tight_deadlines,linear_q_11,120265,15,15,9,0,45,35,109.75000000000006,0,0.6,1.0,2.3333333333333335,3.0
tight_deadlines,linear_q_11,120266,13,13,7,0,39,20,102.35000000000005,0,0.5384615384615384,1.0,1.5384615384615385,3.0
tight_deadlines,linear_q_11,120267,15,13,9,2,45,37,72.35000000000005,0,0.6,0.8666666666666667,2.8461538461538463,3.4615384615384617
tight_deadlines,linear_q_11,120268,14,14,8,0,41,10,118.65000000000006,0,0.5714285714285714,1.0,0.7142857142857143,2.9285714285714284
tight_deadlines,linear_q_11,120269,16,16,12,0,43,16,133.75000000000006,0,0.75,1.0,1.0,2.6875
tight_deadlines,linear_q_11,120270,14,14,7,0,47,30,102.55000000000005,0,0.5,1.0,2.142857142857143,3.357142857142857
tight_deadlines,linear_q_11,120271,12,12,11,0,38,6,102.50000000000003,0,0.9166666666666666,1.0,0.5,3.1666666666666665
tight_deadlines,linear_q_11,120272,11,11,11,0,36,0,97.40000000000006,0,1.0,1.0,0.0,3.272727272727273
tight_deadlines,linear_q_11,120273,14,14,12,0,44,18,112.00000000000003,0,0.8571428571428571,1.0,1.2857142857142858,3.142857142857143
tight_deadlines,linear_q_11,120274,14,13,10,1,45,22,90.85000000000008,0,0.7142857142857143,0.9285714285714286,1.6923076923076923,3.4615384615384617
tight_deadlines,linear_q_11,120275,16,14,6,2,43,42,79.55000000000004,0,0.375,0.875,3.0,3.0714285714285716
tight_deadlines,linear_q_11,120276,7,7,7,0,28,0,60.19999999999997,0,1.0,1.0,0.0,4.0
tight_deadlines,linear_q_11,120277,13,13,10,0,39,11,108.65000000000006,0,0.7692307692307693,1.0,0.8461538461538461,3.0
tight_deadlines,linear_q_11,120278,9,9,7,0,38,7,71.8,0,0.7777777777777778,1.0,0.7777777777777778,4.222222222222222
tight_deadlines,linear_q_11,120279,13,13,12,0,46,21,99.20000000000003,0,0.9230769230769231,1.0,1.6153846153846154,3.5384615384615383
tight_deadlines,linear_q_11,120280,15,15,15,0,39,0,136.35000000000008,0,1.0,1.0,0.0,2.6
tight_deadlines,linear_q_11,120281,8,8,8,0,31,0,69.14999999999999,0,1.0,1.0,0.0,3.875
tight_deadlines,linear_q_11,120282,15,14,7,1,44,47,83.70000000000006,0,0.4666666666666667,0.9333333333333333,3.357142857142857,3.142857142857143
tight_deadlines,linear_q_11,120283,10,10,8,0,38,6,82.49999999999999,0,0.8,1.0,0.6,3.8
tight_deadlines,linear_q_11,120284,14,14,8,0,43,21,110.25000000000004,0,0.5714285714285714,1.0,1.5,3.0714285714285716
tight_deadlines,linear_q_11,120285,15,15,12,0,42,10,128.30000000000007,0,0.8,1.0,0.6666666666666666,2.8
tight_deadlines,linear_q_11,120286,11,11,8,0,41,11,87.95000000000005,0,0.7272727272727273,1.0,1.0,3.727272727272727
tight_deadlines,linear_q_11,120287,12,12,10,0,40,4,103.20000000000005,0,0.8333333333333334,1.0,0.3333333333333333,3.3333333333333335
tight_deadlines,linear_q_11,120288,14,14,10,0,48,28,103.60000000000008,0,0.7142857142857143,1.0,2.0,3.4285714285714284
tight_deadlines,linear_q_11,120289,20,17,11,3,45,14,120.45000000000007,0,0.55,0.85,0.8235294117647058,2.6470588235294117
tight_deadlines,linear_q_11,120290,19,15,11,4,46,27,83.00000000000001,0,0.5789473684210527,0.7894736842105263,1.8,3.066666666666667
tight_deadlines,linear_q_11,120291,11,11,11,0,41,0,95.65000000000005,0,1.0,1.0,0.0,3.727272727272727
tight_deadlines,linear_q_11,120292,13,13,10,0,46,13,104.8000000000001,0,0.7692307692307693,1.0,1.0,3.5384615384615383
tight_deadlines,linear_q_11,120293,11,11,9,0,41,16,84.45000000000002,0,0.8181818181818182,1.0,1.4545454545454546,3.727272727272727
tight_deadlines,linear_q_11,120294,15,13,8,2,42,29,79.00000000000001,0,0.5333333333333333,0.8666666666666667,2.230769230769231,3.230769230769231
tight_deadlines,linear_q_11,120295,13,13,10,0,35,7,112.85000000000007,0,0.7692307692307693,1.0,0.5384615384615384,2.6923076923076925
tight_deadlines,linear_q_11,120296,20,17,11,3,48,44,98.40000000000008,0,0.55,0.85,2.588235294117647,2.823529411764706
tight_deadlines,linear_q_11,120297,16,16,15,0,44,1,143.9000000000001,0,0.9375,1.0,0.0625,2.75
tight_deadlines,linear_q_11,120298,17,15,9,1,48,20,84.30000000000001,1,0.5294117647058824,0.8823529411764706,1.3333333333333333,3.2
tight_deadlines,linear_q_11,120299,17,15,8,1,46,24,80.8,1,0.47058823529411764,0.8823529411764706,1.6,3.066666666666667
tight_deadlines,linear_q_22,120000,12,12,8,0,41,11,97.95000000000006,0,0.6666666666666666,1.0,0.9166666666666666,3.4166666666666665
tight_deadlines,linear_q_22,120001,9,9,8,0,31,1,78.44999999999999,0,0.8888888888888888,1.0,0.1111111111111111,3.4444444444444446
tight_deadlines,linear_q_22,120002,11,11,10,0,37,2,95.65000000000003,0,0.9090909090909091,1.0,0.18181818181818182,3.3636363636363638
tight_deadlines,linear_q_22,120003,17,15,6,2,40,34,96.20000000000007,0,0.35294117647058826,0.8823529411764706,2.2666666666666666,2.6666666666666665
tight_deadlines,linear_q_22,120004,19,15,6,4,45,52,65.85000000000004,0,0.3157894736842105,0.7894736842105263,3.466666666666667,3.0
tight_deadlines,linear_q_22,120005,15,14,11,1,43,17,105.05000000000004,0,0.7333333333333333,0.9333333333333333,1.2142857142857142,3.0714285714285716
tight_deadlines,linear_q_22,120006,11,11,9,0,34,4,95.30000000000003,0,0.8181818181818182,1.0,0.36363636363636365,3.090909090909091
tight_deadlines,linear_q_22,120007,14,14,12,0,46,25,106.40000000000006,0,0.8571428571428571,1.0,1.7857142857142858,3.2857142857142856
tight_deadlines,linear_q_22,120008,15,15,13,0,42,4,132.50000000000003,0,0.8666666666666667,1.0,0.26666666666666666,2.8
tight_deadlines,linear_q_22,120009,13,13,13,0,43,0,114.95000000000005,0,1.0,1.0,0.0,3.3076923076923075
tight_deadlines,linear_q_22,120010,15,15,11,0,45,29,113.95000000000005,0,0.7333333333333333,1.0,1.9333333333333333,3.0
tight_deadlines,linear_q_22,120011,22,16,7,6,44,45,65.10000000000004,0,0.3181818181818182,0.7272727272727273,2.8125,2.75
tight_deadlines,linear_q_22,120012,18,16,9,2,40,33,106.90000000000006,0,0.5,0.8888888888888888,2.0625,2.5
tight_deadlines,linear_q_22,120013,12,12,9,0,40,4,103.20000000000005,0,0.75,1.0,0.3333333333333333,3.3333333333333335
tight_deadlines,linear_q_22,120014,16,16,10,0,46,23,127.80000000000008,0,0.625,1.0,1.4375,2.875
tight_deadlines,linear_q_22,120015,13,13,9,0,38,15,106.20000000000006,0,0.6923076923076923,1.0,1.1538461538461537,2.923076923076923
tight_deadlines,linear_q_22,120016,16,16,13,0,48,29,122.90000000000008,0,0.8125,1.0,1.8125,3.0
tight_deadlines,linear_q_22,120017,18,15,8,3,43,18,98.35000000000007,0,0.4444444444444444,0.8333333333333334,1.2,2.8666666666666667
tight_deadlines,linear_q_22,120018,12,12,11,0,40,7,101.10000000000008,0,0.9166666666666666,1.0,0.5833333333333334,3.3333333333333335
tight_deadlines,linear_q_22,120019,8,8,5,0,36,12,59.0,0,0.625,1.0,1.5,4.5
tight_deadlines,linear_q_22,120020,16,15,11,1,39,17,116.45000000000006,0,0.6875,0.9375,1.1333333333333333,2.6
tight_deadlines,linear_q_22,120021,12,12,8,0,40,38,79.40000000000003,0,0.6666666666666666,1.0,3.1666666666666665,3.3333333333333335
tight_deadlines,linear_q_22,120022,10,10,10,0,38,0,86.70000000000002,0,1.0,1.0,0.0,3.8
tight_deadlines,linear_q_22,120023,16,15,8,1,45,29,105.95000000000002,0,0.5,0.9375,1.9333333333333333,3.0
tight_deadlines,linear_q_22,120024,14,14,11,0,39,4,123.55000000000008,0,0.7857142857142857,1.0,0.2857142857142857,2.7857142857142856
tight_deadlines,linear_q_22,120025,16,16,10,0,43,24,128.1500000000001,0,0.625,1.0,1.5,2.6875
tight_deadlines,linear_q_22,120026,11,11,9,0,36,7,92.50000000000006,0,0.8181818181818182,1.0,0.6363636363636364,3.272727272727273
tight_deadlines,linear_q_22,120027,12,12,9,0,41,7,100.75000000000006,0,0.75,1.0,0.5833333333333334,3.4166666666666665
tight_deadlines,linear_q_22,120028,10,10,7,0,38,15,76.20000000000005,0,0.7,1.0,1.5,3.8
tight_deadlines,linear_q_22,120029,13,13,13,0,36,0,117.40000000000003,0,1.0,1.0,0.0,2.769230769230769
tight_deadlines,linear_q_22,120030,14,14,9,0,41,18,113.05000000000007,0,0.6428571428571429,1.0,1.2857142857142858,2.9285714285714284
tight_deadlines,linear_q_22,120031,14,14,10,0,44,18,112.00000000000004,0,0.7142857142857143,1.0,1.2857142857142858,3.142857142857143
tight_deadlines,linear_q_22,120032,13,13,11,0,43,6,110.75000000000003,0,0.8461538461538461,1.0,0.46153846153846156,3.3076923076923075
tight_deadlines,linear_q_22,120033,8,8,8,0,32,0,68.79999999999998,0,1.0,1.0,0.0,4.0
tight_deadlines,linear_q_22,120034,15,15,13,0,42,12,126.90000000000006,0,0.8666666666666667,1.0,0.8,2.8
tight_deadlines,linear_q_22,120035,12,12,10,0,39,4,103.55000000000007,0,0.8333333333333334,1.0,0.3333333333333333,3.25
tight_deadlines,linear_q_22,120036,17,12,4,4,48,50,11.400000000000013,1,0.23529411764705882,0.7058823529411765,4.166666666666667,4.0
tight_deadlines,linear_q_22,120037,17,17,11,0,43,18,142.35000000000005,0,0.6470588235294118,1.0,1.0588235294117647,2.5294117647058822
tight_deadlines,linear_q_22,120038,17,16,11,1,46,29,115.60000000000004,0,0.6470588235294118,0.9411764705882353,1.8125,2.875
tight_deadlines,linear_q_22,120039,19,16,7,3,45,38,93.65000000000005,0,0.3684210526315789,0.8421052631578947,2.375,2.8125
tight_deadlines,linear_q_22,120040,16,16,12,0,46,28,124.30000000000003,0,0.75,1.0,1.75,2.875
tight_deadlines,linear_q_22,120041,16,16,13,0,44,14,134.8000000000001,0,0.8125,1.0,0.875,2.75
tight_deadlines,linear_q_22,120042,15,14,8,1,37,20,105.05000000000007,0,0.5333333333333333,0.9333333333333333,1.4285714285714286,2.642857142857143
tight_deadlines,linear_q_22,120043,11,11,10,0,38,1,96.00000000000006,0,0.9090909090909091,1.0,0.09090909090909091,3.4545454545454546
tight_deadlines,linear_q_22,120044,19,15,8,4,43,33,79.85000000000002,0,0.42105263157894735,0.7894736842105263,2.2,2.8666666666666667
tight_deadlines,linear_q_22,120045,17,14,8,3,45,56,61.05000000000001,0,0.47058823529411764,0.8235294117647058,4.0,3.2142857142857144
tight_deadlines,linear_q_22,120046,17,15,10,2,42,10,112.30000000000011,0,0.5882352941176471,0.8823529411764706,0.6666666666666666,2.8
tight_deadlines,linear_q_22,120047,19,17,12,2,40,25,122.50000000000009,0,0.631578947368421,0.8947368421052632,1.4705882352941178,2.3529411764705883
tight_deadlines,linear_q_22,120048,10,10,8,0,39,6,82.15000000000003,0,0.8,1.0,0.6,3.9
tight_deadlines,linear_q_22,120049,23,16,7,7,48,53,50.10000000000003,0,0.30434782608695654,0.6956521739130435,3.3125,3.0
tight_deadlines,linear_q_22,120050,15,14,9,1,37,21,104.35000000000007,0,0.6,0.9333333333333333,1.5,2.642857142857143
tight_deadlines,linear_q_22,120051,16,16,13,0,41,6,141.45000000000005,0,0.8125,1.0,0.375,2.5625
tight_deadlines,linear_q_22,120052,14,14,11,0,34,5,124.60000000000005,0,0.7857142857142857,1.0,0.35714285714285715,2.4285714285714284
tight_deadlines,linear_q_22,120053,13,13,9,0,39,21,101.6500000000001,0,0.6923076923076923,1.0,1.6153846153846154,3.0
tight_deadlines,linear_q_22,120054,15,14,9,1,39,26,100.15000000000003,0,0.6,0.9333333333333333,1.8571428571428572,2.7857142857142856
tight_deadlines,linear_q_22,120055,18,14,7,4,47,46,59.35000000000004,0,0.3888888888888889,0.7777777777777778,3.2857142857142856,3.357142857142857
tight_deadlines,linear_q_22,120056,14,14,12,0,42,7,120.40000000000006,0,0.8571428571428571,1.0,0.5,3.0
tight_deadlines,linear_q_22,120057,13,13,12,0,40,1,115.30000000000007,0,0.9230769230769231,1.0,0.07692307692307693,3.076923076923077
tight_deadlines,linear_q_22,120058,12,12,9,0,40,4,103.20000000000005,0,0.75,1.0,0.3333333333333333,3.3333333333333335
tight_deadlines,linear_q_22,120059,6,6,6,0,32,0,48.799999999999976,0,1.0,1.0,0.0,5.333333333333333
tight_deadlines,linear_q_22,120060,13,13,10,0,42,10,108.30000000000004,0,0.7692307692307693,1.0,0.7692307692307693,3.230769230769231
tight_deadlines,linear_q_22,120061,18,15,8,3,43,44,80.15000000000005,0,0.4444444444444444,0.8333333333333334,2.933333333333333,2.8666666666666667
tight_deadlines,linear_q_22,120062,14,14,10,0,42,14,115.50000000000007,0,0.7142857142857143,1.0,1.0,3.0
tight_deadlines,linear_q_22,120063,8,8,8,0,33,0,68.44999999999999,0,1.0,1.0,0.0,4.125
tight_deadlines,linear_q_22,120064,14,12,7,1,46,24,64.1,1,0.5,0.8571428571428571,2.0,3.8333333333333335
tight_deadlines,linear_q_22,120065,11,11,11,0,39,0,96.35000000000002,0,1.0,1.0,0.0,3.5454545454545454
tight_deadlines,linear_q_22,120066,13,13,8,0,42,23,99.20000000000005,0,0.6153846153846154,1.0,1.7692307692307692,3.230769230769231
tight_deadlines,linear_q_22,120067,7,7,6,0,31,2,57.749999999999986,0,0.8571428571428571,1.0,0.2857142857142857,4.428571428571429
tight_deadlines,linear_q_22,120068,14,13,7,1,40,37,82.10000000000004,0,0.5,0.9285714285714286,2.8461538461538463,3.076923076923077
tight_deadlines,linear_q_22,120069,17,14,7,3,47,65,54.050000000000026,0,0.4117647058823529,0.8235294117647058,4.642857142857143,3.357142857142857
tight_deadlines,linear_q_22,120070,17,16,10,1,42,11,129.60000000000008,0,0.5882352941176471,0.9411764705882353,0.6875,2.625
tight_deadlines,linear_q_22,120071,11,11,9,0,41,16,84.45000000000003,0,0.8181818181818182,1.0,1.4545454545454546,3.727272727272727
tight_deadlines,linear_q_22,120072,8,8,8,0,32,0,68.8,0,1.0,1.0,0.0,4.0
tight_deadlines,linear_q_22,120073,14,14,12,0,41,11,117.95000000000007,0,0.8571428571428571,1.0,0.7857142857142857,2.9285714285714284
tight_deadlines,linear_q_22,120074,15,15,10,0,45,28,114.65000000000002,0,0.6666666666666666,1.0,1.8666666666666667,3.0
tight_deadlines,linear_q_22,120075,16,14,8,2,44,47,75.70000000000003,0,0.5,0.875,3.357142857142857,3.142857142857143
tight_deadlines,linear_q_22,120076,14,14,13,0,40,1,125.30000000000007,0,0.9285714285714286,1.0,0.07142857142857142,2.857142857142857
tight_deadlines,linear_q_22,120077,14,14,14,0,36,0,127.40000000000006,0,1.0,1.0,0.0,2.5714285714285716
tight_deadlines,linear_q_22,120078,11,11,9,0,39,25,78.85000000000002,0,0.8181818181818182,1.0,2.272727272727273,3.5454545454545454
tight_deadlines,linear_q_22,120079,14,14,12,0,45,33,101.15000000000009,0,0.8571428571428571,1.0,2.357142857142857,3.2142857142857144
tight_deadlines,linear_q_22,120080,15,15,13,0,43,17,123.05000000000004,0,0.8666666666666667,1.0,1.1333333333333333,2.8666666666666667
tight_deadlines,linear_q_22,120081,12,12,10,0,41,29,85.35000000000005,0,0.8333333333333334,1.0,2.4166666666666665,3.4166666666666665
tight_deadlines,linear_q_22,120082,15,15,14,0,43,1,134.25000000000009,0,0.9333333333333333,1.0,0.06666666666666667,2.8666666666666667
tight_deadlines,linear_q_22,120083,10,10,10,0,36,0,87.4,0,1.0,1.0,0.0,3.6
tight_deadlines,linear_q_22,120084,16,13,10,3,42,18,78.70000000000003,0,0.625,0.8125,1.3846153846153846,3.230769230769231
tight_deadlines,linear_q_22,120085,19,16,8,3,43,38,94.35000000000005,0,0.42105263157894735,0.8421052631578947,2.375,2.6875
tight_deadlines,linear_q_22,120086,7,7,7,0,30,0,59.49999999999997,0,1.0,1.0,0.0,4.285714285714286
tight_deadlines,linear_q_22,120087,19,18,16,1,40,12,149.60000000000008,0,0.8421052631578947,0.9473684210526315,0.6666666666666666,2.2222222222222223
tight_deadlines,linear_q_22,120088,17,14,8,3,45,49,65.95000000000003,0,0.47058823529411764,0.8235294117647058,3.5,3.2142857142857144
tight_deadlines,linear_q_22,120089,13,13,7,0,43,21,100.25000000000006,0,0.5384615384615384,1.0,1.6153846153846154,3.3076923076923075
tight_deadlines,linear_q_22,120090,8,8,8,0,29,0,69.84999999999998,0,1.0,1.0,0.0,3.625
tight_deadlines,linear_q_22,120091,11,11,6,0,44,13,85.50000000000007,0,0.5454545454545454,1.0,1.1818181818181819,4.0
tight_deadlines,linear_q_22,120092,13,13,10,0,43,22,99.55000000000001,0,0.7692307692307693,1.0,1.6923076923076923,3.3076923076923075
tight_deadlines,linear_q_22,120093,10,10,6,0,38,15,76.20000000000006,0,0.6,1.0,1.5,3.8
tight_deadlines,linear_q_22,120094,16,15,11,1,40,13,118.90000000000008,0,0.6875,0.9375,0.8666666666666667,2.6666666666666665
tight_deadlines,linear_q_22,120095,19,17,8,2,45,24,121.45000000000009,0,0.42105263157894735,0.8947368421052632,1.411764705882353,2.6470588235294117
tight_deadlines,linear_q_22,120096,10,10,9,0,38,11,79.0,0,0.9,1.0,1.1,3.8
tight_deadlines,linear_q_22,120097,16,16,15,0,41,1,144.9500000000001,0,0.9375,1.0,0.0625,2.5625
tight_deadlines,linear_q_22,120098,21,15,8,6,42,32,64.90000000000003,0,0.38095238095238093,0.7142857142857143,2.1333333333333333,2.8
tight_deadlines,linear_q_22,120099,11,11,10,0,38,3,94.60000000000002,0,0.9090909090909091,1.0,0.2727272727272727,3.4545454545454546
tight_deadlines,linear_q_22,120100,16,14,8,2,47,29,87.25000000000001,0,0.5,0.875,2.0714285714285716,3.357142857142857
tight_deadlines,linear_q_22,120101,18,17,11,1,46,30,124.90000000000005,0,0.6111111111111112,0.9444444444444444,1.7647058823529411,2.7058823529411766
tight_deadlines,linear_q_22,120102,9,9,9,0,41,0,75.64999999999999,0,1.0,1.0,0.0,4.555555555555555
tight_deadlines,linear_q_22,120103,13,13,10,0,41,13,106.55000000000008,0,0.7692307692307693,1.0,1.0,3.1538461538461537
tight_deadlines,linear_q_22,120104,13,13,12,0,35,2,116.35000000000002,0,0.9230769230769231,1.0,0.15384615384615385,2.6923076923076925
tight_deadlines,linear_q_22,120105,9,9,5,0,31,5,75.65000000000003,0,0.5555555555555556,1.0,0.5555555555555556,3.4444444444444446
tight_deadlines,linear_q_22,120106,18,17,9,1,47,30,124.55000000000005,0,0.5,0.9444444444444444,1.7647058823529411,2.764705882352941
tight_deadlines,linear_q_22,120107,13,13,10,0,39,12,107.95000000000002,0,0.7692307692307693,1.0,0.9230769230769231,3.0
tight_deadlines,linear_q_22,120108,19,17,9,2,46,38,111.30000000000008,0,0.47368421052631576,0.8947368421052632,2.235294117647059,2.7058823529411766
tight_deadlines,linear_q_22,120109,17,17,12,0,46,16,142.70000000000002,0,0.7058823529411765,1.0,0.9411764705882353,2.7058823529411766
tight_deadlines,linear_q_22,120110,15,14,10,1,37,10,112.05000000000005,0,0.6666666666666666,0.9333333333333333,0.7142857142857143,2.642857142857143
tight_deadlines,linear_q_22,120111,16,15,10,0,48,12,108.4000000000001,1,0.625,0.9375,0.8,3.2
tight_deadlines,linear_q_22,120112,16,16,14,0,44,17,132.70000000000007,0,0.875,1.0,1.0625,2.75
tight_deadlines,linear_q_22,120113,13,11,6,2,39,37,54.45,0,0.46153846153846156,0.8461538461538461,3.3636363636363638,3.5454545454545454
tight_deadlines,linear_q_22,120114,13,13,12,0,39,3,114.25000000000006,0,0.9230769230769231,1.0,0.23076923076923078,3.0
tight_deadlines,linear_q_22,120115,14,14,13,0,38,3,124.60000000000005,0,0.9285714285714286,1.0,0.21428571428571427,2.7142857142857144
tight_deadlines,linear_q_22,120116,17,16,13,1,42,9,131.00000000000006,0,0.7647058823529411,0.9411764705882353,0.5625,2.625
tight_deadlines,linear_q_22,120117,16,16,10,0,43,25,127.45000000000007,0,0.625,1.0,1.5625,2.6875
tight_deadlines,linear_q_22,120118,15,15,15,0,41,0,135.65000000000006,0,1.0,1.0,0.0,2.7333333333333334
tight_deadlines,linear_q_22,120119,17,16,12,1,46,13,126.80000000000008,0,0.7058823529411765,0.9411764705882353,0.8125,2.875
tight_deadlines,linear_q_22,120120,14,14,11,0,40,12,117.60000000000008,0,0.7857142857142857,1.0,0.8571428571428571,2.857142857142857
tight_deadlines,linear_q_22,120121,15,15,12,0,39,8,130.75000000000006,0,0.8,1.0,0.5333333333333333,2.6
tight_deadlines,linear_q_22,120122,16,15,11,1,46,13,116.80000000000005,0,0.6875,0.9375,0.8666666666666667,3.066666666666667
tight_deadlines,linear_q_22,120123,15,14,10,0,46,20,94.9000000000001,1,0.6666666666666666,0.9333333333333333,1.4285714285714286,3.2857142857142856
tight_deadlines,linear_q_22,120124,14,14,11,0,41,10,118.65000000000005,0,0.7857142857142857,1.0,0.7142857142857143,2.9285714285714284
tight_deadlines,linear_q_22,120125,18,17,11,1,46,33,122.80000000000008,0,0.6111111111111112,0.9444444444444444,1.9411764705882353,2.7058823529411766
tight_deadlines,linear_q_22,120126,14,14,9,0,40,14,116.20000000000006,0,0.6428571428571429,1.0,1.0,2.857142857142857
tight_deadlines,linear_q_22,120127,13,13,10,0,47,11,105.85000000000007,0,0.7692307692307693,1.0,0.8461538461538461,3.6153846153846154
tight_deadlines,linear_q_22,120128,17,13,5,4,45,63,38.150000000000006,0,0.29411764705882354,0.7647058823529411,4.846153846153846,3.4615384615384617
tight_deadlines,linear_q_22,120129,15,13,8,1,48,16,70.60000000000002,1,0.5333333333333333,0.8666666666666667,1.2307692307692308,3.6923076923076925
tight_deadlines,linear_q_22,120130,12,12,9,0,37,10,100.05000000000003,0,0.75,1.0,0.8333333333333334,3.0833333333333335
tight_deadlines,linear_q_22,120131,16,16,12,0,44,21,129.9000000000001,0,0.75,1.0,1.3125,2.75
tight_deadlines,linear_q_22,120132,15,14,9,0,48,26,76.69999999999999,1,0.6,0.9333333333333333,1.8571428571428572,3.4285714285714284
tight_deadlines,linear_q_22,120133,13,12,8,0,46,9,83.30000000000007,1,0.6153846153846154,0.9230769230769231,0.75,3.8333333333333335
tight_deadlines,linear_q_22,120134,12,12,10,0,40,13,96.90000000000006,0,0.8333333333333334,1.0,1.0833333333333333,3.3333333333333335
tight_deadlines,linear_q_22,120135,14,14,12,0,43,21,110.25000000000006,0,0.8571428571428571,1.0,1.5,3.0714285714285716
tight_deadlines,linear_q_22,120136,18,15,8,3,44,55,72.10000000000001,0,0.4444444444444444,0.8333333333333334,3.6666666666666665,2.933333333333333
tight_deadlines,linear_q_22,120137,14,13,10,1,39,14,98.55000000000003,0,0.7142857142857143,0.9285714285714286,1.0769230769230769,3.0
tight_deadlines,linear_q_22,120138,13,12,11,1,41,3,95.55000000000003,0,0.8461538461538461,0.9230769230769231,0.25,3.4166666666666665
tight_deadlines,linear_q_22,120139,8,8,7,0,36,4,64.60000000000001,0,0.875,1.0,0.5,4.5
tight_deadlines,linear_q_22,120140,13,12,8,1,38,23,82.60000000000007,0,0.6153846153846154,0.9230769230769231,1.9166666666666667,3.1666666666666665
tight_deadlines,linear_q_22,120141,13,13,7,0,40,24,99.20000000000003,0,0.5384615384615384,1.0,1.8461538461538463,3.076923076923077
tight_deadlines,linear_q_22,120142,12,12,10,0,37,4,104.25000000000004,0,0.8333333333333334,1.0,0.3333333333333333,3.0833333333333335
tight_deadlines,linear_q_22,120143,14,14,8,0,42,24,108.50000000000006,0,0.5714285714285714,1.0,1.7142857142857142,3.0
tight_deadlines,linear_q_22,120144,15,12,7,2,48,40,38.59999999999998,1,0.4666666666666667,0.8,3.3333333333333335,4.0
tight_deadlines,linear_q_22,120145,9,9,9,0,36,0,77.4,0,1.0,1.0,0.0,4.0
tight_deadlines,linear_q_22,120146,15,14,11,1,46,34,92.10000000000007,0,0.7333333333333333,0.9333333333333333,2.4285714285714284,3.2857142857142856
tight_deadlines,linear_q_22,120147,10,10,8,0,34,4,85.30000000000001,0,0.8,1.0,0.4,3.4
tight_deadlines,linear_q_22,120148,18,16,12,2,42,24,112.50000000000003,0,0.6666666666666666,0.8888888888888888,1.5,2.625
tight_deadlines,linear_q_22,120149,9,9,7,0,38,2,75.3,0,0.7777777777777778,1.0,0.2222222222222222,4.222222222222222
tight_deadlines,linear_q_22,120150,16,15,11,1,42,25,109.80000000000004,0,0.6875,0.9375,1.6666666666666667,2.8
tight_deadlines,linear_q_22,120151,11,11,9,0,37,10,90.05000000000004,0,0.8181818181818182,1.0,0.9090909090909091,3.3636363636363638
tight_deadlines,linear_q_22,120152,14,13,10,1,40,10,101.0000000000001,0,0.7142857142857143,0.9285714285714286,0.7692307692307693,3.076923076923077
tight_deadlines,linear_q_22,120153,15,12,7,2,44,25,51.89999999999998,1,0.4666666666666667,0.8,2.0833333333333335,3.6666666666666665
tight_deadlines,linear_q_22,120154,20,15,6,5,47,64,48.75000000000002,0,0.3,0.75,4.266666666666667,3.1333333333333333
tight_deadlines,linear_q_22,120155,15,15,12,0,42,31,113.60000000000007,0,0.8,1.0,2.066666666666667,2.8
tight_deadlines,linear_q_22,120156,11,11,10,0,41,3,93.55000000000004,0,0.9090909090909091,1.0,0.2727272727272727,3.727272727272727
tight_deadlines,linear_q_22,120157,17,14,5,3,48,51,63.50000000000004,0,0.29411764705882354,0.8235294117647058,3.642857142857143,3.4285714285714284
tight_deadlines,linear_q_22,120158,12,12,9,0,39,9,100.05000000000003,0,0.75,1.0,0.75,3.25
tight_deadlines,linear_q_22,120159,15,15,9,0,45,29,113.95000000000006,0,0.6,1.0,1.9333333333333333,3.0
tight_deadlines,linear_q_22,120160,14,13,10,0,43,9,95.75000000000009,1,0.7142857142857143,0.9285714285714286,0.6923076923076923,3.3076923076923075
tight_deadlines,linear_q_22,120161,15,15,11,0,40,18,123.40000000000005,0,0.7333333333333333,1.0,1.2,2.6666666666666665
tight_deadlines,linear_q_22,120162,19,19,15,0,41,7,170.7500000000001,0,0.7894736842105263,1.0,0.3684210526315789,2.1578947368421053
tight_deadlines,linear_q_22,120163,12,12,10,0,39,6,102.15000000000006,0,0.8333333333333334,1.0,0.5,3.25
tight_deadlines,linear_q_22,120164,12,12,11,0,41,6,101.45000000000002,0,0.9166666666666666,1.0,0.5,3.4166666666666665
tight_deadlines,linear_q_22,120165,18,17,12,1,43,25,129.45000000000007,0,0.6666666666666666,0.9444444444444444,1.4705882352941178,2.5294117647058822
tight_deadlines,linear_q_22,120166,13,13,10,0,38,4,113.90000000000003,0,0.7692307692307693,1.0,0.3076923076923077,2.923076923076923
tight_deadlines,linear_q_22,120167,17,16,7,1,41,42,108.25000000000007,0,0.4117647058823529,0.9411764705882353,2.625,2.5625
tight_deadlines,linear_q_22,120168,15,14,10,1,36,7,114.50000000000006,0,0.6666666666666666,0.9333333333333333,0.5,2.5714285714285716
tight_deadlines,linear_q_22,120169,11,11,10,0,31,8,93.55000000000001,0,0.9090909090909091,1.0,0.7272727272727273,2.8181818181818183
tight_deadlines,linear_q_22,120170,18,18,16,0,41,7,160.7500000000001,0,0.8888888888888888,1.0,0.3888888888888889,2.2777777777777777
tight_deadlines,linear_q_22,120171,11,11,9,0,36,5,93.90000000000003,0,0.8181818181818182,1.0,0.45454545454545453,3.272727272727273
tight_deadlines,linear_q_22,120172,17,16,11,1,48,27,116.30000000000004,0,0.6470588235294118,0.9411764705882353,1.6875,3.0
tight_deadlines,linear_q_22,120173,12,12,9,0,40,17,94.10000000000004,0,0.75,1.0,1.4166666666666667,3.3333333333333335
tight_deadlines,linear_q_22,120174,19,14,5,5,47,72,33.15000000000003,0,0.2631578947368421,0.7368421052631579,5.142857142857143,3.357142857142857
tight_deadlines,linear_q_22,120175,16,14,10,2,39,25,92.85000000000005,0,0.625,0.875,1.7857142857142858,2.7857142857142856
tight_deadlines,linear_q_22,120176,14,14,7,0,41,32,103.25000000000006,0,0.5,1.0,2.2857142857142856,2.9285714285714284
tight_deadlines,linear_q_22,120177,20,20,15,0,47,32,161.14999999999992,0,0.75,1.0,1.6,2.35
tight_deadlines,linear_q_22,120178,13,13,9,0,47,32,91.15000000000003,0,0.6923076923076923,1.0,2.4615384615384617,3.6153846153846154
tight_deadlines,linear_q_22,120179,14,14,11,0,45,14,114.45000000000007,0,0.7857142857142857,1.0,1.0,3.2142857142857144
tight_deadlines,linear_q_22,120180,15,15,10,0,40,15,125.50000000000006,0,0.6666666666666666,1.0,1.0,2.6666666666666665
tight_deadlines,linear_q_22,120181,8,8,6,0,27,14,60.75,0,0.75,1.0,1.75,3.375
tight_deadlines,linear_q_22,120182,17,17,14,0,43,11,147.25000000000003,0,0.8235294117647058,1.0,0.6470588235294118,2.5294117647058822
tight_deadlines,linear_q_22,120183,15,15,10,0,46,35,109.40000000000002,0,0.6666666666666666,1.0,2.3333333333333335,3.066666666666667
tight_deadlines,linear_q_22,120184,11,11,11,0,33,0,98.45000000000005,0,1.0,1.0,0.0,3.0
tight_deadlines,linear_q_22,120185,12,12,8,0,43,24,88.15000000000003,0,0.6666666666666666,1.0,2.0,3.5833333333333335
tight_deadlines,linear_q_22,120186,18,18,15,0,44,11,156.90000000000006,0,0.8333333333333334,1.0,0.6111111111111112,2.4444444444444446
tight_deadlines,linear_q_22,120187,13,13,11,0,40,14,106.20000000000005,0,0.8461538461538461,1.0,1.0769230769230769,3.076923076923077
tight_deadlines,linear_q_22,120188,19,15,7,4,44,41,73.90000000000003,0,0.3684210526315789,0.7894736842105263,2.7333333333333334,2.933333333333333
tight_deadlines,linear_q_22,120189,15,14,10,1,41,12,109.25000000000007,0,0.6666666666666666,0.9333333333333333,0.8571428571428571,2.9285714285714284
tight_deadlines,linear_q_22,120190,12,12,10,0,39,9,100.05000000000004,0,0.8333333333333334,1.0,0.75,3.25
tight_deadlines,linear_q_22,120191,12,12,12,0,37,0,107.05000000000004,0,1.0,1.0,0.0,3.0833333333333335
tight_deadlines,linear_q_22,120192,16,16,13,0,43,14,135.15000000000003,0,0.8125,1.0,0.875,2.6875
tight_deadlines,linear_q_22,120193,12,12,9,0,38,26,88.50000000000004,0,0.75,1.0,2.1666666666666665,3.1666666666666665
tight_deadlines,linear_q_22,120194,20,17,8,3,46,41,101.20000000000006,0,0.4,0.85,2.411764705882353,2.7058823529411766
tight_deadlines,linear_q_22,120195,15,15,13,0,45,25,116.75000000000006,0,0.8666666666666667,1.0,1.6666666666666667,3.0
tight_deadlines,linear_q_22,120196,17,17,11,0,44,22,139.2,0,0.6470588235294118,1.0,1.2941176470588236,2.588235294117647
tight_deadlines,linear_q_22,120197,15,15,12,0,43,5,131.45000000000005,0,0.8,1.0,0.3333333333333333,2.8666666666666667
tight_deadlines,linear_q_22,120198,16,15,9,1,43,27,108.05000000000005,0,0.5625,0.9375,1.8,2.8666666666666667
tight_deadlines,linear_q_22,120199,20,17,11,3,42,34,107.50000000000006,0,0.55,0.85,2.0,2.4705882352941178
tight_deadlines,linear_q_22,120200,17,15,12,2,40,10,113.00000000000009,0,0.7058823529411765,0.8823529411764706,0.6666666666666666,2.6666666666666665
tight_deadlines,linear_q_22,120201,13,13,10,0,36,18,104.80000000000003,0,0.7692307692307693,1.0,1.3846153846153846,2.769230769230769
tight_deadlines,linear_q_22,120202,13,13,12,0,40,2,114.60000000000007,0,0.9230769230769231,1.0,0.15384615384615385,3.076923076923077
tight_deadlines,linear_q_22,120203,15,15,13,0,40,26,117.80000000000005,0,0.8666666666666667,1.0,1.7333333333333334,2.6666666666666665
tight_deadlines,linear_q_22,120204,16,16,13,0,42,6,141.10000000000005,0,0.8125,1.0,0.375,2.625
tight_deadlines,linear_q_22,120205,12,12,7,0,42,36,80.10000000000005,0,0.5833333333333334,1.0,3.0,3.5
tight_deadlines,linear_q_22,120206,18,16,11,1,48,31,94.99999999999999,1,0.6111111111111112,0.8888888888888888,1.9375,3.0
tight_deadlines,linear_q_22,120207,17,15,7,1,48,33,79.40000000000002,1,0.4117647058823529,0.8823529411764706,2.2,3.2
tight_deadlines,linear_q_22,120208,10,10,8,0,31,10,82.15000000000003,0,0.8,1.0,1.0,3.1
tight_deadlines,linear_q_22,120209,12,12,10,0,41,20,91.65000000000003,0,0.8333333333333334,1.0,1.6666666666666667,3.4166666666666665
tight_deadlines,linear_q_22,120210,17,14,10,3,38,9,96.40000000000002,0,0.5882352941176471,0.8235294117647058,0.6428571428571429,2.7142857142857144
tight_deadlines,linear_q_22,120211,11,11,10,0,38,2,95.30000000000007,0,0.9090909090909091,1.0,0.18181818181818182,3.4545454545454546
tight_deadlines,linear_q_22,120212,8,8,5,0,33,13,59.35000000000001,0,0.625,1.0,1.625,4.125
tight_deadlines,linear_q_22,120213,14,14,11,0,43,16,113.75000000000004,0,0.7857142857142857,1.0,1.1428571428571428,3.0714285714285716
tight_deadlines,linear_q_22,120214,14,14,6,0,47,32,101.15000000000003,0,0.42857142857142855,1.0,2.2857142857142856,3.357142857142857
tight_deadlines,linear_q_22,120215,19,17,13,2,47,29,117.25000000000006,0,0.6842105263157895,0.8947368421052632,1.7058823529411764,2.764705882352941
tight_deadlines,linear_q_22,120216,13,13,9,0,43,10,107.95000000000005,0,0.6923076923076923,1.0,0.7692307692307693,3.3076923076923075
tight_deadlines,linear_q_22,120217,18,17,13,1,44,22,131.20000000000005,0,0.7222222222222222,0.9444444444444444,1.2941176470588236,2.588235294117647
tight_deadlines,linear_q_22,120218,13,13,11,0,38,2,115.30000000000005,0,0.8461538461538461,1.0,0.15384615384615385,2.923076923076923
tight_deadlines,linear_q_22,120219,12,12,7,0,41,13,96.55000000000008,0,0.5833333333333334,1.0,1.0833333333333333,3.4166666666666665
tight_deadlines,linear_q_22,120220,17,15,9,2,43,35,94.45000000000006,0,0.5294117647058824,0.8823529411764706,2.3333333333333335,2.8666666666666667
tight_deadlines,linear_q_22,120221,12,12,8,0,40,8,100.40000000000002,0,0.6666666666666666,1.0,0.6666666666666666,3.3333333333333335
tight_deadlines,linear_q_22,120222,10,10,9,0,37,7,82.15,0,0.9,1.0,0.7,3.7
tight_deadlines,linear_q_22,120223,12,12,11,0,38,12,98.30000000000001,0,0.9166666666666666,1.0,1.0,3.1666666666666665
tight_deadlines,linear_q_22,120224,15,15,13,0,39,4,133.55000000000007,0,0.8666666666666667,1.0,0.26666666666666666,2.6
tight_deadlines,linear_q_22,120225,13,13,10,0,44,32,92.20000000000005,0,0.7692307692307693,1.0,2.4615384615384617,3.3846153846153846
tight_deadlines,linear_q_22,120226,15,15,12,0,39,19,123.05000000000003,0,0.8,1.0,1.2666666666666666,2.6
tight_deadlines,linear_q_22,120227,15,15,11,0,43,39,107.65000000000006,0,0.7333333333333333,1.0,2.6,2.8666666666666667
tight_deadlines,linear_q_22,120228,17,13,8,4,38,36,59.500000000000014,0,0.47058823529411764,0.7647058823529411,2.769230769230769,2.923076923076923
tight_deadlines,linear_q_22,120229,18,16,11,2,44,35,104.10000000000008,0,0.6111111111111112,0.8888888888888888,2.1875,2.75
tight_deadlines,linear_q_22,120230,20,15,8,5,39,38,69.75000000000003,0,0.4,0.75,2.533333333333333,2.6
tight_deadlines,linear_q_22,120231,13,13,10,0,41,15,105.15000000000005,0,0.7692307692307693,1.0,1.1538461538461537,3.1538461538461537
tight_deadlines,linear_q_22,120232,15,15,9,0,47,25,116.05000000000004,0,0.6,1.0,1.6666666666666667,3.1333333333333333
tight_deadlines,linear_q_22,120233,15,15,14,0,38,2,135.30000000000007,0,0.9333333333333333,1.0,0.13333333333333333,2.533333333333333
tight_deadlines,linear_q_22,120234,16,13,8,3,42,56,52.10000000000002,0,0.5,0.8125,4.3076923076923075,3.230769230769231
tight_deadlines,linear_q_22,120235,12,12,8,0,41,4,102.85000000000002,0,0.6666666666666666,1.0,0.3333333333333333,3.4166666666666665
tight_deadlines,linear_q_22,120236,13,13,9,0,34,7,113.20000000000006,0,0.6923076923076923,1.0,0.5384615384615384,2.6153846153846154
tight_deadlines,linear_q_22,120237,16,16,13,0,44,16,133.40000000000012,0,0.8125,1.0,1.0,2.75
tight_deadlines,linear_q_22,120238,19,17,9,2,43,33,115.85000000000004,0,0.47368421052631576,0.8947368421052632,1.9411764705882353,2.5294117647058822
tight_deadlines,linear_q_22,120239,16,14,12,1,48,5,90.40000000000006,1,0.75,0.875,0.35714285714285715,3.4285714285714284
tight_deadlines,linear_q_22,120240,16,16,11,0,44,31,122.90000000000008,0,0.6875,1.0,1.9375,2.75
tight_deadlines,linear_q_22,120241,13,12,11,0,48,5,72.10000000000005,1,0.8461538461538461,0.9230769230769231,0.4166666666666667,4.0
tight_deadlines,linear_q_22,120242,19,15,8,4,40,32,81.60000000000004,0,0.42105263157894735,0.7894736842105263,2.1333333333333333,2.6666666666666665
tight_deadlines,linear_q_22,120243,6,6,5,0,25,1,50.54999999999998,0,0.8333333333333334,1.0,0.16666666666666666,4.166666666666667
tight_deadlines,linear_q_22,120244,14,13,13,0,46,0,89.10000000000004,1,0.9285714285714286,0.9285714285714286,0.0,3.5384615384615383
tight_deadlines,linear_q_22,120245,16,15,10,1,41,35,103.15000000000003,0,0.625,0.9375,2.3333333333333335,2.7333333333333334
tight_deadlines,linear_q_22,120246,13,13,10,0,41,20,101.65000000000005,0,0.7692307692307693,1.0,1.5384615384615385,3.1538461538461537
tight_deadlines,linear_q_22,120247,17,12,5,5,40,50,31.000000000000014,0,0.29411764705882354,0.7058823529411765,4.166666666666667,3.3333333333333335
tight_deadlines,linear_q_22,120248,16,16,15,0,41,1,144.95000000000007,0,0.9375,1.0,0.0625,2.5625
tight_deadlines,linear_q_22,120249,10,10,10,0,38,0,86.70000000000005,0,1.0,1.0,0.0,3.8
tight_deadlines,linear_q_22,120250,15,14,10,1,44,30,95.59999999999998,0,0.6666666666666666,0.9333333333333333,2.142857142857143,3.142857142857143
tight_deadlines,linear_q_22,120251,19,17,13,2,43,11,131.25000000000006,0,0.6842105263157895,0.8947368421052632,0.6470588235294118,2.5294117647058822
tight_deadlines,linear_q_22,120252,17,17,12,0,44,20,140.60000000000005,0,0.7058823529411765,1.0,1.1764705882352942,2.588235294117647
tight_deadlines,linear_q_22,120253,14,14,12,0,38,9,120.40000000000003,0,0.8571428571428571,1.0,0.6428571428571429,2.7142857142857144
tight_deadlines,linear_q_22,120254,16,14,11,2,39,16,99.15000000000003,0,0.6875,0.875,1.1428571428571428,2.7857142857142856
tight_deadlines,linear_q_22,120255,12,12,7,0,43,24,88.15000000000002,0,0.5833333333333334,1.0,2.0,3.5833333333333335
tight_deadlines,linear_q_22,120256,13,13,11,0,42,15,104.80000000000004,0,0.8461538461538461,1.0,1.1538461538461537,3.230769230769231
tight_deadlines,linear_q_22,120257,16,16,12,0,44,8,139.00000000000003,0,0.75,1.0,0.5,2.75
tight_deadlines,linear_q_22,120258,18,15,8,3,45,29,89.95000000000005,0,0.4444444444444444,0.8333333333333334,1.9333333333333333,3.0
tight_deadlines,linear_q_22,120259,12,12,10,0,42,7,100.40000000000005,0,0.8333333333333334,1.0,0.5833333333333334,3.5
tight_deadlines,linear_q_22,120260,15,15,15,0,39,0,136.35000000000008,0,1.0,1.0,0.0,2.6
tight_deadlines,linear_q_22,120261,15,15,14,0,40,13,126.90000000000005,0,0.9333333333333333,1.0,0.8666666666666667,2.6666666666666665
tight_deadlines,linear_q_22,120262,21,15,7,6,42,52,50.90000000000002,0,0.3333333333333333,0.7142857142857143,3.466666666666667,2.8
tight_deadlines,linear_q_22,120263,14,14,11,0,45,10,117.25000000000009,0,0.7857142857142857,1.0,0.7142857142857143,3.2142857142857144
tight_deadlines,linear_q_22,120264,10,10,9,0,35,14,77.94999999999999,0,0.9,1.0,1.4,3.5
tight_deadlines,linear_q_22,120265,15,15,9,0,45,35,109.75000000000006,0,0.6,1.0,2.3333333333333335,3.0
tight_deadlines,linear_q_22,120266,13,13,8,0,36,16,106.20000000000005,0,0.6153846153846154,1.0,1.2307692307692308,2.769230769230769
tight_deadlines,linear_q_22,120267,15,13,9,2,45,37,72.35000000000005,0,0.6,0.8666666666666667,2.8461538461538463,3.4615384615384617
tight_deadlines,linear_q_22,120268,14,14,8,0,41,10,118.65000000000006,0,0.5714285714285714,1.0,0.7142857142857143,2.9285714285714284
tight_deadlines,linear_q_22,120269,16,16,12,0,43,18,132.35000000000005,0,0.75,1.0,1.125,2.6875
tight_deadlines,linear_q_22,120270,14,14,7,0,47,30,102.55000000000005,0,0.5,1.0,2.142857142857143,3.357142857142857
tight_deadlines,linear_q_22,120271,12,12,11,0,38,6,102.50000000000003,0,0.9166666666666666,1.0,0.5,3.1666666666666665
tight_deadlines,linear_q_22,120272,11,11,11,0,36,0,97.40000000000006,0,1.0,1.0,0.0,3.272727272727273
tight_deadlines,linear_q_22,120273,14,14,12,0,44,18,112.00000000000003,0,0.8571428571428571,1.0,1.2857142857142858,3.142857142857143
tight_deadlines,linear_q_22,120274,14,13,10,1,43,22,91.55000000000007,0,0.7142857142857143,0.9285714285714286,1.6923076923076923,3.3076923076923075
tight_deadlines,linear_q_22,120275,16,16,13,0,44,24,127.80000000000008,0,0.8125,1.0,1.5,2.75
tight_deadlines,linear_q_22,120276,7,7,7,0,28,0,60.19999999999997,0,1.0,1.0,0.0,4.0
tight_deadlines,linear_q_22,120277,13,13,10,0,39,11,108.65000000000006,0,0.7692307692307693,1.0,0.8461538461538461,3.0
tight_deadlines,linear_q_22,120278,9,9,7,0,38,7,71.8,0,0.7777777777777778,1.0,0.7777777777777778,4.222222222222222
tight_deadlines,linear_q_22,120279,13,13,12,0,46,21,99.20000000000003,0,0.9230769230769231,1.0,1.6153846153846154,3.5384615384615383
tight_deadlines,linear_q_22,120280,15,15,15,0,39,0,136.35000000000008,0,1.0,1.0,0.0,2.6
tight_deadlines,linear_q_22,120281,8,8,8,0,31,0,69.14999999999999,0,1.0,1.0,0.0,3.875
tight_deadlines,linear_q_22,120282,15,14,7,1,44,47,83.70000000000006,0,0.4666666666666667,0.9333333333333333,3.357142857142857,3.142857142857143
tight_deadlines,linear_q_22,120283,10,10,8,0,38,6,82.49999999999999,0,0.8,1.0,0.6,3.8
tight_deadlines,linear_q_22,120284,14,14,8,0,41,21,110.95000000000003,0,0.5714285714285714,1.0,1.5,2.9285714285714284
tight_deadlines,linear_q_22,120285,15,15,12,0,42,10,128.30000000000007,0,0.8,1.0,0.6666666666666666,2.8
tight_deadlines,linear_q_22,120286,11,11,8,0,41,11,87.95000000000005,0,0.7272727272727273,1.0,1.0,3.727272727272727
tight_deadlines,linear_q_22,120287,12,12,10,0,40,4,103.20000000000005,0,0.8333333333333334,1.0,0.3333333333333333,3.3333333333333335
tight_deadlines,linear_q_22,120288,14,14,10,0,48,31,101.50000000000009,0,0.7142857142857143,1.0,2.2142857142857144,3.4285714285714284
tight_deadlines,linear_q_22,120289,20,17,12,3,45,17,118.35000000000007,0,0.6,0.85,1.0,2.6470588235294117
tight_deadlines,linear_q_22,120290,19,15,11,4,46,27,83.00000000000001,0,0.5789473684210527,0.7894736842105263,1.8,3.066666666666667
tight_deadlines,linear_q_22,120291,11,11,11,0,41,0,95.65000000000005,0,1.0,1.0,0.0,3.727272727272727
tight_deadlines,linear_q_22,120292,13,13,10,0,46,13,104.8000000000001,0,0.7692307692307693,1.0,1.0,3.5384615384615383
tight_deadlines,linear_q_22,120293,11,11,9,0,41,16,84.45000000000002,0,0.8181818181818182,1.0,1.4545454545454546,3.727272727272727
tight_deadlines,linear_q_22,120294,15,13,8,2,40,29,79.7,0,0.5333333333333333,0.8666666666666667,2.230769230769231,3.076923076923077
tight_deadlines,linear_q_22,120295,13,13,10,0,35,7,112.85000000000007,0,0.7692307692307693,1.0,0.5384615384615384,2.6923076923076925
tight_deadlines,linear_q_22,120296,20,17,11,3,48,44,98.40000000000008,0,0.55,0.85,2.588235294117647,2.823529411764706
tight_deadlines,linear_q_22,120297,16,16,15,0,42,1,144.60000000000008,0,0.9375,1.0,0.0625,2.625
tight_deadlines,linear_q_22,120298,17,15,9,1,48,20,84.30000000000001,1,0.5294117647058824,0.8823529411764706,1.3333333333333333,3.2
tight_deadlines,linear_q_22,120299,17,15,8,1,46,24,80.8,1,0.47058823529411764,0.8823529411764706,1.6,3.066666666666667
tight_deadlines,linear_q_33,120000,12,12,8,0,41,11,97.95000000000006,0,0.6666666666666666,1.0,0.9166666666666666,3.4166666666666665
tight_deadlines,linear_q_33,120001,9,9,8,0,35,1,77.05000000000001,0,0.8888888888888888,1.0,0.1111111111111111,3.888888888888889
tight_deadlines,linear_q_33,120002,11,11,10,0,37,2,95.65000000000003,0,0.9090909090909091,1.0,0.18181818181818182,3.3636363636363638
tight_deadlines,linear_q_33,120003,17,15,6,2,40,33,96.90000000000008,0,0.35294117647058826,0.8823529411764706,2.2,2.6666666666666665
tight_deadlines,linear_q_33,120004,19,15,6,4,45,52,65.85000000000004,0,0.3157894736842105,0.7894736842105263,3.466666666666667,3.0
tight_deadlines,linear_q_33,120005,15,14,11,1,43,17,105.05000000000004,0,0.7333333333333333,0.9333333333333333,1.2142857142857142,3.0714285714285716
tight_deadlines,linear_q_33,120006,11,11,9,0,36,4,94.60000000000004,0,0.8181818181818182,1.0,0.36363636363636365,3.272727272727273
tight_deadlines,linear_q_33,120007,14,14,12,0,46,25,106.40000000000006,0,0.8571428571428571,1.0,1.7857142857142858,3.2857142857142856
tight_deadlines,linear_q_33,120008,15,15,13,0,42,4,132.50000000000003,0,0.8666666666666667,1.0,0.26666666666666666,2.8
tight_deadlines,linear_q_33,120009,13,13,13,0,43,0,114.95000000000005,0,1.0,1.0,0.0,3.3076923076923075
tight_deadlines,linear_q_33,120010,15,15,11,0,45,29,113.95000000000005,0,0.7333333333333333,1.0,1.9333333333333333,3.0
tight_deadlines,linear_q_33,120011,22,16,7,6,44,45,65.10000000000004,0,0.3181818181818182,0.7272727272727273,2.8125,2.75
tight_deadlines,linear_q_33,120012,18,16,9,2,40,33,106.90000000000006,0,0.5,0.8888888888888888,2.0625,2.5
tight_deadlines,linear_q_33,120013,12,12,9,0,40,4,103.20000000000005,0,0.75,1.0,0.3333333333333333,3.3333333333333335
tight_deadlines,linear_q_33,120014,16,16,11,0,46,18,131.3000000000001,0,0.6875,1.0,1.125,2.875
tight_deadlines,linear_q_33,120015,13,13,9,0,40,15,105.50000000000007,0,0.6923076923076923,1.0,1.1538461538461537,3.076923076923077
tight_deadlines,linear_q_33,120016,16,16,13,0,48,29,122.90000000000008,0,0.8125,1.0,1.8125,3.0
tight_deadlines,linear_q_33,120017,18,15,8,3,43,18,98.35000000000007,0,0.4444444444444444,0.8333333333333334,1.2,2.8666666666666667
tight_deadlines,linear_q_33,120018,12,12,11,0,40,7,101.10000000000008,0,0.9166666666666666,1.0,0.5833333333333334,3.3333333333333335
tight_deadlines,linear_q_33,120019,8,8,5,0,36,12,59.0,0,0.625,1.0,1.5,4.5
tight_deadlines,linear_q_33,120020,16,16,14,0,39,11,138.65,0,0.875,1.0,0.6875,2.4375
tight_deadlines,linear_q_33,120021,12,12,8,0,41,34,81.85000000000005,0,0.6666666666666666,1.0,2.8333333333333335,3.4166666666666665
tight_deadlines,linear_q_33,120022,10,10,10,0,38,0,86.70000000000002,0,1.0,1.0,0.0,3.8
tight_deadlines,linear_q_33,120023,16,15,8,1,45,22,110.85000000000002,0,0.5,0.9375,1.4666666666666666,3.0
tight_deadlines,linear_q_33,120024,14,14,11,0,41,4,122.8500000000001,0,0.7857142857142857,1.0,0.2857142857142857,2.9285714285714284
tight_deadlines,linear_q_33,120025,16,16,10,0,43,24,128.1500000000001,0,0.625,1.0,1.5,2.6875
tight_deadlines,linear_q_33,120026,11,11,9,0,36,7,92.50000000000006,0,0.8181818181818182,1.0,0.6363636363636364,3.272727272727273
tight_deadlines,linear_q_33,120027,12,12,9,0,41,7,100.75000000000006,0,0.75,1.0,0.5833333333333334,3.4166666666666665
tight_deadlines,linear_q_33,120028,10,10,7,0,38,15,76.20000000000005,0,0.7,1.0,1.5,3.8
tight_deadlines,linear_q_33,120029,13,13,13,0,36,0,117.40000000000003,0,1.0,1.0,0.0,2.769230769230769
tight_deadlines,linear_q_33,120030,14,14,9,0,41,16,114.45000000000007,0,0.6428571428571429,1.0,1.1428571428571428,2.9285714285714284
tight_deadlines,linear_q_33,120031,14,14,10,0,44,18,112.00000000000004,0,0.7142857142857143,1.0,1.2857142857142858,3.142857142857143
tight_deadlines,linear_q_33,120032,13,13,11,0,43,6,110.75000000000003,0,0.8461538461538461,1.0,0.46153846153846156,3.3076923076923075
tight_deadlines,linear_q_33,120033,8,8,8,0,32,0,68.79999999999998,0,1.0,1.0,0.0,4.0
tight_deadlines,linear_q_33,120034,15,15,13,0,42,11,127.60000000000008,0,0.8666666666666667,1.0,0.7333333333333333,2.8
tight_deadlines,linear_q_33,120035,12,12,11,0,39,2,104.95000000000007,0,0.9166666666666666,1.0,0.16666666666666666,3.25
tight_deadlines,linear_q_33,120036,17,12,4,4,48,50,11.400000000000013,1,0.23529411764705882,0.7058823529411765,4.166666666666667,4.0
tight_deadlines,linear_q_33,120037,17,17,12,0,45,15,143.75000000000003,0,0.7058823529411765,1.0,0.8823529411764706,2.6470588235294117
tight_deadlines,linear_q_33,120038,17,16,11,1,46,29,115.60000000000004,0,0.6470588235294118,0.9411764705882353,1.8125,2.875
tight_deadlines,linear_q_33,120039,19,16,7,3,45,38,93.65000000000005,0,0.3684210526315789,0.8421052631578947,2.375,2.8125
tight_deadlines,linear_q_33,120040,16,16,12,0,46,28,124.30000000000003,0,0.75,1.0,1.75,2.875
tight_deadlines,linear_q_33,120041,16,16,13,0,44,14,134.8000000000001,0,0.8125,1.0,0.875,2.75
tight_deadlines,linear_q_33,120042,15,14,8,1,39,20,104.35000000000008,0,0.5333333333333333,0.9333333333333333,1.4285714285714286,2.7857142857142856
tight_deadlines,linear_q_33,120043,11,11,10,0,38,1,96.00000000000006,0,0.9090909090909091,1.0,0.09090909090909091,3.4545454545454546
tight_deadlines,linear_q_33,120044,19,15,8,4,43,33,79.85000000000002,0,0.42105263157894735,0.7894736842105263,2.2,2.8666666666666667
tight_deadlines,linear_q_33,120045,17,14,8,3,45,56,61.05000000000001,0,0.47058823529411764,0.8235294117647058,4.0,3.2142857142857144
tight_deadlines,linear_q_33,120046,17,15,10,2,44,10,111.60000000000012,0,0.5882352941176471,0.8823529411764706,0.6666666666666666,2.933333333333333
tight_deadlines,linear_q_33,120047,19,17,12,2,40,25,122.50000000000009,0,0.631578947368421,0.8947368421052632,1.4705882352941178,2.3529411764705883
tight_deadlines,linear_q_33,120048,10,10,8,0,39,4,83.55000000000004,0,0.8,1.0,0.4,3.9
tight_deadlines,linear_q_33,120049,23,16,7,7,48,53,50.10000000000003,0,0.30434782608695654,0.6956521739130435,3.3125,3.0
tight_deadlines,linear_q_33,120050,15,14,9,1,37,21,104.35000000000007,0,0.6,0.9333333333333333,1.5,2.642857142857143
tight_deadlines,linear_q_33,120051,16,16,13,0,42,5,141.80000000000007,0,0.8125,1.0,0.3125,2.625
tight_deadlines,linear_q_33,120052,14,14,12,0,34,4,125.30000000000004,0,0.8571428571428571,1.0,0.2857142857142857,2.4285714285714284
tight_deadlines,linear_q_33,120053,13,13,10,0,38,20,102.7000000000001,0,0.7692307692307693,1.0,1.5384615384615385,2.923076923076923
tight_deadlines,linear_q_33,120054,15,14,9,1,39,26,100.15000000000003,0,0.6,0.9333333333333333,1.8571428571428572,2.7857142857142856
tight_deadlines,linear_q_33,120055,18,14,7,4,47,46,59.35000000000004,0,0.3888888888888889,0.7777777777777778,3.2857142857142856,3.357142857142857
tight_deadlines,linear_q_33,120056,14,14,11,0,44,8,119.00000000000007,0,0.7857142857142857,1.0,0.5714285714285714,3.142857142857143
tight_deadlines,linear_q_33,120057,13,13,12,0,40,1,115.30000000000007,0,0.9230769230769231,1.0,0.07692307692307693,3.076923076923077
tight_deadlines,linear_q_33,120058,12,12,9,0,40,4,103.20000000000005,0,0.75,1.0,0.3333333333333333,3.3333333333333335
tight_deadlines,linear_q_33,120059,6,6,6,0,32,0,48.799999999999976,0,1.0,1.0,0.0,5.333333333333333
tight_deadlines,linear_q_33,120060,13,13,10,0,42,7,110.40000000000003,0,0.7692307692307693,1.0,0.5384615384615384,3.230769230769231
tight_deadlines,linear_q_33,120061,18,15,8,3,43,44,80.15000000000005,0,0.4444444444444444,0.8333333333333334,2.933333333333333,2.8666666666666667
tight_deadlines,linear_q_33,120062,14,14,10,0,44,14,114.80000000000008,0,0.7142857142857143,1.0,1.0,3.142857142857143
tight_deadlines,linear_q_33,120063,8,8,8,0,33,0,68.44999999999999,0,1.0,1.0,0.0,4.125
tight_deadlines,linear_q_33,120064,14,12,7,1,46,24,64.1,1,0.5,0.8571428571428571,2.0,3.8333333333333335
tight_deadlines,linear_q_33,120065,11,11,11,0,39,0,96.35000000000002,0,1.0,1.0,0.0,3.5454545454545454
tight_deadlines,linear_q_33,120066,13,13,9,0,44,17,102.70000000000007,0,0.6923076923076923,1.0,1.3076923076923077,3.3846153846153846
tight_deadlines,linear_q_33,120067,7,7,6,0,31,1,58.44999999999998,0,0.8571428571428571,1.0,0.14285714285714285,4.428571428571429
tight_deadlines,linear_q_33,120068,14,13,7,1,40,37,82.10000000000004,0,0.5,0.9285714285714286,2.8461538461538463,3.076923076923077
tight_deadlines,linear_q_33,120069,17,14,7,3,47,65,54.050000000000026,0,0.4117647058823529,0.8235294117647058,4.642857142857143,3.357142857142857
tight_deadlines,linear_q_33,120070,17,16,10,1,44,10,129.60000000000008,0,0.5882352941176471,0.9411764705882353,0.625,2.75
tight_deadlines,linear_q_33,120071,11,11,10,0,40,16,84.80000000000003,0,0.9090909090909091,1.0,1.4545454545454546,3.6363636363636362
tight_deadlines,linear_q_33,120072,8,8,8,0,32,0,68.8,0,1.0,1.0,0.0,4.0
tight_deadlines,linear_q_33,120073,14,14,12,0,41,11,117.95000000000007,0,0.8571428571428571,1.0,0.7857142857142857,2.9285714285714284
tight_deadlines,linear_q_33,120074,15,15,10,0,45,28,114.65000000000002,0,0.6666666666666666,1.0,1.8666666666666667,3.0
tight_deadlines,linear_q_33,120075,16,14,8,2,44,47,75.70000000000003,0,0.5,0.875,3.357142857142857,3.142857142857143
tight_deadlines,linear_q_33,120076,14,14,13,0,40,1,125.30000000000007,0,0.9285714285714286,1.0,0.07142857142857142,2.857142857142857
tight_deadlines,linear_q_33,120077,14,14,14,0,36,0,127.40000000000006,0,1.0,1.0,0.0,2.5714285714285716
tight_deadlines,linear_q_33,120078,11,11,8,0,42,20,81.30000000000005,0,0.7272727272727273,1.0,1.8181818181818181,3.8181818181818183
tight_deadlines,linear_q_33,120079,14,14,12,0,45,32,101.8500000000001,0,0.8571428571428571,1.0,2.2857142857142856,3.2142857142857144
tight_deadlines,linear_q_33,120080,15,15,13,0,43,17,123.05000000000004,0,0.8666666666666667,1.0,1.1333333333333333,2.8666666666666667
tight_deadlines,linear_q_33,120081,12,12,9,0,43,19,91.65000000000009,0,0.75,1.0,1.5833333333333333,3.5833333333333335
tight_deadlines,linear_q_33,120082,15,15,14,0,45,1,133.5500000000001,0,0.9333333333333333,1.0,0.06666666666666667,3.0
tight_deadlines,linear_q_33,120083,10,10,10,0,36,0,87.4,0,1.0,1.0,0.0,3.6
tight_deadlines,linear_q_33,120084,16,13,10,3,42,18,78.70000000000003,0,0.625,0.8125,1.3846153846153846,3.230769230769231
tight_deadlines,linear_q_33,120085,19,16,8,3,43,38,94.35000000000005,0,0.42105263157894735,0.8421052631578947,2.375,2.6875
tight_deadlines,linear_q_33,120086,7,7,7,0,30,0,59.49999999999997,0,1.0,1.0,0.0,4.285714285714286
tight_deadlines,linear_q_33,120087,19,18,16,1,40,12,149.60000000000008,0,0.8421052631578947,0.9473684210526315,0.6666666666666666,2.2222222222222223
tight_deadlines,linear_q_33,120088,17,14,8,3,45,49,65.95000000000003,0,0.47058823529411764,0.8235294117647058,3.5,3.2142857142857144
tight_deadlines,linear_q_33,120089,13,13,9,0,45,15,103.75000000000009,0,0.6923076923076923,1.0,1.1538461538461537,3.4615384615384617
tight_deadlines,linear_q_33,120090,8,8,8,0,32,0,68.8,0,1.0,1.0,0.0,4.0
tight_deadlines,linear_q_33,120091,11,11,6,0,44,13,85.50000000000007,0,0.5454545454545454,1.0,1.1818181818181819,4.0
tight_deadlines,linear_q_33,120092,13,12,6,1,42,21,82.6,0,0.46153846153846156,0.9230769230769231,1.75,3.5
tight_deadlines,linear_q_33,120093,10,10,6,0,38,15,76.20000000000006,0,0.6,1.0,1.5,3.8
tight_deadlines,linear_q_33,120094,16,15,11,1,40,13,118.90000000000008,0,0.6875,0.9375,0.8666666666666667,2.6666666666666665
tight_deadlines,linear_q_33,120095,19,17,8,2,45,24,121.45000000000009,0,0.42105263157894735,0.8947368421052632,1.411764705882353,2.6470588235294117
tight_deadlines,linear_q_33,120096,10,10,8,0,39,9,80.05000000000001,0,0.8,1.0,0.9,3.9
tight_deadlines,linear_q_33,120097,16,16,14,0,40,2,144.60000000000008,0,0.875,1.0,0.125,2.5
tight_deadlines,linear_q_33,120098,21,15,8,6,42,32,64.90000000000003,0,0.38095238095238093,0.7142857142857143,2.1333333333333333,2.8
tight_deadlines,linear_q_33,120099,11,11,10,0,38,3,94.60000000000002,0,0.9090909090909091,1.0,0.2727272727272727,3.4545454545454546
tight_deadlines,linear_q_33,120100,16,14,8,2,47,29,87.25000000000001,0,0.5,0.875,2.0714285714285716,3.357142857142857
tight_deadlines,linear_q_33,120101,18,17,11,1,46,30,124.90000000000005,0,0.6111111111111112,0.9444444444444444,1.7647058823529411,2.7058823529411766
tight_deadlines,linear_q_33,120102,9,9,9,0,43,0,74.95,0,1.0,1.0,0.0,4.777777777777778
tight_deadlines,linear_q_33,120103,13,13,10,0,43,13,105.8500000000001,0,0.7692307692307693,1.0,1.0,3.3076923076923075
tight_deadlines,linear_q_33,120104,13,13,12,0,35,2,116.35000000000002,0,0.9230769230769231,1.0,0.15384615384615385,2.6923076923076925
tight_deadlines,linear_q_33,120105,9,9,5,0,31,5,75.65000000000003,0,0.5555555555555556,1.0,0.5555555555555556,3.4444444444444446
tight_deadlines,linear_q_33,120106,18,17,9,1,47,30,124.55000000000005,0,0.5,0.9444444444444444,1.7647058823529411,2.764705882352941
tight_deadlines,linear_q_33,120107,13,13,10,0,41,12,107.25000000000003,0,0.7692307692307693,1.0,0.9230769230769231,3.1538461538461537
tight_deadlines,linear_q_33,120108,19,17,9,2,46,38,111.30000000000008,0,0.47368421052631576,0.8947368421052632,2.235294117647059,2.7058823529411766
tight_deadlines,linear_q_33,120109,17,17,12,0,46,16,142.70000000000002,0,0.7058823529411765,1.0,0.9411764705882353,2.7058823529411766
tight_deadlines,linear_q_33,120110,15,14,11,1,39,8,112.75000000000007,0,0.7333333333333333,0.9333333333333333,0.5714285714285714,2.7857142857142856
tight_deadlines,linear_q_33,120111,16,15,10,0,48,12,108.4000000000001,1,0.625,0.9375,0.8,3.2
tight_deadlines,linear_q_33,120112,16,16,14,0,44,17,132.70000000000007,0,0.875,1.0,1.0625,2.75
tight_deadlines,linear_q_33,120113,13,11,6,2,39,37,54.45,0,0.46153846153846156,0.8461538461538461,3.3636363636363638,3.5454545454545454
tight_deadlines,linear_q_33,120114,13,13,12,0,43,3,112.85000000000008,0,0.9230769230769231,1.0,0.23076923076923078,3.3076923076923075
tight_deadlines,linear_q_33,120115,14,14,13,0,38,3,124.60000000000005,0,0.9285714285714286,1.0,0.21428571428571427,2.7142857142857144
tight_deadlines,linear_q_33,120116,17,16,13,1,42,9,131.00000000000006,0,0.7647058823529411,0.9411764705882353,0.5625,2.625
tight_deadlines,linear_q_33,120117,16,16,10,0,45,25,126.75000000000009,0,0.625,1.0,1.5625,2.8125
tight_deadlines,linear_q_33,120118,15,15,15,0,41,0,135.65000000000006,0,1.0,1.0,0.0,2.7333333333333334
tight_deadlines,linear_q_33,120119,17,15,11,2,45,32,95.85000000000002,0,0.6470588235294118,0.8823529411764706,2.1333333333333333,3.0
tight_deadlines,linear_q_33,120120,14,14,11,0,40,11,118.30000000000008,0,0.7857142857142857,1.0,0.7857142857142857,2.857142857142857
tight_deadlines,linear_q_33,120121,15,15,12,0,39,8,130.75000000000006,0,0.8,1.0,0.5333333333333333,2.6
tight_deadlines,linear_q_33,120122,16,15,13,1,46,5,122.40000000000008,0,0.8125,0.9375,0.3333333333333333,3.066666666666667
tight_deadlines,linear_q_33,120123,15,14,10,0,46,20,94.9000000000001,1,0.6666666666666666,0.9333333333333333,1.4285714285714286,3.2857142857142856
tight_deadlines,linear_q_33,120124,14,14,11,0,41,9,119.35000000000005,0,0.7857142857142857,1.0,0.6428571428571429,2.9285714285714284
tight_deadlines,linear_q_33,120125,18,17,11,1,46,33,122.80000000000008,0,0.6111111111111112,0.9444444444444444,1.9411764705882353,2.7058823529411766
tight_deadlines,linear_q_33,120126,14,14,9,0,40,14,116.20000000000006,0,0.6428571428571429,1.0,1.0,2.857142857142857
tight_deadlines,linear_q_33,120127,13,13,10,0,47,11,105.85000000000007,0,0.7692307692307693,1.0,0.8461538461538461,3.6153846153846154
tight_deadlines,linear_q_33,120128,17,13,5,4,45,63,38.150000000000006,0,0.29411764705882354,0.7647058823529411,4.846153846153846,3.4615384615384617
tight_deadlines,linear_q_33,120129,15,13,8,1,48,16,70.60000000000002,1,0.5333333333333333,0.8666666666666667,1.2307692307692308,3.6923076923076925
tight_deadlines,linear_q_33,120130,12,12,9,0,42,16,94.10000000000002,0,0.75,1.0,1.3333333333333333,3.5
tight_deadlines,linear_q_33,120131,16,16,12,0,44,21,129.9000000000001,0,0.75,1.0,1.3125,2.75
tight_deadlines,linear_q_33,120132,15,14,9,0,48,26,76.69999999999999,1,0.6,0.9333333333333333,1.8571428571428572,3.4285714285714284
tight_deadlines,linear_q_33,120133,13,12,8,0,46,9,83.30000000000007,1,0.6153846153846154,0.9230769230769231,0.75,3.8333333333333335
tight_deadlines,linear_q_33,120134,12,12,10,0,40,13,96.90000000000006,0,0.8333333333333334,1.0,1.0833333333333333,3.3333333333333335
tight_deadlines,linear_q_33,120135,14,14,10,0,42,13,116.20000000000007,0,0.7142857142857143,1.0,0.9285714285714286,3.0
tight_deadlines,linear_q_33,120136,18,15,8,3,44,55,72.10000000000001,0,0.4444444444444444,0.8333333333333334,3.6666666666666665,2.933333333333333
tight_deadlines,linear_q_33,120137,14,13,10,1,39,14,98.55000000000003,0,0.7142857142857143,0.9285714285714286,1.0769230769230769,3.0
tight_deadlines,linear_q_33,120138,13,12,11,1,43,3,94.85000000000004,0,0.8461538461538461,0.9230769230769231,0.25,3.5833333333333335
tight_deadlines,linear_q_33,120139,8,8,7,0,36,4,64.60000000000001,0,0.875,1.0,0.5,4.5
tight_deadlines,linear_q_33,120140,13,12,8,1,38,23,82.60000000000007,0,0.6153846153846154,0.9230769230769231,1.9166666666666667,3.1666666666666665
tight_deadlines,linear_q_33,120141,13,13,7,0,40,24,99.20000000000003,0,0.5384615384615384,1.0,1.8461538461538463,3.076923076923077
tight_deadlines,linear_q_33,120142,12,12,10,0,43,4,102.15000000000008,0,0.8333333333333334,1.0,0.3333333333333333,3.5833333333333335
tight_deadlines,linear_q_33,120143,14,14,8,0,42,24,108.50000000000006,0,0.5714285714285714,1.0,1.7142857142857142,3.0
tight_deadlines,linear_q_33,120144,15,12,7,2,48,40,38.59999999999998,1,0.4666666666666667,0.8,3.3333333333333335,4.0
tight_deadlines,linear_q_33,120145,9,9,9,0,36,0,77.4,0,1.0,1.0,0.0,4.0
tight_deadlines,linear_q_33,120146,15,14,11,1,46,34,92.10000000000007,0,0.7333333333333333,0.9333333333333333,2.4285714285714284,3.2857142857142856
tight_deadlines,linear_q_33,120147,10,10,8,0,34,4,85.30000000000001,0,0.8,1.0,0.4,3.4
tight_deadlines,linear_q_33,120148,18,16,12,2,42,24,112.50000000000003,0,0.6666666666666666,0.8888888888888888,1.5,2.625
tight_deadlines,linear_q_33,120149,9,9,9,0,38,0,76.70000000000002,0,1.0,1.0,0.0,4.222222222222222
tight_deadlines,linear_q_33,120150,16,15,11,1,44,25,109.10000000000005,0,0.6875,0.9375,1.6666666666666667,2.933333333333333
tight_deadlines,linear_q_33,120151,11,11,9,0,37,10,90.05000000000004,0,0.8181818181818182,1.0,0.9090909090909091,3.3636363636363638
tight_deadlines,linear_q_33,120152,14,13,10,1,40,10,101.0000000000001,0,0.7142857142857143,0.9285714285714286,0.7692307692307693,3.076923076923077
tight_deadlines,linear_q_33,120153,15,12,7,2,44,25,51.89999999999998,1,0.4666666666666667,0.8,2.0833333333333335,3.6666666666666665
tight_deadlines,linear_q_33,120154,20,15,6,5,47,64,48.75000000000002,0,0.3,0.75,4.266666666666667,3.1333333333333333
tight_deadlines,linear_q_33,120155,15,15,12,0,46,34,110.10000000000008,0,0.8,1.0,2.2666666666666666,3.066666666666667
tight_deadlines,linear_q_33,120156,11,11,10,0,41,3,93.55000000000004,0,0.9090909090909091,1.0,0.2727272727272727,3.727272727272727
tight_deadlines,linear_q_33,120157,17,13,7,3,48,47,44.10000000000002,1,0.4117647058823529,0.7647058823529411,3.6153846153846154,3.6923076923076925
tight_deadlines,linear_q_33,120158,12,12,11,0,41,1,104.95000000000006,0,0.9166666666666666,1.0,0.08333333333333333,3.4166666666666665
tight_deadlines,linear_q_33,120159,15,15,9,0,45,29,113.95000000000006,0,0.6,1.0,1.9333333333333333,3.0
tight_deadlines,linear_q_33,120160,14,14,12,0,43,4,122.15000000000012,0,0.8571428571428571,1.0,0.2857142857142857,3.0714285714285716
tight_deadlines,linear_q_33,120161,15,15,11,0,40,18,123.40000000000005,0,0.7333333333333333,1.0,1.2,2.6666666666666665
tight_deadlines,linear_q_33,120162,19,19,15,0,43,7,170.05000000000013,0,0.7894736842105263,1.0,0.3684210526315789,2.263157894736842
tight_deadlines,linear_q_33,120163,12,12,10,0,39,6,102.15000000000006,0,0.8333333333333334,1.0,0.5,3.25
tight_deadlines,linear_q_33,120164,12,12,11,0,41,6,101.45000000000002,0,0.9166666666666666,1.0,0.5,3.4166666666666665
tight_deadlines,linear_q_33,120165,18,17,12,1,43,25,129.45000000000007,0,0.6666666666666666,0.9444444444444444,1.4705882352941178,2.5294117647058822
tight_deadlines,linear_q_33,120166,13,13,12,0,43,1,114.25000000000009,0,0.9230769230769231,1.0,0.07692307692307693,3.3076923076923075
tight_deadlines,linear_q_33,120167,17,16,7,1,41,42,108.25000000000007,0,0.4117647058823529,0.9411764705882353,2.625,2.5625
tight_deadlines,linear_q_33,120168,15,14,10,1,36,7,114.50000000000006,0,0.6666666666666666,0.9333333333333333,0.5,2.5714285714285716
tight_deadlines,linear_q_33,120169,11,11,10,0,33,2,97.05000000000001,0,0.9090909090909091,1.0,0.18181818181818182,3.0
tight_deadlines,linear_q_33,120170,18,18,16,0,43,7,160.05000000000013,0,0.8888888888888888,1.0,0.3888888888888889,2.388888888888889
tight_deadlines,linear_q_33,120171,11,11,9,0,36,5,93.90000000000003,0,0.8181818181818182,1.0,0.45454545454545453,3.272727272727273
tight_deadlines,linear_q_33,120172,17,16,11,1,48,27,116.30000000000004,0,0.6470588235294118,0.9411764705882353,1.6875,3.0
tight_deadlines,linear_q_33,120173,12,12,9,0,40,17,94.10000000000004,0,0.75,1.0,1.4166666666666667,3.3333333333333335
tight_deadlines,linear_q_33,120174,19,14,5,5,47,72,33.15000000000003,0,0.2631578947368421,0.7368421052631579,5.142857142857143,3.357142857142857
tight_deadlines,linear_q_33,120175,16,14,10,2,39,25,92.85000000000005,0,0.625,0.875,1.7857142857142858,2.7857142857142856
tight_deadlines,linear_q_33,120176,14,14,7,0,43,32,102.55000000000007,0,0.5,1.0,2.2857142857142856,3.0714285714285716
tight_deadlines,linear_q_33,120177,20,20,15,0,47,32,161.14999999999992,0,0.75,1.0,1.6,2.35
tight_deadlines,linear_q_33,120178,13,13,9,0,47,32,91.15000000000003,0,0.6923076923076923,1.0,2.4615384615384617,3.6153846153846154
tight_deadlines,linear_q_33,120179,14,14,11,0,45,10,117.25000000000009,0,0.7857142857142857,1.0,0.7142857142857143,3.2142857142857144
tight_deadlines,linear_q_33,120180,15,15,10,0,40,12,127.60000000000007,0,0.6666666666666666,1.0,0.8,2.6666666666666665
tight_deadlines,linear_q_33,120181,8,8,6,0,27,14,60.75,0,0.75,1.0,1.75,3.375
tight_deadlines,linear_q_33,120182,17,17,14,0,43,11,147.25000000000003,0,0.8235294117647058,1.0,0.6470588235294118,2.5294117647058822
tight_deadlines,linear_q_33,120183,15,15,10,0,46,35,109.40000000000002,0,0.6666666666666666,1.0,2.3333333333333335,3.066666666666667
tight_deadlines,linear_q_33,120184,11,11,11,0,33,0,98.45000000000005,0,1.0,1.0,0.0,3.0
tight_deadlines,linear_q_33,120185,12,12,8,0,43,24,88.15000000000003,0,0.6666666666666666,1.0,2.0,3.5833333333333335
tight_deadlines,linear_q_33,120186,18,18,15,0,44,11,156.90000000000006,0,0.8333333333333334,1.0,0.6111111111111112,2.4444444444444446
tight_deadlines,linear_q_33,120187,13,13,11,0,41,12,107.25000000000003,0,0.8461538461538461,1.0,0.9230769230769231,3.1538461538461537
tight_deadlines,linear_q_33,120188,19,15,7,4,44,41,73.90000000000003,0,0.3684210526315789,0.7894736842105263,2.7333333333333334,2.933333333333333
tight_deadlines,linear_q_33,120189,15,14,10,1,41,12,109.25000000000007,0,0.6666666666666666,0.9333333333333333,0.8571428571428571,2.9285714285714284
tight_deadlines,linear_q_33,120190,12,12,10,0,39,9,100.05000000000004,0,0.8333333333333334,1.0,0.75,3.25
tight_deadlines,linear_q_33,120191,12,12,12,0,37,0,107.05000000000004,0,1.0,1.0,0.0,3.0833333333333335
tight_deadlines,linear_q_33,120192,16,16,13,0,45,14,134.45000000000005,0,0.8125,1.0,0.875,2.8125
tight_deadlines,linear_q_33,120193,12,12,9,0,38,26,88.50000000000004,0,0.75,1.0,2.1666666666666665,3.1666666666666665
tight_deadlines,linear_q_33,120194,20,17,8,3,46,41,101.20000000000006,0,0.4,0.85,2.411764705882353,2.7058823529411766
tight_deadlines,linear_q_33,120195,15,15,13,0,45,25,116.75000000000006,0,0.8666666666666667,1.0,1.6666666666666667,3.0
tight_deadlines,linear_q_33,120196,17,17,11,0,44,22,139.2,0,0.6470588235294118,1.0,1.2941176470588236,2.588235294117647
tight_deadlines,linear_q_33,120197,15,15,12,0,45,5,130.75000000000006,0,0.8,1.0,0.3333333333333333,3.0
tight_deadlines,linear_q_33,120198,16,15,9,1,43,27,108.05000000000005,0,0.5625,0.9375,1.8,2.8666666666666667
tight_deadlines,linear_q_33,120199,20,17,11,3,42,34,107.50000000000006,0,0.55,0.85,2.0,2.4705882352941178
tight_deadlines,linear_q_33,120200,17,15,12,2,40,10,113.00000000000009,0,0.7058823529411765,0.8823529411764706,0.6666666666666666,2.6666666666666665
tight_deadlines,linear_q_33,120201,13,13,10,0,39,18,103.75000000000004,0,0.7692307692307693,1.0,1.3846153846153846,3.0
tight_deadlines,linear_q_33,120202,13,13,12,0,42,2,113.90000000000008,0,0.9230769230769231,1.0,0.15384615384615385,3.230769230769231
tight_deadlines,linear_q_33,120203,15,15,13,0,40,25,118.50000000000006,0,0.8666666666666667,1.0,1.6666666666666667,2.6666666666666665
tight_deadlines,linear_q_33,120204,16,16,13,0,42,6,141.10000000000005,0,0.8125,1.0,0.375,2.625
tight_deadlines,linear_q_33,120205,12,12,7,0,42,36,80.10000000000005,0,0.5833333333333334,1.0,3.0,3.5
tight_deadlines,linear_q_33,120206,18,16,11,1,48,31,94.99999999999999,1,0.6111111111111112,0.8888888888888888,1.9375,3.0
tight_deadlines,linear_q_33,120207,17,15,7,1,48,33,79.40000000000002,1,0.4117647058823529,0.8823529411764706,2.2,3.2
tight_deadlines,linear_q_33,120208,10,10,8,0,31,8,83.55000000000004,0,0.8,1.0,0.8,3.1
tight_deadlines,linear_q_33,120209,12,12,10,0,41,19,92.35000000000004,0,0.8333333333333334,1.0,1.5833333333333333,3.4166666666666665
tight_deadlines,linear_q_33,120210,17,14,10,3,38,9,96.40000000000002,0,0.5882352941176471,0.8235294117647058,0.6428571428571429,2.7142857142857144
tight_deadlines,linear_q_33,120211,11,11,10,0,38,2,95.30000000000007,0,0.9090909090909091,1.0,0.18181818181818182,3.4545454545454546
tight_deadlines,linear_q_33,120212,8,8,7,0,34,5,64.6,0,0.875,1.0,0.625,4.25
tight_deadlines,linear_q_33,120213,14,14,11,0,43,16,113.75000000000004,0,0.7857142857142857,1.0,1.1428571428571428,3.0714285714285716
tight_deadlines,linear_q_33,120214,14,14,6,0,47,32,101.15000000000003,0,0.42857142857142855,1.0,2.2857142857142856,3.357142857142857
tight_deadlines,linear_q_33,120215,19,17,13,2,47,29,117.25000000000006,0,0.6842105263157895,0.8947368421052632,1.7058823529411764,2.764705882352941
tight_deadlines,linear_q_33,120216,13,13,9,0,43,10,107.95000000000005,0,0.6923076923076923,1.0,0.7692307692307693,3.3076923076923075
tight_deadlines,linear_q_33,120217,18,17,13,1,44,22,131.20000000000005,0,0.7222222222222222,0.9444444444444444,1.2941176470588236,2.588235294117647
tight_deadlines,linear_q_33,120218,13,13,11,0,38,2,115.30000000000005,0,0.8461538461538461,1.0,0.15384615384615385,2.923076923076923
tight_deadlines,linear_q_33,120219,12,12,7,0,41,13,96.55000000000008,0,0.5833333333333334,1.0,1.0833333333333333,3.4166666666666665
tight_deadlines,linear_q_33,120220,17,15,9,2,43,35,94.45000000000006,0,0.5294117647058824,0.8823529411764706,2.3333333333333335,2.8666666666666667
tight_deadlines,linear_q_33,120221,12,12,8,0,40,8,100.40000000000002,0,0.6666666666666666,1.0,0.6666666666666666,3.3333333333333335
tight_deadlines,linear_q_33,120222,10,10,9,0,37,7,82.15,0,0.9,1.0,0.7,3.7
tight_deadlines,linear_q_33,120223,12,12,10,0,39,9,100.05000000000003,0,0.8333333333333334,1.0,0.75,3.25
tight_deadlines,linear_q_33,120224,15,15,13,0,39,4,133.55000000000007,0,0.8666666666666667,1.0,0.26666666666666666,2.6
tight_deadlines,linear_q_33,120225,13,13,10,0,43,16,103.75000000000006,0,0.7692307692307693,1.0,1.2307692307692308,3.3076923076923075
tight_deadlines,linear_q_33,120226,15,15,13,0,41,10,128.65000000000006,0,0.8666666666666667,1.0,0.6666666666666666,2.7333333333333334
tight_deadlines,linear_q_33,120227,15,15,11,0,43,39,107.65000000000006,0,0.7333333333333333,1.0,2.6,2.8666666666666667
tight_deadlines,linear_q_33,120228,17,13,8,4,38,36,59.500000000000014,0,0.47058823529411764,0.7647058823529411,2.769230769230769,2.923076923076923
tight_deadlines,linear_q_33,120229,18,16,11,2,44,35,104.10000000000008,0,0.6111111111111112,0.8888888888888888,2.1875,2.75
tight_deadlines,linear_q_33,120230,20,15,8,5,42,33,72.20000000000002,0,0.4,0.75,2.2,2.8
tight_deadlines,linear_q_33,120231,13,13,10,0,43,13,105.85000000000005,0,0.7692307692307693,1.0,1.0,3.3076923076923075
tight_deadlines,linear_q_33,120232,15,15,9,0,47,25,116.05000000000004,0,0.6,1.0,1.6666666666666667,3.1333333333333333
tight_deadlines,linear_q_33,120233,15,15,14,0,38,2,135.30000000000007,0,0.9333333333333333,1.0,0.13333333333333333,2.533333333333333
tight_deadlines,linear_q_33,120234,16,13,8,3,44,56,51.40000000000002,0,0.5,0.8125,4.3076923076923075,3.3846153846153846
tight_deadlines,linear_q_33,120235,12,12,8,0,41,4,102.85000000000002,0,0.6666666666666666,1.0,0.3333333333333333,3.4166666666666665
tight_deadlines,linear_q_33,120236,13,13,9,0,37,7,112.15000000000008,0,0.6923076923076923,1.0,0.5384615384615384,2.8461538461538463
tight_deadlines,linear_q_33,120237,16,16,13,0,44,16,133.40000000000012,0,0.8125,1.0,1.0,2.75
tight_deadlines,linear_q_33,120238,19,17,9,2,45,33,115.15000000000005,0,0.47368421052631576,0.8947368421052632,1.9411764705882353,2.6470588235294117
tight_deadlines,linear_q_33,120239,16,14,12,1,48,5,90.40000000000006,1,0.75,0.875,0.35714285714285715,3.4285714285714284
tight_deadlines,linear_q_33,120240,16,16,11,0,44,31,122.90000000000008,0,0.6875,1.0,1.9375,2.75
tight_deadlines,linear_q_33,120241,13,12,11,0,48,5,72.10000000000005,1,0.8461538461538461,0.9230769230769231,0.4166666666666667,4.0
tight_deadlines,linear_q_33,120242,19,15,8,4,40,32,81.60000000000004,0,0.42105263157894735,0.7894736842105263,2.1333333333333333,2.6666666666666665
tight_deadlines,linear_q_33,120243,6,6,5,0,25,1,50.54999999999998,0,0.8333333333333334,1.0,0.16666666666666666,4.166666666666667
tight_deadlines,linear_q_33,120244,14,14,12,0,44,9,118.30000000000005,0,0.8571428571428571,1.0,0.6428571428571429,3.142857142857143
tight_deadlines,linear_q_33,120245,16,15,10,1,41,33,104.55000000000004,0,0.625,0.9375,2.2,2.7333333333333334
tight_deadlines,linear_q_33,120246,13,13,10,0,41,20,101.65000000000005,0,0.7692307692307693,1.0,1.5384615384615385,3.1538461538461537
tight_deadlines,linear_q_33,120247,17,12,5,5,42,50,30.30000000000001,0,0.29411764705882354,0.7058823529411765,4.166666666666667,3.5
tight_deadlines,linear_q_33,120248,16,16,14,0,45,4,141.45000000000005,0,0.875,1.0,0.25,2.8125
tight_deadlines,linear_q_33,120249,10,10,10,0,38,0,86.70000000000005,0,1.0,1.0,0.0,3.8
tight_deadlines,linear_q_33,120250,15,14,10,1,44,30,95.59999999999998,0,0.6666666666666666,0.9333333333333333,2.142857142857143,3.142857142857143
tight_deadlines,linear_q_33,120251,19,17,13,2,45,11,130.55000000000007,0,0.6842105263157895,0.8947368421052632,0.6470588235294118,2.6470588235294117
tight_deadlines,linear_q_33,120252,17,17,12,0,44,20,140.60000000000005,0,0.7058823529411765,1.0,1.1764705882352942,2.588235294117647
tight_deadlines,linear_q_33,120253,14,14,12,0,38,9,120.40000000000003,0,0.8571428571428571,1.0,0.6428571428571429,2.7142857142857144
tight_deadlines,linear_q_33,120254,16,14,11,2,39,14,100.55000000000004,0,0.6875,0.875,1.0,2.7857142857142856
tight_deadlines,linear_q_33,120255,12,12,7,0,43,24,88.15000000000002,0,0.5833333333333334,1.0,2.0,3.5833333333333335
tight_deadlines,linear_q_33,120256,13,13,11,0,42,15,104.80000000000004,0,0.8461538461538461,1.0,1.1538461538461537,3.230769230769231
tight_deadlines,linear_q_33,120257,16,16,12,0,44,7,139.70000000000005,0,0.75,1.0,0.4375,2.75
tight_deadlines,linear_q_33,120258,18,15,8,3,45,29,89.95000000000005,0,0.4444444444444444,0.8333333333333334,1.9333333333333333,3.0
tight_deadlines,linear_q_33,120259,12,12,10,0,42,7,100.40000000000005,0,0.8333333333333334,1.0,0.5833333333333334,3.5
tight_deadlines,linear_q_33,120260,15,15,15,0,39,0,136.35000000000008,0,1.0,1.0,0.0,2.6
tight_deadlines,linear_q_33,120261,15,15,14,0,43,2,133.5500000000001,0,0.9333333333333333,1.0,0.13333333333333333,2.8666666666666667
tight_deadlines,linear_q_33,120262,21,15,7,6,44,52,50.20000000000002,0,0.3333333333333333,0.7142857142857143,3.466666666666667,2.933333333333333
tight_deadlines,linear_q_33,120263,14,14,11,0,45,10,117.25000000000009,0,0.7857142857142857,1.0,0.7142857142857143,3.2142857142857144
tight_deadlines,linear_q_33,120264,10,10,8,0,38,8,81.10000000000002,0,0.8,1.0,0.8,3.8
tight_deadlines,linear_q_33,120265,15,15,9,0,45,35,109.75000000000006,0,0.6,1.0,2.3333333333333335,3.0
tight_deadlines,linear_q_33,120266,13,13,10,0,36,9,111.10000000000005,0,0.7692307692307693,1.0,0.6923076923076923,2.769230769230769
tight_deadlines,linear_q_33,120267,15,13,9,2,45,37,72.35000000000005,0,0.6,0.8666666666666667,2.8461538461538463,3.4615384615384617
tight_deadlines,linear_q_33,120268,14,14,8,0,41,10,118.65000000000006,0,0.5714285714285714,1.0,0.7142857142857143,2.9285714285714284
tight_deadlines,linear_q_33,120269,16,16,12,0,43,16,133.75000000000006,0,0.75,1.0,1.0,2.6875
tight_deadlines,linear_q_33,120270,14,14,7,0,47,30,102.55000000000005,0,0.5,1.0,2.142857142857143,3.357142857142857
tight_deadlines,linear_q_33,120271,12,12,11,0,38,5,103.20000000000003,0,0.9166666666666666,1.0,0.4166666666666667,3.1666666666666665
tight_deadlines,linear_q_33,120272,11,11,11,0,36,0,97.40000000000006,0,1.0,1.0,0.0,3.272727272727273
tight_deadlines,linear_q_33,120273,14,14,12,0,44,18,112.00000000000003,0,0.8571428571428571,1.0,1.2857142857142858,3.142857142857143
tight_deadlines,linear_q_33,120274,14,13,10,1,45,22,90.85000000000008,0,0.7142857142857143,0.9285714285714286,1.6923076923076923,3.4615384615384617
tight_deadlines,linear_q_33,120275,16,14,6,2,43,42,79.55000000000004,0,0.375,0.875,3.0,3.0714285714285716
tight_deadlines,linear_q_33,120276,7,7,7,0,28,0,60.19999999999997,0,1.0,1.0,0.0,4.0
tight_deadlines,linear_q_33,120277,13,13,10,0,39,11,108.65000000000006,0,0.7692307692307693,1.0,0.8461538461538461,3.0
tight_deadlines,linear_q_33,120278,9,9,9,0,45,0,74.25,0,1.0,1.0,0.0,5.0
tight_deadlines,linear_q_33,120279,13,13,12,0,46,21,99.20000000000003,0,0.9230769230769231,1.0,1.6153846153846154,3.5384615384615383
tight_deadlines,linear_q_33,120280,15,15,15,0,39,0,136.35000000000008,0,1.0,1.0,0.0,2.6
tight_deadlines,linear_q_33,120281,8,8,8,0,31,0,69.14999999999999,0,1.0,1.0,0.0,3.875
tight_deadlines,linear_q_33,120282,15,14,7,1,44,47,83.70000000000006,0,0.4666666666666667,0.9333333333333333,3.357142857142857,3.142857142857143
tight_deadlines,linear_q_33,120283,10,10,8,0,38,6,82.49999999999999,0,0.8,1.0,0.6,3.8
tight_deadlines,linear_q_33,120284,14,14,8,0,43,21,110.25000000000004,0,0.5714285714285714,1.0,1.5,3.0714285714285716
tight_deadlines,linear_q_33,120285,15,15,12,0,42,10,128.30000000000007,0,0.8,1.0,0.6666666666666666,2.8
tight_deadlines,linear_q_33,120286,11,11,8,0,41,11,87.95000000000005,0,0.7272727272727273,1.0,1.0,3.727272727272727
tight_deadlines,linear_q_33,120287,12,12,10,0,40,4,103.20000000000005,0,0.8333333333333334,1.0,0.3333333333333333,3.3333333333333335
tight_deadlines,linear_q_33,120288,14,14,10,0,48,28,103.60000000000008,0,0.7142857142857143,1.0,2.0,3.4285714285714284
tight_deadlines,linear_q_33,120289,20,17,12,3,45,17,118.35000000000007,0,0.6,0.85,1.0,2.6470588235294117
tight_deadlines,linear_q_33,120290,19,15,11,4,46,27,83.00000000000001,0,0.5789473684210527,0.7894736842105263,1.8,3.066666666666667
tight_deadlines,linear_q_33,120291,11,11,11,0,41,0,95.65000000000005,0,1.0,1.0,0.0,3.727272727272727
tight_deadlines,linear_q_33,120292,13,13,10,0,46,13,104.8000000000001,0,0.7692307692307693,1.0,1.0,3.5384615384615383
tight_deadlines,linear_q_33,120293,11,11,9,0,41,16,84.45000000000002,0,0.8181818181818182,1.0,1.4545454545454546,3.727272727272727
tight_deadlines,linear_q_33,120294,15,14,8,1,44,29,96.30000000000003,0,0.5333333333333333,0.9333333333333333,2.0714285714285716,3.142857142857143
tight_deadlines,linear_q_33,120295,13,13,10,0,35,7,112.85000000000007,0,0.7692307692307693,1.0,0.5384615384615384,2.6923076923076925
tight_deadlines,linear_q_33,120296,20,17,11,3,48,44,98.40000000000008,0,0.55,0.85,2.588235294117647,2.823529411764706
tight_deadlines,linear_q_33,120297,16,16,15,0,44,1,143.9000000000001,0,0.9375,1.0,0.0625,2.75
tight_deadlines,linear_q_33,120298,17,15,9,1,48,20,84.30000000000001,1,0.5294117647058824,0.8823529411764706,1.3333333333333333,3.2
tight_deadlines,linear_q_33,120299,17,15,8,1,46,24,80.8,1,0.47058823529411764,0.8823529411764706,1.6,3.066666666666667
tight_deadlines,random,120000,12,10,3,0,25,41,31.14999999999998,2,0.25,0.8333333333333334,4.1,2.5
tight_deadlines,random,120001,9,9,6,0,28,15,69.7,0,0.6666666666666666,1.0,1.6666666666666667,3.111111111111111
tight_deadlines,random,120002,11,11,8,0,34,7,93.20000000000002,0,0.7272727272727273,1.0,0.6363636363636364,3.090909090909091
tight_deadlines,random,120003,17,13,5,3,42,45,49.000000000000014,1,0.29411764705882354,0.7647058823529411,3.4615384615384617,3.230769230769231
tight_deadlines,random,120004,19,13,4,6,40,81,11.300000000000024,0,0.21052631578947367,0.6842105263157895,6.230769230769231,3.076923076923077
tight_deadlines,random,120005,15,10,3,2,39,41,-13.849999999999987,3,0.2,0.6666666666666666,4.1,3.9
tight_deadlines,random,120006,11,11,9,0,32,9,92.50000000000001,0,0.8181818181818182,1.0,0.8181818181818182,2.909090909090909
tight_deadlines,random,120007,14,12,5,0,36,46,47.29999999999998,2,0.35714285714285715,0.8571428571428571,3.8333333333333335,3.0
tight_deadlines,random,120008,15,12,5,3,36,48,49.800000000000004,0,0.3333333333333333,0.8,4.0,3.0
tight_deadlines,random,120009,13,12,6,0,35,30,73.85,1,0.46153846153846156,0.9230769230769231,2.5,2.9166666666666665
tight_deadlines,random,120010,15,14,5,1,43,48,83.35000000000002,0,0.3333333333333333,0.9333333333333333,3.4285714285714284,3.0714285714285716
tight_deadlines,random,120011,22,12,2,9,37,73,-31.74999999999998,1,0.09090909090909091,0.5454545454545454,6.083333333333333,3.0833333333333335
tight_deadlines,random,120012,18,14,3,4,38,57,54.800000000000026,0,0.16666666666666666,0.7777777777777778,4.071428571428571,2.7142857142857144
tight_deadlines,random,120013,12,12,10,0,34,3,106.00000000000006,0,0.8333333333333334,1.0,0.25,2.8333333333333335
tight_deadlines,random,120014,16,11,4,4,35,45,19.250000000000014,1,0.25,0.6875,4.090909090909091,3.1818181818181817
tight_deadlines,random,120015,13,12,5,0,33,59,54.250000000000014,1,0.38461538461538464,0.9230769230769231,4.916666666666667,2.75
tight_deadlines,random,120016,16,9,2,3,33,64,-51.74999999999997,4,0.125,0.5625,7.111111111111111,3.6666666666666665
tight_deadlines,random,120017,18,11,3,7,40,62,-3.399999999999978,0,0.16666666666666666,0.6111111111111112,5.636363636363637,3.6363636363636362
tight_deadlines,random,120018,12,12,5,0,38,46,74.50000000000001,0,0.4166666666666667,1.0,3.8333333333333335,3.1666666666666665
tight_deadlines,random,120019,8,8,7,0,36,2,66.0,0,0.875,1.0,0.25,4.5
tight_deadlines,random,120020,16,15,7,1,38,39,101.40000000000003,0,0.4375,0.9375,2.6,2.533333333333333
tight_deadlines,random,120021,12,12,5,0,37,59,65.75000000000003,0,0.4166666666666667,1.0,4.916666666666667,3.0833333333333335
tight_deadlines,random,120022,10,10,6,0,38,23,70.60000000000001,0,0.6,1.0,2.3,3.8
tight_deadlines,random,120023,16,10,3,3,41,44,-13.449999999999987,3,0.1875,0.625,4.4,4.1
tight_deadlines,random,120024,14,10,3,1,30,48,4.3000000000000185,3,0.21428571428571427,0.7142857142857143,4.8,3.0
tight_deadlines,random,120025,16,11,3,4,34,62,5.600000000000023,1,0.1875,0.6875,5.636363636363637,3.090909090909091
tight_deadlines,random,120026,11,11,5,0,35,32,75.35,0,0.45454545454545453,1.0,2.909090909090909,3.1818181818181817
tight_deadlines,random,120027,12,11,5,0,35,36,59.650000000000006,1,0.4166666666666667,0.9166666666666666,3.272727272727273,3.1818181818181817
tight_deadlines,random,120028,10,10,4,0,40,52,49.60000000000001,0,0.4,1.0,5.2,4.0
tight_deadlines,random,120029,13,13,11,0,36,4,114.60000000000007,0,0.8461538461538461,1.0,0.3076923076923077,2.769230769230769
tight_deadlines,random,120030,14,13,6,1,35,43,79.65000000000002,0,0.42857142857142855,0.9285714285714286,3.3076923076923075,2.6923076923076925
tight_deadlines,random,120031,14,14,8,0,40,34,102.20000000000005,0,0.5714285714285714,1.0,2.4285714285714284,2.857142857142857
tight_deadlines,random,120032,13,13,9,0,41,26,97.45000000000006,0,0.6923076923076923,1.0,2.0,3.1538461538461537
tight_deadlines,random,120033,8,8,7,0,32,6,64.60000000000001,0,0.875,1.0,0.75,4.0
tight_deadlines,random,120034,15,13,5,2,33,47,69.55000000000001,0,0.3333333333333333,0.8666666666666667,3.6153846153846154,2.5384615384615383
tight_deadlines,random,120035,12,11,3,1,35,38,63.150000000000006,0,0.25,0.9166666666666666,3.4545454545454546,3.1818181818181817
tight_deadlines,random,120036,17,13,2,4,35,61,43.05000000000002,0,0.11764705882352941,0.7647058823529411,4.6923076923076925,2.6923076923076925
tight_deadlines,random,120037,17,12,6,3,37,68,5.450000000000024,2,0.35294117647058826,0.7058823529411765,5.666666666666667,3.0833333333333335
tight_deadlines,random,120038,17,11,4,5,38,59,1.8000000000000167,1,0.23529411764705882,0.6470588235294118,5.363636363636363,3.4545454545454546
tight_deadlines,random,120039,19,10,1,7,36,82,-52.49999999999999,2,0.05263157894736842,0.5263157894736842,8.2,3.6
tight_deadlines,random,120040,16,13,8,3,33,29,74.15000000000002,0,0.5,0.8125,2.230769230769231,2.5384615384615383
tight_deadlines,random,120041,16,13,3,2,39,50,53.150000000000034,1,0.1875,0.8125,3.8461538461538463,3.0
tight_deadlines,random,120042,15,11,3,3,44,68,1.0000000000000142,1,0.2,0.7333333333333333,6.181818181818182,4.0
tight_deadlines,random,120043,11,10,4,1,31,41,52.449999999999996,0,0.36363636363636365,0.9090909090909091,4.1,3.1
tight_deadlines,random,120044,19,12,4,6,34,53,5.200000000000017,1,0.21052631578947367,0.631578947368421,4.416666666666667,2.8333333333333335
tight_deadlines,random,120045,17,10,4,5,37,82,-36.14999999999998,2,0.23529411764705882,0.5882352941176471,8.2,3.7
tight_deadlines,random,120046,17,14,6,3,36,32,81.00000000000003,0,0.35294117647058826,0.8235294117647058,2.2857142857142856,2.5714285714285716
tight_deadlines,random,120047,19,15,4,4,38,49,70.40000000000003,0,0.21052631578947367,0.7894736842105263,3.2666666666666666,2.533333333333333
tight_deadlines,random,120048,10,10,4,0,31,43,59.05000000000001,0,0.4,1.0,4.3,3.1
tight_deadlines,random,120049,23,11,1,11,33,83,-64.05,1,0.043478260869565216,0.4782608695652174,7.545454545454546,3.0
tight_deadlines,random,120050,15,12,2,3,41,59,40.350000000000016,0,0.13333333333333333,0.8,4.916666666666667,3.4166666666666665
tight_deadlines,random,120051,16,16,7,0,39,41,117.65000000000005,0,0.4375,1.0,2.5625,2.4375
tight_deadlines,random,120052,14,14,12,0,31,7,124.25000000000004,0,0.8571428571428571,1.0,0.5,2.2142857142857144
tight_deadlines,random,120053,13,11,2,2,29,92,19.45000000000001,0,0.15384615384615385,0.8461538461538461,8.363636363636363,2.6363636363636362
tight_deadlines,random,120054,15,15,7,0,36,60,95.40000000000002,0,0.4666666666666667,1.0,4.0,2.4
tight_deadlines,random,120055,18,14,7,4,39,66,48.14999999999999,0,0.3888888888888889,0.7777777777777778,4.714285714285714,2.7857142857142856
tight_deadlines,random,120056,14,13,3,1,42,38,80.70000000000003,0,0.21428571428571427,0.9285714285714286,2.923076923076923,3.230769230769231
tight_deadlines,random,120057,13,13,8,0,33,9,112.15000000000005,0,0.6153846153846154,1.0,0.6923076923076923,2.5384615384615383
tight_deadlines,random,120058,12,9,3,1,35,37,14.550000000000004,2,0.25,0.75,4.111111111111111,3.888888888888889
tight_deadlines,random,120059,6,6,6,0,26,0,50.89999999999997,0,1.0,1.0,0.0,4.333333333333333
tight_deadlines,random,120060,13,12,8,0,36,24,78.40000000000002,1,0.6153846153846154,0.9230769230769231,2.0,3.0
tight_deadlines,random,120061,18,11,1,7,32,76,-10.399999999999983,0,0.05555555555555555,0.6111111111111112,6.909090909090909,2.909090909090909
tight_deadlines,random,120062,14,13,6,1,38,33,85.60000000000002,0,0.42857142857142855,0.9285714285714286,2.5384615384615383,2.923076923076923
tight_deadlines,random,120063,8,8,5,0,27,7,65.65000000000002,0,0.625,1.0,0.875,3.375
tight_deadlines,random,120064,14,11,4,1,39,25,42.949999999999996,2,0.2857142857142857,0.7857142857142857,2.272727272727273,3.5454545454545454
tight_deadlines,random,120065,11,11,9,0,35,5,94.25000000000006,0,0.8181818181818182,1.0,0.45454545454545453,3.1818181818181817
tight_deadlines,random,120066,13,12,4,1,32,41,72.10000000000004,0,0.3076923076923077,0.9230769230769231,3.4166666666666665,2.6666666666666665
tight_deadlines,random,120067,7,7,5,0,31,9,52.84999999999999,0,0.7142857142857143,1.0,1.2857142857142858,4.428571428571429
tight_deadlines,random,120068,14,10,1,4,35,99,-13.549999999999995,0,0.07142857142857142,0.7142857142857143,9.9,3.5
tight_deadlines,random,120069,17,11,3,5,43,64,-6.949999999999978,1,0.17647058823529413,0.6470588235294118,5.818181818181818,3.909090909090909
tight_deadlines,random,120070,17,13,6,3,41,55,40.25000000000003,1,0.35294117647058826,0.7647058823529411,4.230769230769231,3.1538461538461537
tight_deadlines,random,120071,11,11,7,0,39,15,85.85000000000007,0,0.6363636363636364,1.0,1.3636363636363635,3.5454545454545454
tight_deadlines,random,120072,8,8,8,0,31,0,69.14999999999999,0,1.0,1.0,0.0,3.875
tight_deadlines,random,120073,14,14,4,0,34,47,95.20000000000002,0,0.2857142857142857,1.0,3.357142857142857,2.4285714285714284
tight_deadlines,random,120074,15,12,5,1,41,21,56.45,2,0.3333333333333333,0.8,1.75,3.4166666666666665
tight_deadlines,random,120075,16,9,3,4,42,41,-38.8,3,0.1875,0.5625,4.555555555555555,4.666666666666667
tight_deadlines,random,120076,14,14,10,0,41,27,106.75000000000006,0,0.7142857142857143,1.0,1.9285714285714286,2.9285714285714284
tight_deadlines,random,120077,14,12,3,2,31,42,63.750000000000036,0,0.21428571428571427,0.8571428571428571,3.5,2.5833333333333335
tight_deadlines,random,120078,11,11,5,0,29,32,77.45000000000003,0,0.45454545454545453,1.0,2.909090909090909,2.6363636363636362
tight_deadlines,random,120079,14,13,5,0,38,48,72.30000000000004,1,0.35714285714285715,0.9285714285714286,3.6923076923076925,2.923076923076923
tight_deadlines,random,120080,15,12,3,3,35,74,31.950000000000024,0,0.2,0.8,6.166666666666667,2.9166666666666665
tight_deadlines,random,120081,12,11,3,1,36,61,46.70000000000002,0,0.25,0.9166666666666666,5.545454545454546,3.272727272727273
tight_deadlines,random,120082,15,12,4,2,34,47,48.40000000000002,1,0.26666666666666666,0.8,3.9166666666666665,2.8333333333333335
tight_deadlines,random,120083,10,10,5,0,38,28,67.10000000000001,0,0.5,1.0,2.8,3.8
tight_deadlines,random,120084,16,10,4,5,40,40,0.9000000000000163,1,0.25,0.625,4.0,4.0
tight_deadlines,random,120085,19,11,3,6,35,86,-38.34999999999998,2,0.15789473684210525,0.5789473684210527,7.818181818181818,3.1818181818181817
tight_deadlines,random,120086,7,7,5,0,24,14,51.8,0,0.7142857142857143,1.0,2.0,3.4285714285714284
tight_deadlines,random,120087,19,12,2,6,40,55,7.3000000000000185,1,0.10526315789473684,0.631578947368421,4.583333333333333,3.3333333333333335
tight_deadlines,random,120088,17,11,5,5,40,57,3.20000000000001,1,0.29411764705882354,0.6470588235294118,5.181818181818182,3.6363636363636362
tight_deadlines,random,120089,13,12,7,1,38,39,71.4,0,0.5384615384615384,0.9230769230769231,3.25,3.1666666666666665
tight_deadlines,random,120090,8,8,3,0,31,16,57.950000000000024,0,0.375,1.0,2.0,3.875
tight_deadlines,random,120091,11,10,7,0,38,18,53.500000000000014,1,0.6363636363636364,0.9090909090909091,1.8,3.8
tight_deadlines,random,120092,13,11,6,1,40,15,64.60000000000004,1,0.46153846153846156,0.8461538461538461,1.3636363636363635,3.6363636363636362
tight_deadlines,random,120093,10,10,3,0,39,45,54.850000000000016,0,0.3,1.0,4.5,3.9
tight_deadlines,random,120094,16,13,4,3,35,82,36.350000000000016,0,0.25,0.8125,6.3076923076923075,2.6923076923076925
tight_deadlines,random,120095,19,11,1,7,28,71,-15.599999999999977,1,0.05263157894736842,0.5789473684210527,6.454545454545454,2.5454545454545454
tight_deadlines,random,120096,10,10,9,0,34,1,87.40000000000006,0,0.9,1.0,0.1,3.4
tight_deadlines,random,120097,16,13,4,3,37,68,45.45000000000002,0,0.25,0.8125,5.230769230769231,2.8461538461538463
tight_deadlines,random,120098,21,12,3,9,35,66,-10.44999999999998,0,0.14285714285714285,0.5714285714285714,5.5,2.9166666666666665
tight_deadlines,random,120099,11,11,9,0,38,5,93.20000000000003,0,0.8181818181818182,1.0,0.45454545454545453,3.4545454545454546
tight_deadlines,random,120100,16,12,8,3,40,25,46.69999999999999,1,0.5,0.75,2.0833333333333335,3.3333333333333335
tight_deadlines,random,120101,18,9,3,6,37,72,-64.94999999999999,3,0.16666666666666666,0.5,8.0,4.111111111111111
tight_deadlines,random,120102,9,9,7,0,31,7,74.25,0,0.7777777777777778,1.0,0.7777777777777778,3.4444444444444446
tight_deadlines,random,120103,13,12,3,0,36,57,56.70000000000003,1,0.23076923076923078,0.9230769230769231,4.75,3.0
tight_deadlines,random,120104,13,12,5,1,35,29,79.45000000000005,0,0.38461538461538464,0.9230769230769231,2.4166666666666665,2.9166666666666665
tight_deadlines,random,120105,9,9,4,0,28,30,59.2,0,0.4444444444444444,1.0,3.3333333333333335,3.111111111111111
tight_deadlines,random,120106,18,11,3,7,34,95,-24.400000000000002,0,0.16666666666666666,0.6111111111111112,8.636363636363637,3.090909090909091
tight_deadlines,random,120107,13,12,3,1,41,38,71.05000000000004,0,0.23076923076923078,0.9230769230769231,3.1666666666666665,3.4166666666666665
tight_deadlines,random,120108,19,11,1,6,36,75,-33.09999999999999,2,0.05263157894736842,0.5789473684210527,6.818181818181818,3.272727272727273
tight_deadlines,random,120109,17,13,5,3,42,47,46.900000000000006,1,0.29411764705882354,0.7647058823529411,3.6153846153846154,3.230769230769231
tight_deadlines,random,120110,15,12,8,0,37,29,45.95,3,0.5333333333333333,0.8,2.4166666666666665,3.0833333333333335
tight_deadlines,random,120111,16,11,2,4,35,65,3.850000000000021,1,0.125,0.6875,5.909090909090909,3.1818181818181817
tight_deadlines,random,120112,16,10,3,5,30,70,-20.799999999999986,1,0.1875,0.625,7.0,3.0
tight_deadlines,random,120113,13,13,8,0,37,15,106.55000000000004,0,0.6153846153846154,1.0,1.1538461538461537,2.8461538461538463
tight_deadlines,random,120114,13,13,9,0,36,13,108.30000000000003,0,0.6923076923076923,1.0,1.0,2.769230769230769
tight_deadlines,random,120115,14,14,6,0,38,29,106.40000000000003,0,0.42857142857142855,1.0,2.0714285714285716,2.7142857142857144
tight_deadlines,random,120116,17,12,5,4,38,32,40.80000000000001,1,0.29411764705882354,0.7058823529411765,2.6666666666666665,3.1666666666666665
tight_deadlines,random,120117,16,14,5,1,41,39,76.75000000000003,1,0.3125,0.875,2.7857142857142856,2.9285714285714284
tight_deadlines,random,120118,15,14,8,1,38,35,94.20000000000007,0,0.5333333333333333,0.9333333333333333,2.5,2.7142857142857144
tight_deadlines,random,120119,17,12,4,4,41,29,37.650000000000006,1,0.23529411764705882,0.7058823529411765,2.4166666666666665,3.4166666666666665
tight_deadlines,random,120120,14,10,4,2,38,55,2.1999999999999886,2,0.2857142857142857,0.7142857142857143,5.5,3.8
tight_deadlines,random,120121,15,11,3,4,41,61,20.95000000000001,0,0.2,0.7333333333333333,5.545454545454546,3.727272727272727
tight_deadlines,random,120122,16,12,5,4,41,32,51.25000000000001,0,0.3125,0.75,2.6666666666666665,3.4166666666666665
tight_deadlines,random,120123,15,11,3,1,38,42,22.000000000000018,3,0.2,0.7333333333333333,3.8181818181818183,3.4545454545454546
tight_deadlines,random,120124,14,12,6,2,31,43,63.050000000000026,0,0.42857142857142855,0.8571428571428571,3.5833333333333335,2.5833333333333335
tight_deadlines,random,120125,18,11,2,5,36,70,-18.099999999999984,2,0.1111111111111111,0.6111111111111112,6.363636363636363,3.272727272727273
tight_deadlines,random,120126,14,11,6,2,35,45,31.050000000000008,1,0.42857142857142855,0.7857142857142857,4.090909090909091,3.1818181818181817
tight_deadlines,random,120127,13,10,3,2,42,61,11.600000000000001,1,0.23076923076923078,0.7692307692307693,6.1,4.2
tight_deadlines,random,120128,17,12,3,5,28,77,16.30000000000002,0,0.17647058823529413,0.7058823529411765,6.416666666666667,2.3333333333333335
tight_deadlines,random,120129,15,12,5,2,42,47,42.80000000000001,1,0.3333333333333333,0.8,3.9166666666666665,3.5
tight_deadlines,random,120130,12,10,4,2,35,31,50.05000000000001,0,0.3333333333333333,0.8333333333333334,3.1,3.5
tight_deadlines,random,120131,16,14,3,2,30,55,75.00000000000001,0,0.1875,0.875,3.9285714285714284,2.142857142857143
tight_deadlines,random,120132,15,14,8,1,31,35,96.65000000000002,0,0.5333333333333333,0.9333333333333333,2.5,2.2142857142857144
tight_deadlines,random,120133,13,10,4,1,38,41,22.100000000000037,2,0.3076923076923077,0.7692307692307693,4.1,3.8
tight_deadlines,random,120134,12,12,6,0,39,34,82.55000000000004,0,0.5,1.0,2.8333333333333335,3.25
tight_deadlines,random,120135,14,14,4,0,35,71,78.04999999999998,0,0.2857142857142857,1.0,5.071428571428571,2.5
tight_deadlines,random,120136,18,12,2,5,40,67,2.700000000000017,1,0.1111111111111111,0.6666666666666666,5.583333333333333,3.3333333333333335
tight_deadlines,random,120137,14,11,6,3,29,70,26.849999999999984,0,0.42857142857142855,0.7857142857142857,6.363636363636363,2.6363636363636362
tight_deadlines,random,120138,13,11,4,2,39,40,52.35000000000001,0,0.3076923076923077,0.8461538461538461,3.6363636363636362,3.5454545454545454
tight_deadlines,random,120139,8,8,6,0,31,8,63.55,0,0.75,1.0,1.0,3.875
tight_deadlines,random,120140,13,11,4,2,33,81,25.74999999999999,0,0.3076923076923077,0.8461538461538461,7.363636363636363,3.0
tight_deadlines,random,120141,13,11,3,2,30,52,47.10000000000001,0,0.23076923076923078,0.8461538461538461,4.7272727272727275,2.727272727272727
tight_deadlines,random,120142,12,12,10,0,31,10,102.15000000000003,0,0.8333333333333334,1.0,0.8333333333333334,2.5833333333333335
tight_deadlines,random,120143,14,13,3,1,43,63,62.85000000000002,0,0.21428571428571427,0.9285714285714286,4.846153846153846,3.3076923076923075
tight_deadlines,random,120144,15,12,4,3,38,56,43.500000000000014,0,0.26666666666666666,0.8,4.666666666666667,3.1666666666666665
tight_deadlines,random,120145,9,9,6,0,33,14,68.65,0,0.6666666666666666,1.0,1.5555555555555556,3.6666666666666665
tight_deadlines,random,120146,15,11,4,3,38,45,27.599999999999998,1,0.26666666666666666,0.7333333333333333,4.090909090909091,3.4545454545454546
tight_deadlines,random,120147,10,10,4,0,33,16,77.25000000000003,0,0.4,1.0,1.6,3.3
tight_deadlines,random,120148,18,14,5,4,39,49,60.050000000000004,0,0.2777777777777778,0.7777777777777778,3.5,2.7857142857142856
tight_deadlines,random,120149,9,9,7,0,34,8,72.50000000000001,0,0.7777777777777778,1.0,0.8888888888888888,3.7777777777777777
tight_deadlines,random,120150,16,12,4,3,41,43,40.750000000000014,1,0.25,0.75,3.5833333333333335,3.4166666666666665
tight_deadlines,random,120151,11,11,5,0,31,53,62.050000000000004,0,0.45454545454545453,1.0,4.818181818181818,2.8181818181818183
tight_deadlines,random,120152,14,12,6,1,46,66,36.09999999999998,1,0.42857142857142855,0.8571428571428571,5.5,3.8333333333333335
tight_deadlines,random,120153,15,13,7,2,37,42,71.65,0,0.4666666666666667,0.8666666666666667,3.230769230769231,2.8461538461538463
tight_deadlines,random,120154,20,11,2,7,36,74,-48.099999999999966,2,0.1,0.55,6.7272727272727275,3.272727272727273
tight_deadlines,random,120155,15,12,3,3,38,72,32.30000000000002,0,0.2,0.8,6.0,3.1666666666666665
tight_deadlines,random,120156,11,10,4,0,31,19,62.25,1,0.36363636363636365,0.9090909090909091,1.9,3.1
tight_deadlines,random,120157,17,12,3,4,41,46,25.050000000000008,1,0.17647058823529413,0.7058823529411765,3.8333333333333335,3.4166666666666665
tight_deadlines,random,120158,12,12,7,0,34,19,94.80000000000001,0,0.5833333333333334,1.0,1.5833333333333333,2.8333333333333335
tight_deadlines,random,120159,15,14,5,1,39,53,81.25000000000001,0,0.3333333333333333,0.9333333333333333,3.7857142857142856,2.7857142857142856
tight_deadlines,random,120160,14,12,3,1,33,72,38.55000000000001,1,0.21428571428571427,0.8571428571428571,6.0,2.75
tight_deadlines,random,120161,15,11,1,3,38,90,-1.799999999999975,1,0.06666666666666667,0.7333333333333333,8.181818181818182,3.4545454545454546
tight_deadlines,random,120162,19,12,4,6,32,80,-6.699999999999973,1,0.21052631578947367,0.631578947368421,6.666666666666667,2.6666666666666665
tight_deadlines,random,120163,12,11,5,0,38,22,62.8,1,0.4166666666666667,0.9166666666666666,2.0,3.4545454545454546
tight_deadlines,random,120164,12,12,6,0,40,31,84.3,0,0.5,1.0,2.5833333333333335,3.3333333333333335
tight_deadlines,random,120165,18,14,3,4,43,68,45.35000000000002,0,0.16666666666666666,0.7777777777777778,4.857142857142857,3.0714285714285716
tight_deadlines,random,120166,13,13,8,0,31,19,105.85000000000002,0,0.6153846153846154,1.0,1.4615384615384615,2.3846153846153846
tight_deadlines,random,120167,17,13,4,3,37,73,30.45000000000002,1,0.23529411764705882,0.7647058823529411,5.615384615384615,2.8461538461538463
tight_deadlines,random,120168,15,15,9,0,36,19,124.10000000000004,0,0.6,1.0,1.2666666666666666,2.4
tight_deadlines,random,120169,11,11,8,0,33,4,95.65,0,0.7272727272727273,1.0,0.36363636363636365,3.0
tight_deadlines,random,120170,18,11,4,6,40,63,-20.199999999999978,1,0.2222222222222222,0.6111111111111112,5.7272727272727275,3.6363636363636362
tight_deadlines,random,120171,11,11,4,0,32,44,68.00000000000004,0,0.36363636363636365,1.0,4.0,2.909090909090909
tight_deadlines,random,120172,17,13,3,4,42,58,42.70000000000003,0,0.17647058823529413,0.7647058823529411,4.461538461538462,3.230769230769231
tight_deadlines,random,120173,12,12,4,0,41,46,73.44999999999999,0,0.3333333333333333,1.0,3.8333333333333335,3.4166666666666665
tight_deadlines,random,120174,19,11,4,8,35,72,-16.649999999999974,0,0.21052631578947367,0.5789473684210527,6.545454545454546,3.1818181818181817
tight_deadlines,random,120175,16,11,6,4,35,32,31.850000000000012,1,0.375,0.6875,2.909090909090909,3.1818181818181817
tight_deadlines,random,120176,14,11,3,1,40,56,16.000000000000007,2,0.21428571428571427,0.7857142857142857,5.090909090909091,3.6363636363636362
tight_deadlines,random,120177,20,16,8,4,37,44,84.25000000000003,0,0.4,0.8,2.75,2.3125
tight_deadlines,random,120178,13,13,8,0,40,16,104.80000000000005,0,0.6153846153846154,1.0,1.2307692307692308,3.076923076923077
tight_deadlines,random,120179,14,12,6,0,38,43,50.79999999999998,2,0.42857142857142855,0.8571428571428571,3.5833333333333335,3.1666666666666665
tight_deadlines,random,120180,15,13,3,1,41,43,63.95000000000003,1,0.2,0.8666666666666667,3.3076923076923075,3.1538461538461537
tight_deadlines,random,120181,8,8,4,0,27,17,58.65,0,0.5,1.0,2.125,3.375
tight_deadlines,random,120182,17,9,3,5,39,54,-53.449999999999974,3,0.17647058823529413,0.5294117647058824,6.0,4.333333333333333
tight_deadlines,random,120183,15,10,3,2,38,42,-0.899999999999995,3,0.2,0.6666666666666666,4.2,3.8
tight_deadlines,random,120184,11,11,11,0,33,0,98.45000000000007,0,1.0,1.0,0.0,3.0
tight_deadlines,random,120185,12,11,2,0,36,28,67.70000000000003,1,0.16666666666666666,0.9166666666666666,2.5454545454545454,3.272727272727273
tight_deadlines,random,120186,18,12,4,5,35,73,5.850000000000012,1,0.2222222222222222,0.6666666666666666,6.083333333333333,2.9166666666666665
tight_deadlines,random,120187,13,11,4,1,39,36,52.35000000000001,1,0.3076923076923077,0.8461538461538461,3.272727272727273,3.5454545454545454
tight_deadlines,random,120188,19,11,1,7,35,91,-37.64999999999997,1,0.05263157894736842,0.5789473684210527,8.272727272727273,3.1818181818181817
tight_deadlines,random,120189,15,11,4,4,37,65,19.55000000000002,0,0.26666666666666666,0.7333333333333333,5.909090909090909,3.3636363636363638
tight_deadlines,random,120190,12,12,7,0,40,20,92.00000000000003,0,0.5833333333333334,1.0,1.6666666666666667,3.3333333333333335
tight_deadlines,random,120191,12,11,6,1,41,23,71.55000000000004,0,0.5,0.9166666666666666,2.090909090909091,3.727272727272727
tight_deadlines,random,120192,16,11,6,4,38,49,16.099999999999994,1,0.375,0.6875,4.454545454545454,3.4545454545454546
tight_deadlines,random,120193,12,12,7,0,28,26,92.00000000000003,0,0.5833333333333334,1.0,2.1666666666666665,2.3333333333333335
tight_deadlines,random,120194,20,12,2,8,38,78,-11.899999999999979,0,0.1,0.6,6.5,3.1666666666666665
tight_deadlines,random,120195,15,12,4,3,39,38,55.75000000000003,0,0.26666666666666666,0.8,3.1666666666666665,3.25
tight_deadlines,random,120196,17,13,3,4,38,57,44.80000000000001,0,0.17647058823529413,0.7647058823529411,4.384615384615385,2.923076923076923
tight_deadlines,random,120197,15,13,4,2,39,46,68.15,0,0.26666666666666666,0.8666666666666667,3.5384615384615383,3.0
tight_deadlines,random,120198,16,11,3,3,42,62,1.4000000000000163,2,0.1875,0.6875,5.636363636363637,3.8181818181818183
tight_deadlines,random,120199,20,11,2,7,34,74,-41.09999999999998,2,0.1,0.55,6.7272727272727275,3.090909090909091
tight_deadlines,random,120200,17,12,3,5,36,71,17.700000000000017,0,0.17647058823529413,0.7058823529411765,5.916666666666667,3.0
tight_deadlines,random,120201,13,12,4,0,43,58,50.05000000000001,1,0.3076923076923077,0.9230769230769231,4.833333333333333,3.5833333333333335
tight_deadlines,random,120202,13,13,9,0,38,22,101.30000000000004,0,0.6923076923076923,1.0,1.6923076923076923,2.923076923076923
tight_deadlines,random,120203,15,14,6,1,38,39,91.40000000000002,0,0.4,0.9333333333333333,2.7857142857142856,2.7142857142857144
tight_deadlines,random,120204,16,12,3,3,35,51,34.45000000000002,1,0.1875,0.75,4.25,2.9166666666666665
tight_deadlines,random,120205,12,11,6,1,38,36,63.500000000000014,0,0.5,0.9166666666666666,3.272727272727273,3.4545454545454546
tight_deadlines,random,120206,18,13,4,4,39,57,32.250000000000014,1,0.2222222222222222,0.7222222222222222,4.384615384615385,3.0
tight_deadlines,random,120207,17,12,3,4,39,66,13.150000000000032,1,0.17647058823529413,0.7058823529411765,5.5,3.25
tight_deadlines,random,120208,10,10,9,0,34,2,86.70000000000006,0,0.9,1.0,0.2,3.4
tight_deadlines,random,120209,12,12,6,0,37,41,78.35000000000004,0,0.5,1.0,3.4166666666666665,3.0833333333333335
tight_deadlines,random,120210,17,12,4,5,38,43,36.6,0,0.23529411764705882,0.7058823529411765,3.5833333333333335,3.1666666666666665
tight_deadlines,random,120211,11,10,4,1,34,37,54.20000000000001,0,0.36363636363636365,0.9090909090909091,3.7,3.4
tight_deadlines,random,120212,8,8,4,0,28,11,62.499999999999986,0,0.5,1.0,1.375,3.5
tight_deadlines,random,120213,14,13,8,0,36,38,80.00000000000001,1,0.5714285714285714,0.9285714285714286,2.923076923076923,2.769230769230769
tight_deadlines,random,120214,14,12,4,1,40,39,55.7,1,0.2857142857142857,0.8571428571428571,3.25,3.3333333333333335
tight_deadlines,random,120215,19,16,9,3,39,39,95.05000000000001,0,0.47368421052631576,0.8421052631578947,2.4375,2.4375
tight_deadlines,random,120216,13,11,3,2,37,52,44.65000000000002,0,0.23076923076923078,0.8461538461538461,4.7272727272727275,3.3636363636363638
tight_deadlines,random,120217,18,13,7,4,39,52,34.350000000000016,1,0.3888888888888889,0.7222222222222222,4.0,3.0
tight_deadlines,random,120218,13,12,3,1,40,45,66.50000000000001,0,0.23076923076923078,0.9230769230769231,3.75,3.3333333333333335
tight_deadlines,random,120219,12,12,8,0,37,21,92.35000000000004,0,0.6666666666666666,1.0,1.75,3.0833333333333335
tight_deadlines,random,120220,17,10,4,5,35,70,-32.64999999999999,2,0.23529411764705882,0.5882352941176471,7.0,3.5
tight_deadlines,random,120221,12,11,2,0,42,49,43.2,1,0.16666666666666666,0.9166666666666666,4.454545454545454,3.8181818181818183
tight_deadlines,random,120222,10,10,8,0,38,10,79.70000000000005,0,0.8,1.0,1.0,3.8
tight_deadlines,random,120223,12,12,7,0,32,13,99.70000000000002,0,0.5833333333333334,1.0,1.0833333333333333,2.6666666666666665
tight_deadlines,random,120224,15,13,5,0,31,42,56.249999999999964,2,0.3333333333333333,0.8666666666666667,3.230769230769231,2.3846153846153846
tight_deadlines,random,120225,13,12,4,1,39,45,66.85000000000004,0,0.3076923076923077,0.9230769230769231,3.75,3.25
tight_deadlines,random,120226,15,13,7,2,36,29,81.10000000000004,0,0.4666666666666667,0.8666666666666667,2.230769230769231,2.769230769230769
tight_deadlines,random,120227,15,12,3,3,35,74,31.950000000000028,0,0.2,0.8,6.166666666666667,2.9166666666666665
tight_deadlines,random,120228,17,12,4,5,35,57,27.85000000000001,0,0.23529411764705882,0.7058823529411765,4.75,2.9166666666666665
tight_deadlines,random,120229,18,12,3,5,37,68,6.5500000000000185,1,0.16666666666666666,0.6666666666666666,5.666666666666667,3.0833333333333335
tight_deadlines,random,120230,20,14,5,6,37,80,23.050000000000015,0,0.25,0.7,5.714285714285714,2.642857142857143
tight_deadlines,random,120231,13,8,3,2,34,40,-27.199999999999992,3,0.23076923076923078,0.6153846153846154,5.0,4.25
tight_deadlines,random,120232,15,12,5,2,41,46,45.95,1,0.3333333333333333,0.8,3.8333333333333335,3.4166666666666665
tight_deadlines,random,120233,15,14,6,1,41,57,77.74999999999999,0,0.4,0.9333333333333333,4.071428571428571,2.9285714285714284
tight_deadlines,random,120234,16,11,5,3,31,60,-9.449999999999985,2,0.3125,0.6875,5.454545454545454,2.8181818181818183
tight_deadlines,random,120235,12,12,11,0,34,2,106.70000000000002,0,0.9166666666666666,1.0,0.16666666666666666,2.8333333333333335
tight_deadlines,random,120236,13,10,2,3,38,53,25.600000000000016,0,0.15384615384615385,0.7692307692307693,5.3,3.8
tight_deadlines,random,120237,16,11,2,4,38,73,-2.099999999999982,1,0.125,0.6875,6.636363636363637,3.4545454545454546
tight_deadlines,random,120238,19,14,5,3,38,45,44.0,2,0.2631578947368421,0.7368421052631579,3.2142857142857144,2.7142857142857144
tight_deadlines,random,120239,16,12,3,4,40,72,23.600000000000016,0,0.1875,0.75,6.0,3.3333333333333335
tight_deadlines,random,120240,16,13,2,3,41,74,39.85000000000003,0,0.125,0.8125,5.6923076923076925,3.1538461538461537
tight_deadlines,random,120241,13,10,5,2,33,36,32.95,1,0.38461538461538464,0.7692307692307693,3.6,3.3
tight_deadlines,random,120242,19,12,4,6,37,75,-8.449999999999987,1,0.21052631578947367,0.631578947368421,6.25,3.0833333333333335
tight_deadlines,random,120243,6,6,6,0,28,0,50.19999999999997,0,1.0,1.0,0.0,4.666666666666667
tight_deadlines,random,120244,14,9,1,2,35,32,-25.24999999999998,3,0.07142857142857142,0.6428571428571429,3.5555555555555554,3.888888888888889
tight_deadlines,random,120245,16,12,7,4,33,40,48.45000000000001,0,0.4375,0.75,3.3333333333333335,2.75
tight_deadlines,random,120246,13,11,6,1,37,28,56.55,1,0.46153846153846156,0.8461538461538461,2.5454545454545454,3.3636363636363638
tight_deadlines,random,120247,17,11,3,6,40,61,5.300000000000021,0,0.17647058823529413,0.6470588235294118,5.545454545454546,3.6363636363636362
tight_deadlines,random,120248,16,14,6,2,41,60,67.65,0,0.375,0.875,4.285714285714286,2.9285714285714284
tight_deadlines,random,120249,10,9,7,0,29,4,66.95,1,0.7,0.9,0.4444444444444444,3.2222222222222223
tight_deadlines,random,120250,15,13,6,2,36,27,82.50000000000003,0,0.4,0.8666666666666667,2.076923076923077,2.769230769230769
tight_deadlines,random,120251,19,13,5,6,38,74,16.900000000000016,0,0.2631578947368421,0.6842105263157895,5.6923076923076925,2.923076923076923
tight_deadlines,random,120252,17,11,3,5,38,97,-23.399999999999977,1,0.17647058823529413,0.6470588235294118,8.818181818181818,3.4545454545454546
tight_deadlines,random,120253,14,14,7,0,36,24,110.60000000000005,0,0.5,1.0,1.7142857142857142,2.5714285714285716
tight_deadlines,random,120254,16,11,4,5,38,72,6.300000000000015,0,0.25,0.6875,6.545454545454546,3.4545454545454546
tight_deadlines,random,120255,12,10,3,0,34,34,37.1,2,0.25,0.8333333333333334,3.4,3.4
tight_deadlines,random,120256,13,13,8,0,35,23,101.65000000000003,0,0.6153846153846154,1.0,1.7692307692307692,2.6923076923076925
tight_deadlines,random,120257,16,12,3,3,40,69,22.200000000000017,1,0.1875,0.75,5.75,3.3333333333333335
tight_deadlines,random,120258,18,14,5,4,36,35,70.90000000000003,0,0.2777777777777778,0.7777777777777778,2.5,2.5714285714285716
tight_deadlines,random,120259,12,10,7,0,42,12,49.69999999999999,2,0.5833333333333334,0.8333333333333334,1.2,4.2
tight_deadlines,random,120260,15,15,9,0,34,25,120.60000000000002,0,0.6,1.0,1.6666666666666667,2.2666666666666666
tight_deadlines,random,120261,15,13,7,0,37,29,73.05000000000001,2,0.4666666666666667,0.8666666666666667,2.230769230769231,2.8461538461538463
tight_deadlines,random,120262,21,10,3,8,30,59,-67.8,3,0.14285714285714285,0.47619047619047616,5.9,3.0
tight_deadlines,random,120263,14,12,4,1,36,53,52.20000000000003,1,0.2857142857142857,0.8571428571428571,4.416666666666667,3.0
tight_deadlines,random,120264,10,10,7,0,32,9,82.50000000000003,0,0.7,1.0,0.9,3.2
tight_deadlines,random,120265,15,12,5,2,35,47,41.750000000000014,1,0.3333333333333333,0.8,3.9166666666666665,2.9166666666666665
tight_deadlines,random,120266,13,11,4,1,42,65,26.80000000000003,1,0.3076923076923077,0.8461538461538461,5.909090909090909,3.8181818181818183
tight_deadlines,random,120267,15,13,7,2,35,24,84.95000000000002,0,0.4666666666666667,0.8666666666666667,1.8461538461538463,2.6923076923076925
tight_deadlines,random,120268,14,13,8,1,37,24,92.25000000000003,0,0.5714285714285714,0.9285714285714286,1.8461538461538463,2.8461538461538463
tight_deadlines,random,120269,16,13,5,3,39,58,51.75000000000001,0,0.3125,0.8125,4.461538461538462,3.0
tight_deadlines,random,120270,14,14,3,0,38,61,84.00000000000003,0,0.21428571428571427,1.0,4.357142857142857,2.7142857142857144
tight_deadlines,random,120271,12,11,5,1,38,27,69.80000000000003,0,0.4166666666666667,0.9166666666666666,2.4545454545454546,3.4545454545454546
tight_deadlines,random,120272,11,11,5,0,33,23,82.35000000000007,0,0.45454545454545453,1.0,2.090909090909091,3.0
tight_deadlines,random,120273,14,12,6,2,41,39,62.35000000000001,0,0.42857142857142855,0.8571428571428571,3.25,3.4166666666666665
tight_deadlines,random,120274,14,14,7,0,44,36,99.40000000000003,0,0.5,1.0,2.5714285714285716,3.142857142857143
tight_deadlines,random,120275,16,11,1,4,39,72,-3.8499999999999783,1,0.0625,0.6875,6.545454545454546,3.5454545454545454
tight_deadlines,random,120276,7,7,6,0,34,10,51.09999999999998,0,0.8571428571428571,1.0,1.4285714285714286,4.857142857142857
tight_deadlines,random,120277,13,11,3,2,41,65,34.15000000000001,0,0.23076923076923078,0.8461538461538461,5.909090909090909,3.727272727272727
tight_deadlines,random,120278,9,9,6,0,39,11,68.65,0,0.6666666666666666,1.0,1.2222222222222223,4.333333333333333
tight_deadlines,random,120279,13,12,6,1,38,31,77.00000000000001,0,0.46153846153846156,0.9230769230769231,2.5833333333333335,3.1666666666666665
tight_deadlines,random,120280,15,13,4,2,31,38,76.55000000000001,0,0.26666666666666666,0.8666666666666667,2.923076923076923,2.3846153846153846
tight_deadlines,random,120281,8,8,7,0,32,1,68.1,0,0.875,1.0,0.125,4.0
tight_deadlines,random,120282,15,13,2,2,27,54,66.75000000000003,0,0.13333333333333333,0.8666666666666667,4.153846153846154,2.076923076923077
tight_deadlines,random,120283,10,10,5,0,39,17,74.45000000000002,0,0.5,1.0,1.7,3.9
tight_deadlines,random,120284,14,11,2,2,43,64,9.350000000000023,1,0.14285714285714285,0.7857142857142857,5.818181818181818,3.909090909090909
tight_deadlines,random,120285,15,12,4,2,37,38,45.95,1,0.26666666666666666,0.8,3.1666666666666665,3.0833333333333335
tight_deadlines,random,120286,11,11,5,0,36,15,86.9,0,0.45454545454545453,1.0,1.3636363636363635,3.272727272727273
tight_deadlines,random,120287,12,12,6,0,31,14,99.35000000000002,0,0.5,1.0,1.1666666666666667,2.5833333333333335
tight_deadlines,random,120288,14,14,5,0,39,50,91.35000000000004,0,0.35714285714285715,1.0,3.5714285714285716,2.7857142857142856
tight_deadlines,random,120289,20,13,4,6,41,56,17.650000000000006,1,0.2,0.65,4.3076923076923075,3.1538461538461537
tight_deadlines,random,120290,19,13,5,5,39,28,41.75,1,0.2631578947368421,0.6842105263157895,2.1538461538461537,3.0
tight_deadlines,random,120291,11,10,2,0,39,60,31.45000000000002,1,0.18181818181818182,0.9090909090909091,6.0,3.9
tight_deadlines,random,120292,13,13,7,0,42,28,95.70000000000003,0,0.5384615384615384,1.0,2.1538461538461537,3.230769230769231
tight_deadlines,random,120293,11,11,7,0,43,14,85.15000000000003,0,0.6363636363636364,1.0,1.2727272727272727,3.909090909090909
tight_deadlines,random,120294,15,10,4,3,39,43,5.750000000000014,2,0.26666666666666666,0.6666666666666666,4.3,3.9
tight_deadlines,random,120295,13,12,6,1,36,39,72.10000000000005,0,0.46153846153846156,0.9230769230769231,3.25,3.0
tight_deadlines,random,120296,20,12,3,7,42,64,-10.499999999999982,1,0.15,0.6,5.333333333333333,3.5
tight_deadlines,random,120297,16,12,6,1,37,26,31.64999999999998,3,0.375,0.75,2.1666666666666665,3.0833333333333335
tight_deadlines,random,120298,17,13,4,3,36,61,39.90000000000002,1,0.23529411764705882,0.7647058823529411,4.6923076923076925,2.769230769230769
tight_deadlines,random,120299,17,14,8,2,38,37,72.60000000000002,1,0.47058823529411764,0.8235294117647058,2.642857142857143,2.7142857142857144
